[0.087s] Invoking command in '/home/rhobtor/PHD/j8_control/J8_control/build/ctl_mission_interfaces': CMAKE_PREFIX_PATH=${CMAKE_PREFIX_PATH}:/home/rhobtor/PHD/path_dem/install_navigation/path_dem:/home/rhobtor/PHD/path_dem/install/path_dem:/home/rhobtor/PHD/install_global_belief_final/path_dem:/home/rhobtor/PHD/ARGOSJ8_IA/ARGOSJ8_IA_/install/car:/home/rhobtor/PHD/ARGOSJ8_IA/ARGOSJ8_IA_/install/ntrip_client:/home/rhobtor/PHD/ARGOSJ8_IA/ARGOSJ8_IA_/install/j8_gui:/home/rhobtor/PHD/ARGOSJ8_IA/ARGOSJ8_IA_/install/gui:/home/rhobtor/PHD/ARGOSJ8_IA/ARGOSJ8_IA_/install/android_ros2_server:/home/rhobtor/PHD/ARGOSJ8_IA/ARGOSJ8_IA_/install/GUI_pkg:/home/rhobtor/PHD/model_terrain_ugv/Model_terrain_ugv/install/model_terrain:/opt/ros/humble /usr/bin/cmake /home/rhobtor/PHD/j8_control/J8_control/src/ctl_mission/ctl_mission_interfaces -DCMAKE_INSTALL_PREFIX=/home/rhobtor/PHD/j8_control/J8_control/install/ctl_mission_interfaces
[1.336s] -- The C compiler identification is GNU 11.4.0
[1.336s] -- The CXX compiler identification is GNU 11.4.0
[1.336s] -- Detecting C compiler ABI info
[1.337s] -- Detecting C compiler ABI info - done
[1.337s] -- Check for working C compiler: /usr/bin/cc - skipped
[1.337s] -- Detecting C compile features
[1.337s] -- Detecting C compile features - done
[1.337s] -- Detecting CXX compiler ABI info
[1.337s] -- Detecting CXX compiler ABI info - done
[1.338s] -- Check for working CXX compiler: /usr/bin/c++ - skipped
[1.338s] -- Detecting CXX compile features
[1.338s] -- Detecting CXX compile features - done
[1.339s] -- Found ament_cmake: 1.3.14 (/opt/ros/humble/share/ament_cmake/cmake)
[1.341s] -- Found Python3: /usr/bin/python3 (found version "3.10.12") found components: Interpreter 
[1.341s] -- Found rosidl_default_generators: 1.2.1 (/opt/ros/humble/share/rosidl_default_generators/cmake)
[1.341s] -- Using all available rosidl_typesupport_c: rosidl_typesupport_fastrtps_c;rosidl_typesupport_introspection_c
[1.341s] -- Found rosidl_adapter: 3.1.9 (/opt/ros/humble/share/rosidl_adapter/cmake)
[1.341s] -- Using all available rosidl_typesupport_cpp: rosidl_typesupport_fastrtps_cpp;rosidl_typesupport_introspection_cpp
[1.343s] -- Found std_msgs: 4.9.2 (/opt/ros/humble/share/std_msgs/cmake)
[1.344s] -- Found nav_msgs: 4.9.2 (/opt/ros/humble/share/nav_msgs/cmake)
[1.617s] -- Found ament_cmake_ros: 0.10.0 (/opt/ros/humble/share/ament_cmake_ros/cmake)
[2.120s] -- Using all available rosidl_typesupport_c: rosidl_typesupport_fastrtps_c;rosidl_typesupport_introspection_c
[2.612s] -- Using all available rosidl_typesupport_cpp: rosidl_typesupport_fastrtps_cpp;rosidl_typesupport_introspection_cpp
[2.644s] -- Found PythonInterp: /usr/bin/python3 (found suitable version "3.10.12", minimum required is "3.6") 
[2.648s] -- Found python_cmake_module: 0.10.0 (/opt/ros/humble/share/python_cmake_module/cmake)
[2.733s] -- Found PythonLibs: /usr/lib/x86_64-linux-gnu/libpython3.10.so (found suitable version "3.10.12", minimum required is "3.5") 
[2.733s] -- Using PYTHON_EXECUTABLE: /usr/bin/python3
[2.733s] -- Using PYTHON_INCLUDE_DIRS: /usr/include/python3.10
[2.733s] -- Using PYTHON_LIBRARIES: /usr/lib/x86_64-linux-gnu/libpython3.10.so
[2.813s] -- Found PythonExtra: .so  
[3.227s] -- Configuring done
[3.381s] -- Generating done
[3.420s] -- Build files have been written to: /home/rhobtor/PHD/j8_control/J8_control/build/ctl_mission_interfaces
[3.438s] Invoked command in '/home/rhobtor/PHD/j8_control/J8_control/build/ctl_mission_interfaces' returned '0': CMAKE_PREFIX_PATH=${CMAKE_PREFIX_PATH}:/home/rhobtor/PHD/path_dem/install_navigation/path_dem:/home/rhobtor/PHD/path_dem/install/path_dem:/home/rhobtor/PHD/install_global_belief_final/path_dem:/home/rhobtor/PHD/ARGOSJ8_IA/ARGOSJ8_IA_/install/car:/home/rhobtor/PHD/ARGOSJ8_IA/ARGOSJ8_IA_/install/ntrip_client:/home/rhobtor/PHD/ARGOSJ8_IA/ARGOSJ8_IA_/install/j8_gui:/home/rhobtor/PHD/ARGOSJ8_IA/ARGOSJ8_IA_/install/gui:/home/rhobtor/PHD/ARGOSJ8_IA/ARGOSJ8_IA_/install/android_ros2_server:/home/rhobtor/PHD/ARGOSJ8_IA/ARGOSJ8_IA_/install/GUI_pkg:/home/rhobtor/PHD/model_terrain_ugv/Model_terrain_ugv/install/model_terrain:/opt/ros/humble /usr/bin/cmake /home/rhobtor/PHD/j8_control/J8_control/src/ctl_mission/ctl_mission_interfaces -DCMAKE_INSTALL_PREFIX=/home/rhobtor/PHD/j8_control/J8_control/install/ctl_mission_interfaces
[3.442s] Invoking command in '/home/rhobtor/PHD/j8_control/J8_control/build/ctl_mission_interfaces': CMAKE_PREFIX_PATH=${CMAKE_PREFIX_PATH}:/home/rhobtor/PHD/path_dem/install_navigation/path_dem:/home/rhobtor/PHD/path_dem/install/path_dem:/home/rhobtor/PHD/install_global_belief_final/path_dem:/home/rhobtor/PHD/ARGOSJ8_IA/ARGOSJ8_IA_/install/car:/home/rhobtor/PHD/ARGOSJ8_IA/ARGOSJ8_IA_/install/ntrip_client:/home/rhobtor/PHD/ARGOSJ8_IA/ARGOSJ8_IA_/install/j8_gui:/home/rhobtor/PHD/ARGOSJ8_IA/ARGOSJ8_IA_/install/gui:/home/rhobtor/PHD/ARGOSJ8_IA/ARGOSJ8_IA_/install/android_ros2_server:/home/rhobtor/PHD/ARGOSJ8_IA/ARGOSJ8_IA_/install/GUI_pkg:/home/rhobtor/PHD/model_terrain_ugv/Model_terrain_ugv/install/model_terrain:/opt/ros/humble /usr/bin/cmake --build /home/rhobtor/PHD/j8_control/J8_control/build/ctl_mission_interfaces -- -j20 -l20
[7.735s] [  1%] [34m[1mGenerating C code for ROS interfaces[0m
[7.735s] [  2%] [34m[1mGenerating Rust code for ROS interfaces[0m
[7.735s] [  2%] Built target ament_cmake_python_copy_ctl_mission_interfaces
[7.735s] [  2%] [34m[1mGenerating C++ code for ROS interfaces[0m
[7.735s] running egg_info
[7.735s] creating ctl_mission_interfaces.egg-info
[7.735s] writing ctl_mission_interfaces.egg-info/PKG-INFO
[7.735s] writing dependency_links to ctl_mission_interfaces.egg-info/dependency_links.txt
[7.735s] writing top-level names to ctl_mission_interfaces.egg-info/top_level.txt
[7.735s] writing manifest file 'ctl_mission_interfaces.egg-info/SOURCES.txt'
[7.735s] reading manifest file 'ctl_mission_interfaces.egg-info/SOURCES.txt'
[7.735s] writing manifest file 'ctl_mission_interfaces.egg-info/SOURCES.txt'
[7.735s] [  2%] Built target ctl_mission_interfaces__rs
[7.736s] [  2%] Built target ament_cmake_python_build_ctl_mission_interfaces_egg
[7.736s] [  2%] Built target ctl_mission_interfaces__cpp
[7.736s] [  3%] [34m[1mGenerating C++ type support for eProsima Fast-RTPS[0m
[7.736s] [  5%] [34m[1mGenerating C++ introspection for ROS interfaces[0m
[7.736s] [  5%] [34m[1mGenerating C++ type support dispatch for ROS interfaces[0m
[7.736s] [  6%] [32mBuilding C object CMakeFiles/ctl_mission_interfaces__rosidl_generator_c.dir/rosidl_generator_c/ctl_mission_interfaces/srv/detail/change_mode__functions.c.o[0m
[7.736s] [  7%] [32mBuilding C object CMakeFiles/ctl_mission_interfaces__rosidl_generator_c.dir/rosidl_generator_c/ctl_mission_interfaces/srv/detail/config_simple_ctl__functions.c.o[0m
[7.736s] [  8%] [32mBuilding C object CMakeFiles/ctl_mission_interfaces__rosidl_generator_c.dir/rosidl_generator_c/ctl_mission_interfaces/srv/detail/change_controller__functions.c.o[0m
[7.736s] [  9%] [32mBuilding C object CMakeFiles/ctl_mission_interfaces__rosidl_generator_c.dir/rosidl_generator_c/ctl_mission_interfaces/srv/detail/get_mode__functions.c.o[0m
[7.736s] [  9%] [32mBuilding C object CMakeFiles/ctl_mission_interfaces__rosidl_generator_c.dir/rosidl_generator_c/ctl_mission_interfaces/srv/detail/config_pure_pursuit_ctrl__functions.c.o[0m
[7.738s] [ 10%] [32mBuilding C object CMakeFiles/ctl_mission_interfaces__rosidl_generator_c.dir/rosidl_generator_c/ctl_mission_interfaces/srv/detail/change_speed__functions.c.o[0m
[7.738s] [ 11%] [32mBuilding C object CMakeFiles/ctl_mission_interfaces__rosidl_generator_c.dir/rosidl_generator_c/ctl_mission_interfaces/srv/detail/config_dynamic_pure_ctrl__functions.c.o[0m
[7.738s] [ 12%] [32mBuilding C object CMakeFiles/ctl_mission_interfaces__rosidl_generator_c.dir/rosidl_generator_c/ctl_mission_interfaces/srv/detail/get_possible_transitions__functions.c.o[0m
[7.738s] [ 15%] [32mBuilding C object CMakeFiles/ctl_mission_interfaces__rosidl_generator_c.dir/rosidl_generator_c/ctl_mission_interfaces/srv/detail/config_dynamic_la_pure_ctrl__functions.c.o[0m
[7.738s] [ 15%] [32mBuilding C object CMakeFiles/ctl_mission_interfaces__rosidl_generator_c.dir/rosidl_generator_c/ctl_mission_interfaces/srv/detail/config_stanley_ctrl__functions.c.o[0m
[7.738s] [ 15%] [32mBuilding C object CMakeFiles/ctl_mission_interfaces__rosidl_generator_c.dir/rosidl_generator_c/ctl_mission_interfaces/srv/detail/config_regulated_pure_ctrl__functions.c.o[0m
[7.738s] [ 16%] [32m[1mLinking C shared library libctl_mission_interfaces__rosidl_generator_c.so[0m
[7.752s] [ 16%] Built target ctl_mission_interfaces__rosidl_generator_c
[7.782s] [ 17%] [34m[1mGenerating C type support for eProsima Fast-RTPS[0m
[7.782s] [ 18%] [34m[1mGenerating C introspection for ROS interfaces[0m
[7.794s] [ 19%] [34m[1mGenerating C type support dispatch for ROS interfaces[0m
[8.120s] [ 20%] [32mBuilding CXX object CMakeFiles/ctl_mission_interfaces__rosidl_typesupport_fastrtps_cpp.dir/rosidl_typesupport_fastrtps_cpp/ctl_mission_interfaces/srv/detail/dds_fastrtps/change_mode__type_support.cpp.o[0m
[8.124s] [ 21%] [32mBuilding CXX object CMakeFiles/ctl_mission_interfaces__rosidl_typesupport_fastrtps_cpp.dir/rosidl_typesupport_fastrtps_cpp/ctl_mission_interfaces/srv/detail/dds_fastrtps/get_mode__type_support.cpp.o[0m
[8.133s] [ 22%] [32mBuilding CXX object CMakeFiles/ctl_mission_interfaces__rosidl_typesupport_fastrtps_cpp.dir/rosidl_typesupport_fastrtps_cpp/ctl_mission_interfaces/srv/detail/dds_fastrtps/change_speed__type_support.cpp.o[0m
[8.143s] [ 24%] [32mBuilding CXX object CMakeFiles/ctl_mission_interfaces__rosidl_typesupport_fastrtps_cpp.dir/rosidl_typesupport_fastrtps_cpp/ctl_mission_interfaces/srv/detail/dds_fastrtps/config_pure_pursuit_ctrl__type_support.cpp.o[0m
[8.143s] [ 24%] [32mBuilding CXX object CMakeFiles/ctl_mission_interfaces__rosidl_typesupport_fastrtps_cpp.dir/rosidl_typesupport_fastrtps_cpp/ctl_mission_interfaces/srv/detail/dds_fastrtps/config_simple_ctl__type_support.cpp.o[0m
[8.144s] [ 25%] [32mBuilding CXX object CMakeFiles/ctl_mission_interfaces__rosidl_typesupport_fastrtps_cpp.dir/rosidl_typesupport_fastrtps_cpp/ctl_mission_interfaces/srv/detail/dds_fastrtps/get_possible_transitions__type_support.cpp.o[0m
[8.151s] [ 24%] [32mBuilding CXX object CMakeFiles/ctl_mission_interfaces__rosidl_typesupport_fastrtps_cpp.dir/rosidl_typesupport_fastrtps_cpp/ctl_mission_interfaces/srv/detail/dds_fastrtps/change_controller__type_support.cpp.o[0m
[8.162s] [ 27%] [32mBuilding CXX object CMakeFiles/ctl_mission_interfaces__rosidl_typesupport_fastrtps_cpp.dir/rosidl_typesupport_fastrtps_cpp/ctl_mission_interfaces/srv/detail/dds_fastrtps/config_stanley_ctrl__type_support.cpp.o[0m
[8.162s] [ 27%] [32mBuilding CXX object CMakeFiles/ctl_mission_interfaces__rosidl_typesupport_fastrtps_cpp.dir/rosidl_typesupport_fastrtps_cpp/ctl_mission_interfaces/srv/detail/dds_fastrtps/config_dynamic_la_pure_ctrl__type_support.cpp.o[0m
[8.165s] [ 28%] [32mBuilding CXX object CMakeFiles/ctl_mission_interfaces__rosidl_typesupport_fastrtps_cpp.dir/rosidl_typesupport_fastrtps_cpp/ctl_mission_interfaces/srv/detail/dds_fastrtps/config_dynamic_pure_ctrl__type_support.cpp.o[0m
[8.175s] [ 29%] [32mBuilding CXX object CMakeFiles/ctl_mission_interfaces__rosidl_typesupport_fastrtps_cpp.dir/rosidl_typesupport_fastrtps_cpp/ctl_mission_interfaces/srv/detail/dds_fastrtps/config_regulated_pure_ctrl__type_support.cpp.o[0m
[8.304s] [ 30%] [32mBuilding CXX object CMakeFiles/ctl_mission_interfaces__rosidl_typesupport_cpp.dir/rosidl_typesupport_cpp/ctl_mission_interfaces/srv/get_mode__type_support.cpp.o[0m
[8.311s] [ 31%] [32mBuilding CXX object CMakeFiles/ctl_mission_interfaces__rosidl_typesupport_cpp.dir/rosidl_typesupport_cpp/ctl_mission_interfaces/srv/change_speed__type_support.cpp.o[0m
[8.320s] [ 32%] [32mBuilding CXX object CMakeFiles/ctl_mission_interfaces__rosidl_typesupport_cpp.dir/rosidl_typesupport_cpp/ctl_mission_interfaces/srv/change_mode__type_support.cpp.o[0m
[8.321s] [ 33%] [32mBuilding CXX object CMakeFiles/ctl_mission_interfaces__rosidl_typesupport_cpp.dir/rosidl_typesupport_cpp/ctl_mission_interfaces/srv/get_possible_transitions__type_support.cpp.o[0m
[8.325s] [ 33%] [32mBuilding CXX object CMakeFiles/ctl_mission_interfaces__rosidl_typesupport_cpp.dir/rosidl_typesupport_cpp/ctl_mission_interfaces/srv/config_simple_ctl__type_support.cpp.o[0m
[8.856s] [ 34%] [32mBuilding CXX object CMakeFiles/ctl_mission_interfaces__rosidl_typesupport_cpp.dir/rosidl_typesupport_cpp/ctl_mission_interfaces/srv/change_controller__type_support.cpp.o[0m
[8.939s] [ 35%] [32mBuilding CXX object CMakeFiles/ctl_mission_interfaces__rosidl_typesupport_cpp.dir/rosidl_typesupport_cpp/ctl_mission_interfaces/srv/config_pure_pursuit_ctrl__type_support.cpp.o[0m
[9.068s] [ 36%] [32mBuilding CXX object CMakeFiles/ctl_mission_interfaces__rosidl_typesupport_cpp.dir/rosidl_typesupport_cpp/ctl_mission_interfaces/srv/config_stanley_ctrl__type_support.cpp.o[0m
[9.173s] [ 37%] [32mBuilding CXX object CMakeFiles/ctl_mission_interfaces__rosidl_typesupport_cpp.dir/rosidl_typesupport_cpp/ctl_mission_interfaces/srv/config_dynamic_pure_ctrl__type_support.cpp.o[0m
[9.379s] [ 38%] [32mBuilding CXX object CMakeFiles/ctl_mission_interfaces__rosidl_typesupport_cpp.dir/rosidl_typesupport_cpp/ctl_mission_interfaces/srv/config_dynamic_la_pure_ctrl__type_support.cpp.o[0m
[9.384s] [ 39%] [32mBuilding CXX object CMakeFiles/ctl_mission_interfaces__rosidl_typesupport_cpp.dir/rosidl_typesupport_cpp/ctl_mission_interfaces/srv/config_regulated_pure_ctrl__type_support.cpp.o[0m
[9.658s] [ 40%] [32mBuilding CXX object CMakeFiles/ctl_mission_interfaces__rosidl_typesupport_introspection_cpp.dir/rosidl_typesupport_introspection_cpp/ctl_mission_interfaces/srv/detail/change_mode__type_support.cpp.o[0m
[9.684s] [ 41%] [32mBuilding CXX object CMakeFiles/ctl_mission_interfaces__rosidl_typesupport_introspection_cpp.dir/rosidl_typesupport_introspection_cpp/ctl_mission_interfaces/srv/detail/change_controller__type_support.cpp.o[0m
[9.684s] [ 42%] [32mBuilding CXX object CMakeFiles/ctl_mission_interfaces__rosidl_typesupport_introspection_cpp.dir/rosidl_typesupport_introspection_cpp/ctl_mission_interfaces/srv/detail/get_mode__type_support.cpp.o[0m
[9.686s] [ 42%] [32mBuilding CXX object CMakeFiles/ctl_mission_interfaces__rosidl_typesupport_introspection_cpp.dir/rosidl_typesupport_introspection_cpp/ctl_mission_interfaces/srv/detail/config_simple_ctl__type_support.cpp.o[0m
[9.690s] [ 43%] [32mBuilding CXX object CMakeFiles/ctl_mission_interfaces__rosidl_typesupport_introspection_cpp.dir/rosidl_typesupport_introspection_cpp/ctl_mission_interfaces/srv/detail/change_speed__type_support.cpp.o[0m
[9.693s] [ 44%] [32mBuilding CXX object CMakeFiles/ctl_mission_interfaces__rosidl_typesupport_introspection_cpp.dir/rosidl_typesupport_introspection_cpp/ctl_mission_interfaces/srv/detail/get_possible_transitions__type_support.cpp.o[0m
[9.722s] [ 45%] [32mBuilding CXX object CMakeFiles/ctl_mission_interfaces__rosidl_typesupport_introspection_cpp.dir/rosidl_typesupport_introspection_cpp/ctl_mission_interfaces/srv/detail/config_pure_pursuit_ctrl__type_support.cpp.o[0m
[9.723s] [ 46%] [32mBuilding CXX object CMakeFiles/ctl_mission_interfaces__rosidl_typesupport_fastrtps_c.dir/rosidl_typesupport_fastrtps_c/ctl_mission_interfaces/srv/detail/get_mode__type_support_c.cpp.o[0m
[9.723s] [ 47%] [32mBuilding CXX object CMakeFiles/ctl_mission_interfaces__rosidl_typesupport_introspection_cpp.dir/rosidl_typesupport_introspection_cpp/ctl_mission_interfaces/srv/detail/config_stanley_ctrl__type_support.cpp.o[0m
[9.723s] [ 47%] [32mBuilding CXX object CMakeFiles/ctl_mission_interfaces__rosidl_typesupport_fastrtps_c.dir/rosidl_typesupport_fastrtps_c/ctl_mission_interfaces/srv/detail/change_mode__type_support_c.cpp.o[0m
[9.779s] [ 48%] [32mBuilding CXX object CMakeFiles/ctl_mission_interfaces__rosidl_typesupport_fastrtps_c.dir/rosidl_typesupport_fastrtps_c/ctl_mission_interfaces/srv/detail/change_speed__type_support_c.cpp.o[0m
[9.916s] [ 49%] [32mBuilding CXX object CMakeFiles/ctl_mission_interfaces__rosidl_typesupport_introspection_cpp.dir/rosidl_typesupport_introspection_cpp/ctl_mission_interfaces/srv/detail/config_dynamic_pure_ctrl__type_support.cpp.o[0m
[9.991s] [ 50%] [32mBuilding CXX object CMakeFiles/ctl_mission_interfaces__rosidl_typesupport_fastrtps_c.dir/rosidl_typesupport_fastrtps_c/ctl_mission_interfaces/srv/detail/config_simple_ctl__type_support_c.cpp.o[0m
[10.026s] [ 51%] [32mBuilding CXX object CMakeFiles/ctl_mission_interfaces__rosidl_typesupport_introspection_cpp.dir/rosidl_typesupport_introspection_cpp/ctl_mission_interfaces/srv/detail/config_dynamic_la_pure_ctrl__type_support.cpp.o[0m
[10.057s] [ 52%] [32mBuilding CXX object CMakeFiles/ctl_mission_interfaces__rosidl_typesupport_introspection_cpp.dir/rosidl_typesupport_introspection_cpp/ctl_mission_interfaces/srv/detail/config_regulated_pure_ctrl__type_support.cpp.o[0m
[10.229s] [ 53%] [32m[1mLinking CXX shared library libctl_mission_interfaces__rosidl_typesupport_fastrtps_cpp.so[0m
[10.282s] [ 54%] [32mBuilding CXX object CMakeFiles/ctl_mission_interfaces__rosidl_typesupport_fastrtps_c.dir/rosidl_typesupport_fastrtps_c/ctl_mission_interfaces/srv/detail/get_possible_transitions__type_support_c.cpp.o[0m
[10.517s] [ 55%] [32mBuilding CXX object CMakeFiles/ctl_mission_interfaces__rosidl_typesupport_fastrtps_c.dir/rosidl_typesupport_fastrtps_c/ctl_mission_interfaces/srv/detail/change_controller__type_support_c.cpp.o[0m
[10.520s] [ 56%] [32m[1mLinking CXX shared library libctl_mission_interfaces__rosidl_typesupport_cpp.so[0m
[10.587s] [ 56%] [32mBuilding CXX object CMakeFiles/ctl_mission_interfaces__rosidl_typesupport_c.dir/rosidl_typesupport_c/ctl_mission_interfaces/srv/change_mode__type_support.cpp.o[0m
[10.648s] [ 57%] [32mBuilding CXX object CMakeFiles/ctl_mission_interfaces__rosidl_typesupport_c.dir/rosidl_typesupport_c/ctl_mission_interfaces/srv/get_mode__type_support.cpp.o[0m
[10.687s] [ 57%] Built target ctl_mission_interfaces__rosidl_typesupport_fastrtps_cpp
[10.694s] [ 58%] [32mBuilding CXX object CMakeFiles/ctl_mission_interfaces__rosidl_typesupport_fastrtps_c.dir/rosidl_typesupport_fastrtps_c/ctl_mission_interfaces/srv/detail/config_pure_pursuit_ctrl__type_support_c.cpp.o[0m
[10.713s] [ 59%] [32mBuilding CXX object CMakeFiles/ctl_mission_interfaces__rosidl_typesupport_c.dir/rosidl_typesupport_c/ctl_mission_interfaces/srv/change_speed__type_support.cpp.o[0m
[10.726s] [ 60%] [32mBuilding CXX object CMakeFiles/ctl_mission_interfaces__rosidl_typesupport_fastrtps_c.dir/rosidl_typesupport_fastrtps_c/ctl_mission_interfaces/srv/detail/config_stanley_ctrl__type_support_c.cpp.o[0m
[10.731s] [ 60%] Built target ctl_mission_interfaces__rosidl_typesupport_cpp
[10.792s] [ 61%] [32mBuilding CXX object CMakeFiles/ctl_mission_interfaces__rosidl_typesupport_fastrtps_c.dir/rosidl_typesupport_fastrtps_c/ctl_mission_interfaces/srv/detail/config_dynamic_pure_ctrl__type_support_c.cpp.o[0m
[10.802s] [ 62%] [32mBuilding CXX object CMakeFiles/ctl_mission_interfaces__rosidl_typesupport_c.dir/rosidl_typesupport_c/ctl_mission_interfaces/srv/config_simple_ctl__type_support.cpp.o[0m
[10.823s] [ 63%] [32mBuilding CXX object CMakeFiles/ctl_mission_interfaces__rosidl_typesupport_c.dir/rosidl_typesupport_c/ctl_mission_interfaces/srv/get_possible_transitions__type_support.cpp.o[0m
[10.854s] [ 64%] [32mBuilding CXX object CMakeFiles/ctl_mission_interfaces__rosidl_typesupport_c.dir/rosidl_typesupport_c/ctl_mission_interfaces/srv/change_controller__type_support.cpp.o[0m
[10.930s] [ 65%] [32mBuilding CXX object CMakeFiles/ctl_mission_interfaces__rosidl_typesupport_c.dir/rosidl_typesupport_c/ctl_mission_interfaces/srv/config_pure_pursuit_ctrl__type_support.cpp.o[0m
[10.987s] [ 65%] [32mBuilding CXX object CMakeFiles/ctl_mission_interfaces__rosidl_typesupport_fastrtps_c.dir/rosidl_typesupport_fastrtps_c/ctl_mission_interfaces/srv/detail/config_dynamic_la_pure_ctrl__type_support_c.cpp.o[0m
[11.001s] [ 66%] [32mBuilding CXX object CMakeFiles/ctl_mission_interfaces__rosidl_typesupport_c.dir/rosidl_typesupport_c/ctl_mission_interfaces/srv/config_stanley_ctrl__type_support.cpp.o[0m
[11.029s] [ 67%] [32mBuilding CXX object CMakeFiles/ctl_mission_interfaces__rosidl_typesupport_fastrtps_c.dir/rosidl_typesupport_fastrtps_c/ctl_mission_interfaces/srv/detail/config_regulated_pure_ctrl__type_support_c.cpp.o[0m
[11.119s] [ 68%] [32mBuilding CXX object CMakeFiles/ctl_mission_interfaces__rosidl_typesupport_c.dir/rosidl_typesupport_c/ctl_mission_interfaces/srv/config_dynamic_pure_ctrl__type_support.cpp.o[0m
[11.164s] [ 68%] [32mBuilding CXX object CMakeFiles/ctl_mission_interfaces__rosidl_typesupport_c.dir/rosidl_typesupport_c/ctl_mission_interfaces/srv/config_dynamic_la_pure_ctrl__type_support.cpp.o[0m
[11.173s] [ 69%] [32mBuilding CXX object CMakeFiles/ctl_mission_interfaces__rosidl_typesupport_c.dir/rosidl_typesupport_c/ctl_mission_interfaces/srv/config_regulated_pure_ctrl__type_support.cpp.o[0m
[11.316s] [ 70%] [32m[1mLinking CXX shared library libctl_mission_interfaces__rosidl_typesupport_c.so[0m
[11.414s] [ 71%] [32mBuilding C object CMakeFiles/ctl_mission_interfaces__rosidl_typesupport_introspection_c.dir/rosidl_typesupport_introspection_c/ctl_mission_interfaces/srv/detail/get_mode__type_support.c.o[0m
[11.445s] [ 71%] [32mBuilding C object CMakeFiles/ctl_mission_interfaces__rosidl_typesupport_introspection_c.dir/rosidl_typesupport_introspection_c/ctl_mission_interfaces/srv/detail/change_mode__type_support.c.o[0m
[11.452s] [ 72%] [32mBuilding C object CMakeFiles/ctl_mission_interfaces__rosidl_typesupport_introspection_c.dir/rosidl_typesupport_introspection_c/ctl_mission_interfaces/srv/detail/change_controller__type_support.c.o[0m
[11.452s] [ 73%] [32mBuilding C object CMakeFiles/ctl_mission_interfaces__rosidl_typesupport_introspection_c.dir/rosidl_typesupport_introspection_c/ctl_mission_interfaces/srv/detail/config_simple_ctl__type_support.c.o[0m
[11.454s] [ 74%] [32mBuilding C object CMakeFiles/ctl_mission_interfaces__rosidl_typesupport_introspection_c.dir/rosidl_typesupport_introspection_c/ctl_mission_interfaces/srv/detail/change_speed__type_support.c.o[0m
[11.455s] [ 75%] [32mBuilding C object CMakeFiles/ctl_mission_interfaces__rosidl_typesupport_introspection_c.dir/rosidl_typesupport_introspection_c/ctl_mission_interfaces/srv/detail/get_possible_transitions__type_support.c.o[0m
[11.459s] [ 75%] [32mBuilding C object CMakeFiles/ctl_mission_interfaces__rosidl_typesupport_introspection_c.dir/rosidl_typesupport_introspection_c/ctl_mission_interfaces/srv/detail/config_dynamic_la_pure_ctrl__type_support.c.o[0m
[11.460s] [ 76%] [32mBuilding C object CMakeFiles/ctl_mission_interfaces__rosidl_typesupport_introspection_c.dir/rosidl_typesupport_introspection_c/ctl_mission_interfaces/srv/detail/config_stanley_ctrl__type_support.c.o[0m
[11.460s] [ 77%] [32mBuilding C object CMakeFiles/ctl_mission_interfaces__rosidl_typesupport_introspection_c.dir/rosidl_typesupport_introspection_c/ctl_mission_interfaces/srv/detail/config_pure_pursuit_ctrl__type_support.c.o[0m
[11.466s] [ 78%] [32mBuilding C object CMakeFiles/ctl_mission_interfaces__rosidl_typesupport_introspection_c.dir/rosidl_typesupport_introspection_c/ctl_mission_interfaces/srv/detail/config_dynamic_pure_ctrl__type_support.c.o[0m
[11.475s] [ 79%] [32mBuilding C object CMakeFiles/ctl_mission_interfaces__rosidl_typesupport_introspection_c.dir/rosidl_typesupport_introspection_c/ctl_mission_interfaces/srv/detail/config_regulated_pure_ctrl__type_support.c.o[0m
[11.503s] [ 79%] Built target ctl_mission_interfaces__rosidl_typesupport_c
[11.571s] [ 80%] [32m[1mLinking C shared library libctl_mission_interfaces__rosidl_typesupport_introspection_c.so[0m
[11.580s] [ 81%] [32m[1mLinking CXX shared library libctl_mission_interfaces__rosidl_typesupport_introspection_cpp.so[0m
[11.665s] [ 81%] Built target ctl_mission_interfaces__rosidl_typesupport_introspection_c
[11.913s] [ 81%] Built target ctl_mission_interfaces__rosidl_typesupport_introspection_cpp
[12.008s] [ 82%] [32m[1mLinking CXX shared library libctl_mission_interfaces__rosidl_typesupport_fastrtps_c.so[0m
[12.299s] [ 82%] Built target ctl_mission_interfaces__rosidl_typesupport_fastrtps_c
[12.360s] [ 82%] Built target ctl_mission_interfaces
[12.430s] [ 83%] [34m[1mGenerating Python code for ROS interfaces[0m
[17.592s] [ 83%] Built target ctl_mission_interfaces__py
[17.675s] [ 84%] [32mBuilding C object CMakeFiles/ctl_mission_interfaces__rosidl_generator_py.dir/rosidl_generator_py/ctl_mission_interfaces/srv/_change_mode_s.c.o[0m
[17.850s] [ 85%] [32mBuilding C object CMakeFiles/ctl_mission_interfaces__rosidl_generator_py.dir/rosidl_generator_py/ctl_mission_interfaces/srv/_config_regulated_pure_ctrl_s.c.o[0m
[18.023s] [ 86%] [32mBuilding C object CMakeFiles/ctl_mission_interfaces__rosidl_generator_py.dir/rosidl_generator_py/ctl_mission_interfaces/srv/_config_dynamic_la_pure_ctrl_s.c.o[0m
[18.233s] [ 87%] [32mBuilding C object CMakeFiles/ctl_mission_interfaces__rosidl_generator_py.dir/rosidl_generator_py/ctl_mission_interfaces/srv/_config_dynamic_pure_ctrl_s.c.o[0m
[18.532s] [ 88%] [32mBuilding C object CMakeFiles/ctl_mission_interfaces__rosidl_generator_py.dir/rosidl_generator_py/ctl_mission_interfaces/srv/_config_stanley_ctrl_s.c.o[0m
[18.812s] [ 89%] [32mBuilding C object CMakeFiles/ctl_mission_interfaces__rosidl_generator_py.dir/rosidl_generator_py/ctl_mission_interfaces/srv/_config_pure_pursuit_ctrl_s.c.o[0m
[19.058s] [ 90%] [32mBuilding C object CMakeFiles/ctl_mission_interfaces__rosidl_generator_py.dir/rosidl_generator_py/ctl_mission_interfaces/srv/_change_controller_s.c.o[0m
[19.245s] [ 91%] [32mBuilding C object CMakeFiles/ctl_mission_interfaces__rosidl_generator_py.dir/rosidl_generator_py/ctl_mission_interfaces/srv/_get_possible_transitions_s.c.o[0m
[19.449s] [ 91%] [32mBuilding C object CMakeFiles/ctl_mission_interfaces__rosidl_generator_py.dir/rosidl_generator_py/ctl_mission_interfaces/srv/_config_simple_ctl_s.c.o[0m
[19.677s] [ 92%] [32mBuilding C object CMakeFiles/ctl_mission_interfaces__rosidl_generator_py.dir/rosidl_generator_py/ctl_mission_interfaces/srv/_change_speed_s.c.o[0m
[19.931s] [ 93%] [32mBuilding C object CMakeFiles/ctl_mission_interfaces__rosidl_generator_py.dir/rosidl_generator_py/ctl_mission_interfaces/srv/_get_mode_s.c.o[0m
[20.108s] [ 94%] [32m[1mLinking C shared library rosidl_generator_py/ctl_mission_interfaces/libctl_mission_interfaces__rosidl_generator_py.so[0m
[20.203s] [ 94%] Built target ctl_mission_interfaces__rosidl_generator_py
[20.243s] [ 95%] [32mBuilding C object CMakeFiles/ctl_mission_interfaces__rosidl_typesupport_fastrtps_c__pyext.dir/rosidl_generator_py/ctl_mission_interfaces/_ctl_mission_interfaces_s.ep.rosidl_typesupport_fastrtps_c.c.o[0m
[20.502s] [ 96%] [32m[1mLinking C shared library rosidl_generator_py/ctl_mission_interfaces/ctl_mission_interfaces_s__rosidl_typesupport_fastrtps_c.cpython-310-x86_64-linux-gnu.so[0m
[20.616s] [ 96%] Built target ctl_mission_interfaces__rosidl_typesupport_fastrtps_c__pyext
[20.664s] [ 97%] [32mBuilding C object CMakeFiles/ctl_mission_interfaces__rosidl_typesupport_c__pyext.dir/rosidl_generator_py/ctl_mission_interfaces/_ctl_mission_interfaces_s.ep.rosidl_typesupport_c.c.o[0m
[20.928s] [ 98%] [32m[1mLinking C shared library rosidl_generator_py/ctl_mission_interfaces/ctl_mission_interfaces_s__rosidl_typesupport_c.cpython-310-x86_64-linux-gnu.so[0m
[21.022s] [ 98%] Built target ctl_mission_interfaces__rosidl_typesupport_c__pyext
[21.078s] [ 99%] [32mBuilding C object CMakeFiles/ctl_mission_interfaces__rosidl_typesupport_introspection_c__pyext.dir/rosidl_generator_py/ctl_mission_interfaces/_ctl_mission_interfaces_s.ep.rosidl_typesupport_introspection_c.c.o[0m
[21.400s] [100%] [32m[1mLinking C shared library rosidl_generator_py/ctl_mission_interfaces/ctl_mission_interfaces_s__rosidl_typesupport_introspection_c.cpython-310-x86_64-linux-gnu.so[0m
[21.523s] [100%] Built target ctl_mission_interfaces__rosidl_typesupport_introspection_c__pyext
[21.799s] Invoked command in '/home/rhobtor/PHD/j8_control/J8_control/build/ctl_mission_interfaces' returned '0': CMAKE_PREFIX_PATH=${CMAKE_PREFIX_PATH}:/home/rhobtor/PHD/path_dem/install_navigation/path_dem:/home/rhobtor/PHD/path_dem/install/path_dem:/home/rhobtor/PHD/install_global_belief_final/path_dem:/home/rhobtor/PHD/ARGOSJ8_IA/ARGOSJ8_IA_/install/car:/home/rhobtor/PHD/ARGOSJ8_IA/ARGOSJ8_IA_/install/ntrip_client:/home/rhobtor/PHD/ARGOSJ8_IA/ARGOSJ8_IA_/install/j8_gui:/home/rhobtor/PHD/ARGOSJ8_IA/ARGOSJ8_IA_/install/gui:/home/rhobtor/PHD/ARGOSJ8_IA/ARGOSJ8_IA_/install/android_ros2_server:/home/rhobtor/PHD/ARGOSJ8_IA/ARGOSJ8_IA_/install/GUI_pkg:/home/rhobtor/PHD/model_terrain_ugv/Model_terrain_ugv/install/model_terrain:/opt/ros/humble /usr/bin/cmake --build /home/rhobtor/PHD/j8_control/J8_control/build/ctl_mission_interfaces -- -j20 -l20
[21.800s] Invoking command in '/home/rhobtor/PHD/j8_control/J8_control/build/ctl_mission_interfaces': CMAKE_PREFIX_PATH=${CMAKE_PREFIX_PATH}:/home/rhobtor/PHD/path_dem/install_navigation/path_dem:/home/rhobtor/PHD/path_dem/install/path_dem:/home/rhobtor/PHD/install_global_belief_final/path_dem:/home/rhobtor/PHD/ARGOSJ8_IA/ARGOSJ8_IA_/install/car:/home/rhobtor/PHD/ARGOSJ8_IA/ARGOSJ8_IA_/install/ntrip_client:/home/rhobtor/PHD/ARGOSJ8_IA/ARGOSJ8_IA_/install/j8_gui:/home/rhobtor/PHD/ARGOSJ8_IA/ARGOSJ8_IA_/install/gui:/home/rhobtor/PHD/ARGOSJ8_IA/ARGOSJ8_IA_/install/android_ros2_server:/home/rhobtor/PHD/ARGOSJ8_IA/ARGOSJ8_IA_/install/GUI_pkg:/home/rhobtor/PHD/model_terrain_ugv/Model_terrain_ugv/install/model_terrain:/opt/ros/humble /usr/bin/cmake --install /home/rhobtor/PHD/j8_control/J8_control/build/ctl_mission_interfaces
[22.361s] -- Install configuration: ""
[22.361s] -- Installing: /home/rhobtor/PHD/j8_control/J8_control/install/ctl_mission_interfaces/share/ament_index/resource_index/rosidl_interfaces/ctl_mission_interfaces
[22.362s] -- Installing: /home/rhobtor/PHD/j8_control/J8_control/install/ctl_mission_interfaces/include/ctl_mission_interfaces/ctl_mission_interfaces
[22.362s] -- Installing: /home/rhobtor/PHD/j8_control/J8_control/install/ctl_mission_interfaces/include/ctl_mission_interfaces/ctl_mission_interfaces/srv
[22.362s] -- Installing: /home/rhobtor/PHD/j8_control/J8_control/install/ctl_mission_interfaces/include/ctl_mission_interfaces/ctl_mission_interfaces/srv/change_speed.h
[22.362s] -- Installing: /home/rhobtor/PHD/j8_control/J8_control/install/ctl_mission_interfaces/include/ctl_mission_interfaces/ctl_mission_interfaces/srv/config_simple_ctl.h
[22.362s] -- Installing: /home/rhobtor/PHD/j8_control/J8_control/install/ctl_mission_interfaces/include/ctl_mission_interfaces/ctl_mission_interfaces/srv/config_regulated_pure_ctrl.h
[22.362s] -- Installing: /home/rhobtor/PHD/j8_control/J8_control/install/ctl_mission_interfaces/include/ctl_mission_interfaces/ctl_mission_interfaces/srv/config_stanley_ctrl.h
[22.362s] -- Installing: /home/rhobtor/PHD/j8_control/J8_control/install/ctl_mission_interfaces/include/ctl_mission_interfaces/ctl_mission_interfaces/srv/get_mode.h
[22.362s] -- Installing: /home/rhobtor/PHD/j8_control/J8_control/install/ctl_mission_interfaces/include/ctl_mission_interfaces/ctl_mission_interfaces/srv/detail
[22.362s] -- Installing: /home/rhobtor/PHD/j8_control/J8_control/install/ctl_mission_interfaces/include/ctl_mission_interfaces/ctl_mission_interfaces/srv/detail/change_mode__type_support.h
[22.362s] -- Installing: /home/rhobtor/PHD/j8_control/J8_control/install/ctl_mission_interfaces/include/ctl_mission_interfaces/ctl_mission_interfaces/srv/detail/config_regulated_pure_ctrl__struct.h
[22.362s] -- Installing: /home/rhobtor/PHD/j8_control/J8_control/install/ctl_mission_interfaces/include/ctl_mission_interfaces/ctl_mission_interfaces/srv/detail/config_stanley_ctrl__type_support.h
[22.362s] -- Installing: /home/rhobtor/PHD/j8_control/J8_control/install/ctl_mission_interfaces/include/ctl_mission_interfaces/ctl_mission_interfaces/srv/detail/config_dynamic_pure_ctrl__type_support.h
[22.362s] -- Installing: /home/rhobtor/PHD/j8_control/J8_control/install/ctl_mission_interfaces/include/ctl_mission_interfaces/ctl_mission_interfaces/srv/detail/change_speed__type_support.h
[22.362s] -- Installing: /home/rhobtor/PHD/j8_control/J8_control/install/ctl_mission_interfaces/include/ctl_mission_interfaces/ctl_mission_interfaces/srv/detail/change_speed__struct.h
[22.362s] -- Installing: /home/rhobtor/PHD/j8_control/J8_control/install/ctl_mission_interfaces/include/ctl_mission_interfaces/ctl_mission_interfaces/srv/detail/config_dynamic_pure_ctrl__functions.h
[22.362s] -- Installing: /home/rhobtor/PHD/j8_control/J8_control/install/ctl_mission_interfaces/include/ctl_mission_interfaces/ctl_mission_interfaces/srv/detail/get_possible_transitions__functions.c
[22.362s] -- Installing: /home/rhobtor/PHD/j8_control/J8_control/install/ctl_mission_interfaces/include/ctl_mission_interfaces/ctl_mission_interfaces/srv/detail/get_possible_transitions__type_support.h
[22.362s] -- Installing: /home/rhobtor/PHD/j8_control/J8_control/install/ctl_mission_interfaces/include/ctl_mission_interfaces/ctl_mission_interfaces/srv/detail/change_speed__functions.c
[22.362s] -- Installing: /home/rhobtor/PHD/j8_control/J8_control/install/ctl_mission_interfaces/include/ctl_mission_interfaces/ctl_mission_interfaces/srv/detail/change_mode__struct.h
[22.362s] -- Installing: /home/rhobtor/PHD/j8_control/J8_control/install/ctl_mission_interfaces/include/ctl_mission_interfaces/ctl_mission_interfaces/srv/detail/change_controller__functions.c
[22.362s] -- Installing: /home/rhobtor/PHD/j8_control/J8_control/install/ctl_mission_interfaces/include/ctl_mission_interfaces/ctl_mission_interfaces/srv/detail/config_dynamic_la_pure_ctrl__functions.h
[22.362s] -- Installing: /home/rhobtor/PHD/j8_control/J8_control/install/ctl_mission_interfaces/include/ctl_mission_interfaces/ctl_mission_interfaces/srv/detail/get_mode__functions.h
[22.371s] -- Installing: /home/rhobtor/PHD/j8_control/J8_control/install/ctl_mission_interfaces/include/ctl_mission_interfaces/ctl_mission_interfaces/srv/detail/config_regulated_pure_ctrl__functions.h
[22.371s] -- Installing: /home/rhobtor/PHD/j8_control/J8_control/install/ctl_mission_interfaces/include/ctl_mission_interfaces/ctl_mission_interfaces/srv/detail/config_simple_ctl__type_support.h
[22.371s] -- Installing: /home/rhobtor/PHD/j8_control/J8_control/install/ctl_mission_interfaces/include/ctl_mission_interfaces/ctl_mission_interfaces/srv/detail/config_pure_pursuit_ctrl__functions.h
[22.372s] -- Installing: /home/rhobtor/PHD/j8_control/J8_control/install/ctl_mission_interfaces/include/ctl_mission_interfaces/ctl_mission_interfaces/srv/detail/get_mode__functions.c
[22.372s] -- Installing: /home/rhobtor/PHD/j8_control/J8_control/install/ctl_mission_interfaces/include/ctl_mission_interfaces/ctl_mission_interfaces/srv/detail/config_dynamic_pure_ctrl__functions.c
[22.372s] -- Installing: /home/rhobtor/PHD/j8_control/J8_control/install/ctl_mission_interfaces/include/ctl_mission_interfaces/ctl_mission_interfaces/srv/detail/change_controller__functions.h
[22.372s] -- Installing: /home/rhobtor/PHD/j8_control/J8_control/install/ctl_mission_interfaces/include/ctl_mission_interfaces/ctl_mission_interfaces/srv/detail/config_simple_ctl__functions.c
[22.372s] -- Installing: /home/rhobtor/PHD/j8_control/J8_control/install/ctl_mission_interfaces/include/ctl_mission_interfaces/ctl_mission_interfaces/srv/detail/config_simple_ctl__functions.h
[22.372s] -- Installing: /home/rhobtor/PHD/j8_control/J8_control/install/ctl_mission_interfaces/include/ctl_mission_interfaces/ctl_mission_interfaces/srv/detail/config_dynamic_pure_ctrl__struct.h
[22.372s] -- Installing: /home/rhobtor/PHD/j8_control/J8_control/install/ctl_mission_interfaces/include/ctl_mission_interfaces/ctl_mission_interfaces/srv/detail/config_stanley_ctrl__struct.h
[22.372s] -- Installing: /home/rhobtor/PHD/j8_control/J8_control/install/ctl_mission_interfaces/include/ctl_mission_interfaces/ctl_mission_interfaces/srv/detail/config_pure_pursuit_ctrl__functions.c
[22.372s] -- Installing: /home/rhobtor/PHD/j8_control/J8_control/install/ctl_mission_interfaces/include/ctl_mission_interfaces/ctl_mission_interfaces/srv/detail/change_mode__functions.h
[22.372s] -- Installing: /home/rhobtor/PHD/j8_control/J8_control/install/ctl_mission_interfaces/include/ctl_mission_interfaces/ctl_mission_interfaces/srv/detail/change_controller__type_support.h
[22.372s] -- Installing: /home/rhobtor/PHD/j8_control/J8_control/install/ctl_mission_interfaces/include/ctl_mission_interfaces/ctl_mission_interfaces/srv/detail/config_pure_pursuit_ctrl__type_support.h
[22.372s] -- Installing: /home/rhobtor/PHD/j8_control/J8_control/install/ctl_mission_interfaces/include/ctl_mission_interfaces/ctl_mission_interfaces/srv/detail/config_regulated_pure_ctrl__type_support.h
[22.372s] -- Installing: /home/rhobtor/PHD/j8_control/J8_control/install/ctl_mission_interfaces/include/ctl_mission_interfaces/ctl_mission_interfaces/srv/detail/config_dynamic_la_pure_ctrl__struct.h
[22.372s] -- Installing: /home/rhobtor/PHD/j8_control/J8_control/install/ctl_mission_interfaces/include/ctl_mission_interfaces/ctl_mission_interfaces/srv/detail/change_mode__functions.c
[22.372s] -- Installing: /home/rhobtor/PHD/j8_control/J8_control/install/ctl_mission_interfaces/include/ctl_mission_interfaces/ctl_mission_interfaces/srv/detail/config_pure_pursuit_ctrl__struct.h
[22.373s] -- Installing: /home/rhobtor/PHD/j8_control/J8_control/install/ctl_mission_interfaces/include/ctl_mission_interfaces/ctl_mission_interfaces/srv/detail/config_stanley_ctrl__functions.c
[22.373s] -- Installing: /home/rhobtor/PHD/j8_control/J8_control/install/ctl_mission_interfaces/include/ctl_mission_interfaces/ctl_mission_interfaces/srv/detail/get_possible_transitions__functions.h
[22.373s] -- Installing: /home/rhobtor/PHD/j8_control/J8_control/install/ctl_mission_interfaces/include/ctl_mission_interfaces/ctl_mission_interfaces/srv/detail/config_dynamic_la_pure_ctrl__functions.c
[22.373s] -- Installing: /home/rhobtor/PHD/j8_control/J8_control/install/ctl_mission_interfaces/include/ctl_mission_interfaces/ctl_mission_interfaces/srv/detail/config_stanley_ctrl__functions.h
[22.373s] -- Installing: /home/rhobtor/PHD/j8_control/J8_control/install/ctl_mission_interfaces/include/ctl_mission_interfaces/ctl_mission_interfaces/srv/detail/change_controller__struct.h
[22.373s] -- Installing: /home/rhobtor/PHD/j8_control/J8_control/install/ctl_mission_interfaces/include/ctl_mission_interfaces/ctl_mission_interfaces/srv/detail/get_mode__struct.h
[22.373s] -- Installing: /home/rhobtor/PHD/j8_control/J8_control/install/ctl_mission_interfaces/include/ctl_mission_interfaces/ctl_mission_interfaces/srv/detail/get_mode__type_support.h
[22.373s] -- Installing: /home/rhobtor/PHD/j8_control/J8_control/install/ctl_mission_interfaces/include/ctl_mission_interfaces/ctl_mission_interfaces/srv/detail/config_dynamic_la_pure_ctrl__type_support.h
[22.373s] -- Installing: /home/rhobtor/PHD/j8_control/J8_control/install/ctl_mission_interfaces/include/ctl_mission_interfaces/ctl_mission_interfaces/srv/detail/config_simple_ctl__struct.h
[22.373s] -- Installing: /home/rhobtor/PHD/j8_control/J8_control/install/ctl_mission_interfaces/include/ctl_mission_interfaces/ctl_mission_interfaces/srv/detail/change_speed__functions.h
[22.373s] -- Installing: /home/rhobtor/PHD/j8_control/J8_control/install/ctl_mission_interfaces/include/ctl_mission_interfaces/ctl_mission_interfaces/srv/detail/get_possible_transitions__struct.h
[22.373s] -- Installing: /home/rhobtor/PHD/j8_control/J8_control/install/ctl_mission_interfaces/include/ctl_mission_interfaces/ctl_mission_interfaces/srv/detail/config_regulated_pure_ctrl__functions.c
[22.373s] -- Installing: /home/rhobtor/PHD/j8_control/J8_control/install/ctl_mission_interfaces/include/ctl_mission_interfaces/ctl_mission_interfaces/srv/get_possible_transitions.h
[22.373s] -- Installing: /home/rhobtor/PHD/j8_control/J8_control/install/ctl_mission_interfaces/include/ctl_mission_interfaces/ctl_mission_interfaces/srv/change_mode.h
[22.373s] -- Installing: /home/rhobtor/PHD/j8_control/J8_control/install/ctl_mission_interfaces/include/ctl_mission_interfaces/ctl_mission_interfaces/srv/config_dynamic_pure_ctrl.h
[22.373s] -- Installing: /home/rhobtor/PHD/j8_control/J8_control/install/ctl_mission_interfaces/include/ctl_mission_interfaces/ctl_mission_interfaces/srv/change_controller.h
[22.373s] -- Installing: /home/rhobtor/PHD/j8_control/J8_control/install/ctl_mission_interfaces/include/ctl_mission_interfaces/ctl_mission_interfaces/srv/config_pure_pursuit_ctrl.h
[22.373s] -- Installing: /home/rhobtor/PHD/j8_control/J8_control/install/ctl_mission_interfaces/include/ctl_mission_interfaces/ctl_mission_interfaces/srv/config_dynamic_la_pure_ctrl.h
[22.373s] -- Installing: /home/rhobtor/PHD/j8_control/J8_control/install/ctl_mission_interfaces/include/ctl_mission_interfaces/ctl_mission_interfaces/msg
[22.373s] -- Installing: /home/rhobtor/PHD/j8_control/J8_control/install/ctl_mission_interfaces/include/ctl_mission_interfaces/ctl_mission_interfaces/msg/rosidl_generator_c__visibility_control.h
[22.373s] -- Installing: /home/rhobtor/PHD/j8_control/J8_control/install/ctl_mission_interfaces/share/ctl_mission_interfaces/environment/library_path.sh
[22.373s] -- Installing: /home/rhobtor/PHD/j8_control/J8_control/install/ctl_mission_interfaces/share/ctl_mission_interfaces/environment/library_path.dsv
[22.373s] -- Installing: /home/rhobtor/PHD/j8_control/J8_control/install/ctl_mission_interfaces/lib/libctl_mission_interfaces__rosidl_generator_c.so
[22.373s] -- Set runtime path of "/home/rhobtor/PHD/j8_control/J8_control/install/ctl_mission_interfaces/lib/libctl_mission_interfaces__rosidl_generator_c.so" to ""
[22.374s] -- Up-to-date: /home/rhobtor/PHD/j8_control/J8_control/install/ctl_mission_interfaces/include/ctl_mission_interfaces/ctl_mission_interfaces
[22.374s] -- Up-to-date: /home/rhobtor/PHD/j8_control/J8_control/install/ctl_mission_interfaces/include/ctl_mission_interfaces/ctl_mission_interfaces/srv
[22.374s] -- Up-to-date: /home/rhobtor/PHD/j8_control/J8_control/install/ctl_mission_interfaces/include/ctl_mission_interfaces/ctl_mission_interfaces/srv/detail
[22.374s] -- Installing: /home/rhobtor/PHD/j8_control/J8_control/install/ctl_mission_interfaces/include/ctl_mission_interfaces/ctl_mission_interfaces/srv/detail/change_speed__rosidl_typesupport_fastrtps_c.h
[22.374s] -- Installing: /home/rhobtor/PHD/j8_control/J8_control/install/ctl_mission_interfaces/include/ctl_mission_interfaces/ctl_mission_interfaces/srv/detail/config_regulated_pure_ctrl__rosidl_typesupport_fastrtps_c.h
[22.374s] -- Installing: /home/rhobtor/PHD/j8_control/J8_control/install/ctl_mission_interfaces/include/ctl_mission_interfaces/ctl_mission_interfaces/srv/detail/change_mode__rosidl_typesupport_fastrtps_c.h
[22.374s] -- Installing: /home/rhobtor/PHD/j8_control/J8_control/install/ctl_mission_interfaces/include/ctl_mission_interfaces/ctl_mission_interfaces/srv/detail/config_simple_ctl__rosidl_typesupport_fastrtps_c.h
[22.374s] -- Installing: /home/rhobtor/PHD/j8_control/J8_control/install/ctl_mission_interfaces/include/ctl_mission_interfaces/ctl_mission_interfaces/srv/detail/change_controller__rosidl_typesupport_fastrtps_c.h
[22.374s] -- Installing: /home/rhobtor/PHD/j8_control/J8_control/install/ctl_mission_interfaces/include/ctl_mission_interfaces/ctl_mission_interfaces/srv/detail/config_stanley_ctrl__rosidl_typesupport_fastrtps_c.h
[22.374s] -- Installing: /home/rhobtor/PHD/j8_control/J8_control/install/ctl_mission_interfaces/include/ctl_mission_interfaces/ctl_mission_interfaces/srv/detail/config_dynamic_la_pure_ctrl__rosidl_typesupport_fastrtps_c.h
[22.374s] -- Installing: /home/rhobtor/PHD/j8_control/J8_control/install/ctl_mission_interfaces/include/ctl_mission_interfaces/ctl_mission_interfaces/srv/detail/get_mode__rosidl_typesupport_fastrtps_c.h
[22.374s] -- Installing: /home/rhobtor/PHD/j8_control/J8_control/install/ctl_mission_interfaces/include/ctl_mission_interfaces/ctl_mission_interfaces/srv/detail/config_pure_pursuit_ctrl__rosidl_typesupport_fastrtps_c.h
[22.374s] -- Installing: /home/rhobtor/PHD/j8_control/J8_control/install/ctl_mission_interfaces/include/ctl_mission_interfaces/ctl_mission_interfaces/srv/detail/get_possible_transitions__rosidl_typesupport_fastrtps_c.h
[22.374s] -- Installing: /home/rhobtor/PHD/j8_control/J8_control/install/ctl_mission_interfaces/include/ctl_mission_interfaces/ctl_mission_interfaces/srv/detail/config_dynamic_pure_ctrl__rosidl_typesupport_fastrtps_c.h
[22.374s] -- Up-to-date: /home/rhobtor/PHD/j8_control/J8_control/install/ctl_mission_interfaces/include/ctl_mission_interfaces/ctl_mission_interfaces/msg
[22.374s] -- Installing: /home/rhobtor/PHD/j8_control/J8_control/install/ctl_mission_interfaces/include/ctl_mission_interfaces/ctl_mission_interfaces/msg/rosidl_typesupport_fastrtps_c__visibility_control.h
[22.374s] -- Installing: /home/rhobtor/PHD/j8_control/J8_control/install/ctl_mission_interfaces/lib/libctl_mission_interfaces__rosidl_typesupport_fastrtps_c.so
[22.374s] -- Set runtime path of "/home/rhobtor/PHD/j8_control/J8_control/install/ctl_mission_interfaces/lib/libctl_mission_interfaces__rosidl_typesupport_fastrtps_c.so" to ""
[22.374s] -- Up-to-date: /home/rhobtor/PHD/j8_control/J8_control/install/ctl_mission_interfaces/include/ctl_mission_interfaces/ctl_mission_interfaces
[22.374s] -- Up-to-date: /home/rhobtor/PHD/j8_control/J8_control/install/ctl_mission_interfaces/include/ctl_mission_interfaces/ctl_mission_interfaces/srv
[22.374s] -- Up-to-date: /home/rhobtor/PHD/j8_control/J8_control/install/ctl_mission_interfaces/include/ctl_mission_interfaces/ctl_mission_interfaces/srv/detail
[22.374s] -- Installing: /home/rhobtor/PHD/j8_control/J8_control/install/ctl_mission_interfaces/include/ctl_mission_interfaces/ctl_mission_interfaces/srv/detail/config_regulated_pure_ctrl__rosidl_typesupport_introspection_c.h
[22.374s] -- Installing: /home/rhobtor/PHD/j8_control/J8_control/install/ctl_mission_interfaces/include/ctl_mission_interfaces/ctl_mission_interfaces/srv/detail/config_simple_ctl__rosidl_typesupport_introspection_c.h
[22.374s] -- Installing: /home/rhobtor/PHD/j8_control/J8_control/install/ctl_mission_interfaces/include/ctl_mission_interfaces/ctl_mission_interfaces/srv/detail/config_stanley_ctrl__type_support.c
[22.375s] -- Installing: /home/rhobtor/PHD/j8_control/J8_control/install/ctl_mission_interfaces/include/ctl_mission_interfaces/ctl_mission_interfaces/srv/detail/change_controller__rosidl_typesupport_introspection_c.h
[22.375s] -- Installing: /home/rhobtor/PHD/j8_control/J8_control/install/ctl_mission_interfaces/include/ctl_mission_interfaces/ctl_mission_interfaces/srv/detail/config_pure_pursuit_ctrl__rosidl_typesupport_introspection_c.h
[22.375s] -- Installing: /home/rhobtor/PHD/j8_control/J8_control/install/ctl_mission_interfaces/include/ctl_mission_interfaces/ctl_mission_interfaces/srv/detail/change_speed__type_support.c
[22.376s] -- Installing: /home/rhobtor/PHD/j8_control/J8_control/install/ctl_mission_interfaces/include/ctl_mission_interfaces/ctl_mission_interfaces/srv/detail/config_dynamic_pure_ctrl__rosidl_typesupport_introspection_c.h
[22.376s] -- Installing: /home/rhobtor/PHD/j8_control/J8_control/install/ctl_mission_interfaces/include/ctl_mission_interfaces/ctl_mission_interfaces/srv/detail/config_dynamic_pure_ctrl__type_support.c
[22.376s] -- Installing: /home/rhobtor/PHD/j8_control/J8_control/install/ctl_mission_interfaces/include/ctl_mission_interfaces/ctl_mission_interfaces/srv/detail/config_regulated_pure_ctrl__type_support.c
[22.376s] -- Installing: /home/rhobtor/PHD/j8_control/J8_control/install/ctl_mission_interfaces/include/ctl_mission_interfaces/ctl_mission_interfaces/srv/detail/change_mode__type_support.c
[22.376s] -- Installing: /home/rhobtor/PHD/j8_control/J8_control/install/ctl_mission_interfaces/include/ctl_mission_interfaces/ctl_mission_interfaces/srv/detail/config_pure_pursuit_ctrl__type_support.c
[22.376s] -- Installing: /home/rhobtor/PHD/j8_control/J8_control/install/ctl_mission_interfaces/include/ctl_mission_interfaces/ctl_mission_interfaces/srv/detail/config_simple_ctl__type_support.c
[22.376s] -- Installing: /home/rhobtor/PHD/j8_control/J8_control/install/ctl_mission_interfaces/include/ctl_mission_interfaces/ctl_mission_interfaces/srv/detail/config_stanley_ctrl__rosidl_typesupport_introspection_c.h
[22.376s] -- Installing: /home/rhobtor/PHD/j8_control/J8_control/install/ctl_mission_interfaces/include/ctl_mission_interfaces/ctl_mission_interfaces/srv/detail/config_dynamic_la_pure_ctrl__type_support.c
[22.376s] -- Installing: /home/rhobtor/PHD/j8_control/J8_control/install/ctl_mission_interfaces/include/ctl_mission_interfaces/ctl_mission_interfaces/srv/detail/config_dynamic_la_pure_ctrl__rosidl_typesupport_introspection_c.h
[22.376s] -- Installing: /home/rhobtor/PHD/j8_control/J8_control/install/ctl_mission_interfaces/include/ctl_mission_interfaces/ctl_mission_interfaces/srv/detail/change_mode__rosidl_typesupport_introspection_c.h
[22.376s] -- Installing: /home/rhobtor/PHD/j8_control/J8_control/install/ctl_mission_interfaces/include/ctl_mission_interfaces/ctl_mission_interfaces/srv/detail/get_mode__rosidl_typesupport_introspection_c.h
[22.376s] -- Installing: /home/rhobtor/PHD/j8_control/J8_control/install/ctl_mission_interfaces/include/ctl_mission_interfaces/ctl_mission_interfaces/srv/detail/change_controller__type_support.c
[22.389s] -- Installing: /home/rhobtor/PHD/j8_control/J8_control/install/ctl_mission_interfaces/include/ctl_mission_interfaces/ctl_mission_interfaces/srv/detail/get_possible_transitions__rosidl_typesupport_introspection_c.h
[22.389s] -- Installing: /home/rhobtor/PHD/j8_control/J8_control/install/ctl_mission_interfaces/include/ctl_mission_interfaces/ctl_mission_interfaces/srv/detail/get_possible_transitions__type_support.c
[22.389s] -- Installing: /home/rhobtor/PHD/j8_control/J8_control/install/ctl_mission_interfaces/include/ctl_mission_interfaces/ctl_mission_interfaces/srv/detail/change_speed__rosidl_typesupport_introspection_c.h
[22.389s] -- Installing: /home/rhobtor/PHD/j8_control/J8_control/install/ctl_mission_interfaces/include/ctl_mission_interfaces/ctl_mission_interfaces/srv/detail/get_mode__type_support.c
[22.389s] -- Up-to-date: /home/rhobtor/PHD/j8_control/J8_control/install/ctl_mission_interfaces/include/ctl_mission_interfaces/ctl_mission_interfaces/msg
[22.389s] -- Installing: /home/rhobtor/PHD/j8_control/J8_control/install/ctl_mission_interfaces/include/ctl_mission_interfaces/ctl_mission_interfaces/msg/rosidl_typesupport_introspection_c__visibility_control.h
[22.389s] -- Installing: /home/rhobtor/PHD/j8_control/J8_control/install/ctl_mission_interfaces/lib/libctl_mission_interfaces__rosidl_typesupport_introspection_c.so
[22.389s] -- Set runtime path of "/home/rhobtor/PHD/j8_control/J8_control/install/ctl_mission_interfaces/lib/libctl_mission_interfaces__rosidl_typesupport_introspection_c.so" to ""
[22.389s] -- Installing: /home/rhobtor/PHD/j8_control/J8_control/install/ctl_mission_interfaces/lib/libctl_mission_interfaces__rosidl_typesupport_c.so
[22.389s] -- Set runtime path of "/home/rhobtor/PHD/j8_control/J8_control/install/ctl_mission_interfaces/lib/libctl_mission_interfaces__rosidl_typesupport_c.so" to ""
[22.389s] -- Up-to-date: /home/rhobtor/PHD/j8_control/J8_control/install/ctl_mission_interfaces/include/ctl_mission_interfaces/ctl_mission_interfaces
[22.389s] -- Up-to-date: /home/rhobtor/PHD/j8_control/J8_control/install/ctl_mission_interfaces/include/ctl_mission_interfaces/ctl_mission_interfaces/srv
[22.389s] -- Installing: /home/rhobtor/PHD/j8_control/J8_control/install/ctl_mission_interfaces/include/ctl_mission_interfaces/ctl_mission_interfaces/srv/config_simple_ctl.hpp
[22.390s] -- Installing: /home/rhobtor/PHD/j8_control/J8_control/install/ctl_mission_interfaces/include/ctl_mission_interfaces/ctl_mission_interfaces/srv/config_regulated_pure_ctrl.hpp
[22.390s] -- Installing: /home/rhobtor/PHD/j8_control/J8_control/install/ctl_mission_interfaces/include/ctl_mission_interfaces/ctl_mission_interfaces/srv/change_controller.hpp
[22.390s] -- Installing: /home/rhobtor/PHD/j8_control/J8_control/install/ctl_mission_interfaces/include/ctl_mission_interfaces/ctl_mission_interfaces/srv/get_mode.hpp
[22.390s] -- Installing: /home/rhobtor/PHD/j8_control/J8_control/install/ctl_mission_interfaces/include/ctl_mission_interfaces/ctl_mission_interfaces/srv/config_dynamic_pure_ctrl.hpp
[22.390s] -- Installing: /home/rhobtor/PHD/j8_control/J8_control/install/ctl_mission_interfaces/include/ctl_mission_interfaces/ctl_mission_interfaces/srv/config_dynamic_la_pure_ctrl.hpp
[22.390s] -- Installing: /home/rhobtor/PHD/j8_control/J8_control/install/ctl_mission_interfaces/include/ctl_mission_interfaces/ctl_mission_interfaces/srv/get_possible_transitions.hpp
[22.390s] -- Up-to-date: /home/rhobtor/PHD/j8_control/J8_control/install/ctl_mission_interfaces/include/ctl_mission_interfaces/ctl_mission_interfaces/srv/detail
[22.390s] -- Installing: /home/rhobtor/PHD/j8_control/J8_control/install/ctl_mission_interfaces/include/ctl_mission_interfaces/ctl_mission_interfaces/srv/detail/config_dynamic_la_pure_ctrl__struct.hpp
[22.390s] -- Installing: /home/rhobtor/PHD/j8_control/J8_control/install/ctl_mission_interfaces/include/ctl_mission_interfaces/ctl_mission_interfaces/srv/detail/get_possible_transitions__builder.hpp
[22.390s] -- Installing: /home/rhobtor/PHD/j8_control/J8_control/install/ctl_mission_interfaces/include/ctl_mission_interfaces/ctl_mission_interfaces/srv/detail/config_regulated_pure_ctrl__builder.hpp
[22.390s] -- Installing: /home/rhobtor/PHD/j8_control/J8_control/install/ctl_mission_interfaces/include/ctl_mission_interfaces/ctl_mission_interfaces/srv/detail/config_regulated_pure_ctrl__struct.hpp
[22.390s] -- Installing: /home/rhobtor/PHD/j8_control/J8_control/install/ctl_mission_interfaces/include/ctl_mission_interfaces/ctl_mission_interfaces/srv/detail/get_mode__builder.hpp
[22.390s] -- Installing: /home/rhobtor/PHD/j8_control/J8_control/install/ctl_mission_interfaces/include/ctl_mission_interfaces/ctl_mission_interfaces/srv/detail/config_stanley_ctrl__traits.hpp
[22.390s] -- Installing: /home/rhobtor/PHD/j8_control/J8_control/install/ctl_mission_interfaces/include/ctl_mission_interfaces/ctl_mission_interfaces/srv/detail/change_speed__type_support.hpp
[22.390s] -- Installing: /home/rhobtor/PHD/j8_control/J8_control/install/ctl_mission_interfaces/include/ctl_mission_interfaces/ctl_mission_interfaces/srv/detail/config_simple_ctl__type_support.hpp
[22.390s] -- Installing: /home/rhobtor/PHD/j8_control/J8_control/install/ctl_mission_interfaces/include/ctl_mission_interfaces/ctl_mission_interfaces/srv/detail/config_stanley_ctrl__type_support.hpp
[22.390s] -- Installing: /home/rhobtor/PHD/j8_control/J8_control/install/ctl_mission_interfaces/include/ctl_mission_interfaces/ctl_mission_interfaces/srv/detail/change_mode__type_support.hpp
[22.390s] -- Installing: /home/rhobtor/PHD/j8_control/J8_control/install/ctl_mission_interfaces/include/ctl_mission_interfaces/ctl_mission_interfaces/srv/detail/config_pure_pursuit_ctrl__traits.hpp
[22.390s] -- Installing: /home/rhobtor/PHD/j8_control/J8_control/install/ctl_mission_interfaces/include/ctl_mission_interfaces/ctl_mission_interfaces/srv/detail/config_dynamic_la_pure_ctrl__traits.hpp
[22.390s] -- Installing: /home/rhobtor/PHD/j8_control/J8_control/install/ctl_mission_interfaces/include/ctl_mission_interfaces/ctl_mission_interfaces/srv/detail/get_mode__type_support.hpp
[22.390s] -- Installing: /home/rhobtor/PHD/j8_control/J8_control/install/ctl_mission_interfaces/include/ctl_mission_interfaces/ctl_mission_interfaces/srv/detail/config_simple_ctl__builder.hpp
[22.390s] -- Installing: /home/rhobtor/PHD/j8_control/J8_control/install/ctl_mission_interfaces/include/ctl_mission_interfaces/ctl_mission_interfaces/srv/detail/config_pure_pursuit_ctrl__type_support.hpp
[22.390s] -- Installing: /home/rhobtor/PHD/j8_control/J8_control/install/ctl_mission_interfaces/include/ctl_mission_interfaces/ctl_mission_interfaces/srv/detail/change_controller__traits.hpp
[22.391s] -- Installing: /home/rhobtor/PHD/j8_control/J8_control/install/ctl_mission_interfaces/include/ctl_mission_interfaces/ctl_mission_interfaces/srv/detail/config_regulated_pure_ctrl__type_support.hpp
[22.391s] -- Installing: /home/rhobtor/PHD/j8_control/J8_control/install/ctl_mission_interfaces/include/ctl_mission_interfaces/ctl_mission_interfaces/srv/detail/change_speed__traits.hpp
[22.391s] -- Installing: /home/rhobtor/PHD/j8_control/J8_control/install/ctl_mission_interfaces/include/ctl_mission_interfaces/ctl_mission_interfaces/srv/detail/config_dynamic_pure_ctrl__type_support.hpp
[22.391s] -- Installing: /home/rhobtor/PHD/j8_control/J8_control/install/ctl_mission_interfaces/include/ctl_mission_interfaces/ctl_mission_interfaces/srv/detail/config_dynamic_la_pure_ctrl__type_support.hpp
[22.391s] -- Installing: /home/rhobtor/PHD/j8_control/J8_control/install/ctl_mission_interfaces/include/ctl_mission_interfaces/ctl_mission_interfaces/srv/detail/change_controller__type_support.hpp
[22.391s] -- Installing: /home/rhobtor/PHD/j8_control/J8_control/install/ctl_mission_interfaces/include/ctl_mission_interfaces/ctl_mission_interfaces/srv/detail/change_mode__builder.hpp
[22.398s] -- Installing: /home/rhobtor/PHD/j8_control/J8_control/install/ctl_mission_interfaces/include/ctl_mission_interfaces/ctl_mission_interfaces/srv/detail/config_pure_pursuit_ctrl__builder.hpp
[22.399s] -- Installing: /home/rhobtor/PHD/j8_control/J8_control/install/ctl_mission_interfaces/include/ctl_mission_interfaces/ctl_mission_interfaces/srv/detail/config_simple_ctl__traits.hpp
[22.399s] -- Installing: /home/rhobtor/PHD/j8_control/J8_control/install/ctl_mission_interfaces/include/ctl_mission_interfaces/ctl_mission_interfaces/srv/detail/config_dynamic_pure_ctrl__builder.hpp
[22.399s] -- Installing: /home/rhobtor/PHD/j8_control/J8_control/install/ctl_mission_interfaces/include/ctl_mission_interfaces/ctl_mission_interfaces/srv/detail/change_speed__builder.hpp
[22.399s] -- Installing: /home/rhobtor/PHD/j8_control/J8_control/install/ctl_mission_interfaces/include/ctl_mission_interfaces/ctl_mission_interfaces/srv/detail/config_stanley_ctrl__builder.hpp
[22.399s] -- Installing: /home/rhobtor/PHD/j8_control/J8_control/install/ctl_mission_interfaces/include/ctl_mission_interfaces/ctl_mission_interfaces/srv/detail/get_possible_transitions__struct.hpp
[22.399s] -- Installing: /home/rhobtor/PHD/j8_control/J8_control/install/ctl_mission_interfaces/include/ctl_mission_interfaces/ctl_mission_interfaces/srv/detail/change_mode__struct.hpp
[22.399s] -- Installing: /home/rhobtor/PHD/j8_control/J8_control/install/ctl_mission_interfaces/include/ctl_mission_interfaces/ctl_mission_interfaces/srv/detail/change_controller__struct.hpp
[22.399s] -- Installing: /home/rhobtor/PHD/j8_control/J8_control/install/ctl_mission_interfaces/include/ctl_mission_interfaces/ctl_mission_interfaces/srv/detail/get_mode__traits.hpp
[22.399s] -- Installing: /home/rhobtor/PHD/j8_control/J8_control/install/ctl_mission_interfaces/include/ctl_mission_interfaces/ctl_mission_interfaces/srv/detail/get_mode__struct.hpp
[22.399s] -- Installing: /home/rhobtor/PHD/j8_control/J8_control/install/ctl_mission_interfaces/include/ctl_mission_interfaces/ctl_mission_interfaces/srv/detail/change_speed__struct.hpp
[22.399s] -- Installing: /home/rhobtor/PHD/j8_control/J8_control/install/ctl_mission_interfaces/include/ctl_mission_interfaces/ctl_mission_interfaces/srv/detail/config_regulated_pure_ctrl__traits.hpp
[22.399s] -- Installing: /home/rhobtor/PHD/j8_control/J8_control/install/ctl_mission_interfaces/include/ctl_mission_interfaces/ctl_mission_interfaces/srv/detail/config_pure_pursuit_ctrl__struct.hpp
[22.404s] -- Installing: /home/rhobtor/PHD/j8_control/J8_control/install/ctl_mission_interfaces/include/ctl_mission_interfaces/ctl_mission_interfaces/srv/detail/config_dynamic_pure_ctrl__struct.hpp
[22.405s] -- Installing: /home/rhobtor/PHD/j8_control/J8_control/install/ctl_mission_interfaces/include/ctl_mission_interfaces/ctl_mission_interfaces/srv/detail/config_dynamic_pure_ctrl__traits.hpp
[22.405s] -- Installing: /home/rhobtor/PHD/j8_control/J8_control/install/ctl_mission_interfaces/include/ctl_mission_interfaces/ctl_mission_interfaces/srv/detail/change_controller__builder.hpp
[22.405s] -- Installing: /home/rhobtor/PHD/j8_control/J8_control/install/ctl_mission_interfaces/include/ctl_mission_interfaces/ctl_mission_interfaces/srv/detail/config_simple_ctl__struct.hpp
[22.405s] -- Installing: /home/rhobtor/PHD/j8_control/J8_control/install/ctl_mission_interfaces/include/ctl_mission_interfaces/ctl_mission_interfaces/srv/detail/config_stanley_ctrl__struct.hpp
[22.405s] -- Installing: /home/rhobtor/PHD/j8_control/J8_control/install/ctl_mission_interfaces/include/ctl_mission_interfaces/ctl_mission_interfaces/srv/detail/change_mode__traits.hpp
[22.406s] -- Installing: /home/rhobtor/PHD/j8_control/J8_control/install/ctl_mission_interfaces/include/ctl_mission_interfaces/ctl_mission_interfaces/srv/detail/get_possible_transitions__traits.hpp
[22.406s] -- Installing: /home/rhobtor/PHD/j8_control/J8_control/install/ctl_mission_interfaces/include/ctl_mission_interfaces/ctl_mission_interfaces/srv/detail/config_dynamic_la_pure_ctrl__builder.hpp
[22.406s] -- Installing: /home/rhobtor/PHD/j8_control/J8_control/install/ctl_mission_interfaces/include/ctl_mission_interfaces/ctl_mission_interfaces/srv/detail/get_possible_transitions__type_support.hpp
[22.406s] -- Installing: /home/rhobtor/PHD/j8_control/J8_control/install/ctl_mission_interfaces/include/ctl_mission_interfaces/ctl_mission_interfaces/srv/change_mode.hpp
[22.408s] -- Installing: /home/rhobtor/PHD/j8_control/J8_control/install/ctl_mission_interfaces/include/ctl_mission_interfaces/ctl_mission_interfaces/srv/change_speed.hpp
[22.408s] -- Installing: /home/rhobtor/PHD/j8_control/J8_control/install/ctl_mission_interfaces/include/ctl_mission_interfaces/ctl_mission_interfaces/srv/config_pure_pursuit_ctrl.hpp
[22.408s] -- Installing: /home/rhobtor/PHD/j8_control/J8_control/install/ctl_mission_interfaces/include/ctl_mission_interfaces/ctl_mission_interfaces/srv/config_stanley_ctrl.hpp
[22.408s] -- Up-to-date: /home/rhobtor/PHD/j8_control/J8_control/install/ctl_mission_interfaces/include/ctl_mission_interfaces/ctl_mission_interfaces/msg
[22.408s] -- Installing: /home/rhobtor/PHD/j8_control/J8_control/install/ctl_mission_interfaces/include/ctl_mission_interfaces/ctl_mission_interfaces/msg/rosidl_generator_cpp__visibility_control.hpp
[22.408s] -- Up-to-date: /home/rhobtor/PHD/j8_control/J8_control/install/ctl_mission_interfaces/include/ctl_mission_interfaces/ctl_mission_interfaces
[22.409s] -- Up-to-date: /home/rhobtor/PHD/j8_control/J8_control/install/ctl_mission_interfaces/include/ctl_mission_interfaces/ctl_mission_interfaces/srv
[22.409s] -- Up-to-date: /home/rhobtor/PHD/j8_control/J8_control/install/ctl_mission_interfaces/include/ctl_mission_interfaces/ctl_mission_interfaces/srv/detail
[22.409s] -- Installing: /home/rhobtor/PHD/j8_control/J8_control/install/ctl_mission_interfaces/include/ctl_mission_interfaces/ctl_mission_interfaces/srv/detail/change_speed__rosidl_typesupport_fastrtps_cpp.hpp
[22.409s] -- Installing: /home/rhobtor/PHD/j8_control/J8_control/install/ctl_mission_interfaces/include/ctl_mission_interfaces/ctl_mission_interfaces/srv/detail/config_pure_pursuit_ctrl__rosidl_typesupport_fastrtps_cpp.hpp
[22.409s] -- Installing: /home/rhobtor/PHD/j8_control/J8_control/install/ctl_mission_interfaces/include/ctl_mission_interfaces/ctl_mission_interfaces/srv/detail/config_regulated_pure_ctrl__rosidl_typesupport_fastrtps_cpp.hpp
[22.409s] -- Installing: /home/rhobtor/PHD/j8_control/J8_control/install/ctl_mission_interfaces/include/ctl_mission_interfaces/ctl_mission_interfaces/srv/detail/config_dynamic_pure_ctrl__rosidl_typesupport_fastrtps_cpp.hpp
[22.409s] -- Installing: /home/rhobtor/PHD/j8_control/J8_control/install/ctl_mission_interfaces/include/ctl_mission_interfaces/ctl_mission_interfaces/srv/detail/dds_fastrtps
[22.409s] -- Installing: /home/rhobtor/PHD/j8_control/J8_control/install/ctl_mission_interfaces/include/ctl_mission_interfaces/ctl_mission_interfaces/srv/detail/get_possible_transitions__rosidl_typesupport_fastrtps_cpp.hpp
[22.409s] -- Installing: /home/rhobtor/PHD/j8_control/J8_control/install/ctl_mission_interfaces/include/ctl_mission_interfaces/ctl_mission_interfaces/srv/detail/get_mode__rosidl_typesupport_fastrtps_cpp.hpp
[22.409s] -- Installing: /home/rhobtor/PHD/j8_control/J8_control/install/ctl_mission_interfaces/include/ctl_mission_interfaces/ctl_mission_interfaces/srv/detail/change_mode__rosidl_typesupport_fastrtps_cpp.hpp
[22.414s] -- Installing: /home/rhobtor/PHD/j8_control/J8_control/install/ctl_mission_interfaces/include/ctl_mission_interfaces/ctl_mission_interfaces/srv/detail/config_simple_ctl__rosidl_typesupport_fastrtps_cpp.hpp
[22.415s] -- Installing: /home/rhobtor/PHD/j8_control/J8_control/install/ctl_mission_interfaces/include/ctl_mission_interfaces/ctl_mission_interfaces/srv/detail/config_dynamic_la_pure_ctrl__rosidl_typesupport_fastrtps_cpp.hpp
[22.415s] -- Installing: /home/rhobtor/PHD/j8_control/J8_control/install/ctl_mission_interfaces/include/ctl_mission_interfaces/ctl_mission_interfaces/srv/detail/config_stanley_ctrl__rosidl_typesupport_fastrtps_cpp.hpp
[22.415s] -- Installing: /home/rhobtor/PHD/j8_control/J8_control/install/ctl_mission_interfaces/include/ctl_mission_interfaces/ctl_mission_interfaces/srv/detail/change_controller__rosidl_typesupport_fastrtps_cpp.hpp
[22.415s] -- Up-to-date: /home/rhobtor/PHD/j8_control/J8_control/install/ctl_mission_interfaces/include/ctl_mission_interfaces/ctl_mission_interfaces/msg
[22.415s] -- Installing: /home/rhobtor/PHD/j8_control/J8_control/install/ctl_mission_interfaces/include/ctl_mission_interfaces/ctl_mission_interfaces/msg/rosidl_typesupport_fastrtps_cpp__visibility_control.h
[22.415s] -- Installing: /home/rhobtor/PHD/j8_control/J8_control/install/ctl_mission_interfaces/lib/libctl_mission_interfaces__rosidl_typesupport_fastrtps_cpp.so
[22.415s] -- Set runtime path of "/home/rhobtor/PHD/j8_control/J8_control/install/ctl_mission_interfaces/lib/libctl_mission_interfaces__rosidl_typesupport_fastrtps_cpp.so" to ""
[22.415s] -- Up-to-date: /home/rhobtor/PHD/j8_control/J8_control/install/ctl_mission_interfaces/include/ctl_mission_interfaces/ctl_mission_interfaces
[22.415s] -- Up-to-date: /home/rhobtor/PHD/j8_control/J8_control/install/ctl_mission_interfaces/include/ctl_mission_interfaces/ctl_mission_interfaces/srv
[22.415s] -- Up-to-date: /home/rhobtor/PHD/j8_control/J8_control/install/ctl_mission_interfaces/include/ctl_mission_interfaces/ctl_mission_interfaces/srv/detail
[22.415s] -- Installing: /home/rhobtor/PHD/j8_control/J8_control/install/ctl_mission_interfaces/include/ctl_mission_interfaces/ctl_mission_interfaces/srv/detail/get_possible_transitions__rosidl_typesupport_introspection_cpp.hpp
[22.415s] -- Installing: /home/rhobtor/PHD/j8_control/J8_control/install/ctl_mission_interfaces/include/ctl_mission_interfaces/ctl_mission_interfaces/srv/detail/config_regulated_pure_ctrl__rosidl_typesupport_introspection_cpp.hpp
[22.415s] -- Installing: /home/rhobtor/PHD/j8_control/J8_control/install/ctl_mission_interfaces/include/ctl_mission_interfaces/ctl_mission_interfaces/srv/detail/change_controller__type_support.cpp
[22.415s] -- Installing: /home/rhobtor/PHD/j8_control/J8_control/install/ctl_mission_interfaces/include/ctl_mission_interfaces/ctl_mission_interfaces/srv/detail/change_speed__type_support.cpp
[22.415s] -- Installing: /home/rhobtor/PHD/j8_control/J8_control/install/ctl_mission_interfaces/include/ctl_mission_interfaces/ctl_mission_interfaces/srv/detail/change_mode__type_support.cpp
[22.415s] -- Installing: /home/rhobtor/PHD/j8_control/J8_control/install/ctl_mission_interfaces/include/ctl_mission_interfaces/ctl_mission_interfaces/srv/detail/get_mode__rosidl_typesupport_introspection_cpp.hpp
[22.415s] -- Installing: /home/rhobtor/PHD/j8_control/J8_control/install/ctl_mission_interfaces/include/ctl_mission_interfaces/ctl_mission_interfaces/srv/detail/change_speed__rosidl_typesupport_introspection_cpp.hpp
[22.415s] -- Installing: /home/rhobtor/PHD/j8_control/J8_control/install/ctl_mission_interfaces/include/ctl_mission_interfaces/ctl_mission_interfaces/srv/detail/get_mode__type_support.cpp
[22.415s] -- Installing: /home/rhobtor/PHD/j8_control/J8_control/install/ctl_mission_interfaces/include/ctl_mission_interfaces/ctl_mission_interfaces/srv/detail/config_dynamic_pure_ctrl__rosidl_typesupport_introspection_cpp.hpp
[22.415s] -- Installing: /home/rhobtor/PHD/j8_control/J8_control/install/ctl_mission_interfaces/include/ctl_mission_interfaces/ctl_mission_interfaces/srv/detail/config_pure_pursuit_ctrl__type_support.cpp
[22.416s] -- Installing: /home/rhobtor/PHD/j8_control/J8_control/install/ctl_mission_interfaces/include/ctl_mission_interfaces/ctl_mission_interfaces/srv/detail/change_controller__rosidl_typesupport_introspection_cpp.hpp
[22.416s] -- Installing: /home/rhobtor/PHD/j8_control/J8_control/install/ctl_mission_interfaces/include/ctl_mission_interfaces/ctl_mission_interfaces/srv/detail/config_pure_pursuit_ctrl__rosidl_typesupport_introspection_cpp.hpp
[22.416s] -- Installing: /home/rhobtor/PHD/j8_control/J8_control/install/ctl_mission_interfaces/include/ctl_mission_interfaces/ctl_mission_interfaces/srv/detail/get_possible_transitions__type_support.cpp
[22.416s] -- Installing: /home/rhobtor/PHD/j8_control/J8_control/install/ctl_mission_interfaces/include/ctl_mission_interfaces/ctl_mission_interfaces/srv/detail/config_simple_ctl__type_support.cpp
[22.416s] -- Installing: /home/rhobtor/PHD/j8_control/J8_control/install/ctl_mission_interfaces/include/ctl_mission_interfaces/ctl_mission_interfaces/srv/detail/change_mode__rosidl_typesupport_introspection_cpp.hpp
[22.416s] -- Installing: /home/rhobtor/PHD/j8_control/J8_control/install/ctl_mission_interfaces/include/ctl_mission_interfaces/ctl_mission_interfaces/srv/detail/config_dynamic_la_pure_ctrl__type_support.cpp
[22.416s] -- Installing: /home/rhobtor/PHD/j8_control/J8_control/install/ctl_mission_interfaces/include/ctl_mission_interfaces/ctl_mission_interfaces/srv/detail/config_regulated_pure_ctrl__type_support.cpp
[22.416s] -- Installing: /home/rhobtor/PHD/j8_control/J8_control/install/ctl_mission_interfaces/include/ctl_mission_interfaces/ctl_mission_interfaces/srv/detail/config_simple_ctl__rosidl_typesupport_introspection_cpp.hpp
[22.416s] -- Installing: /home/rhobtor/PHD/j8_control/J8_control/install/ctl_mission_interfaces/include/ctl_mission_interfaces/ctl_mission_interfaces/srv/detail/config_stanley_ctrl__rosidl_typesupport_introspection_cpp.hpp
[22.422s] -- Installing: /home/rhobtor/PHD/j8_control/J8_control/install/ctl_mission_interfaces/include/ctl_mission_interfaces/ctl_mission_interfaces/srv/detail/config_stanley_ctrl__type_support.cpp
[22.422s] -- Installing: /home/rhobtor/PHD/j8_control/J8_control/install/ctl_mission_interfaces/include/ctl_mission_interfaces/ctl_mission_interfaces/srv/detail/config_dynamic_la_pure_ctrl__rosidl_typesupport_introspection_cpp.hpp
[22.422s] -- Installing: /home/rhobtor/PHD/j8_control/J8_control/install/ctl_mission_interfaces/include/ctl_mission_interfaces/ctl_mission_interfaces/srv/detail/config_dynamic_pure_ctrl__type_support.cpp
[22.422s] -- Installing: /home/rhobtor/PHD/j8_control/J8_control/install/ctl_mission_interfaces/lib/libctl_mission_interfaces__rosidl_typesupport_introspection_cpp.so
[22.422s] -- Set runtime path of "/home/rhobtor/PHD/j8_control/J8_control/install/ctl_mission_interfaces/lib/libctl_mission_interfaces__rosidl_typesupport_introspection_cpp.so" to ""
[22.423s] -- Installing: /home/rhobtor/PHD/j8_control/J8_control/install/ctl_mission_interfaces/lib/libctl_mission_interfaces__rosidl_typesupport_cpp.so
[22.423s] -- Set runtime path of "/home/rhobtor/PHD/j8_control/J8_control/install/ctl_mission_interfaces/lib/libctl_mission_interfaces__rosidl_typesupport_cpp.so" to ""
[22.423s] -- Installing: /home/rhobtor/PHD/j8_control/J8_control/install/ctl_mission_interfaces/share/ctl_mission_interfaces/environment/pythonpath.sh
[22.423s] -- Installing: /home/rhobtor/PHD/j8_control/J8_control/install/ctl_mission_interfaces/share/ctl_mission_interfaces/environment/pythonpath.dsv
[22.423s] -- Installing: /home/rhobtor/PHD/j8_control/J8_control/install/ctl_mission_interfaces/local/lib/python3.10/dist-packages/ctl_mission_interfaces-0.0.0-py3.10.egg-info
[22.423s] -- Installing: /home/rhobtor/PHD/j8_control/J8_control/install/ctl_mission_interfaces/local/lib/python3.10/dist-packages/ctl_mission_interfaces-0.0.0-py3.10.egg-info/dependency_links.txt
[22.423s] -- Installing: /home/rhobtor/PHD/j8_control/J8_control/install/ctl_mission_interfaces/local/lib/python3.10/dist-packages/ctl_mission_interfaces-0.0.0-py3.10.egg-info/top_level.txt
[22.423s] -- Installing: /home/rhobtor/PHD/j8_control/J8_control/install/ctl_mission_interfaces/local/lib/python3.10/dist-packages/ctl_mission_interfaces-0.0.0-py3.10.egg-info/PKG-INFO
[22.423s] -- Installing: /home/rhobtor/PHD/j8_control/J8_control/install/ctl_mission_interfaces/local/lib/python3.10/dist-packages/ctl_mission_interfaces-0.0.0-py3.10.egg-info/SOURCES.txt
[22.423s] -- Installing: /home/rhobtor/PHD/j8_control/J8_control/install/ctl_mission_interfaces/local/lib/python3.10/dist-packages/ctl_mission_interfaces
[22.423s] -- Installing: /home/rhobtor/PHD/j8_control/J8_control/install/ctl_mission_interfaces/local/lib/python3.10/dist-packages/ctl_mission_interfaces/__init__.py
[22.423s] -- Installing: /home/rhobtor/PHD/j8_control/J8_control/install/ctl_mission_interfaces/local/lib/python3.10/dist-packages/ctl_mission_interfaces/_ctl_mission_interfaces_s.ep.rosidl_typesupport_fastrtps_c.c
[22.423s] -- Installing: /home/rhobtor/PHD/j8_control/J8_control/install/ctl_mission_interfaces/local/lib/python3.10/dist-packages/ctl_mission_interfaces/ctl_mission_interfaces_s__rosidl_typesupport_introspection_c.cpython-310-x86_64-linux-gnu.so
[22.423s] -- Installing: /home/rhobtor/PHD/j8_control/J8_control/install/ctl_mission_interfaces/local/lib/python3.10/dist-packages/ctl_mission_interfaces/ctl_mission_interfaces_s__rosidl_typesupport_fastrtps_c.cpython-310-x86_64-linux-gnu.so
[22.423s] -- Installing: /home/rhobtor/PHD/j8_control/J8_control/install/ctl_mission_interfaces/local/lib/python3.10/dist-packages/ctl_mission_interfaces/_ctl_mission_interfaces_s.ep.rosidl_typesupport_c.c
[22.429s] -- Installing: /home/rhobtor/PHD/j8_control/J8_control/install/ctl_mission_interfaces/local/lib/python3.10/dist-packages/ctl_mission_interfaces/srv
[22.429s] -- Installing: /home/rhobtor/PHD/j8_control/J8_control/install/ctl_mission_interfaces/local/lib/python3.10/dist-packages/ctl_mission_interfaces/srv/_change_controller_s.c
[22.429s] -- Installing: /home/rhobtor/PHD/j8_control/J8_control/install/ctl_mission_interfaces/local/lib/python3.10/dist-packages/ctl_mission_interfaces/srv/__init__.py
[22.429s] -- Installing: /home/rhobtor/PHD/j8_control/J8_control/install/ctl_mission_interfaces/local/lib/python3.10/dist-packages/ctl_mission_interfaces/srv/_get_mode.py
[22.429s] -- Installing: /home/rhobtor/PHD/j8_control/J8_control/install/ctl_mission_interfaces/local/lib/python3.10/dist-packages/ctl_mission_interfaces/srv/_change_mode.py
[22.429s] -- Installing: /home/rhobtor/PHD/j8_control/J8_control/install/ctl_mission_interfaces/local/lib/python3.10/dist-packages/ctl_mission_interfaces/srv/_config_pure_pursuit_ctrl_s.c
[22.429s] -- Installing: /home/rhobtor/PHD/j8_control/J8_control/install/ctl_mission_interfaces/local/lib/python3.10/dist-packages/ctl_mission_interfaces/srv/_get_mode_s.c
[22.429s] -- Installing: /home/rhobtor/PHD/j8_control/J8_control/install/ctl_mission_interfaces/local/lib/python3.10/dist-packages/ctl_mission_interfaces/srv/_config_dynamic_pure_ctrl_s.c
[22.429s] -- Installing: /home/rhobtor/PHD/j8_control/J8_control/install/ctl_mission_interfaces/local/lib/python3.10/dist-packages/ctl_mission_interfaces/srv/_config_regulated_pure_ctrl_s.c
[22.430s] -- Installing: /home/rhobtor/PHD/j8_control/J8_control/install/ctl_mission_interfaces/local/lib/python3.10/dist-packages/ctl_mission_interfaces/srv/_config_dynamic_la_pure_ctrl.py
[22.430s] -- Installing: /home/rhobtor/PHD/j8_control/J8_control/install/ctl_mission_interfaces/local/lib/python3.10/dist-packages/ctl_mission_interfaces/srv/_config_dynamic_pure_ctrl.py
[22.430s] -- Installing: /home/rhobtor/PHD/j8_control/J8_control/install/ctl_mission_interfaces/local/lib/python3.10/dist-packages/ctl_mission_interfaces/srv/_change_controller.py
[22.430s] -- Installing: /home/rhobtor/PHD/j8_control/J8_control/install/ctl_mission_interfaces/local/lib/python3.10/dist-packages/ctl_mission_interfaces/srv/_get_possible_transitions.py
[22.430s] -- Installing: /home/rhobtor/PHD/j8_control/J8_control/install/ctl_mission_interfaces/local/lib/python3.10/dist-packages/ctl_mission_interfaces/srv/_config_stanley_ctrl_s.c
[22.430s] -- Installing: /home/rhobtor/PHD/j8_control/J8_control/install/ctl_mission_interfaces/local/lib/python3.10/dist-packages/ctl_mission_interfaces/srv/_get_possible_transitions_s.c
[22.430s] -- Installing: /home/rhobtor/PHD/j8_control/J8_control/install/ctl_mission_interfaces/local/lib/python3.10/dist-packages/ctl_mission_interfaces/srv/_change_speed_s.c
[22.430s] -- Installing: /home/rhobtor/PHD/j8_control/J8_control/install/ctl_mission_interfaces/local/lib/python3.10/dist-packages/ctl_mission_interfaces/srv/_config_simple_ctl_s.c
[22.430s] -- Installing: /home/rhobtor/PHD/j8_control/J8_control/install/ctl_mission_interfaces/local/lib/python3.10/dist-packages/ctl_mission_interfaces/srv/_config_dynamic_la_pure_ctrl_s.c
[22.430s] -- Installing: /home/rhobtor/PHD/j8_control/J8_control/install/ctl_mission_interfaces/local/lib/python3.10/dist-packages/ctl_mission_interfaces/srv/_config_stanley_ctrl.py
[22.430s] -- Installing: /home/rhobtor/PHD/j8_control/J8_control/install/ctl_mission_interfaces/local/lib/python3.10/dist-packages/ctl_mission_interfaces/srv/_config_pure_pursuit_ctrl.py
[22.430s] -- Installing: /home/rhobtor/PHD/j8_control/J8_control/install/ctl_mission_interfaces/local/lib/python3.10/dist-packages/ctl_mission_interfaces/srv/_config_simple_ctl.py
[22.430s] -- Installing: /home/rhobtor/PHD/j8_control/J8_control/install/ctl_mission_interfaces/local/lib/python3.10/dist-packages/ctl_mission_interfaces/srv/_config_regulated_pure_ctrl.py
[22.430s] -- Installing: /home/rhobtor/PHD/j8_control/J8_control/install/ctl_mission_interfaces/local/lib/python3.10/dist-packages/ctl_mission_interfaces/srv/_change_speed.py
[22.430s] -- Installing: /home/rhobtor/PHD/j8_control/J8_control/install/ctl_mission_interfaces/local/lib/python3.10/dist-packages/ctl_mission_interfaces/srv/_change_mode_s.c
[22.431s] -- Installing: /home/rhobtor/PHD/j8_control/J8_control/install/ctl_mission_interfaces/local/lib/python3.10/dist-packages/ctl_mission_interfaces/_ctl_mission_interfaces_s.ep.rosidl_typesupport_introspection_c.c
[22.431s] -- Installing: /home/rhobtor/PHD/j8_control/J8_control/install/ctl_mission_interfaces/local/lib/python3.10/dist-packages/ctl_mission_interfaces/libctl_mission_interfaces__rosidl_generator_py.so
[22.431s] -- Installing: /home/rhobtor/PHD/j8_control/J8_control/install/ctl_mission_interfaces/local/lib/python3.10/dist-packages/ctl_mission_interfaces/ctl_mission_interfaces_s__rosidl_typesupport_c.cpython-310-x86_64-linux-gnu.so
[22.548s] Listing '/home/rhobtor/PHD/j8_control/J8_control/install/ctl_mission_interfaces/local/lib/python3.10/dist-packages/ctl_mission_interfaces'...
[22.548s] Compiling '/home/rhobtor/PHD/j8_control/J8_control/install/ctl_mission_interfaces/local/lib/python3.10/dist-packages/ctl_mission_interfaces/__init__.py'...
[22.548s] Listing '/home/rhobtor/PHD/j8_control/J8_control/install/ctl_mission_interfaces/local/lib/python3.10/dist-packages/ctl_mission_interfaces/srv'...
[22.548s] Compiling '/home/rhobtor/PHD/j8_control/J8_control/install/ctl_mission_interfaces/local/lib/python3.10/dist-packages/ctl_mission_interfaces/srv/__init__.py'...
[22.548s] Compiling '/home/rhobtor/PHD/j8_control/J8_control/install/ctl_mission_interfaces/local/lib/python3.10/dist-packages/ctl_mission_interfaces/srv/_change_controller.py'...
[22.548s] Compiling '/home/rhobtor/PHD/j8_control/J8_control/install/ctl_mission_interfaces/local/lib/python3.10/dist-packages/ctl_mission_interfaces/srv/_change_mode.py'...
[22.548s] Compiling '/home/rhobtor/PHD/j8_control/J8_control/install/ctl_mission_interfaces/local/lib/python3.10/dist-packages/ctl_mission_interfaces/srv/_change_speed.py'...
[22.548s] Compiling '/home/rhobtor/PHD/j8_control/J8_control/install/ctl_mission_interfaces/local/lib/python3.10/dist-packages/ctl_mission_interfaces/srv/_config_dynamic_la_pure_ctrl.py'...
[22.548s] Compiling '/home/rhobtor/PHD/j8_control/J8_control/install/ctl_mission_interfaces/local/lib/python3.10/dist-packages/ctl_mission_interfaces/srv/_config_dynamic_pure_ctrl.py'...
[22.548s] Compiling '/home/rhobtor/PHD/j8_control/J8_control/install/ctl_mission_interfaces/local/lib/python3.10/dist-packages/ctl_mission_interfaces/srv/_config_pure_pursuit_ctrl.py'...
[22.548s] Compiling '/home/rhobtor/PHD/j8_control/J8_control/install/ctl_mission_interfaces/local/lib/python3.10/dist-packages/ctl_mission_interfaces/srv/_config_regulated_pure_ctrl.py'...
[22.548s] Compiling '/home/rhobtor/PHD/j8_control/J8_control/install/ctl_mission_interfaces/local/lib/python3.10/dist-packages/ctl_mission_interfaces/srv/_config_simple_ctl.py'...
[22.548s] Compiling '/home/rhobtor/PHD/j8_control/J8_control/install/ctl_mission_interfaces/local/lib/python3.10/dist-packages/ctl_mission_interfaces/srv/_config_stanley_ctrl.py'...
[22.548s] Compiling '/home/rhobtor/PHD/j8_control/J8_control/install/ctl_mission_interfaces/local/lib/python3.10/dist-packages/ctl_mission_interfaces/srv/_get_mode.py'...
[22.549s] Compiling '/home/rhobtor/PHD/j8_control/J8_control/install/ctl_mission_interfaces/local/lib/python3.10/dist-packages/ctl_mission_interfaces/srv/_get_possible_transitions.py'...
[22.560s] -- Installing: /home/rhobtor/PHD/j8_control/J8_control/install/ctl_mission_interfaces/local/lib/python3.10/dist-packages/ctl_mission_interfaces/ctl_mission_interfaces_s__rosidl_typesupport_fastrtps_c.cpython-310-x86_64-linux-gnu.so
[22.563s] -- Set runtime path of "/home/rhobtor/PHD/j8_control/J8_control/install/ctl_mission_interfaces/local/lib/python3.10/dist-packages/ctl_mission_interfaces/ctl_mission_interfaces_s__rosidl_typesupport_fastrtps_c.cpython-310-x86_64-linux-gnu.so" to ""
[22.564s] -- Installing: /home/rhobtor/PHD/j8_control/J8_control/install/ctl_mission_interfaces/local/lib/python3.10/dist-packages/ctl_mission_interfaces/ctl_mission_interfaces_s__rosidl_typesupport_introspection_c.cpython-310-x86_64-linux-gnu.so
[22.564s] -- Set runtime path of "/home/rhobtor/PHD/j8_control/J8_control/install/ctl_mission_interfaces/local/lib/python3.10/dist-packages/ctl_mission_interfaces/ctl_mission_interfaces_s__rosidl_typesupport_introspection_c.cpython-310-x86_64-linux-gnu.so" to ""
[22.564s] -- Installing: /home/rhobtor/PHD/j8_control/J8_control/install/ctl_mission_interfaces/local/lib/python3.10/dist-packages/ctl_mission_interfaces/ctl_mission_interfaces_s__rosidl_typesupport_c.cpython-310-x86_64-linux-gnu.so
[22.564s] -- Set runtime path of "/home/rhobtor/PHD/j8_control/J8_control/install/ctl_mission_interfaces/local/lib/python3.10/dist-packages/ctl_mission_interfaces/ctl_mission_interfaces_s__rosidl_typesupport_c.cpython-310-x86_64-linux-gnu.so" to ""
[22.564s] -- Installing: /home/rhobtor/PHD/j8_control/J8_control/install/ctl_mission_interfaces/lib/libctl_mission_interfaces__rosidl_generator_py.so
[22.564s] -- Set runtime path of "/home/rhobtor/PHD/j8_control/J8_control/install/ctl_mission_interfaces/lib/libctl_mission_interfaces__rosidl_generator_py.so" to ""
[22.564s] -- Installing: /home/rhobtor/PHD/j8_control/J8_control/install/ctl_mission_interfaces/share/ament_index/resource_index/rust_packages/ctl_mission_interfaces
[22.564s] -- Installing: /home/rhobtor/PHD/j8_control/J8_control/install/ctl_mission_interfaces/share/ctl_mission_interfaces/rust
[22.564s] -- Installing: /home/rhobtor/PHD/j8_control/J8_control/install/ctl_mission_interfaces/share/ctl_mission_interfaces/rust/build.rs
[22.564s] -- Installing: /home/rhobtor/PHD/j8_control/J8_control/install/ctl_mission_interfaces/share/ctl_mission_interfaces/rust/src
[22.564s] -- Installing: /home/rhobtor/PHD/j8_control/J8_control/install/ctl_mission_interfaces/share/ctl_mission_interfaces/rust/src/srv.rs
[22.564s] -- Installing: /home/rhobtor/PHD/j8_control/J8_control/install/ctl_mission_interfaces/share/ctl_mission_interfaces/rust/src/srv
[22.564s] -- Installing: /home/rhobtor/PHD/j8_control/J8_control/install/ctl_mission_interfaces/share/ctl_mission_interfaces/rust/src/srv/rmw.rs
[22.564s] -- Installing: /home/rhobtor/PHD/j8_control/J8_control/install/ctl_mission_interfaces/share/ctl_mission_interfaces/rust/src/lib.rs
[22.565s] -- Installing: /home/rhobtor/PHD/j8_control/J8_control/install/ctl_mission_interfaces/share/ctl_mission_interfaces/rust/Cargo.toml
[22.565s] -- Installing: /home/rhobtor/PHD/j8_control/J8_control/install/ctl_mission_interfaces/share/ctl_mission_interfaces/srv/ChangeMode.idl
[22.567s] -- Installing: /home/rhobtor/PHD/j8_control/J8_control/install/ctl_mission_interfaces/share/ctl_mission_interfaces/srv/GetMode.idl
[22.568s] -- Installing: /home/rhobtor/PHD/j8_control/J8_control/install/ctl_mission_interfaces/share/ctl_mission_interfaces/srv/ChangeSpeed.idl
[22.568s] -- Installing: /home/rhobtor/PHD/j8_control/J8_control/install/ctl_mission_interfaces/share/ctl_mission_interfaces/srv/ConfigSimpleCtl.idl
[22.568s] -- Installing: /home/rhobtor/PHD/j8_control/J8_control/install/ctl_mission_interfaces/share/ctl_mission_interfaces/srv/GetPossibleTransitions.idl
[22.568s] -- Installing: /home/rhobtor/PHD/j8_control/J8_control/install/ctl_mission_interfaces/share/ctl_mission_interfaces/srv/ChangeController.idl
[22.568s] -- Installing: /home/rhobtor/PHD/j8_control/J8_control/install/ctl_mission_interfaces/share/ctl_mission_interfaces/srv/ConfigPurePursuitCtrl.idl
[22.568s] -- Installing: /home/rhobtor/PHD/j8_control/J8_control/install/ctl_mission_interfaces/share/ctl_mission_interfaces/srv/ConfigStanleyCtrl.idl
[22.568s] -- Installing: /home/rhobtor/PHD/j8_control/J8_control/install/ctl_mission_interfaces/share/ctl_mission_interfaces/srv/ConfigDynamicPureCtrl.idl
[22.568s] -- Installing: /home/rhobtor/PHD/j8_control/J8_control/install/ctl_mission_interfaces/share/ctl_mission_interfaces/srv/ConfigDynamicLAPureCtrl.idl
[22.568s] -- Installing: /home/rhobtor/PHD/j8_control/J8_control/install/ctl_mission_interfaces/share/ctl_mission_interfaces/srv/ConfigRegulatedPureCtrl.idl
[22.568s] -- Installing: /home/rhobtor/PHD/j8_control/J8_control/install/ctl_mission_interfaces/share/ctl_mission_interfaces/srv/ChangeMode.srv
[22.568s] -- Installing: /home/rhobtor/PHD/j8_control/J8_control/install/ctl_mission_interfaces/share/ctl_mission_interfaces/srv/ChangeMode_Request.msg
[22.568s] -- Installing: /home/rhobtor/PHD/j8_control/J8_control/install/ctl_mission_interfaces/share/ctl_mission_interfaces/srv/ChangeMode_Response.msg
[22.568s] -- Installing: /home/rhobtor/PHD/j8_control/J8_control/install/ctl_mission_interfaces/share/ctl_mission_interfaces/srv/GetMode.srv
[22.568s] -- Installing: /home/rhobtor/PHD/j8_control/J8_control/install/ctl_mission_interfaces/share/ctl_mission_interfaces/srv/GetMode_Request.msg
[22.568s] -- Installing: /home/rhobtor/PHD/j8_control/J8_control/install/ctl_mission_interfaces/share/ctl_mission_interfaces/srv/GetMode_Response.msg
[22.568s] -- Installing: /home/rhobtor/PHD/j8_control/J8_control/install/ctl_mission_interfaces/share/ctl_mission_interfaces/srv/ChangeSpeed.srv
[22.568s] -- Installing: /home/rhobtor/PHD/j8_control/J8_control/install/ctl_mission_interfaces/share/ctl_mission_interfaces/srv/ChangeSpeed_Request.msg
[22.568s] -- Installing: /home/rhobtor/PHD/j8_control/J8_control/install/ctl_mission_interfaces/share/ctl_mission_interfaces/srv/ChangeSpeed_Response.msg
[22.568s] -- Installing: /home/rhobtor/PHD/j8_control/J8_control/install/ctl_mission_interfaces/share/ctl_mission_interfaces/srv/ConfigSimpleCtl.srv
[22.569s] -- Installing: /home/rhobtor/PHD/j8_control/J8_control/install/ctl_mission_interfaces/share/ctl_mission_interfaces/srv/ConfigSimpleCtl_Request.msg
[22.569s] -- Installing: /home/rhobtor/PHD/j8_control/J8_control/install/ctl_mission_interfaces/share/ctl_mission_interfaces/srv/ConfigSimpleCtl_Response.msg
[22.569s] -- Installing: /home/rhobtor/PHD/j8_control/J8_control/install/ctl_mission_interfaces/share/ctl_mission_interfaces/srv/GetPossibleTransitions.srv
[22.569s] -- Installing: /home/rhobtor/PHD/j8_control/J8_control/install/ctl_mission_interfaces/share/ctl_mission_interfaces/srv/GetPossibleTransitions_Request.msg
[22.569s] -- Installing: /home/rhobtor/PHD/j8_control/J8_control/install/ctl_mission_interfaces/share/ctl_mission_interfaces/srv/GetPossibleTransitions_Response.msg
[22.569s] -- Installing: /home/rhobtor/PHD/j8_control/J8_control/install/ctl_mission_interfaces/share/ctl_mission_interfaces/srv/ChangeController.srv
[22.569s] -- Installing: /home/rhobtor/PHD/j8_control/J8_control/install/ctl_mission_interfaces/share/ctl_mission_interfaces/srv/ChangeController_Request.msg
[22.569s] -- Installing: /home/rhobtor/PHD/j8_control/J8_control/install/ctl_mission_interfaces/share/ctl_mission_interfaces/srv/ChangeController_Response.msg
[22.569s] -- Installing: /home/rhobtor/PHD/j8_control/J8_control/install/ctl_mission_interfaces/share/ctl_mission_interfaces/srv/ConfigPurePursuitCtrl.srv
[22.569s] -- Installing: /home/rhobtor/PHD/j8_control/J8_control/install/ctl_mission_interfaces/share/ctl_mission_interfaces/srv/ConfigPurePursuitCtrl_Request.msg
[22.569s] -- Installing: /home/rhobtor/PHD/j8_control/J8_control/install/ctl_mission_interfaces/share/ctl_mission_interfaces/srv/ConfigPurePursuitCtrl_Response.msg
[22.570s] -- Installing: /home/rhobtor/PHD/j8_control/J8_control/install/ctl_mission_interfaces/share/ctl_mission_interfaces/srv/ConfigStanleyCtrl.srv
[22.570s] -- Installing: /home/rhobtor/PHD/j8_control/J8_control/install/ctl_mission_interfaces/share/ctl_mission_interfaces/srv/ConfigStanleyCtrl_Request.msg
[22.570s] -- Installing: /home/rhobtor/PHD/j8_control/J8_control/install/ctl_mission_interfaces/share/ctl_mission_interfaces/srv/ConfigStanleyCtrl_Response.msg
[22.570s] -- Installing: /home/rhobtor/PHD/j8_control/J8_control/install/ctl_mission_interfaces/share/ctl_mission_interfaces/srv/ConfigDynamicPureCtrl.srv
[22.570s] -- Installing: /home/rhobtor/PHD/j8_control/J8_control/install/ctl_mission_interfaces/share/ctl_mission_interfaces/srv/ConfigDynamicPureCtrl_Request.msg
[22.571s] -- Installing: /home/rhobtor/PHD/j8_control/J8_control/install/ctl_mission_interfaces/share/ctl_mission_interfaces/srv/ConfigDynamicPureCtrl_Response.msg
[22.573s] -- Installing: /home/rhobtor/PHD/j8_control/J8_control/install/ctl_mission_interfaces/share/ctl_mission_interfaces/srv/ConfigDynamicLAPureCtrl.srv
[22.573s] -- Installing: /home/rhobtor/PHD/j8_control/J8_control/install/ctl_mission_interfaces/share/ctl_mission_interfaces/srv/ConfigDynamicLAPureCtrl_Request.msg
[22.573s] -- Installing: /home/rhobtor/PHD/j8_control/J8_control/install/ctl_mission_interfaces/share/ctl_mission_interfaces/srv/ConfigDynamicLAPureCtrl_Response.msg
[22.573s] -- Installing: /home/rhobtor/PHD/j8_control/J8_control/install/ctl_mission_interfaces/share/ctl_mission_interfaces/srv/ConfigRegulatedPureCtrl.srv
[22.573s] -- Installing: /home/rhobtor/PHD/j8_control/J8_control/install/ctl_mission_interfaces/share/ctl_mission_interfaces/srv/ConfigRegulatedPureCtrl_Request.msg
[22.573s] -- Installing: /home/rhobtor/PHD/j8_control/J8_control/install/ctl_mission_interfaces/share/ctl_mission_interfaces/srv/ConfigRegulatedPureCtrl_Response.msg
[22.573s] -- Installing: /home/rhobtor/PHD/j8_control/J8_control/install/ctl_mission_interfaces/share/ament_index/resource_index/package_run_dependencies/ctl_mission_interfaces
[22.573s] -- Installing: /home/rhobtor/PHD/j8_control/J8_control/install/ctl_mission_interfaces/share/ament_index/resource_index/parent_prefix_path/ctl_mission_interfaces
[22.573s] -- Installing: /home/rhobtor/PHD/j8_control/J8_control/install/ctl_mission_interfaces/share/ctl_mission_interfaces/environment/ament_prefix_path.sh
[22.573s] -- Installing: /home/rhobtor/PHD/j8_control/J8_control/install/ctl_mission_interfaces/share/ctl_mission_interfaces/environment/ament_prefix_path.dsv
[22.573s] -- Installing: /home/rhobtor/PHD/j8_control/J8_control/install/ctl_mission_interfaces/share/ctl_mission_interfaces/environment/path.sh
[22.573s] -- Installing: /home/rhobtor/PHD/j8_control/J8_control/install/ctl_mission_interfaces/share/ctl_mission_interfaces/environment/path.dsv
[22.573s] -- Installing: /home/rhobtor/PHD/j8_control/J8_control/install/ctl_mission_interfaces/share/ctl_mission_interfaces/local_setup.bash
[22.574s] -- Installing: /home/rhobtor/PHD/j8_control/J8_control/install/ctl_mission_interfaces/share/ctl_mission_interfaces/local_setup.sh
[22.574s] -- Installing: /home/rhobtor/PHD/j8_control/J8_control/install/ctl_mission_interfaces/share/ctl_mission_interfaces/local_setup.zsh
[22.575s] -- Installing: /home/rhobtor/PHD/j8_control/J8_control/install/ctl_mission_interfaces/share/ctl_mission_interfaces/local_setup.dsv
[22.577s] -- Installing: /home/rhobtor/PHD/j8_control/J8_control/install/ctl_mission_interfaces/share/ctl_mission_interfaces/package.dsv
[22.577s] -- Installing: /home/rhobtor/PHD/j8_control/J8_control/install/ctl_mission_interfaces/share/ament_index/resource_index/packages/ctl_mission_interfaces
[22.577s] -- Installing: /home/rhobtor/PHD/j8_control/J8_control/install/ctl_mission_interfaces/share/ctl_mission_interfaces/cmake/export_ctl_mission_interfaces__rosidl_generator_cExport.cmake
[22.578s] -- Installing: /home/rhobtor/PHD/j8_control/J8_control/install/ctl_mission_interfaces/share/ctl_mission_interfaces/cmake/export_ctl_mission_interfaces__rosidl_generator_cExport-noconfig.cmake
[22.578s] -- Installing: /home/rhobtor/PHD/j8_control/J8_control/install/ctl_mission_interfaces/share/ctl_mission_interfaces/cmake/export_ctl_mission_interfaces__rosidl_typesupport_fastrtps_cExport.cmake
[22.578s] -- Installing: /home/rhobtor/PHD/j8_control/J8_control/install/ctl_mission_interfaces/share/ctl_mission_interfaces/cmake/export_ctl_mission_interfaces__rosidl_typesupport_fastrtps_cExport-noconfig.cmake
[22.578s] -- Installing: /home/rhobtor/PHD/j8_control/J8_control/install/ctl_mission_interfaces/share/ctl_mission_interfaces/cmake/ctl_mission_interfaces__rosidl_typesupport_introspection_cExport.cmake
[22.578s] -- Installing: /home/rhobtor/PHD/j8_control/J8_control/install/ctl_mission_interfaces/share/ctl_mission_interfaces/cmake/ctl_mission_interfaces__rosidl_typesupport_introspection_cExport-noconfig.cmake
[22.578s] -- Installing: /home/rhobtor/PHD/j8_control/J8_control/install/ctl_mission_interfaces/share/ctl_mission_interfaces/cmake/ctl_mission_interfaces__rosidl_typesupport_cExport.cmake
[22.578s] -- Installing: /home/rhobtor/PHD/j8_control/J8_control/install/ctl_mission_interfaces/share/ctl_mission_interfaces/cmake/ctl_mission_interfaces__rosidl_typesupport_cExport-noconfig.cmake
[22.578s] -- Installing: /home/rhobtor/PHD/j8_control/J8_control/install/ctl_mission_interfaces/share/ctl_mission_interfaces/cmake/export_ctl_mission_interfaces__rosidl_generator_cppExport.cmake
[22.579s] -- Installing: /home/rhobtor/PHD/j8_control/J8_control/install/ctl_mission_interfaces/share/ctl_mission_interfaces/cmake/export_ctl_mission_interfaces__rosidl_typesupport_fastrtps_cppExport.cmake
[22.579s] -- Installing: /home/rhobtor/PHD/j8_control/J8_control/install/ctl_mission_interfaces/share/ctl_mission_interfaces/cmake/export_ctl_mission_interfaces__rosidl_typesupport_fastrtps_cppExport-noconfig.cmake
[22.579s] -- Installing: /home/rhobtor/PHD/j8_control/J8_control/install/ctl_mission_interfaces/share/ctl_mission_interfaces/cmake/ctl_mission_interfaces__rosidl_typesupport_introspection_cppExport.cmake
[22.582s] -- Installing: /home/rhobtor/PHD/j8_control/J8_control/install/ctl_mission_interfaces/share/ctl_mission_interfaces/cmake/ctl_mission_interfaces__rosidl_typesupport_introspection_cppExport-noconfig.cmake
[22.582s] -- Installing: /home/rhobtor/PHD/j8_control/J8_control/install/ctl_mission_interfaces/share/ctl_mission_interfaces/cmake/ctl_mission_interfaces__rosidl_typesupport_cppExport.cmake
[22.583s] -- Installing: /home/rhobtor/PHD/j8_control/J8_control/install/ctl_mission_interfaces/share/ctl_mission_interfaces/cmake/ctl_mission_interfaces__rosidl_typesupport_cppExport-noconfig.cmake
[22.583s] -- Installing: /home/rhobtor/PHD/j8_control/J8_control/install/ctl_mission_interfaces/share/ctl_mission_interfaces/cmake/export_ctl_mission_interfaces__rosidl_generator_pyExport.cmake
[22.583s] -- Installing: /home/rhobtor/PHD/j8_control/J8_control/install/ctl_mission_interfaces/share/ctl_mission_interfaces/cmake/export_ctl_mission_interfaces__rosidl_generator_pyExport-noconfig.cmake
[22.583s] -- Installing: /home/rhobtor/PHD/j8_control/J8_control/install/ctl_mission_interfaces/share/ctl_mission_interfaces/cmake/rosidl_cmake-extras.cmake
[22.583s] -- Installing: /home/rhobtor/PHD/j8_control/J8_control/install/ctl_mission_interfaces/share/ctl_mission_interfaces/cmake/ament_cmake_export_dependencies-extras.cmake
[22.584s] -- Installing: /home/rhobtor/PHD/j8_control/J8_control/install/ctl_mission_interfaces/share/ctl_mission_interfaces/cmake/ament_cmake_export_include_directories-extras.cmake
[22.584s] -- Installing: /home/rhobtor/PHD/j8_control/J8_control/install/ctl_mission_interfaces/share/ctl_mission_interfaces/cmake/ament_cmake_export_libraries-extras.cmake
[22.584s] -- Installing: /home/rhobtor/PHD/j8_control/J8_control/install/ctl_mission_interfaces/share/ctl_mission_interfaces/cmake/ament_cmake_export_targets-extras.cmake
[22.584s] -- Installing: /home/rhobtor/PHD/j8_control/J8_control/install/ctl_mission_interfaces/share/ctl_mission_interfaces/cmake/rosidl_cmake_export_typesupport_targets-extras.cmake
[22.584s] -- Installing: /home/rhobtor/PHD/j8_control/J8_control/install/ctl_mission_interfaces/share/ctl_mission_interfaces/cmake/rosidl_cmake_export_typesupport_libraries-extras.cmake
[22.584s] -- Installing: /home/rhobtor/PHD/j8_control/J8_control/install/ctl_mission_interfaces/share/ctl_mission_interfaces/cmake/rosidl_cmake_aggregate_target-extras.cmake
[22.584s] -- Installing: /home/rhobtor/PHD/j8_control/J8_control/install/ctl_mission_interfaces/share/ctl_mission_interfaces/cmake/ctl_mission_interfacesConfig.cmake
[22.584s] -- Installing: /home/rhobtor/PHD/j8_control/J8_control/install/ctl_mission_interfaces/share/ctl_mission_interfaces/cmake/ctl_mission_interfacesConfig-version.cmake
[22.584s] -- Installing: /home/rhobtor/PHD/j8_control/J8_control/install/ctl_mission_interfaces/share/ctl_mission_interfaces/package.xml
[22.590s] Invoked command in '/home/rhobtor/PHD/j8_control/J8_control/build/ctl_mission_interfaces' returned '0': CMAKE_PREFIX_PATH=${CMAKE_PREFIX_PATH}:/home/rhobtor/PHD/path_dem/install_navigation/path_dem:/home/rhobtor/PHD/path_dem/install/path_dem:/home/rhobtor/PHD/install_global_belief_final/path_dem:/home/rhobtor/PHD/ARGOSJ8_IA/ARGOSJ8_IA_/install/car:/home/rhobtor/PHD/ARGOSJ8_IA/ARGOSJ8_IA_/install/ntrip_client:/home/rhobtor/PHD/ARGOSJ8_IA/ARGOSJ8_IA_/install/j8_gui:/home/rhobtor/PHD/ARGOSJ8_IA/ARGOSJ8_IA_/install/gui:/home/rhobtor/PHD/ARGOSJ8_IA/ARGOSJ8_IA_/install/android_ros2_server:/home/rhobtor/PHD/ARGOSJ8_IA/ARGOSJ8_IA_/install/GUI_pkg:/home/rhobtor/PHD/model_terrain_ugv/Model_terrain_ugv/install/model_terrain:/opt/ros/humble /usr/bin/cmake --install /home/rhobtor/PHD/j8_control/J8_control/build/ctl_mission_interfaces
