[0.212s] Invoking command in '/home/rhobtor/PHD/j8_control/J8_control/build/ublox_msgs': AMENT_PREFIX_PATH=/home/rhobtor/PHD/j8_control/J8_control/install/ublox_serialization:${AMENT_PREFIX_PATH} CMAKE_PREFIX_PATH=/home/rhobtor/PHD/j8_control/J8_control/install/ublox_serialization:/home/rhobtor/PHD/ARGOSJ8_IA/ARGOSJ8_IA_/install/wiimote_msgs:/home/rhobtor/PHD/ARGOSJ8_IA/ARGOSJ8_IA_/install/ublox:/home/rhobtor/PHD/ARGOSJ8_IA/ARGOSJ8_IA_/install/ublox_gps:/home/rhobtor/PHD/ARGOSJ8_IA/ARGOSJ8_IA_/install/security_check:/home/rhobtor/PHD/ARGOSJ8_IA/ARGOSJ8_IA_/install/ctl_mission:/home/rhobtor/PHD/ARGOSJ8_IA/ARGOSJ8_IA_/install/ublox_msgs:/home/rhobtor/PHD/ARGOSJ8_IA/ARGOSJ8_IA_/install/ublox_serialization:/home/rhobtor/PHD/ARGOSJ8_IA/ARGOSJ8_IA_/install/spacenav:/home/rhobtor/PHD/ARGOSJ8_IA/ARGOSJ8_IA_/install/laser_segmentation:/home/rhobtor/PHD/ARGOSJ8_IA/ARGOSJ8_IA_/install/slg_msgs:/home/rhobtor/PHD/ARGOSJ8_IA/ARGOSJ8_IA_/install/security_check_interfaces:/home/rhobtor/PHD/ARGOSJ8_IA/ARGOSJ8_IA_/install/joy:/home/rhobtor/PHD/ARGOSJ8_IA/ARGOSJ8_IA_/install/sdl2_vendor:/home/rhobtor/PHD/ARGOSJ8_IA/ARGOSJ8_IA_/install/path_manager:/home/rhobtor/PHD/ARGOSJ8_IA/ARGOSJ8_IA_/install/path_manager_interfaces:/home/rhobtor/PHD/ARGOSJ8_IA/ARGOSJ8_IA_/install/joy_linux:/home/rhobtor/PHD/ARGOSJ8_IA/ARGOSJ8_IA_/install/j8_xacro_model:/home/rhobtor/PHD/ARGOSJ8_IA/ARGOSJ8_IA_/install/hikmicro_thermal_camera:/home/rhobtor/PHD/ARGOSJ8_IA/ARGOSJ8_IA_/install/hector_gazebo_plugins:/home/rhobtor/PHD/ARGOSJ8_IA/ARGOSJ8_IA_/install/fixposition_sensor_pkg:/home/rhobtor/PHD/ARGOSJ8_IA/ARGOSJ8_IA_/install/fixposition_odometry_converter_ros2:/home/rhobtor/PHD/ARGOSJ8_IA/ARGOSJ8_IA_/install/fixposition_driver_ros2:/home/rhobtor/PHD/ARGOSJ8_IA/ARGOSJ8_IA_/install/fixposition_driver_lib:/home/rhobtor/PHD/ARGOSJ8_IA/ARGOSJ8_IA_/install/fixposition_gnss_tf:/home/rhobtor/PHD/ARGOSJ8_IA/ARGOSJ8_IA_/install/ctl_mission_interfaces:/home/rhobtor/PHD/ARGOSJ8_IA/ARGOSJ8_IA_/install/car_cpp:/home/rhobtor/PHD/ARGOSJ8_IA/ARGOSJ8_IA_/install/car_interfaces:/home/rhobtor/PHD/ARGOSJ8_IA/ARGOSJ8_IA_/install/argj801_setup:/home/rhobtor/PHD/ARGOSJ8_IA/ARGOSJ8_IA_/install/argj801_sensors:/home/rhobtor/PHD/ARGOSJ8_IA/ARGOSJ8_IA_/install/argj801_sensors_msgs:/home/rhobtor/PHD/ARGOSJ8_IA/ARGOSJ8_IA_/install/argj801_ctl_platform:/home/rhobtor/PHD/ARGOSJ8_IA/ARGOSJ8_IA_/install/argj801_ctl_platform_interfaces:/home/rhobtor/PHD/model_terrain_ugv/Model_terrain_ugv/install/model_terrain_cpp:/home/rhobtor/PHD/path_dem/install_navigation/path_dem:/home/rhobtor/PHD/path_dem/install/path_dem:/home/rhobtor/PHD/install_global_belief_final/path_dem:/home/rhobtor/PHD/ARGOSJ8_IA/ARGOSJ8_IA_/install/car:/home/rhobtor/PHD/ARGOSJ8_IA/ARGOSJ8_IA_/install/ntrip_client:/home/rhobtor/PHD/ARGOSJ8_IA/ARGOSJ8_IA_/install/j8_gui:/home/rhobtor/PHD/ARGOSJ8_IA/ARGOSJ8_IA_/install/gui:/home/rhobtor/PHD/ARGOSJ8_IA/ARGOSJ8_IA_/install/android_ros2_server:/home/rhobtor/PHD/ARGOSJ8_IA/ARGOSJ8_IA_/install/GUI_pkg:/home/rhobtor/PHD/model_terrain_ugv/Model_terrain_ugv/install/model_terrain:/opt/ros/humble /usr/bin/cmake /home/rhobtor/PHD/j8_control/J8_control/src/argo_drivers_pkgs/ublox/ublox_msgs -DCMAKE_INSTALL_PREFIX=/home/rhobtor/PHD/j8_control/J8_control/install/ublox_msgs
[0.523s] -- The C compiler identification is GNU 11.4.0
[0.523s] -- The CXX compiler identification is GNU 11.4.0
[0.523s] -- Detecting C compiler ABI info
[0.713s] -- Detecting C compiler ABI info - done
[0.749s] -- Check for working C compiler: /usr/bin/cc - skipped
[0.749s] -- Detecting C compile features
[0.749s] -- Detecting C compile features - done
[0.749s] -- Detecting CXX compiler ABI info
[1.084s] -- Detecting CXX compiler ABI info - done
[1.112s] -- Check for working CXX compiler: /usr/bin/c++ - skipped
[1.112s] -- Detecting CXX compile features
[1.117s] -- Detecting CXX compile features - done
[1.142s] -- Found ament_cmake_ros: 0.10.0 (/opt/ros/humble/share/ament_cmake_ros/cmake)
[3.689s] -- Found Python3: /usr/bin/python3 (found version "3.10.12") found components: Interpreter 
[4.545s] -- Found rosidl_default_generators: 1.2.1 (/opt/ros/humble/share/rosidl_default_generators/cmake)
[4.586s] -- Using all available rosidl_typesupport_c: rosidl_typesupport_fastrtps_c;rosidl_typesupport_introspection_c
[4.638s] -- Found rosidl_adapter: 3.1.9 (/opt/ros/humble/share/rosidl_adapter/cmake)
[4.878s] -- Using all available rosidl_typesupport_cpp: rosidl_typesupport_fastrtps_cpp;rosidl_typesupport_introspection_cpp
[5.036s] -- Found sensor_msgs: 4.9.2 (/opt/ros/humble/share/sensor_msgs/cmake)
[5.195s] -- Found ublox_serialization: 2.3.0 (/home/rhobtor/PHD/j8_control/J8_control/install/ublox_serialization/share/ublox_serialization/cmake)
[10.057s] -- Using all available rosidl_typesupport_c: rosidl_typesupport_fastrtps_c;rosidl_typesupport_introspection_c
[11.133s] -- Using all available rosidl_typesupport_cpp: rosidl_typesupport_fastrtps_cpp;rosidl_typesupport_introspection_cpp
[11.233s] -- Found PythonInterp: /usr/bin/python3 (found suitable version "3.10.12", minimum required is "3.6") 
[11.247s] -- Found python_cmake_module: 0.10.0 (/opt/ros/humble/share/python_cmake_module/cmake)
[11.338s] -- Found PythonLibs: /usr/lib/x86_64-linux-gnu/libpython3.10.so (found suitable version "3.10.12", minimum required is "3.5") 
[11.341s] -- Using PYTHON_EXECUTABLE: /usr/bin/python3
[11.342s] -- Using PYTHON_INCLUDE_DIRS: /usr/include/python3.10
[11.342s] -- Using PYTHON_LIBRARIES: /usr/lib/x86_64-linux-gnu/libpython3.10.so
[11.419s] -- Found PythonExtra: .so  
[12.132s] -- Configuring done
[12.634s] -- Generating done
[12.719s] -- Build files have been written to: /home/rhobtor/PHD/j8_control/J8_control/build/ublox_msgs
[12.844s] Invoked command in '/home/rhobtor/PHD/j8_control/J8_control/build/ublox_msgs' returned '0': AMENT_PREFIX_PATH=/home/rhobtor/PHD/j8_control/J8_control/install/ublox_serialization:${AMENT_PREFIX_PATH} CMAKE_PREFIX_PATH=/home/rhobtor/PHD/j8_control/J8_control/install/ublox_serialization:/home/rhobtor/PHD/ARGOSJ8_IA/ARGOSJ8_IA_/install/wiimote_msgs:/home/rhobtor/PHD/ARGOSJ8_IA/ARGOSJ8_IA_/install/ublox:/home/rhobtor/PHD/ARGOSJ8_IA/ARGOSJ8_IA_/install/ublox_gps:/home/rhobtor/PHD/ARGOSJ8_IA/ARGOSJ8_IA_/install/security_check:/home/rhobtor/PHD/ARGOSJ8_IA/ARGOSJ8_IA_/install/ctl_mission:/home/rhobtor/PHD/ARGOSJ8_IA/ARGOSJ8_IA_/install/ublox_msgs:/home/rhobtor/PHD/ARGOSJ8_IA/ARGOSJ8_IA_/install/ublox_serialization:/home/rhobtor/PHD/ARGOSJ8_IA/ARGOSJ8_IA_/install/spacenav:/home/rhobtor/PHD/ARGOSJ8_IA/ARGOSJ8_IA_/install/laser_segmentation:/home/rhobtor/PHD/ARGOSJ8_IA/ARGOSJ8_IA_/install/slg_msgs:/home/rhobtor/PHD/ARGOSJ8_IA/ARGOSJ8_IA_/install/security_check_interfaces:/home/rhobtor/PHD/ARGOSJ8_IA/ARGOSJ8_IA_/install/joy:/home/rhobtor/PHD/ARGOSJ8_IA/ARGOSJ8_IA_/install/sdl2_vendor:/home/rhobtor/PHD/ARGOSJ8_IA/ARGOSJ8_IA_/install/path_manager:/home/rhobtor/PHD/ARGOSJ8_IA/ARGOSJ8_IA_/install/path_manager_interfaces:/home/rhobtor/PHD/ARGOSJ8_IA/ARGOSJ8_IA_/install/joy_linux:/home/rhobtor/PHD/ARGOSJ8_IA/ARGOSJ8_IA_/install/j8_xacro_model:/home/rhobtor/PHD/ARGOSJ8_IA/ARGOSJ8_IA_/install/hikmicro_thermal_camera:/home/rhobtor/PHD/ARGOSJ8_IA/ARGOSJ8_IA_/install/hector_gazebo_plugins:/home/rhobtor/PHD/ARGOSJ8_IA/ARGOSJ8_IA_/install/fixposition_sensor_pkg:/home/rhobtor/PHD/ARGOSJ8_IA/ARGOSJ8_IA_/install/fixposition_odometry_converter_ros2:/home/rhobtor/PHD/ARGOSJ8_IA/ARGOSJ8_IA_/install/fixposition_driver_ros2:/home/rhobtor/PHD/ARGOSJ8_IA/ARGOSJ8_IA_/install/fixposition_driver_lib:/home/rhobtor/PHD/ARGOSJ8_IA/ARGOSJ8_IA_/install/fixposition_gnss_tf:/home/rhobtor/PHD/ARGOSJ8_IA/ARGOSJ8_IA_/install/ctl_mission_interfaces:/home/rhobtor/PHD/ARGOSJ8_IA/ARGOSJ8_IA_/install/car_cpp:/home/rhobtor/PHD/ARGOSJ8_IA/ARGOSJ8_IA_/install/car_interfaces:/home/rhobtor/PHD/ARGOSJ8_IA/ARGOSJ8_IA_/install/argj801_setup:/home/rhobtor/PHD/ARGOSJ8_IA/ARGOSJ8_IA_/install/argj801_sensors:/home/rhobtor/PHD/ARGOSJ8_IA/ARGOSJ8_IA_/install/argj801_sensors_msgs:/home/rhobtor/PHD/ARGOSJ8_IA/ARGOSJ8_IA_/install/argj801_ctl_platform:/home/rhobtor/PHD/ARGOSJ8_IA/ARGOSJ8_IA_/install/argj801_ctl_platform_interfaces:/home/rhobtor/PHD/model_terrain_ugv/Model_terrain_ugv/install/model_terrain_cpp:/home/rhobtor/PHD/path_dem/install_navigation/path_dem:/home/rhobtor/PHD/path_dem/install/path_dem:/home/rhobtor/PHD/install_global_belief_final/path_dem:/home/rhobtor/PHD/ARGOSJ8_IA/ARGOSJ8_IA_/install/car:/home/rhobtor/PHD/ARGOSJ8_IA/ARGOSJ8_IA_/install/ntrip_client:/home/rhobtor/PHD/ARGOSJ8_IA/ARGOSJ8_IA_/install/j8_gui:/home/rhobtor/PHD/ARGOSJ8_IA/ARGOSJ8_IA_/install/gui:/home/rhobtor/PHD/ARGOSJ8_IA/ARGOSJ8_IA_/install/android_ros2_server:/home/rhobtor/PHD/ARGOSJ8_IA/ARGOSJ8_IA_/install/GUI_pkg:/home/rhobtor/PHD/model_terrain_ugv/Model_terrain_ugv/install/model_terrain:/opt/ros/humble /usr/bin/cmake /home/rhobtor/PHD/j8_control/J8_control/src/argo_drivers_pkgs/ublox/ublox_msgs -DCMAKE_INSTALL_PREFIX=/home/rhobtor/PHD/j8_control/J8_control/install/ublox_msgs
[12.844s] Invoking command in '/home/rhobtor/PHD/j8_control/J8_control/build/ublox_msgs': AMENT_PREFIX_PATH=/home/rhobtor/PHD/j8_control/J8_control/install/ublox_serialization:${AMENT_PREFIX_PATH} CMAKE_PREFIX_PATH=/home/rhobtor/PHD/j8_control/J8_control/install/ublox_serialization:/home/rhobtor/PHD/ARGOSJ8_IA/ARGOSJ8_IA_/install/wiimote_msgs:/home/rhobtor/PHD/ARGOSJ8_IA/ARGOSJ8_IA_/install/ublox:/home/rhobtor/PHD/ARGOSJ8_IA/ARGOSJ8_IA_/install/ublox_gps:/home/rhobtor/PHD/ARGOSJ8_IA/ARGOSJ8_IA_/install/security_check:/home/rhobtor/PHD/ARGOSJ8_IA/ARGOSJ8_IA_/install/ctl_mission:/home/rhobtor/PHD/ARGOSJ8_IA/ARGOSJ8_IA_/install/ublox_msgs:/home/rhobtor/PHD/ARGOSJ8_IA/ARGOSJ8_IA_/install/ublox_serialization:/home/rhobtor/PHD/ARGOSJ8_IA/ARGOSJ8_IA_/install/spacenav:/home/rhobtor/PHD/ARGOSJ8_IA/ARGOSJ8_IA_/install/laser_segmentation:/home/rhobtor/PHD/ARGOSJ8_IA/ARGOSJ8_IA_/install/slg_msgs:/home/rhobtor/PHD/ARGOSJ8_IA/ARGOSJ8_IA_/install/security_check_interfaces:/home/rhobtor/PHD/ARGOSJ8_IA/ARGOSJ8_IA_/install/joy:/home/rhobtor/PHD/ARGOSJ8_IA/ARGOSJ8_IA_/install/sdl2_vendor:/home/rhobtor/PHD/ARGOSJ8_IA/ARGOSJ8_IA_/install/path_manager:/home/rhobtor/PHD/ARGOSJ8_IA/ARGOSJ8_IA_/install/path_manager_interfaces:/home/rhobtor/PHD/ARGOSJ8_IA/ARGOSJ8_IA_/install/joy_linux:/home/rhobtor/PHD/ARGOSJ8_IA/ARGOSJ8_IA_/install/j8_xacro_model:/home/rhobtor/PHD/ARGOSJ8_IA/ARGOSJ8_IA_/install/hikmicro_thermal_camera:/home/rhobtor/PHD/ARGOSJ8_IA/ARGOSJ8_IA_/install/hector_gazebo_plugins:/home/rhobtor/PHD/ARGOSJ8_IA/ARGOSJ8_IA_/install/fixposition_sensor_pkg:/home/rhobtor/PHD/ARGOSJ8_IA/ARGOSJ8_IA_/install/fixposition_odometry_converter_ros2:/home/rhobtor/PHD/ARGOSJ8_IA/ARGOSJ8_IA_/install/fixposition_driver_ros2:/home/rhobtor/PHD/ARGOSJ8_IA/ARGOSJ8_IA_/install/fixposition_driver_lib:/home/rhobtor/PHD/ARGOSJ8_IA/ARGOSJ8_IA_/install/fixposition_gnss_tf:/home/rhobtor/PHD/ARGOSJ8_IA/ARGOSJ8_IA_/install/ctl_mission_interfaces:/home/rhobtor/PHD/ARGOSJ8_IA/ARGOSJ8_IA_/install/car_cpp:/home/rhobtor/PHD/ARGOSJ8_IA/ARGOSJ8_IA_/install/car_interfaces:/home/rhobtor/PHD/ARGOSJ8_IA/ARGOSJ8_IA_/install/argj801_setup:/home/rhobtor/PHD/ARGOSJ8_IA/ARGOSJ8_IA_/install/argj801_sensors:/home/rhobtor/PHD/ARGOSJ8_IA/ARGOSJ8_IA_/install/argj801_sensors_msgs:/home/rhobtor/PHD/ARGOSJ8_IA/ARGOSJ8_IA_/install/argj801_ctl_platform:/home/rhobtor/PHD/ARGOSJ8_IA/ARGOSJ8_IA_/install/argj801_ctl_platform_interfaces:/home/rhobtor/PHD/model_terrain_ugv/Model_terrain_ugv/install/model_terrain_cpp:/home/rhobtor/PHD/path_dem/install_navigation/path_dem:/home/rhobtor/PHD/path_dem/install/path_dem:/home/rhobtor/PHD/install_global_belief_final/path_dem:/home/rhobtor/PHD/ARGOSJ8_IA/ARGOSJ8_IA_/install/car:/home/rhobtor/PHD/ARGOSJ8_IA/ARGOSJ8_IA_/install/ntrip_client:/home/rhobtor/PHD/ARGOSJ8_IA/ARGOSJ8_IA_/install/j8_gui:/home/rhobtor/PHD/ARGOSJ8_IA/ARGOSJ8_IA_/install/gui:/home/rhobtor/PHD/ARGOSJ8_IA/ARGOSJ8_IA_/install/android_ros2_server:/home/rhobtor/PHD/ARGOSJ8_IA/ARGOSJ8_IA_/install/GUI_pkg:/home/rhobtor/PHD/model_terrain_ugv/Model_terrain_ugv/install/model_terrain:/opt/ros/humble /usr/bin/cmake --build /home/rhobtor/PHD/j8_control/J8_control/build/ublox_msgs -- -j20 -l20
[16.512s] [  0%] [34m[1mGenerating C code for ROS interfaces[0m
[16.512s] [  0%] [34m[1mGenerating Rust code for ROS interfaces[0m
[16.513s] [  0%] Built target ament_cmake_python_copy_ublox_msgs
[16.513s] [  0%] [34m[1mGenerating C++ code for ROS interfaces[0m
[16.513s] running egg_info
[16.515s] creating ublox_msgs.egg-info
[16.515s] writing ublox_msgs.egg-info/PKG-INFO
[16.515s] writing dependency_links to ublox_msgs.egg-info/dependency_links.txt
[16.515s] writing top-level names to ublox_msgs.egg-info/top_level.txt
[16.516s] writing manifest file 'ublox_msgs.egg-info/SOURCES.txt'
[16.516s] reading manifest file 'ublox_msgs.egg-info/SOURCES.txt'
[16.516s] writing manifest file 'ublox_msgs.egg-info/SOURCES.txt'
[16.516s] [  0%] Built target ament_cmake_python_build_ublox_msgs_egg
[35.704s] [  0%] Built target ublox_msgs__rs
[40.820s] [  0%] [32mBuilding C object CMakeFiles/ublox_msgs__rosidl_generator_c.dir/rosidl_generator_c/ublox_msgs/msg/detail/ack__functions.c.o[0m
[40.858s] [  0%] Built target ublox_msgs__cpp
[40.870s] [  0%] [32mBuilding C object CMakeFiles/ublox_msgs__rosidl_generator_c.dir/rosidl_generator_c/ublox_msgs/msg/detail/cfg_prt__functions.c.o[0m
[40.904s] [  0%] [32mBuilding C object CMakeFiles/ublox_msgs__rosidl_generator_c.dir/rosidl_generator_c/ublox_msgs/msg/detail/cfg_nmea__functions.c.o[0m
[40.942s] [  0%] [32mBuilding C object CMakeFiles/ublox_msgs__rosidl_generator_c.dir/rosidl_generator_c/ublox_msgs/msg/detail/cfg_nmea7__functions.c.o[0m
[40.977s] [  1%] [32mBuilding C object CMakeFiles/ublox_msgs__rosidl_generator_c.dir/rosidl_generator_c/ublox_msgs/msg/detail/cfg_nmea6__functions.c.o[0m
[41.017s] [  1%] [32mBuilding C object CMakeFiles/ublox_msgs__rosidl_generator_c.dir/rosidl_generator_c/ublox_msgs/msg/detail/cfg_rate__functions.c.o[0m
[41.053s] [  1%] [32mBuilding C object CMakeFiles/ublox_msgs__rosidl_generator_c.dir/rosidl_generator_c/ublox_msgs/msg/detail/cfg_rst__functions.c.o[0m
[41.100s] [  2%] [32mBuilding C object CMakeFiles/ublox_msgs__rosidl_generator_c.dir/rosidl_generator_c/ublox_msgs/msg/detail/cfg_sbas__functions.c.o[0m
[41.135s] [  2%] [32mBuilding C object CMakeFiles/ublox_msgs__rosidl_generator_c.dir/rosidl_generator_c/ublox_msgs/msg/detail/cfg_tmode3__functions.c.o[0m
[41.173s] [  2%] [32mBuilding C object CMakeFiles/ublox_msgs__rosidl_generator_c.dir/rosidl_generator_c/ublox_msgs/msg/detail/cfg_usb__functions.c.o[0m
[41.208s] [  2%] [32mBuilding C object CMakeFiles/ublox_msgs__rosidl_generator_c.dir/rosidl_generator_c/ublox_msgs/msg/detail/esf_ins__functions.c.o[0m
[41.245s] [  2%] [32mBuilding C object CMakeFiles/ublox_msgs__rosidl_generator_c.dir/rosidl_generator_c/ublox_msgs/msg/detail/esf_meas__functions.c.o[0m
[41.282s] [  2%] [32mBuilding C object CMakeFiles/ublox_msgs__rosidl_generator_c.dir/rosidl_generator_c/ublox_msgs/msg/detail/esf_raw_block__functions.c.o[0m
[41.329s] [  2%] [32mBuilding C object CMakeFiles/ublox_msgs__rosidl_generator_c.dir/rosidl_generator_c/ublox_msgs/msg/detail/esf_raw__functions.c.o[0m
[41.369s] [  3%] [32mBuilding C object CMakeFiles/ublox_msgs__rosidl_generator_c.dir/rosidl_generator_c/ublox_msgs/msg/detail/esf_status__functions.c.o[0m
[41.407s] [  3%] [32mBuilding C object CMakeFiles/ublox_msgs__rosidl_generator_c.dir/rosidl_generator_c/ublox_msgs/msg/detail/esf_status_sens__functions.c.o[0m
[41.444s] [  3%] [32mBuilding C object CMakeFiles/ublox_msgs__rosidl_generator_c.dir/rosidl_generator_c/ublox_msgs/msg/detail/hnr_pvt__functions.c.o[0m
[41.502s] [  3%] [32mBuilding C object CMakeFiles/ublox_msgs__rosidl_generator_c.dir/rosidl_generator_c/ublox_msgs/msg/detail/inf__functions.c.o[0m
[41.537s] [  3%] [32mBuilding C object CMakeFiles/ublox_msgs__rosidl_generator_c.dir/rosidl_generator_c/ublox_msgs/msg/detail/mga_gal__functions.c.o[0m
[41.572s] [  3%] [32mBuilding C object CMakeFiles/ublox_msgs__rosidl_generator_c.dir/rosidl_generator_c/ublox_msgs/msg/detail/mon_gnss__functions.c.o[0m
[41.604s] [  4%] [32mBuilding C object CMakeFiles/ublox_msgs__rosidl_generator_c.dir/rosidl_generator_c/ublox_msgs/msg/detail/mon_hw6__functions.c.o[0m
[41.638s] [  4%] [32mBuilding C object CMakeFiles/ublox_msgs__rosidl_generator_c.dir/rosidl_generator_c/ublox_msgs/msg/detail/mon_hw__functions.c.o[0m
[41.680s] [  4%] [32mBuilding C object CMakeFiles/ublox_msgs__rosidl_generator_c.dir/rosidl_generator_c/ublox_msgs/msg/detail/mon_ver_extension__functions.c.o[0m
[41.716s] [  4%] [32mBuilding C object CMakeFiles/ublox_msgs__rosidl_generator_c.dir/rosidl_generator_c/ublox_msgs/msg/detail/mon_ver__functions.c.o[0m
[41.753s] [  4%] [32mBuilding C object CMakeFiles/ublox_msgs__rosidl_generator_c.dir/rosidl_generator_c/ublox_msgs/msg/detail/nav_att__functions.c.o[0m
[41.786s] [  4%] [32mBuilding C object CMakeFiles/ublox_msgs__rosidl_generator_c.dir/rosidl_generator_c/ublox_msgs/msg/detail/nav_clock__functions.c.o[0m
[41.822s] [  4%] [32mBuilding C object CMakeFiles/ublox_msgs__rosidl_generator_c.dir/rosidl_generator_c/ublox_msgs/msg/detail/nav_cov__functions.c.o[0m
[41.858s] [  5%] [32mBuilding C object CMakeFiles/ublox_msgs__rosidl_generator_c.dir/rosidl_generator_c/ublox_msgs/msg/detail/nav_dgps__functions.c.o[0m
[41.899s] [  5%] [32mBuilding C object CMakeFiles/ublox_msgs__rosidl_generator_c.dir/rosidl_generator_c/ublox_msgs/msg/detail/nav_dgpssv__functions.c.o[0m
[41.938s] [  5%] [32mBuilding C object CMakeFiles/ublox_msgs__rosidl_generator_c.dir/rosidl_generator_c/ublox_msgs/msg/detail/nav_dop__functions.c.o[0m
[41.975s] [  5%] [32mBuilding C object CMakeFiles/ublox_msgs__rosidl_generator_c.dir/rosidl_generator_c/ublox_msgs/msg/detail/nav_posecef__functions.c.o[0m
[42.022s] [  5%] [32mBuilding C object CMakeFiles/ublox_msgs__rosidl_generator_c.dir/rosidl_generator_c/ublox_msgs/msg/detail/nav_posllh__functions.c.o[0m
[42.057s] [  5%] [32mBuilding C object CMakeFiles/ublox_msgs__rosidl_generator_c.dir/rosidl_generator_c/ublox_msgs/msg/detail/nav_pvt7__functions.c.o[0m
[42.105s] [  6%] [32mBuilding C object CMakeFiles/ublox_msgs__rosidl_generator_c.dir/rosidl_generator_c/ublox_msgs/msg/detail/nav_pvt__functions.c.o[0m
[42.143s] [  6%] [32mBuilding C object CMakeFiles/ublox_msgs__rosidl_generator_c.dir/rosidl_generator_c/ublox_msgs/msg/detail/nav_relposned9__functions.c.o[0m
[42.180s] [  6%] [32mBuilding C object CMakeFiles/ublox_msgs__rosidl_generator_c.dir/rosidl_generator_c/ublox_msgs/msg/detail/nav_relposned__functions.c.o[0m
[42.224s] [  6%] [32mBuilding C object CMakeFiles/ublox_msgs__rosidl_generator_c.dir/rosidl_generator_c/ublox_msgs/msg/detail/nav_sat__functions.c.o[0m
[42.276s] [  6%] [32mBuilding C object CMakeFiles/ublox_msgs__rosidl_generator_c.dir/rosidl_generator_c/ublox_msgs/msg/detail/nav_satsv__functions.c.o[0m
[42.310s] [  6%] [32mBuilding C object CMakeFiles/ublox_msgs__rosidl_generator_c.dir/rosidl_generator_c/ublox_msgs/msg/detail/nav_sbas__functions.c.o[0m
[42.358s] [  6%] [32mBuilding C object CMakeFiles/ublox_msgs__rosidl_generator_c.dir/rosidl_generator_c/ublox_msgs/msg/detail/nav_sbassv__functions.c.o[0m
[42.399s] [  7%] [32mBuilding C object CMakeFiles/ublox_msgs__rosidl_generator_c.dir/rosidl_generator_c/ublox_msgs/msg/detail/nav_sol__functions.c.o[0m
[42.438s] [  7%] [32mBuilding C object CMakeFiles/ublox_msgs__rosidl_generator_c.dir/rosidl_generator_c/ublox_msgs/msg/detail/nav_status__functions.c.o[0m
[42.486s] [  7%] [32mBuilding C object CMakeFiles/ublox_msgs__rosidl_generator_c.dir/rosidl_generator_c/ublox_msgs/msg/detail/nav_svinfo__functions.c.o[0m
[42.522s] [  7%] [32mBuilding C object CMakeFiles/ublox_msgs__rosidl_generator_c.dir/rosidl_generator_c/ublox_msgs/msg/detail/nav_svinfosv__functions.c.o[0m
[42.557s] [  7%] [32mBuilding C object CMakeFiles/ublox_msgs__rosidl_generator_c.dir/rosidl_generator_c/ublox_msgs/msg/detail/nav_svin__functions.c.o[0m
[42.593s] [  7%] [32mBuilding C object CMakeFiles/ublox_msgs__rosidl_generator_c.dir/rosidl_generator_c/ublox_msgs/msg/detail/nav_timegps__functions.c.o[0m
[42.627s] [  8%] [32mBuilding C object CMakeFiles/ublox_msgs__rosidl_generator_c.dir/rosidl_generator_c/ublox_msgs/msg/detail/nav_timeutc__functions.c.o[0m
[42.666s] [  8%] [32mBuilding C object CMakeFiles/ublox_msgs__rosidl_generator_c.dir/rosidl_generator_c/ublox_msgs/msg/detail/nav_velecef__functions.c.o[0m
[42.698s] [  8%] [32mBuilding C object CMakeFiles/ublox_msgs__rosidl_generator_c.dir/rosidl_generator_c/ublox_msgs/msg/detail/nav_velned__functions.c.o[0m
[42.730s] [  8%] [32mBuilding C object CMakeFiles/ublox_msgs__rosidl_generator_c.dir/rosidl_generator_c/ublox_msgs/msg/detail/rxm_alm__functions.c.o[0m
[42.763s] [  8%] [32mBuilding C object CMakeFiles/ublox_msgs__rosidl_generator_c.dir/rosidl_generator_c/ublox_msgs/msg/detail/rxm_eph__functions.c.o[0m
[42.795s] [  8%] [32mBuilding C object CMakeFiles/ublox_msgs__rosidl_generator_c.dir/rosidl_generator_c/ublox_msgs/msg/detail/rxm_raw__functions.c.o[0m
[42.832s] [  8%] [32mBuilding C object CMakeFiles/ublox_msgs__rosidl_generator_c.dir/rosidl_generator_c/ublox_msgs/msg/detail/rxm_rawsv__functions.c.o[0m
[42.882s] [  9%] [32mBuilding C object CMakeFiles/ublox_msgs__rosidl_generator_c.dir/rosidl_generator_c/ublox_msgs/msg/detail/rxm_rawx_meas__functions.c.o[0m
[42.935s] [  9%] [32mBuilding C object CMakeFiles/ublox_msgs__rosidl_generator_c.dir/rosidl_generator_c/ublox_msgs/msg/detail/rxm_rawx__functions.c.o[0m
[42.971s] [  9%] [32mBuilding C object CMakeFiles/ublox_msgs__rosidl_generator_c.dir/rosidl_generator_c/ublox_msgs/msg/detail/rxm_rtcm__functions.c.o[0m
[43.015s] [  9%] [32mBuilding C object CMakeFiles/ublox_msgs__rosidl_generator_c.dir/rosidl_generator_c/ublox_msgs/msg/detail/rxm_sfrb__functions.c.o[0m
[43.050s] [  9%] [32mBuilding C object CMakeFiles/ublox_msgs__rosidl_generator_c.dir/rosidl_generator_c/ublox_msgs/msg/detail/rxm_sfrbx__functions.c.o[0m
[43.092s] [  9%] [32mBuilding C object CMakeFiles/ublox_msgs__rosidl_generator_c.dir/rosidl_generator_c/ublox_msgs/msg/detail/rxm_svsi__functions.c.o[0m
[43.128s] [ 10%] [32mBuilding C object CMakeFiles/ublox_msgs__rosidl_generator_c.dir/rosidl_generator_c/ublox_msgs/msg/detail/rxm_svsisv__functions.c.o[0m
[43.176s] [ 10%] [32mBuilding C object CMakeFiles/ublox_msgs__rosidl_generator_c.dir/rosidl_generator_c/ublox_msgs/msg/detail/tim_tm2__functions.c.o[0m
[43.216s] [ 10%] [32mBuilding C object CMakeFiles/ublox_msgs__rosidl_generator_c.dir/rosidl_generator_c/ublox_msgs/msg/detail/upd_sos_ack__functions.c.o[0m
[43.248s] [ 10%] [32mBuilding C object CMakeFiles/ublox_msgs__rosidl_generator_c.dir/rosidl_generator_c/ublox_msgs/msg/detail/upd_sos__functions.c.o[0m
[43.287s] [ 10%] [32mBuilding C object CMakeFiles/ublox_msgs__rosidl_generator_c.dir/rosidl_generator_c/ublox_msgs/msg/detail/cfg_navx5__functions.c.o[0m
[43.323s] [ 10%] [32mBuilding C object CMakeFiles/ublox_msgs__rosidl_generator_c.dir/rosidl_generator_c/ublox_msgs/msg/detail/cfg_nav5__functions.c.o[0m
[43.370s] [ 10%] [32mBuilding C object CMakeFiles/ublox_msgs__rosidl_generator_c.dir/rosidl_generator_c/ublox_msgs/msg/detail/cfg_msg__functions.c.o[0m
[43.409s] [ 10%] [32mBuilding C object CMakeFiles/ublox_msgs__rosidl_generator_c.dir/rosidl_generator_c/ublox_msgs/msg/detail/cfg_inf__functions.c.o[0m
[43.446s] [ 10%] [32mBuilding C object CMakeFiles/ublox_msgs__rosidl_generator_c.dir/rosidl_generator_c/ublox_msgs/msg/detail/cfg_inf_block__functions.c.o[0m
[43.485s] [ 10%] [32mBuilding C object CMakeFiles/ublox_msgs__rosidl_generator_c.dir/rosidl_generator_c/ublox_msgs/msg/detail/cfg_hnr__functions.c.o[0m
[43.517s] [ 11%] [32mBuilding C object CMakeFiles/ublox_msgs__rosidl_generator_c.dir/rosidl_generator_c/ublox_msgs/msg/detail/cfg_gnss__functions.c.o[0m
[43.554s] [ 11%] [32mBuilding C object CMakeFiles/ublox_msgs__rosidl_generator_c.dir/rosidl_generator_c/ublox_msgs/msg/detail/cfg_gnss_block__functions.c.o[0m
[43.586s] [ 11%] [32mBuilding C object CMakeFiles/ublox_msgs__rosidl_generator_c.dir/rosidl_generator_c/ublox_msgs/msg/detail/cfg_dgnss__functions.c.o[0m
[43.620s] [ 11%] [32mBuilding C object CMakeFiles/ublox_msgs__rosidl_generator_c.dir/rosidl_generator_c/ublox_msgs/msg/detail/cfg_dat__functions.c.o[0m
[43.668s] [ 11%] [32mBuilding C object CMakeFiles/ublox_msgs__rosidl_generator_c.dir/rosidl_generator_c/ublox_msgs/msg/detail/cfg_cfg__functions.c.o[0m
[43.702s] [ 11%] [32mBuilding C object CMakeFiles/ublox_msgs__rosidl_generator_c.dir/rosidl_generator_c/ublox_msgs/msg/detail/cfg_ant__functions.c.o[0m
[43.736s] [ 12%] [32mBuilding C object CMakeFiles/ublox_msgs__rosidl_generator_c.dir/rosidl_generator_c/ublox_msgs/msg/detail/aid_hui__functions.c.o[0m
[43.770s] [ 12%] [32mBuilding C object CMakeFiles/ublox_msgs__rosidl_generator_c.dir/rosidl_generator_c/ublox_msgs/msg/detail/aid_eph__functions.c.o[0m
[43.807s] [ 12%] [32mBuilding C object CMakeFiles/ublox_msgs__rosidl_generator_c.dir/rosidl_generator_c/ublox_msgs/msg/detail/aid_alm__functions.c.o[0m
[43.840s] [ 12%] [32m[1mLinking C shared library libublox_msgs__rosidl_generator_c.so[0m
[43.888s] [ 12%] Built target ublox_msgs__rosidl_generator_c
[43.901s] [ 12%] [34m[1mGenerating C++ type support dispatch for ROS interfaces[0m
[55.859s] [ 12%] [32mBuilding CXX object CMakeFiles/ublox_msgs__rosidl_typesupport_cpp.dir/rosidl_typesupport_cpp/ublox_msgs/msg/ack__type_support.cpp.o[0m
[56.025s] [ 12%] [32mBuilding CXX object CMakeFiles/ublox_msgs__rosidl_typesupport_cpp.dir/rosidl_typesupport_cpp/ublox_msgs/msg/cfg_nav5__type_support.cpp.o[0m
[56.183s] [ 13%] [32mBuilding CXX object CMakeFiles/ublox_msgs__rosidl_typesupport_cpp.dir/rosidl_typesupport_cpp/ublox_msgs/msg/cfg_navx5__type_support.cpp.o[0m
[56.349s] [ 13%] [32mBuilding CXX object CMakeFiles/ublox_msgs__rosidl_typesupport_cpp.dir/rosidl_typesupport_cpp/ublox_msgs/msg/cfg_nmea6__type_support.cpp.o[0m
[56.526s] [ 13%] [32mBuilding CXX object CMakeFiles/ublox_msgs__rosidl_typesupport_cpp.dir/rosidl_typesupport_cpp/ublox_msgs/msg/cfg_nmea7__type_support.cpp.o[0m
[56.685s] [ 13%] [32mBuilding CXX object CMakeFiles/ublox_msgs__rosidl_typesupport_cpp.dir/rosidl_typesupport_cpp/ublox_msgs/msg/cfg_nmea__type_support.cpp.o[0m
[56.848s] [ 13%] [32mBuilding CXX object CMakeFiles/ublox_msgs__rosidl_typesupport_cpp.dir/rosidl_typesupport_cpp/ublox_msgs/msg/cfg_prt__type_support.cpp.o[0m
[57.009s] [ 13%] [32mBuilding CXX object CMakeFiles/ublox_msgs__rosidl_typesupport_cpp.dir/rosidl_typesupport_cpp/ublox_msgs/msg/cfg_rate__type_support.cpp.o[0m
[57.188s] [ 13%] [32mBuilding CXX object CMakeFiles/ublox_msgs__rosidl_typesupport_cpp.dir/rosidl_typesupport_cpp/ublox_msgs/msg/cfg_rst__type_support.cpp.o[0m
[57.355s] [ 14%] [32mBuilding CXX object CMakeFiles/ublox_msgs__rosidl_typesupport_cpp.dir/rosidl_typesupport_cpp/ublox_msgs/msg/cfg_sbas__type_support.cpp.o[0m
[57.522s] [ 14%] [32mBuilding CXX object CMakeFiles/ublox_msgs__rosidl_typesupport_cpp.dir/rosidl_typesupport_cpp/ublox_msgs/msg/cfg_tmode3__type_support.cpp.o[0m
[57.709s] [ 14%] [32mBuilding CXX object CMakeFiles/ublox_msgs__rosidl_typesupport_cpp.dir/rosidl_typesupport_cpp/ublox_msgs/msg/cfg_usb__type_support.cpp.o[0m
[57.888s] [ 14%] [32mBuilding CXX object CMakeFiles/ublox_msgs__rosidl_typesupport_cpp.dir/rosidl_typesupport_cpp/ublox_msgs/msg/esf_ins__type_support.cpp.o[0m
[58.066s] [ 14%] [32mBuilding CXX object CMakeFiles/ublox_msgs__rosidl_typesupport_cpp.dir/rosidl_typesupport_cpp/ublox_msgs/msg/esf_meas__type_support.cpp.o[0m
[58.252s] [ 14%] [32mBuilding CXX object CMakeFiles/ublox_msgs__rosidl_typesupport_cpp.dir/rosidl_typesupport_cpp/ublox_msgs/msg/esf_raw_block__type_support.cpp.o[0m
[58.450s] [ 15%] [32mBuilding CXX object CMakeFiles/ublox_msgs__rosidl_typesupport_cpp.dir/rosidl_typesupport_cpp/ublox_msgs/msg/esf_raw__type_support.cpp.o[0m
[58.612s] [ 15%] [32mBuilding CXX object CMakeFiles/ublox_msgs__rosidl_typesupport_cpp.dir/rosidl_typesupport_cpp/ublox_msgs/msg/esf_status__type_support.cpp.o[0m
[58.782s] [ 15%] [32mBuilding CXX object CMakeFiles/ublox_msgs__rosidl_typesupport_cpp.dir/rosidl_typesupport_cpp/ublox_msgs/msg/esf_status_sens__type_support.cpp.o[0m
[58.951s] [ 15%] [32mBuilding CXX object CMakeFiles/ublox_msgs__rosidl_typesupport_cpp.dir/rosidl_typesupport_cpp/ublox_msgs/msg/hnr_pvt__type_support.cpp.o[0m
[59.167s] [ 15%] [32mBuilding CXX object CMakeFiles/ublox_msgs__rosidl_typesupport_cpp.dir/rosidl_typesupport_cpp/ublox_msgs/msg/inf__type_support.cpp.o[0m
[59.326s] [ 15%] [32mBuilding CXX object CMakeFiles/ublox_msgs__rosidl_typesupport_cpp.dir/rosidl_typesupport_cpp/ublox_msgs/msg/mga_gal__type_support.cpp.o[0m
[59.485s] [ 15%] [32mBuilding CXX object CMakeFiles/ublox_msgs__rosidl_typesupport_cpp.dir/rosidl_typesupport_cpp/ublox_msgs/msg/mon_gnss__type_support.cpp.o[0m
[59.649s] [ 16%] [32mBuilding CXX object CMakeFiles/ublox_msgs__rosidl_typesupport_cpp.dir/rosidl_typesupport_cpp/ublox_msgs/msg/mon_hw6__type_support.cpp.o[0m
[59.824s] [ 16%] [32mBuilding CXX object CMakeFiles/ublox_msgs__rosidl_typesupport_cpp.dir/rosidl_typesupport_cpp/ublox_msgs/msg/mon_hw__type_support.cpp.o[0m
[59.985s] [ 16%] [32mBuilding CXX object CMakeFiles/ublox_msgs__rosidl_typesupport_cpp.dir/rosidl_typesupport_cpp/ublox_msgs/msg/mon_ver_extension__type_support.cpp.o[0m
[60.155s] [ 16%] [32mBuilding CXX object CMakeFiles/ublox_msgs__rosidl_typesupport_cpp.dir/rosidl_typesupport_cpp/ublox_msgs/msg/mon_ver__type_support.cpp.o[0m
[60.319s] [ 16%] [32mBuilding CXX object CMakeFiles/ublox_msgs__rosidl_typesupport_cpp.dir/rosidl_typesupport_cpp/ublox_msgs/msg/nav_att__type_support.cpp.o[0m
[60.491s] [ 16%] [32mBuilding CXX object CMakeFiles/ublox_msgs__rosidl_typesupport_cpp.dir/rosidl_typesupport_cpp/ublox_msgs/msg/nav_clock__type_support.cpp.o[0m
[60.654s] [ 17%] [32mBuilding CXX object CMakeFiles/ublox_msgs__rosidl_typesupport_cpp.dir/rosidl_typesupport_cpp/ublox_msgs/msg/nav_cov__type_support.cpp.o[0m
[60.837s] [ 17%] [32mBuilding CXX object CMakeFiles/ublox_msgs__rosidl_typesupport_cpp.dir/rosidl_typesupport_cpp/ublox_msgs/msg/nav_dgps__type_support.cpp.o[0m
[61.026s] [ 17%] [32mBuilding CXX object CMakeFiles/ublox_msgs__rosidl_typesupport_cpp.dir/rosidl_typesupport_cpp/ublox_msgs/msg/nav_dgpssv__type_support.cpp.o[0m
[61.220s] [ 17%] [32mBuilding CXX object CMakeFiles/ublox_msgs__rosidl_typesupport_cpp.dir/rosidl_typesupport_cpp/ublox_msgs/msg/nav_dop__type_support.cpp.o[0m
[61.380s] [ 17%] [32mBuilding CXX object CMakeFiles/ublox_msgs__rosidl_typesupport_cpp.dir/rosidl_typesupport_cpp/ublox_msgs/msg/nav_posecef__type_support.cpp.o[0m
[61.551s] [ 17%] [32mBuilding CXX object CMakeFiles/ublox_msgs__rosidl_typesupport_cpp.dir/rosidl_typesupport_cpp/ublox_msgs/msg/nav_posllh__type_support.cpp.o[0m
[61.751s] [ 17%] [32mBuilding CXX object CMakeFiles/ublox_msgs__rosidl_typesupport_cpp.dir/rosidl_typesupport_cpp/ublox_msgs/msg/nav_pvt7__type_support.cpp.o[0m
[61.918s] [ 18%] [32mBuilding CXX object CMakeFiles/ublox_msgs__rosidl_typesupport_cpp.dir/rosidl_typesupport_cpp/ublox_msgs/msg/nav_pvt__type_support.cpp.o[0m
[62.087s] [ 18%] [32mBuilding CXX object CMakeFiles/ublox_msgs__rosidl_typesupport_cpp.dir/rosidl_typesupport_cpp/ublox_msgs/msg/nav_relposned9__type_support.cpp.o[0m
[62.280s] [ 18%] [32mBuilding CXX object CMakeFiles/ublox_msgs__rosidl_typesupport_cpp.dir/rosidl_typesupport_cpp/ublox_msgs/msg/nav_relposned__type_support.cpp.o[0m
[62.438s] [ 18%] [32mBuilding CXX object CMakeFiles/ublox_msgs__rosidl_typesupport_cpp.dir/rosidl_typesupport_cpp/ublox_msgs/msg/nav_sat__type_support.cpp.o[0m
[62.612s] [ 18%] [32mBuilding CXX object CMakeFiles/ublox_msgs__rosidl_typesupport_cpp.dir/rosidl_typesupport_cpp/ublox_msgs/msg/nav_satsv__type_support.cpp.o[0m
[62.787s] [ 18%] [32mBuilding CXX object CMakeFiles/ublox_msgs__rosidl_typesupport_cpp.dir/rosidl_typesupport_cpp/ublox_msgs/msg/nav_sbas__type_support.cpp.o[0m
[62.968s] [ 19%] [32mBuilding CXX object CMakeFiles/ublox_msgs__rosidl_typesupport_cpp.dir/rosidl_typesupport_cpp/ublox_msgs/msg/nav_sbassv__type_support.cpp.o[0m
[63.129s] [ 19%] [32mBuilding CXX object CMakeFiles/ublox_msgs__rosidl_typesupport_cpp.dir/rosidl_typesupport_cpp/ublox_msgs/msg/nav_sol__type_support.cpp.o[0m
[63.289s] [ 19%] [32mBuilding CXX object CMakeFiles/ublox_msgs__rosidl_typesupport_cpp.dir/rosidl_typesupport_cpp/ublox_msgs/msg/nav_status__type_support.cpp.o[0m
[63.441s] [ 19%] [32mBuilding CXX object CMakeFiles/ublox_msgs__rosidl_typesupport_cpp.dir/rosidl_typesupport_cpp/ublox_msgs/msg/nav_svinfo__type_support.cpp.o[0m
[63.601s] [ 19%] [32mBuilding CXX object CMakeFiles/ublox_msgs__rosidl_typesupport_cpp.dir/rosidl_typesupport_cpp/ublox_msgs/msg/nav_svinfosv__type_support.cpp.o[0m
[63.757s] [ 19%] [32mBuilding CXX object CMakeFiles/ublox_msgs__rosidl_typesupport_cpp.dir/rosidl_typesupport_cpp/ublox_msgs/msg/nav_svin__type_support.cpp.o[0m
[63.911s] [ 19%] [32mBuilding CXX object CMakeFiles/ublox_msgs__rosidl_typesupport_cpp.dir/rosidl_typesupport_cpp/ublox_msgs/msg/nav_timegps__type_support.cpp.o[0m
[64.071s] [ 20%] [32mBuilding CXX object CMakeFiles/ublox_msgs__rosidl_typesupport_cpp.dir/rosidl_typesupport_cpp/ublox_msgs/msg/nav_timeutc__type_support.cpp.o[0m
[64.231s] [ 20%] [32mBuilding CXX object CMakeFiles/ublox_msgs__rosidl_typesupport_cpp.dir/rosidl_typesupport_cpp/ublox_msgs/msg/nav_velecef__type_support.cpp.o[0m
[64.384s] [ 20%] [32mBuilding CXX object CMakeFiles/ublox_msgs__rosidl_typesupport_cpp.dir/rosidl_typesupport_cpp/ublox_msgs/msg/nav_velned__type_support.cpp.o[0m
[64.385s] [ 20%] [32mBuilding CXX object CMakeFiles/ublox_msgs__rosidl_typesupport_cpp.dir/rosidl_typesupport_cpp/ublox_msgs/msg/cfg_msg__type_support.cpp.o[0m
[64.570s] [ 20%] [32mBuilding CXX object CMakeFiles/ublox_msgs__rosidl_typesupport_cpp.dir/rosidl_typesupport_cpp/ublox_msgs/msg/cfg_inf__type_support.cpp.o[0m
[64.572s] [ 20%] [32mBuilding CXX object CMakeFiles/ublox_msgs__rosidl_typesupport_cpp.dir/rosidl_typesupport_cpp/ublox_msgs/msg/rxm_alm__type_support.cpp.o[0m
[64.725s] [ 20%] [32mBuilding CXX object CMakeFiles/ublox_msgs__rosidl_typesupport_cpp.dir/rosidl_typesupport_cpp/ublox_msgs/msg/rxm_raw__type_support.cpp.o[0m
[64.731s] [ 21%] [32mBuilding CXX object CMakeFiles/ublox_msgs__rosidl_typesupport_cpp.dir/rosidl_typesupport_cpp/ublox_msgs/msg/rxm_rawsv__type_support.cpp.o[0m
[64.898s] [ 21%] [32mBuilding CXX object CMakeFiles/ublox_msgs__rosidl_typesupport_cpp.dir/rosidl_typesupport_cpp/ublox_msgs/msg/rxm_rawx__type_support.cpp.o[0m
[64.899s] [ 21%] [32mBuilding CXX object CMakeFiles/ublox_msgs__rosidl_typesupport_cpp.dir/rosidl_typesupport_cpp/ublox_msgs/msg/rxm_rawx_meas__type_support.cpp.o[0m
[65.055s] [ 21%] [32mBuilding CXX object CMakeFiles/ublox_msgs__rosidl_typesupport_cpp.dir/rosidl_typesupport_cpp/ublox_msgs/msg/rxm_rtcm__type_support.cpp.o[0m
[65.055s] [ 21%] [32mBuilding CXX object CMakeFiles/ublox_msgs__rosidl_typesupport_cpp.dir/rosidl_typesupport_cpp/ublox_msgs/msg/rxm_sfrb__type_support.cpp.o[0m
[65.226s] [ 21%] [32mBuilding CXX object CMakeFiles/ublox_msgs__rosidl_typesupport_cpp.dir/rosidl_typesupport_cpp/ublox_msgs/msg/rxm_sfrbx__type_support.cpp.o[0m
[65.231s] [ 21%] [32mBuilding CXX object CMakeFiles/ublox_msgs__rosidl_typesupport_cpp.dir/rosidl_typesupport_cpp/ublox_msgs/msg/rxm_svsi__type_support.cpp.o[0m
[65.391s] [ 22%] [32mBuilding CXX object CMakeFiles/ublox_msgs__rosidl_typesupport_cpp.dir/rosidl_typesupport_cpp/ublox_msgs/msg/rxm_svsisv__type_support.cpp.o[0m
[65.403s] [ 22%] [32mBuilding CXX object CMakeFiles/ublox_msgs__rosidl_typesupport_cpp.dir/rosidl_typesupport_cpp/ublox_msgs/msg/tim_tm2__type_support.cpp.o[0m
[65.538s] [ 22%] [32mBuilding CXX object CMakeFiles/ublox_msgs__rosidl_typesupport_cpp.dir/rosidl_typesupport_cpp/ublox_msgs/msg/upd_sos_ack__type_support.cpp.o[0m
[65.559s] [ 22%] [32mBuilding CXX object CMakeFiles/ublox_msgs__rosidl_typesupport_cpp.dir/rosidl_typesupport_cpp/ublox_msgs/msg/upd_sos__type_support.cpp.o[0m
[65.710s] [ 22%] [32mBuilding CXX object CMakeFiles/ublox_msgs__rosidl_typesupport_cpp.dir/rosidl_typesupport_cpp/ublox_msgs/msg/rxm_eph__type_support.cpp.o[0m
[65.736s] [ 22%] [32mBuilding CXX object CMakeFiles/ublox_msgs__rosidl_typesupport_cpp.dir/rosidl_typesupport_cpp/ublox_msgs/msg/cfg_inf_block__type_support.cpp.o[0m
[65.864s] [ 22%] [32mBuilding CXX object CMakeFiles/ublox_msgs__rosidl_typesupport_cpp.dir/rosidl_typesupport_cpp/ublox_msgs/msg/cfg_hnr__type_support.cpp.o[0m
[65.911s] [ 23%] [32mBuilding CXX object CMakeFiles/ublox_msgs__rosidl_typesupport_cpp.dir/rosidl_typesupport_cpp/ublox_msgs/msg/cfg_gnss__type_support.cpp.o[0m
[66.036s] [ 23%] [32mBuilding CXX object CMakeFiles/ublox_msgs__rosidl_typesupport_cpp.dir/rosidl_typesupport_cpp/ublox_msgs/msg/cfg_gnss_block__type_support.cpp.o[0m
[66.098s] [ 23%] [32mBuilding CXX object CMakeFiles/ublox_msgs__rosidl_typesupport_cpp.dir/rosidl_typesupport_cpp/ublox_msgs/msg/cfg_dgnss__type_support.cpp.o[0m
[66.218s] [ 23%] [32mBuilding CXX object CMakeFiles/ublox_msgs__rosidl_typesupport_cpp.dir/rosidl_typesupport_cpp/ublox_msgs/msg/cfg_dat__type_support.cpp.o[0m
[66.278s] [ 23%] [32mBuilding CXX object CMakeFiles/ublox_msgs__rosidl_typesupport_cpp.dir/rosidl_typesupport_cpp/ublox_msgs/msg/cfg_cfg__type_support.cpp.o[0m
[66.376s] [ 23%] [32mBuilding CXX object CMakeFiles/ublox_msgs__rosidl_typesupport_cpp.dir/rosidl_typesupport_cpp/ublox_msgs/msg/cfg_ant__type_support.cpp.o[0m
[66.435s] [ 23%] [32mBuilding CXX object CMakeFiles/ublox_msgs__rosidl_typesupport_cpp.dir/rosidl_typesupport_cpp/ublox_msgs/msg/aid_hui__type_support.cpp.o[0m
[66.555s] [ 24%] [32mBuilding CXX object CMakeFiles/ublox_msgs__rosidl_typesupport_cpp.dir/rosidl_typesupport_cpp/ublox_msgs/msg/aid_eph__type_support.cpp.o[0m
[66.588s] [ 24%] [32mBuilding CXX object CMakeFiles/ublox_msgs__rosidl_typesupport_cpp.dir/rosidl_typesupport_cpp/ublox_msgs/msg/aid_alm__type_support.cpp.o[0m
[66.756s] [ 24%] [32m[1mLinking CXX shared library libublox_msgs__rosidl_typesupport_cpp.so[0m
[66.800s] [ 24%] Built target ublox_msgs__rosidl_typesupport_cpp
[66.810s] [ 24%] [34m[1mGenerating C introspection for ROS interfaces[0m
[66.810s] [ 24%] [34m[1mGenerating C type support dispatch for ROS interfaces[0m
[78.760s] [ 25%] [32mBuilding CXX object CMakeFiles/ublox_msgs__rosidl_typesupport_c.dir/rosidl_typesupport_c/ublox_msgs/msg/ack__type_support.cpp.o[0m
[78.760s] [ 25%] [32mBuilding CXX object CMakeFiles/ublox_msgs__rosidl_typesupport_c.dir/rosidl_typesupport_c/ublox_msgs/msg/aid_hui__type_support.cpp.o[0m
[78.760s] [ 25%] [32mBuilding CXX object CMakeFiles/ublox_msgs__rosidl_typesupport_c.dir/rosidl_typesupport_c/ublox_msgs/msg/cfg_ant__type_support.cpp.o[0m
[78.760s] [ 25%] [32mBuilding CXX object CMakeFiles/ublox_msgs__rosidl_typesupport_c.dir/rosidl_typesupport_c/ublox_msgs/msg/aid_eph__type_support.cpp.o[0m
[78.760s] [ 25%] [32mBuilding CXX object CMakeFiles/ublox_msgs__rosidl_typesupport_c.dir/rosidl_typesupport_c/ublox_msgs/msg/aid_alm__type_support.cpp.o[0m
[78.761s] [ 26%] [32mBuilding CXX object CMakeFiles/ublox_msgs__rosidl_typesupport_c.dir/rosidl_typesupport_c/ublox_msgs/msg/cfg_dat__type_support.cpp.o[0m
[78.763s] [ 26%] [32mBuilding CXX object CMakeFiles/ublox_msgs__rosidl_typesupport_c.dir/rosidl_typesupport_c/ublox_msgs/msg/cfg_cfg__type_support.cpp.o[0m
[78.784s] [ 26%] [32mBuilding CXX object CMakeFiles/ublox_msgs__rosidl_typesupport_c.dir/rosidl_typesupport_c/ublox_msgs/msg/cfg_nav5__type_support.cpp.o[0m
[78.785s] [ 26%] [32mBuilding CXX object CMakeFiles/ublox_msgs__rosidl_typesupport_c.dir/rosidl_typesupport_c/ublox_msgs/msg/cfg_nmea6__type_support.cpp.o[0m
[78.785s] [ 27%] [32mBuilding CXX object CMakeFiles/ublox_msgs__rosidl_typesupport_c.dir/rosidl_typesupport_c/ublox_msgs/msg/cfg_msg__type_support.cpp.o[0m
[78.789s] [ 27%] [32mBuilding CXX object CMakeFiles/ublox_msgs__rosidl_typesupport_c.dir/rosidl_typesupport_c/ublox_msgs/msg/cfg_nmea__type_support.cpp.o[0m
[78.789s] [ 28%] [32mBuilding CXX object CMakeFiles/ublox_msgs__rosidl_typesupport_c.dir/rosidl_typesupport_c/ublox_msgs/msg/cfg_prt__type_support.cpp.o[0m
[78.789s] [ 28%] [32mBuilding CXX object CMakeFiles/ublox_msgs__rosidl_typesupport_c.dir/rosidl_typesupport_c/ublox_msgs/msg/cfg_nmea7__type_support.cpp.o[0m
[78.796s] [ 28%] [32mBuilding CXX object CMakeFiles/ublox_msgs__rosidl_typesupport_c.dir/rosidl_typesupport_c/ublox_msgs/msg/cfg_rate__type_support.cpp.o[0m
[78.809s] [ 28%] [32mBuilding CXX object CMakeFiles/ublox_msgs__rosidl_typesupport_c.dir/rosidl_typesupport_c/ublox_msgs/msg/cfg_rst__type_support.cpp.o[0m
[78.812s] [ 28%] [32mBuilding CXX object CMakeFiles/ublox_msgs__rosidl_typesupport_c.dir/rosidl_typesupport_c/ublox_msgs/msg/cfg_sbas__type_support.cpp.o[0m
[78.813s] [ 28%] [32mBuilding CXX object CMakeFiles/ublox_msgs__rosidl_typesupport_c.dir/rosidl_typesupport_c/ublox_msgs/msg/cfg_navx5__type_support.cpp.o[0m
[78.816s] [ 28%] [32mBuilding CXX object CMakeFiles/ublox_msgs__rosidl_typesupport_c.dir/rosidl_typesupport_c/ublox_msgs/msg/cfg_usb__type_support.cpp.o[0m
[78.816s] [ 28%] [32mBuilding CXX object CMakeFiles/ublox_msgs__rosidl_typesupport_c.dir/rosidl_typesupport_c/ublox_msgs/msg/esf_ins__type_support.cpp.o[0m
[78.817s] [ 29%] [32mBuilding CXX object CMakeFiles/ublox_msgs__rosidl_typesupport_c.dir/rosidl_typesupport_c/ublox_msgs/msg/esf_meas__type_support.cpp.o[0m
[78.820s] [ 29%] [32mBuilding CXX object CMakeFiles/ublox_msgs__rosidl_typesupport_c.dir/rosidl_typesupport_c/ublox_msgs/msg/esf_raw_block__type_support.cpp.o[0m
[78.835s] [ 29%] [32mBuilding CXX object CMakeFiles/ublox_msgs__rosidl_typesupport_c.dir/rosidl_typesupport_c/ublox_msgs/msg/esf_status__type_support.cpp.o[0m
[78.835s] [ 29%] [32mBuilding CXX object CMakeFiles/ublox_msgs__rosidl_typesupport_c.dir/rosidl_typesupport_c/ublox_msgs/msg/esf_raw__type_support.cpp.o[0m
[78.838s] [ 29%] [32mBuilding CXX object CMakeFiles/ublox_msgs__rosidl_typesupport_c.dir/rosidl_typesupport_c/ublox_msgs/msg/cfg_tmode3__type_support.cpp.o[0m
[78.838s] [ 29%] [32mBuilding CXX object CMakeFiles/ublox_msgs__rosidl_typesupport_c.dir/rosidl_typesupport_c/ublox_msgs/msg/esf_status_sens__type_support.cpp.o[0m
[78.839s] [ 29%] [32mBuilding CXX object CMakeFiles/ublox_msgs__rosidl_typesupport_c.dir/rosidl_typesupport_c/ublox_msgs/msg/cfg_inf__type_support.cpp.o[0m
[78.842s] [ 29%] [32mBuilding CXX object CMakeFiles/ublox_msgs__rosidl_typesupport_c.dir/rosidl_typesupport_c/ublox_msgs/msg/mga_gal__type_support.cpp.o[0m
[78.849s] [ 29%] [32mBuilding CXX object CMakeFiles/ublox_msgs__rosidl_typesupport_c.dir/rosidl_typesupport_c/ublox_msgs/msg/mon_gnss__type_support.cpp.o[0m
[78.857s] [ 29%] [32mBuilding CXX object CMakeFiles/ublox_msgs__rosidl_typesupport_c.dir/rosidl_typesupport_c/ublox_msgs/msg/mon_hw6__type_support.cpp.o[0m
[78.858s] [ 29%] [32mBuilding CXX object CMakeFiles/ublox_msgs__rosidl_typesupport_c.dir/rosidl_typesupport_c/ublox_msgs/msg/mon_ver_extension__type_support.cpp.o[0m
[78.858s] [ 30%] [32mBuilding CXX object CMakeFiles/ublox_msgs__rosidl_typesupport_c.dir/rosidl_typesupport_c/ublox_msgs/msg/inf__type_support.cpp.o[0m
[78.861s] [ 30%] [32mBuilding CXX object CMakeFiles/ublox_msgs__rosidl_typesupport_c.dir/rosidl_typesupport_c/ublox_msgs/msg/mon_ver__type_support.cpp.o[0m
[78.869s] [ 31%] [32mBuilding CXX object CMakeFiles/ublox_msgs__rosidl_typesupport_c.dir/rosidl_typesupport_c/ublox_msgs/msg/nav_att__type_support.cpp.o[0m
[78.870s] [ 31%] [32mBuilding CXX object CMakeFiles/ublox_msgs__rosidl_typesupport_c.dir/rosidl_typesupport_c/ublox_msgs/msg/nav_clock__type_support.cpp.o[0m
[78.874s] [ 31%] [32mBuilding CXX object CMakeFiles/ublox_msgs__rosidl_typesupport_c.dir/rosidl_typesupport_c/ublox_msgs/msg/nav_cov__type_support.cpp.o[0m
[78.885s] [ 31%] [32mBuilding CXX object CMakeFiles/ublox_msgs__rosidl_typesupport_c.dir/rosidl_typesupport_c/ublox_msgs/msg/nav_dgpssv__type_support.cpp.o[0m
[78.886s] [ 31%] [32mBuilding CXX object CMakeFiles/ublox_msgs__rosidl_typesupport_c.dir/rosidl_typesupport_c/ublox_msgs/msg/hnr_pvt__type_support.cpp.o[0m
[78.886s] [ 31%] [32mBuilding CXX object CMakeFiles/ublox_msgs__rosidl_typesupport_c.dir/rosidl_typesupport_c/ublox_msgs/msg/mon_hw__type_support.cpp.o[0m
[78.886s] [ 31%] [32mBuilding CXX object CMakeFiles/ublox_msgs__rosidl_typesupport_c.dir/rosidl_typesupport_c/ublox_msgs/msg/nav_dgps__type_support.cpp.o[0m
[78.897s] [ 31%] [32mBuilding CXX object CMakeFiles/ublox_msgs__rosidl_typesupport_c.dir/rosidl_typesupport_c/ublox_msgs/msg/nav_posllh__type_support.cpp.o[0m
[78.897s] [ 31%] [32mBuilding CXX object CMakeFiles/ublox_msgs__rosidl_typesupport_c.dir/rosidl_typesupport_c/ublox_msgs/msg/nav_pvt7__type_support.cpp.o[0m
[78.901s] [ 31%] [32mBuilding CXX object CMakeFiles/ublox_msgs__rosidl_typesupport_c.dir/rosidl_typesupport_c/ublox_msgs/msg/nav_pvt__type_support.cpp.o[0m
[78.908s] [ 31%] [32mBuilding CXX object CMakeFiles/ublox_msgs__rosidl_typesupport_c.dir/rosidl_typesupport_c/ublox_msgs/msg/nav_relposned9__type_support.cpp.o[0m
[78.908s] [ 32%] [32mBuilding CXX object CMakeFiles/ublox_msgs__rosidl_typesupport_c.dir/rosidl_typesupport_c/ublox_msgs/msg/nav_posecef__type_support.cpp.o[0m
[78.913s] [ 32%] [32mBuilding CXX object CMakeFiles/ublox_msgs__rosidl_typesupport_c.dir/rosidl_typesupport_c/ublox_msgs/msg/nav_sat__type_support.cpp.o[0m
[78.920s] [ 33%] [32mBuilding CXX object CMakeFiles/ublox_msgs__rosidl_typesupport_c.dir/rosidl_typesupport_c/ublox_msgs/msg/nav_satsv__type_support.cpp.o[0m
[78.922s] [ 33%] [32mBuilding CXX object CMakeFiles/ublox_msgs__rosidl_typesupport_c.dir/rosidl_typesupport_c/ublox_msgs/msg/nav_sbassv__type_support.cpp.o[0m
[78.924s] [ 33%] [32mBuilding CXX object CMakeFiles/ublox_msgs__rosidl_typesupport_c.dir/rosidl_typesupport_c/ublox_msgs/msg/nav_sol__type_support.cpp.o[0m
[78.925s] [ 33%] [32mBuilding CXX object CMakeFiles/ublox_msgs__rosidl_typesupport_c.dir/rosidl_typesupport_c/ublox_msgs/msg/nav_sbas__type_support.cpp.o[0m
[78.938s] [ 33%] [32mBuilding CXX object CMakeFiles/ublox_msgs__rosidl_typesupport_c.dir/rosidl_typesupport_c/ublox_msgs/msg/nav_svinfo__type_support.cpp.o[0m
[78.943s] [ 33%] [32mBuilding CXX object CMakeFiles/ublox_msgs__rosidl_typesupport_c.dir/rosidl_typesupport_c/ublox_msgs/msg/nav_status__type_support.cpp.o[0m
[78.946s] [ 34%] [32mBuilding CXX object CMakeFiles/ublox_msgs__rosidl_typesupport_c.dir/rosidl_typesupport_c/ublox_msgs/msg/nav_svinfosv__type_support.cpp.o[0m
[78.951s] [ 34%] [32mBuilding CXX object CMakeFiles/ublox_msgs__rosidl_typesupport_c.dir/rosidl_typesupport_c/ublox_msgs/msg/nav_svin__type_support.cpp.o[0m
[78.955s] [ 34%] [32mBuilding CXX object CMakeFiles/ublox_msgs__rosidl_typesupport_c.dir/rosidl_typesupport_c/ublox_msgs/msg/nav_timegps__type_support.cpp.o[0m
[78.955s] [ 34%] [32mBuilding CXX object CMakeFiles/ublox_msgs__rosidl_typesupport_c.dir/rosidl_typesupport_c/ublox_msgs/msg/nav_relposned__type_support.cpp.o[0m
[78.955s] [ 34%] [32mBuilding CXX object CMakeFiles/ublox_msgs__rosidl_typesupport_c.dir/rosidl_typesupport_c/ublox_msgs/msg/nav_velecef__type_support.cpp.o[0m
[78.969s] [ 34%] [32mBuilding CXX object CMakeFiles/ublox_msgs__rosidl_typesupport_c.dir/rosidl_typesupport_c/ublox_msgs/msg/nav_velned__type_support.cpp.o[0m
[78.973s] [ 34%] [32mBuilding CXX object CMakeFiles/ublox_msgs__rosidl_typesupport_c.dir/rosidl_typesupport_c/ublox_msgs/msg/rxm_alm__type_support.cpp.o[0m
[78.980s] [ 35%] [32mBuilding CXX object CMakeFiles/ublox_msgs__rosidl_typesupport_c.dir/rosidl_typesupport_c/ublox_msgs/msg/rxm_eph__type_support.cpp.o[0m
[78.982s] [ 35%] [32mBuilding CXX object CMakeFiles/ublox_msgs__rosidl_typesupport_c.dir/rosidl_typesupport_c/ublox_msgs/msg/rxm_raw__type_support.cpp.o[0m
[78.983s] [ 35%] [32mBuilding CXX object CMakeFiles/ublox_msgs__rosidl_typesupport_c.dir/rosidl_typesupport_c/ublox_msgs/msg/nav_timeutc__type_support.cpp.o[0m
[78.984s] [ 35%] [32mBuilding CXX object CMakeFiles/ublox_msgs__rosidl_typesupport_c.dir/rosidl_typesupport_c/ublox_msgs/msg/rxm_rawx_meas__type_support.cpp.o[0m
[78.990s] [ 35%] [32mBuilding CXX object CMakeFiles/ublox_msgs__rosidl_typesupport_c.dir/rosidl_typesupport_c/ublox_msgs/msg/rxm_rawx__type_support.cpp.o[0m
[78.999s] [ 35%] [32mBuilding CXX object CMakeFiles/ublox_msgs__rosidl_typesupport_c.dir/rosidl_typesupport_c/ublox_msgs/msg/rxm_rtcm__type_support.cpp.o[0m
[79.002s] [ 36%] [32mBuilding CXX object CMakeFiles/ublox_msgs__rosidl_typesupport_c.dir/rosidl_typesupport_c/ublox_msgs/msg/rxm_sfrb__type_support.cpp.o[0m
[79.010s] [ 36%] [32mBuilding CXX object CMakeFiles/ublox_msgs__rosidl_typesupport_c.dir/rosidl_typesupport_c/ublox_msgs/msg/rxm_sfrbx__type_support.cpp.o[0m
[79.011s] [ 36%] [32mBuilding CXX object CMakeFiles/ublox_msgs__rosidl_typesupport_c.dir/rosidl_typesupport_c/ublox_msgs/msg/rxm_svsi__type_support.cpp.o[0m
[79.011s] [ 36%] [32mBuilding CXX object CMakeFiles/ublox_msgs__rosidl_typesupport_c.dir/rosidl_typesupport_c/ublox_msgs/msg/rxm_rawsv__type_support.cpp.o[0m
[79.011s] [ 36%] [32mBuilding CXX object CMakeFiles/ublox_msgs__rosidl_typesupport_c.dir/rosidl_typesupport_c/ublox_msgs/msg/rxm_svsisv__type_support.cpp.o[0m
[79.023s] [ 36%] [32mBuilding CXX object CMakeFiles/ublox_msgs__rosidl_typesupport_c.dir/rosidl_typesupport_c/ublox_msgs/msg/upd_sos_ack__type_support.cpp.o[0m
[79.035s] [ 36%] [32mBuilding CXX object CMakeFiles/ublox_msgs__rosidl_typesupport_c.dir/rosidl_typesupport_c/ublox_msgs/msg/tim_tm2__type_support.cpp.o[0m
[79.038s] [ 36%] [32mBuilding CXX object CMakeFiles/ublox_msgs__rosidl_typesupport_c.dir/rosidl_typesupport_c/ublox_msgs/msg/upd_sos__type_support.cpp.o[0m
[79.041s] [ 36%] [32mBuilding CXX object CMakeFiles/ublox_msgs__rosidl_typesupport_c.dir/rosidl_typesupport_c/ublox_msgs/msg/cfg_inf_block__type_support.cpp.o[0m
[79.042s] [ 36%] [32mBuilding CXX object CMakeFiles/ublox_msgs__rosidl_typesupport_c.dir/rosidl_typesupport_c/ublox_msgs/msg/cfg_hnr__type_support.cpp.o[0m
[79.042s] [ 36%] [32mBuilding CXX object CMakeFiles/ublox_msgs__rosidl_typesupport_c.dir/rosidl_typesupport_c/ublox_msgs/msg/nav_dop__type_support.cpp.o[0m
[79.043s] [ 36%] [32mBuilding CXX object CMakeFiles/ublox_msgs__rosidl_typesupport_c.dir/rosidl_typesupport_c/ublox_msgs/msg/cfg_gnss__type_support.cpp.o[0m
[79.057s] [ 36%] [32mBuilding CXX object CMakeFiles/ublox_msgs__rosidl_typesupport_c.dir/rosidl_typesupport_c/ublox_msgs/msg/cfg_gnss_block__type_support.cpp.o[0m
[79.066s] [ 36%] [32mBuilding CXX object CMakeFiles/ublox_msgs__rosidl_typesupport_c.dir/rosidl_typesupport_c/ublox_msgs/msg/cfg_dgnss__type_support.cpp.o[0m
[79.098s] [ 37%] [32m[1mLinking CXX shared library libublox_msgs__rosidl_typesupport_c.so[0m
[79.148s] [ 37%] Built target ublox_msgs__rosidl_typesupport_c
[79.161s] [ 37%] [34m[1mGenerating C type support for eProsima Fast-RTPS[0m
[79.163s] [ 37%] [34m[1mGenerating C++ type support for eProsima Fast-RTPS[0m
[79.164s] [ 37%] [34m[1mGenerating C++ introspection for ROS interfaces[0m
[79.169s] [ 37%] [32mBuilding CXX object CMakeFiles/ublox_msgs_lib.dir/src/ublox_msgs.cpp.o[0m
[79.338s] [ 38%] [32mBuilding C object CMakeFiles/ublox_msgs__rosidl_typesupport_introspection_c.dir/rosidl_typesupport_introspection_c/ublox_msgs/msg/detail/aid_alm__type_support.c.o[0m
[79.339s] [ 38%] [32mBuilding C object CMakeFiles/ublox_msgs__rosidl_typesupport_introspection_c.dir/rosidl_typesupport_introspection_c/ublox_msgs/msg/detail/aid_eph__type_support.c.o[0m
[79.339s] [ 38%] [32mBuilding C object CMakeFiles/ublox_msgs__rosidl_typesupport_introspection_c.dir/rosidl_typesupport_introspection_c/ublox_msgs/msg/detail/ack__type_support.c.o[0m
[79.339s] [ 38%] [32mBuilding C object CMakeFiles/ublox_msgs__rosidl_typesupport_introspection_c.dir/rosidl_typesupport_introspection_c/ublox_msgs/msg/detail/cfg_ant__type_support.c.o[0m
[79.339s] [ 39%] [32mBuilding C object CMakeFiles/ublox_msgs__rosidl_typesupport_introspection_c.dir/rosidl_typesupport_introspection_c/ublox_msgs/msg/detail/aid_hui__type_support.c.o[0m
[79.339s] [ 39%] [32mBuilding C object CMakeFiles/ublox_msgs__rosidl_typesupport_introspection_c.dir/rosidl_typesupport_introspection_c/ublox_msgs/msg/detail/cfg_dgnss__type_support.c.o[0m
[79.339s] [ 39%] [32mBuilding C object CMakeFiles/ublox_msgs__rosidl_typesupport_introspection_c.dir/rosidl_typesupport_introspection_c/ublox_msgs/msg/detail/cfg_dat__type_support.c.o[0m
[79.341s] [ 39%] [32mBuilding C object CMakeFiles/ublox_msgs__rosidl_typesupport_introspection_c.dir/rosidl_typesupport_introspection_c/ublox_msgs/msg/detail/cfg_cfg__type_support.c.o[0m
[79.373s] [ 39%] [32mBuilding C object CMakeFiles/ublox_msgs__rosidl_typesupport_introspection_c.dir/rosidl_typesupport_introspection_c/ublox_msgs/msg/detail/cfg_navx5__type_support.c.o[0m
[79.373s] [ 40%] [32mBuilding C object CMakeFiles/ublox_msgs__rosidl_typesupport_introspection_c.dir/rosidl_typesupport_introspection_c/ublox_msgs/msg/detail/cfg_nav5__type_support.c.o[0m
[79.375s] [ 40%] [32mBuilding C object CMakeFiles/ublox_msgs__rosidl_typesupport_introspection_c.dir/rosidl_typesupport_introspection_c/ublox_msgs/msg/detail/cfg_nmea6__type_support.c.o[0m
[79.375s] [ 40%] [32mBuilding C object CMakeFiles/ublox_msgs__rosidl_typesupport_introspection_c.dir/rosidl_typesupport_introspection_c/ublox_msgs/msg/detail/cfg_msg__type_support.c.o[0m
[79.376s] [ 40%] [32mBuilding C object CMakeFiles/ublox_msgs__rosidl_typesupport_introspection_c.dir/rosidl_typesupport_introspection_c/ublox_msgs/msg/detail/cfg_nmea7__type_support.c.o[0m
[79.380s] [ 40%] [32mBuilding C object CMakeFiles/ublox_msgs__rosidl_typesupport_introspection_c.dir/rosidl_typesupport_introspection_c/ublox_msgs/msg/detail/cfg_inf__type_support.c.o[0m
[79.382s] [ 40%] [32mBuilding C object CMakeFiles/ublox_msgs__rosidl_typesupport_introspection_c.dir/rosidl_typesupport_introspection_c/ublox_msgs/msg/detail/cfg_inf_block__type_support.c.o[0m
[79.389s] [ 40%] [32mBuilding C object CMakeFiles/ublox_msgs__rosidl_typesupport_introspection_c.dir/rosidl_typesupport_introspection_c/ublox_msgs/msg/detail/cfg_sbas__type_support.c.o[0m
[79.419s] [ 40%] [32mBuilding C object CMakeFiles/ublox_msgs__rosidl_typesupport_introspection_c.dir/rosidl_typesupport_introspection_c/ublox_msgs/msg/detail/cfg_rst__type_support.c.o[0m
[79.419s] [ 40%] [32mBuilding C object CMakeFiles/ublox_msgs__rosidl_typesupport_introspection_c.dir/rosidl_typesupport_introspection_c/ublox_msgs/msg/detail/cfg_tmode3__type_support.c.o[0m
[79.420s] [ 41%] [32mBuilding C object CMakeFiles/ublox_msgs__rosidl_typesupport_introspection_c.dir/rosidl_typesupport_introspection_c/ublox_msgs/msg/detail/cfg_rate__type_support.c.o[0m
[79.423s] [ 41%] [32mBuilding C object CMakeFiles/ublox_msgs__rosidl_typesupport_introspection_c.dir/rosidl_typesupport_introspection_c/ublox_msgs/msg/detail/esf_meas__type_support.c.o[0m
[79.423s] [ 42%] [32mBuilding C object CMakeFiles/ublox_msgs__rosidl_typesupport_introspection_c.dir/rosidl_typesupport_introspection_c/ublox_msgs/msg/detail/esf_raw_block__type_support.c.o[0m
[79.432s] [ 42%] [32mBuilding C object CMakeFiles/ublox_msgs__rosidl_typesupport_introspection_c.dir/rosidl_typesupport_introspection_c/ublox_msgs/msg/detail/esf_ins__type_support.c.o[0m
[79.440s] [ 42%] [32mBuilding C object CMakeFiles/ublox_msgs__rosidl_typesupport_introspection_c.dir/rosidl_typesupport_introspection_c/ublox_msgs/msg/detail/esf_status__type_support.c.o[0m
[79.441s] [ 42%] [32mBuilding C object CMakeFiles/ublox_msgs__rosidl_typesupport_introspection_c.dir/rosidl_typesupport_introspection_c/ublox_msgs/msg/detail/esf_raw__type_support.c.o[0m
[79.454s] [ 42%] [32mBuilding C object CMakeFiles/ublox_msgs__rosidl_typesupport_introspection_c.dir/rosidl_typesupport_introspection_c/ublox_msgs/msg/detail/hnr_pvt__type_support.c.o[0m
[79.454s] [ 42%] [32mBuilding C object CMakeFiles/ublox_msgs__rosidl_typesupport_introspection_c.dir/rosidl_typesupport_introspection_c/ublox_msgs/msg/detail/esf_status_sens__type_support.c.o[0m
[79.458s] [ 43%] [32mBuilding C object CMakeFiles/ublox_msgs__rosidl_typesupport_introspection_c.dir/rosidl_typesupport_introspection_c/ublox_msgs/msg/detail/mga_gal__type_support.c.o[0m
[79.460s] [ 43%] [32mBuilding C object CMakeFiles/ublox_msgs__rosidl_typesupport_introspection_c.dir/rosidl_typesupport_introspection_c/ublox_msgs/msg/detail/mon_gnss__type_support.c.o[0m
[79.470s] [ 43%] [32mBuilding C object CMakeFiles/ublox_msgs__rosidl_typesupport_introspection_c.dir/rosidl_typesupport_introspection_c/ublox_msgs/msg/detail/mon_hw6__type_support.c.o[0m
[79.478s] [ 43%] [32mBuilding C object CMakeFiles/ublox_msgs__rosidl_typesupport_introspection_c.dir/rosidl_typesupport_introspection_c/ublox_msgs/msg/detail/mon_hw__type_support.c.o[0m
[79.479s] [ 43%] [32mBuilding C object CMakeFiles/ublox_msgs__rosidl_typesupport_introspection_c.dir/rosidl_typesupport_introspection_c/ublox_msgs/msg/detail/mon_ver_extension__type_support.c.o[0m
[79.483s] [ 43%] [32mBuilding C object CMakeFiles/ublox_msgs__rosidl_typesupport_introspection_c.dir/rosidl_typesupport_introspection_c/ublox_msgs/msg/detail/mon_ver__type_support.c.o[0m
[79.491s] [ 43%] [32mBuilding C object CMakeFiles/ublox_msgs__rosidl_typesupport_introspection_c.dir/rosidl_typesupport_introspection_c/ublox_msgs/msg/detail/nav_att__type_support.c.o[0m
[79.495s] [ 44%] [32mBuilding C object CMakeFiles/ublox_msgs__rosidl_typesupport_introspection_c.dir/rosidl_typesupport_introspection_c/ublox_msgs/msg/detail/nav_clock__type_support.c.o[0m
[79.505s] [ 44%] [32mBuilding C object CMakeFiles/ublox_msgs__rosidl_typesupport_introspection_c.dir/rosidl_typesupport_introspection_c/ublox_msgs/msg/detail/inf__type_support.c.o[0m
[79.508s] [ 44%] [32mBuilding C object CMakeFiles/ublox_msgs__rosidl_typesupport_introspection_c.dir/rosidl_typesupport_introspection_c/ublox_msgs/msg/detail/nav_cov__type_support.c.o[0m
[79.510s] [ 44%] [32mBuilding C object CMakeFiles/ublox_msgs__rosidl_typesupport_introspection_c.dir/rosidl_typesupport_introspection_c/ublox_msgs/msg/detail/nav_dgpssv__type_support.c.o[0m
[79.511s] [ 44%] [32mBuilding C object CMakeFiles/ublox_msgs__rosidl_typesupport_introspection_c.dir/rosidl_typesupport_introspection_c/ublox_msgs/msg/detail/nav_dop__type_support.c.o[0m
[79.512s] [ 44%] [32mBuilding C object CMakeFiles/ublox_msgs__rosidl_typesupport_introspection_c.dir/rosidl_typesupport_introspection_c/ublox_msgs/msg/detail/nav_posecef__type_support.c.o[0m
[79.518s] [ 45%] [32mBuilding C object CMakeFiles/ublox_msgs__rosidl_typesupport_introspection_c.dir/rosidl_typesupport_introspection_c/ublox_msgs/msg/detail/nav_posllh__type_support.c.o[0m
[79.527s] [ 45%] [32mBuilding C object CMakeFiles/ublox_msgs__rosidl_typesupport_introspection_c.dir/rosidl_typesupport_introspection_c/ublox_msgs/msg/detail/nav_pvt7__type_support.c.o[0m
[79.534s] [ 45%] [32mBuilding C object CMakeFiles/ublox_msgs__rosidl_typesupport_introspection_c.dir/rosidl_typesupport_introspection_c/ublox_msgs/msg/detail/nav_pvt__type_support.c.o[0m
[79.540s] [ 45%] [32mBuilding C object CMakeFiles/ublox_msgs__rosidl_typesupport_introspection_c.dir/rosidl_typesupport_introspection_c/ublox_msgs/msg/detail/nav_relposned__type_support.c.o[0m
[79.540s] [ 45%] [32mBuilding C object CMakeFiles/ublox_msgs__rosidl_typesupport_introspection_c.dir/rosidl_typesupport_introspection_c/ublox_msgs/msg/detail/nav_relposned9__type_support.c.o[0m
[79.540s] [ 45%] [32mBuilding C object CMakeFiles/ublox_msgs__rosidl_typesupport_introspection_c.dir/rosidl_typesupport_introspection_c/ublox_msgs/msg/detail/nav_sat__type_support.c.o[0m
[79.544s] [ 45%] [32mBuilding C object CMakeFiles/ublox_msgs__rosidl_typesupport_introspection_c.dir/rosidl_typesupport_introspection_c/ublox_msgs/msg/detail/nav_satsv__type_support.c.o[0m
[79.545s] [ 46%] [32mBuilding C object CMakeFiles/ublox_msgs__rosidl_typesupport_introspection_c.dir/rosidl_typesupport_introspection_c/ublox_msgs/msg/detail/nav_sbas__type_support.c.o[0m
[79.549s] [ 46%] [32mBuilding C object CMakeFiles/ublox_msgs__rosidl_typesupport_introspection_c.dir/rosidl_typesupport_introspection_c/ublox_msgs/msg/detail/nav_sbassv__type_support.c.o[0m
[79.558s] [ 46%] [32mBuilding C object CMakeFiles/ublox_msgs__rosidl_typesupport_introspection_c.dir/rosidl_typesupport_introspection_c/ublox_msgs/msg/detail/nav_sol__type_support.c.o[0m
[79.571s] [ 46%] [32mBuilding C object CMakeFiles/ublox_msgs__rosidl_typesupport_introspection_c.dir/rosidl_typesupport_introspection_c/ublox_msgs/msg/detail/nav_dgps__type_support.c.o[0m
[79.571s] [ 46%] [32mBuilding C object CMakeFiles/ublox_msgs__rosidl_typesupport_introspection_c.dir/rosidl_typesupport_introspection_c/ublox_msgs/msg/detail/nav_status__type_support.c.o[0m
[79.577s] [ 47%] [32mBuilding C object CMakeFiles/ublox_msgs__rosidl_typesupport_introspection_c.dir/rosidl_typesupport_introspection_c/ublox_msgs/msg/detail/nav_svinfosv__type_support.c.o[0m
[79.577s] [ 47%] [32mBuilding C object CMakeFiles/ublox_msgs__rosidl_typesupport_introspection_c.dir/rosidl_typesupport_introspection_c/ublox_msgs/msg/detail/nav_svin__type_support.c.o[0m
[79.581s] [ 47%] [32mBuilding C object CMakeFiles/ublox_msgs__rosidl_typesupport_introspection_c.dir/rosidl_typesupport_introspection_c/ublox_msgs/msg/detail/nav_svinfo__type_support.c.o[0m
[79.581s] [ 47%] [32mBuilding C object CMakeFiles/ublox_msgs__rosidl_typesupport_introspection_c.dir/rosidl_typesupport_introspection_c/ublox_msgs/msg/detail/nav_timegps__type_support.c.o[0m
[79.583s] [ 47%] [32mBuilding C object CMakeFiles/ublox_msgs__rosidl_typesupport_introspection_c.dir/rosidl_typesupport_introspection_c/ublox_msgs/msg/detail/nav_velecef__type_support.c.o[0m
[79.597s] [ 47%] [32mBuilding C object CMakeFiles/ublox_msgs__rosidl_typesupport_introspection_c.dir/rosidl_typesupport_introspection_c/ublox_msgs/msg/detail/nav_velned__type_support.c.o[0m
[79.603s] [ 47%] [32mBuilding C object CMakeFiles/ublox_msgs__rosidl_typesupport_introspection_c.dir/rosidl_typesupport_introspection_c/ublox_msgs/msg/detail/rxm_alm__type_support.c.o[0m
[79.604s] [ 47%] [32mBuilding C object CMakeFiles/ublox_msgs__rosidl_typesupport_introspection_c.dir/rosidl_typesupport_introspection_c/ublox_msgs/msg/detail/rxm_eph__type_support.c.o[0m
[79.611s] [ 48%] [32mBuilding C object CMakeFiles/ublox_msgs__rosidl_typesupport_introspection_c.dir/rosidl_typesupport_introspection_c/ublox_msgs/msg/detail/rxm_raw__type_support.c.o[0m
[79.611s] [ 48%] [32mBuilding C object CMakeFiles/ublox_msgs__rosidl_typesupport_introspection_c.dir/rosidl_typesupport_introspection_c/ublox_msgs/msg/detail/rxm_rawsv__type_support.c.o[0m
[79.612s] [ 48%] [32mBuilding C object CMakeFiles/ublox_msgs__rosidl_typesupport_introspection_c.dir/rosidl_typesupport_introspection_c/ublox_msgs/msg/detail/rxm_rawx_meas__type_support.c.o[0m
[79.616s] [ 48%] [32mBuilding C object CMakeFiles/ublox_msgs__rosidl_typesupport_introspection_c.dir/rosidl_typesupport_introspection_c/ublox_msgs/msg/detail/rxm_rawx__type_support.c.o[0m
[79.620s] [ 48%] [32mBuilding C object CMakeFiles/ublox_msgs__rosidl_typesupport_introspection_c.dir/rosidl_typesupport_introspection_c/ublox_msgs/msg/detail/rxm_rtcm__type_support.c.o[0m
[79.634s] [ 48%] [32mBuilding C object CMakeFiles/ublox_msgs__rosidl_typesupport_introspection_c.dir/rosidl_typesupport_introspection_c/ublox_msgs/msg/detail/rxm_sfrb__type_support.c.o[0m
[79.636s] [ 48%] [32mBuilding C object CMakeFiles/ublox_msgs__rosidl_typesupport_introspection_c.dir/rosidl_typesupport_introspection_c/ublox_msgs/msg/detail/rxm_svsi__type_support.c.o[0m
[79.636s] [ 49%] [32mBuilding C object CMakeFiles/ublox_msgs__rosidl_typesupport_introspection_c.dir/rosidl_typesupport_introspection_c/ublox_msgs/msg/detail/rxm_sfrbx__type_support.c.o[0m
[79.645s] [ 49%] [32mBuilding C object CMakeFiles/ublox_msgs__rosidl_typesupport_introspection_c.dir/rosidl_typesupport_introspection_c/ublox_msgs/msg/detail/rxm_svsisv__type_support.c.o[0m
[79.646s] [ 49%] [32mBuilding C object CMakeFiles/ublox_msgs__rosidl_typesupport_introspection_c.dir/rosidl_typesupport_introspection_c/ublox_msgs/msg/detail/tim_tm2__type_support.c.o[0m
[79.646s] [ 49%] [32mBuilding C object CMakeFiles/ublox_msgs__rosidl_typesupport_introspection_c.dir/rosidl_typesupport_introspection_c/ublox_msgs/msg/detail/nav_timeutc__type_support.c.o[0m
[79.655s] [ 49%] [32mBuilding C object CMakeFiles/ublox_msgs__rosidl_typesupport_introspection_c.dir/rosidl_typesupport_introspection_c/ublox_msgs/msg/detail/upd_sos__type_support.c.o[0m
[79.662s] [ 49%] [32mBuilding C object CMakeFiles/ublox_msgs__rosidl_typesupport_introspection_c.dir/rosidl_typesupport_introspection_c/ublox_msgs/msg/detail/upd_sos_ack__type_support.c.o[0m
[79.669s] [ 49%] [32mBuilding C object CMakeFiles/ublox_msgs__rosidl_typesupport_introspection_c.dir/rosidl_typesupport_introspection_c/ublox_msgs/msg/detail/cfg_prt__type_support.c.o[0m
[79.670s] [ 49%] [32mBuilding C object CMakeFiles/ublox_msgs__rosidl_typesupport_introspection_c.dir/rosidl_typesupport_introspection_c/ublox_msgs/msg/detail/cfg_usb__type_support.c.o[0m
[79.672s] [ 49%] [32mBuilding C object CMakeFiles/ublox_msgs__rosidl_typesupport_introspection_c.dir/rosidl_typesupport_introspection_c/ublox_msgs/msg/detail/cfg_nmea__type_support.c.o[0m
[79.678s] [ 49%] [32mBuilding C object CMakeFiles/ublox_msgs__rosidl_typesupport_introspection_c.dir/rosidl_typesupport_introspection_c/ublox_msgs/msg/detail/cfg_gnss__type_support.c.o[0m
[79.679s] [ 49%] [32mBuilding C object CMakeFiles/ublox_msgs__rosidl_typesupport_introspection_c.dir/rosidl_typesupport_introspection_c/ublox_msgs/msg/detail/cfg_hnr__type_support.c.o[0m
[79.684s] [ 49%] [32mBuilding C object CMakeFiles/ublox_msgs__rosidl_typesupport_introspection_c.dir/rosidl_typesupport_introspection_c/ublox_msgs/msg/detail/cfg_gnss_block__type_support.c.o[0m
[79.716s] [ 49%] [32m[1mLinking C shared library libublox_msgs__rosidl_typesupport_introspection_c.so[0m
[79.755s] [ 49%] Built target ublox_msgs__rosidl_typesupport_introspection_c
[80.778s] [ 50%] [32m[1mLinking CXX shared library libublox_msgs_lib.so[0m
[80.879s] [ 50%] Built target ublox_msgs_lib
[90.405s] [ 50%] [32mBuilding CXX object CMakeFiles/ublox_msgs__rosidl_typesupport_introspection_cpp.dir/rosidl_typesupport_introspection_cpp/ublox_msgs/msg/detail/cfg_inf__type_support.cpp.o[0m
[90.405s] [ 50%] [32mBuilding CXX object CMakeFiles/ublox_msgs__rosidl_typesupport_introspection_cpp.dir/rosidl_typesupport_introspection_cpp/ublox_msgs/msg/detail/aid_eph__type_support.cpp.o[0m
[90.405s] [ 50%] [32mBuilding CXX object CMakeFiles/ublox_msgs__rosidl_typesupport_introspection_cpp.dir/rosidl_typesupport_introspection_cpp/ublox_msgs/msg/detail/ack__type_support.cpp.o[0m
[90.405s] [ 50%] [32mBuilding CXX object CMakeFiles/ublox_msgs__rosidl_typesupport_introspection_cpp.dir/rosidl_typesupport_introspection_cpp/ublox_msgs/msg/detail/cfg_dgnss__type_support.cpp.o[0m
[90.405s] [ 50%] [32mBuilding CXX object CMakeFiles/ublox_msgs__rosidl_typesupport_introspection_cpp.dir/rosidl_typesupport_introspection_cpp/ublox_msgs/msg/detail/cfg_gnss_block__type_support.cpp.o[0m
[90.406s] [ 51%] [32mBuilding CXX object CMakeFiles/ublox_msgs__rosidl_typesupport_introspection_cpp.dir/rosidl_typesupport_introspection_cpp/ublox_msgs/msg/detail/aid_alm__type_support.cpp.o[0m
[90.406s] [ 51%] [32mBuilding CXX object CMakeFiles/ublox_msgs__rosidl_typesupport_introspection_cpp.dir/rosidl_typesupport_introspection_cpp/ublox_msgs/msg/detail/cfg_hnr__type_support.cpp.o[0m
[90.406s] [ 52%] [32mBuilding CXX object CMakeFiles/ublox_msgs__rosidl_typesupport_introspection_cpp.dir/rosidl_typesupport_introspection_cpp/ublox_msgs/msg/detail/aid_hui__type_support.cpp.o[0m
[90.406s] [ 52%] [32mBuilding CXX object CMakeFiles/ublox_msgs__rosidl_typesupport_introspection_cpp.dir/rosidl_typesupport_introspection_cpp/ublox_msgs/msg/detail/cfg_dat__type_support.cpp.o[0m
[90.406s] [ 52%] [32mBuilding CXX object CMakeFiles/ublox_msgs__rosidl_typesupport_introspection_cpp.dir/rosidl_typesupport_introspection_cpp/ublox_msgs/msg/detail/cfg_ant__type_support.cpp.o[0m
[90.406s] [ 52%] [32mBuilding CXX object CMakeFiles/ublox_msgs__rosidl_typesupport_introspection_cpp.dir/rosidl_typesupport_introspection_cpp/ublox_msgs/msg/detail/cfg_inf_block__type_support.cpp.o[0m
[90.407s] [ 52%] [32mBuilding CXX object CMakeFiles/ublox_msgs__rosidl_typesupport_introspection_cpp.dir/rosidl_typesupport_introspection_cpp/ublox_msgs/msg/detail/cfg_gnss__type_support.cpp.o[0m
[90.410s] [ 52%] [32mBuilding CXX object CMakeFiles/ublox_msgs__rosidl_typesupport_introspection_cpp.dir/rosidl_typesupport_introspection_cpp/ublox_msgs/msg/detail/cfg_cfg__type_support.cpp.o[0m
[90.817s] [ 52%] [32mBuilding CXX object CMakeFiles/ublox_msgs__rosidl_typesupport_introspection_cpp.dir/rosidl_typesupport_introspection_cpp/ublox_msgs/msg/detail/cfg_nmea7__type_support.cpp.o[0m
[90.821s] [ 53%] [32mBuilding CXX object CMakeFiles/ublox_msgs__rosidl_typesupport_introspection_cpp.dir/rosidl_typesupport_introspection_cpp/ublox_msgs/msg/detail/cfg_nmea6__type_support.cpp.o[0m
[90.822s] [ 53%] [32mBuilding CXX object CMakeFiles/ublox_msgs__rosidl_typesupport_introspection_cpp.dir/rosidl_typesupport_introspection_cpp/ublox_msgs/msg/detail/cfg_navx5__type_support.cpp.o[0m
[90.835s] [ 53%] [32mBuilding CXX object CMakeFiles/ublox_msgs__rosidl_typesupport_introspection_cpp.dir/rosidl_typesupport_introspection_cpp/ublox_msgs/msg/detail/cfg_prt__type_support.cpp.o[0m
[90.840s] [ 53%] [32mBuilding CXX object CMakeFiles/ublox_msgs__rosidl_typesupport_introspection_cpp.dir/rosidl_typesupport_introspection_cpp/ublox_msgs/msg/detail/cfg_nmea__type_support.cpp.o[0m
[90.849s] [ 53%] [32mBuilding CXX object CMakeFiles/ublox_msgs__rosidl_typesupport_introspection_cpp.dir/rosidl_typesupport_introspection_cpp/ublox_msgs/msg/detail/cfg_rst__type_support.cpp.o[0m
[90.861s] [ 53%] [32mBuilding CXX object CMakeFiles/ublox_msgs__rosidl_typesupport_introspection_cpp.dir/rosidl_typesupport_introspection_cpp/ublox_msgs/msg/detail/cfg_sbas__type_support.cpp.o[0m
[90.875s] [ 53%] [32mBuilding CXX object CMakeFiles/ublox_msgs__rosidl_typesupport_introspection_cpp.dir/rosidl_typesupport_introspection_cpp/ublox_msgs/msg/detail/cfg_rate__type_support.cpp.o[0m
[90.884s] [ 53%] [32mBuilding CXX object CMakeFiles/ublox_msgs__rosidl_typesupport_introspection_cpp.dir/rosidl_typesupport_introspection_cpp/ublox_msgs/msg/detail/cfg_usb__type_support.cpp.o[0m
[90.898s] [ 53%] [32mBuilding CXX object CMakeFiles/ublox_msgs__rosidl_typesupport_introspection_cpp.dir/rosidl_typesupport_introspection_cpp/ublox_msgs/msg/detail/esf_ins__type_support.cpp.o[0m
[90.903s] [ 54%] [32mBuilding CXX object CMakeFiles/ublox_msgs__rosidl_typesupport_introspection_cpp.dir/rosidl_typesupport_introspection_cpp/ublox_msgs/msg/detail/cfg_tmode3__type_support.cpp.o[0m
[90.934s] [ 54%] [32mBuilding CXX object CMakeFiles/ublox_msgs__rosidl_typesupport_introspection_cpp.dir/rosidl_typesupport_introspection_cpp/ublox_msgs/msg/detail/esf_raw_block__type_support.cpp.o[0m
[90.983s] [ 55%] [32mBuilding CXX object CMakeFiles/ublox_msgs__rosidl_typesupport_introspection_cpp.dir/rosidl_typesupport_introspection_cpp/ublox_msgs/msg/detail/esf_status__type_support.cpp.o[0m
[91.216s] [ 55%] [32mBuilding CXX object CMakeFiles/ublox_msgs__rosidl_typesupport_introspection_cpp.dir/rosidl_typesupport_introspection_cpp/ublox_msgs/msg/detail/esf_status_sens__type_support.cpp.o[0m
[91.229s] [ 55%] [32mBuilding CXX object CMakeFiles/ublox_msgs__rosidl_typesupport_introspection_cpp.dir/rosidl_typesupport_introspection_cpp/ublox_msgs/msg/detail/hnr_pvt__type_support.cpp.o[0m
[91.235s] [ 55%] [32mBuilding CXX object CMakeFiles/ublox_msgs__rosidl_typesupport_introspection_cpp.dir/rosidl_typesupport_introspection_cpp/ublox_msgs/msg/detail/esf_raw__type_support.cpp.o[0m
[91.250s] [ 55%] [32mBuilding CXX object CMakeFiles/ublox_msgs__rosidl_typesupport_introspection_cpp.dir/rosidl_typesupport_introspection_cpp/ublox_msgs/msg/detail/mga_gal__type_support.cpp.o[0m
[91.252s] [ 55%] [32mBuilding CXX object CMakeFiles/ublox_msgs__rosidl_typesupport_introspection_cpp.dir/rosidl_typesupport_introspection_cpp/ublox_msgs/msg/detail/inf__type_support.cpp.o[0m
[91.270s] [ 55%] [32mBuilding CXX object CMakeFiles/ublox_msgs__rosidl_typesupport_introspection_cpp.dir/rosidl_typesupport_introspection_cpp/ublox_msgs/msg/detail/mon_hw6__type_support.cpp.o[0m
[91.279s] [ 55%] [32mBuilding CXX object CMakeFiles/ublox_msgs__rosidl_typesupport_introspection_cpp.dir/rosidl_typesupport_introspection_cpp/ublox_msgs/msg/detail/mon_gnss__type_support.cpp.o[0m
[91.282s] [ 55%] [32mBuilding CXX object CMakeFiles/ublox_msgs__rosidl_typesupport_introspection_cpp.dir/rosidl_typesupport_introspection_cpp/ublox_msgs/msg/detail/esf_meas__type_support.cpp.o[0m
[91.290s] [ 55%] [32mBuilding CXX object CMakeFiles/ublox_msgs__rosidl_typesupport_introspection_cpp.dir/rosidl_typesupport_introspection_cpp/ublox_msgs/msg/detail/cfg_nav5__type_support.cpp.o[0m
[91.293s] [ 55%] [32mBuilding CXX object CMakeFiles/ublox_msgs__rosidl_typesupport_introspection_cpp.dir/rosidl_typesupport_introspection_cpp/ublox_msgs/msg/detail/cfg_msg__type_support.cpp.o[0m
[91.297s] [ 56%] [32mBuilding CXX object CMakeFiles/ublox_msgs__rosidl_typesupport_introspection_cpp.dir/rosidl_typesupport_introspection_cpp/ublox_msgs/msg/detail/mon_hw__type_support.cpp.o[0m
[91.316s] [ 56%] [32mBuilding CXX object CMakeFiles/ublox_msgs__rosidl_typesupport_introspection_cpp.dir/rosidl_typesupport_introspection_cpp/ublox_msgs/msg/detail/mon_ver_extension__type_support.cpp.o[0m
[91.336s] [ 56%] [32mBuilding CXX object CMakeFiles/ublox_msgs__rosidl_typesupport_introspection_cpp.dir/rosidl_typesupport_introspection_cpp/ublox_msgs/msg/detail/mon_ver__type_support.cpp.o[0m
[91.349s] [ 56%] [32mBuilding CXX object CMakeFiles/ublox_msgs__rosidl_typesupport_introspection_cpp.dir/rosidl_typesupport_introspection_cpp/ublox_msgs/msg/detail/nav_att__type_support.cpp.o[0m
[91.384s] [ 56%] [32mBuilding CXX object CMakeFiles/ublox_msgs__rosidl_typesupport_introspection_cpp.dir/rosidl_typesupport_introspection_cpp/ublox_msgs/msg/detail/nav_cov__type_support.cpp.o[0m
[91.385s] [ 56%] [32mBuilding CXX object CMakeFiles/ublox_msgs__rosidl_typesupport_introspection_cpp.dir/rosidl_typesupport_introspection_cpp/ublox_msgs/msg/detail/nav_clock__type_support.cpp.o[0m
[91.410s] [ 57%] [32mBuilding CXX object CMakeFiles/ublox_msgs__rosidl_typesupport_introspection_cpp.dir/rosidl_typesupport_introspection_cpp/ublox_msgs/msg/detail/nav_dgps__type_support.cpp.o[0m
[91.477s] [ 57%] [32mBuilding CXX object CMakeFiles/ublox_msgs__rosidl_typesupport_introspection_cpp.dir/rosidl_typesupport_introspection_cpp/ublox_msgs/msg/detail/nav_dgpssv__type_support.cpp.o[0m
[91.645s] [ 57%] [32mBuilding CXX object CMakeFiles/ublox_msgs__rosidl_typesupport_introspection_cpp.dir/rosidl_typesupport_introspection_cpp/ublox_msgs/msg/detail/nav_dop__type_support.cpp.o[0m
[91.680s] [ 57%] [32mBuilding CXX object CMakeFiles/ublox_msgs__rosidl_typesupport_introspection_cpp.dir/rosidl_typesupport_introspection_cpp/ublox_msgs/msg/detail/nav_posecef__type_support.cpp.o[0m
[91.726s] [ 57%] [32mBuilding CXX object CMakeFiles/ublox_msgs__rosidl_typesupport_introspection_cpp.dir/rosidl_typesupport_introspection_cpp/ublox_msgs/msg/detail/nav_posllh__type_support.cpp.o[0m
[91.742s] [ 57%] [32mBuilding CXX object CMakeFiles/ublox_msgs__rosidl_typesupport_introspection_cpp.dir/rosidl_typesupport_introspection_cpp/ublox_msgs/msg/detail/nav_pvt7__type_support.cpp.o[0m
[91.757s] [ 57%] [32mBuilding CXX object CMakeFiles/ublox_msgs__rosidl_typesupport_introspection_cpp.dir/rosidl_typesupport_introspection_cpp/ublox_msgs/msg/detail/nav_pvt__type_support.cpp.o[0m
[91.798s] [ 58%] [32mBuilding CXX object CMakeFiles/ublox_msgs__rosidl_typesupport_introspection_cpp.dir/rosidl_typesupport_introspection_cpp/ublox_msgs/msg/detail/nav_relposned9__type_support.cpp.o[0m
[91.801s] [ 58%] [32mBuilding CXX object CMakeFiles/ublox_msgs__rosidl_typesupport_introspection_cpp.dir/rosidl_typesupport_introspection_cpp/ublox_msgs/msg/detail/nav_relposned__type_support.cpp.o[0m
[91.820s] [ 58%] [32mBuilding CXX object CMakeFiles/ublox_msgs__rosidl_typesupport_introspection_cpp.dir/rosidl_typesupport_introspection_cpp/ublox_msgs/msg/detail/nav_sat__type_support.cpp.o[0m
[91.834s] [ 58%] [32mBuilding CXX object CMakeFiles/ublox_msgs__rosidl_typesupport_introspection_cpp.dir/rosidl_typesupport_introspection_cpp/ublox_msgs/msg/detail/nav_satsv__type_support.cpp.o[0m
[91.869s] [ 58%] [32mBuilding CXX object CMakeFiles/ublox_msgs__rosidl_typesupport_introspection_cpp.dir/rosidl_typesupport_introspection_cpp/ublox_msgs/msg/detail/nav_sbas__type_support.cpp.o[0m
[91.899s] [ 58%] [32mBuilding CXX object CMakeFiles/ublox_msgs__rosidl_typesupport_introspection_cpp.dir/rosidl_typesupport_introspection_cpp/ublox_msgs/msg/detail/nav_sbassv__type_support.cpp.o[0m
[91.910s] [ 59%] [32mBuilding CXX object CMakeFiles/ublox_msgs__rosidl_typesupport_introspection_cpp.dir/rosidl_typesupport_introspection_cpp/ublox_msgs/msg/detail/nav_sol__type_support.cpp.o[0m
[91.933s] [ 59%] [32mBuilding CXX object CMakeFiles/ublox_msgs__rosidl_typesupport_introspection_cpp.dir/rosidl_typesupport_introspection_cpp/ublox_msgs/msg/detail/nav_status__type_support.cpp.o[0m
[91.952s] [ 59%] [32mBuilding CXX object CMakeFiles/ublox_msgs__rosidl_typesupport_introspection_cpp.dir/rosidl_typesupport_introspection_cpp/ublox_msgs/msg/detail/nav_svinfo__type_support.cpp.o[0m
[91.971s] [ 59%] [32mBuilding CXX object CMakeFiles/ublox_msgs__rosidl_typesupport_introspection_cpp.dir/rosidl_typesupport_introspection_cpp/ublox_msgs/msg/detail/nav_svinfosv__type_support.cpp.o[0m
[91.999s] [ 59%] [32mBuilding CXX object CMakeFiles/ublox_msgs__rosidl_typesupport_introspection_cpp.dir/rosidl_typesupport_introspection_cpp/ublox_msgs/msg/detail/nav_svin__type_support.cpp.o[0m
[92.014s] [ 59%] [32mBuilding CXX object CMakeFiles/ublox_msgs__rosidl_typesupport_introspection_cpp.dir/rosidl_typesupport_introspection_cpp/ublox_msgs/msg/detail/nav_timegps__type_support.cpp.o[0m
[92.025s] [ 59%] [32mBuilding CXX object CMakeFiles/ublox_msgs__rosidl_typesupport_introspection_cpp.dir/rosidl_typesupport_introspection_cpp/ublox_msgs/msg/detail/nav_timeutc__type_support.cpp.o[0m
[92.071s] [ 60%] [32mBuilding CXX object CMakeFiles/ublox_msgs__rosidl_typesupport_introspection_cpp.dir/rosidl_typesupport_introspection_cpp/ublox_msgs/msg/detail/nav_velecef__type_support.cpp.o[0m
[92.205s] [ 60%] [32mBuilding CXX object CMakeFiles/ublox_msgs__rosidl_typesupport_introspection_cpp.dir/rosidl_typesupport_introspection_cpp/ublox_msgs/msg/detail/nav_velned__type_support.cpp.o[0m
[92.216s] [ 60%] [32mBuilding CXX object CMakeFiles/ublox_msgs__rosidl_typesupport_introspection_cpp.dir/rosidl_typesupport_introspection_cpp/ublox_msgs/msg/detail/rxm_alm__type_support.cpp.o[0m
[92.230s] [ 60%] [32mBuilding CXX object CMakeFiles/ublox_msgs__rosidl_typesupport_introspection_cpp.dir/rosidl_typesupport_introspection_cpp/ublox_msgs/msg/detail/rxm_eph__type_support.cpp.o[0m
[92.235s] [ 60%] [32mBuilding CXX object CMakeFiles/ublox_msgs__rosidl_typesupport_introspection_cpp.dir/rosidl_typesupport_introspection_cpp/ublox_msgs/msg/detail/rxm_raw__type_support.cpp.o[0m
[92.250s] [ 61%] [32mBuilding CXX object CMakeFiles/ublox_msgs__rosidl_typesupport_fastrtps_c.dir/rosidl_typesupport_fastrtps_c/ublox_msgs/msg/detail/ack__type_support_c.cpp.o[0m
[92.281s] [ 61%] [32mBuilding CXX object CMakeFiles/ublox_msgs__rosidl_typesupport_introspection_cpp.dir/rosidl_typesupport_introspection_cpp/ublox_msgs/msg/detail/rxm_rawsv__type_support.cpp.o[0m
[92.320s] [ 61%] [32mBuilding CXX object CMakeFiles/ublox_msgs__rosidl_typesupport_fastrtps_c.dir/rosidl_typesupport_fastrtps_c/ublox_msgs/msg/detail/aid_alm__type_support_c.cpp.o[0m
[92.335s] [ 62%] [32mBuilding CXX object CMakeFiles/ublox_msgs__rosidl_typesupport_introspection_cpp.dir/rosidl_typesupport_introspection_cpp/ublox_msgs/msg/detail/rxm_rawx_meas__type_support.cpp.o[0m
[92.338s] [ 62%] [32mBuilding CXX object CMakeFiles/ublox_msgs__rosidl_typesupport_introspection_cpp.dir/rosidl_typesupport_introspection_cpp/ublox_msgs/msg/detail/rxm_rawx__type_support.cpp.o[0m
[92.357s] [ 62%] [32mBuilding CXX object CMakeFiles/ublox_msgs__rosidl_typesupport_introspection_cpp.dir/rosidl_typesupport_introspection_cpp/ublox_msgs/msg/detail/rxm_rtcm__type_support.cpp.o[0m
[92.367s] [ 62%] [32mBuilding CXX object CMakeFiles/ublox_msgs__rosidl_typesupport_introspection_cpp.dir/rosidl_typesupport_introspection_cpp/ublox_msgs/msg/detail/rxm_sfrb__type_support.cpp.o[0m
[92.455s] [ 62%] [32mBuilding CXX object CMakeFiles/ublox_msgs__rosidl_typesupport_introspection_cpp.dir/rosidl_typesupport_introspection_cpp/ublox_msgs/msg/detail/rxm_sfrbx__type_support.cpp.o[0m
[92.462s] [ 62%] [32mBuilding CXX object CMakeFiles/ublox_msgs__rosidl_typesupport_fastrtps_c.dir/rosidl_typesupport_fastrtps_c/ublox_msgs/msg/detail/aid_eph__type_support_c.cpp.o[0m
[92.463s] [ 62%] [32mBuilding CXX object CMakeFiles/ublox_msgs__rosidl_typesupport_fastrtps_c.dir/rosidl_typesupport_fastrtps_c/ublox_msgs/msg/detail/aid_hui__type_support_c.cpp.o[0m
[92.490s] [ 62%] [32mBuilding CXX object CMakeFiles/ublox_msgs__rosidl_typesupport_fastrtps_c.dir/rosidl_typesupport_fastrtps_c/ublox_msgs/msg/detail/cfg_ant__type_support_c.cpp.o[0m
[92.520s] [ 62%] [32mBuilding CXX object CMakeFiles/ublox_msgs__rosidl_typesupport_fastrtps_c.dir/rosidl_typesupport_fastrtps_c/ublox_msgs/msg/detail/cfg_cfg__type_support_c.cpp.o[0m
[92.587s] [ 62%] [32mBuilding CXX object CMakeFiles/ublox_msgs__rosidl_typesupport_introspection_cpp.dir/rosidl_typesupport_introspection_cpp/ublox_msgs/msg/detail/rxm_svsi__type_support.cpp.o[0m
[92.611s] [ 62%] [32mBuilding CXX object CMakeFiles/ublox_msgs__rosidl_typesupport_introspection_cpp.dir/rosidl_typesupport_introspection_cpp/ublox_msgs/msg/detail/rxm_svsisv__type_support.cpp.o[0m
[92.676s] [ 62%] [32mBuilding CXX object CMakeFiles/ublox_msgs__rosidl_typesupport_fastrtps_c.dir/rosidl_typesupport_fastrtps_c/ublox_msgs/msg/detail/cfg_dat__type_support_c.cpp.o[0m
[92.681s] [ 63%] [32mBuilding CXX object CMakeFiles/ublox_msgs__rosidl_typesupport_introspection_cpp.dir/rosidl_typesupport_introspection_cpp/ublox_msgs/msg/detail/tim_tm2__type_support.cpp.o[0m
[92.729s] [ 63%] [32mBuilding CXX object CMakeFiles/ublox_msgs__rosidl_typesupport_introspection_cpp.dir/rosidl_typesupport_introspection_cpp/ublox_msgs/msg/detail/upd_sos_ack__type_support.cpp.o[0m
[92.742s] [ 63%] [32mBuilding CXX object CMakeFiles/ublox_msgs__rosidl_typesupport_introspection_cpp.dir/rosidl_typesupport_introspection_cpp/ublox_msgs/msg/detail/upd_sos__type_support.cpp.o[0m
[92.783s] [ 64%] [32mBuilding CXX object CMakeFiles/ublox_msgs__rosidl_typesupport_fastrtps_c.dir/rosidl_typesupport_fastrtps_c/ublox_msgs/msg/detail/cfg_dgnss__type_support_c.cpp.o[0m
[92.804s] [ 64%] [32mBuilding CXX object CMakeFiles/ublox_msgs__rosidl_typesupport_fastrtps_c.dir/rosidl_typesupport_fastrtps_c/ublox_msgs/msg/detail/cfg_gnss_block__type_support_c.cpp.o[0m
[92.833s] [ 64%] [32mBuilding CXX object CMakeFiles/ublox_msgs__rosidl_typesupport_fastrtps_c.dir/rosidl_typesupport_fastrtps_c/ublox_msgs/msg/detail/cfg_gnss__type_support_c.cpp.o[0m
[92.842s] [ 64%] [32mBuilding CXX object CMakeFiles/ublox_msgs__rosidl_typesupport_fastrtps_c.dir/rosidl_typesupport_fastrtps_c/ublox_msgs/msg/detail/cfg_hnr__type_support_c.cpp.o[0m
[92.878s] [ 64%] [32mBuilding CXX object CMakeFiles/ublox_msgs__rosidl_typesupport_fastrtps_c.dir/rosidl_typesupport_fastrtps_c/ublox_msgs/msg/detail/cfg_inf_block__type_support_c.cpp.o[0m
[92.884s] [ 64%] [32mBuilding CXX object CMakeFiles/ublox_msgs__rosidl_typesupport_fastrtps_c.dir/rosidl_typesupport_fastrtps_c/ublox_msgs/msg/detail/cfg_inf__type_support_c.cpp.o[0m
[92.896s] [ 65%] [32mBuilding CXX object CMakeFiles/ublox_msgs__rosidl_typesupport_fastrtps_c.dir/rosidl_typesupport_fastrtps_c/ublox_msgs/msg/detail/cfg_msg__type_support_c.cpp.o[0m
[92.923s] [ 65%] [32mBuilding CXX object CMakeFiles/ublox_msgs__rosidl_typesupport_fastrtps_c.dir/rosidl_typesupport_fastrtps_c/ublox_msgs/msg/detail/cfg_nav5__type_support_c.cpp.o[0m
[92.924s] [ 65%] [32mBuilding CXX object CMakeFiles/ublox_msgs__rosidl_typesupport_fastrtps_c.dir/rosidl_typesupport_fastrtps_c/ublox_msgs/msg/detail/cfg_navx5__type_support_c.cpp.o[0m
[92.940s] [ 65%] [32mBuilding CXX object CMakeFiles/ublox_msgs__rosidl_typesupport_fastrtps_c.dir/rosidl_typesupport_fastrtps_c/ublox_msgs/msg/detail/cfg_nmea6__type_support_c.cpp.o[0m
[92.957s] [ 65%] [32mBuilding CXX object CMakeFiles/ublox_msgs__rosidl_typesupport_fastrtps_c.dir/rosidl_typesupport_fastrtps_c/ublox_msgs/msg/detail/cfg_nmea7__type_support_c.cpp.o[0m
[92.993s] [ 65%] [32mBuilding CXX object CMakeFiles/ublox_msgs__rosidl_typesupport_fastrtps_c.dir/rosidl_typesupport_fastrtps_c/ublox_msgs/msg/detail/cfg_nmea__type_support_c.cpp.o[0m
[93.069s] [ 66%] [32mBuilding CXX object CMakeFiles/ublox_msgs__rosidl_typesupport_fastrtps_c.dir/rosidl_typesupport_fastrtps_c/ublox_msgs/msg/detail/cfg_rate__type_support_c.cpp.o[0m
[93.204s] [ 66%] [32mBuilding CXX object CMakeFiles/ublox_msgs__rosidl_typesupport_fastrtps_c.dir/rosidl_typesupport_fastrtps_c/ublox_msgs/msg/detail/cfg_tmode3__type_support_c.cpp.o[0m
[93.206s] [ 66%] [32mBuilding CXX object CMakeFiles/ublox_msgs__rosidl_typesupport_fastrtps_c.dir/rosidl_typesupport_fastrtps_c/ublox_msgs/msg/detail/cfg_usb__type_support_c.cpp.o[0m
[93.209s] [ 66%] [32mBuilding CXX object CMakeFiles/ublox_msgs__rosidl_typesupport_fastrtps_c.dir/rosidl_typesupport_fastrtps_c/ublox_msgs/msg/detail/cfg_sbas__type_support_c.cpp.o[0m
[93.210s] [ 66%] [32mBuilding CXX object CMakeFiles/ublox_msgs__rosidl_typesupport_fastrtps_c.dir/rosidl_typesupport_fastrtps_c/ublox_msgs/msg/detail/cfg_rst__type_support_c.cpp.o[0m
[93.217s] [ 66%] [32m[1mLinking CXX shared library libublox_msgs__rosidl_typesupport_introspection_cpp.so[0m
[93.217s] [ 66%] [32mBuilding CXX object CMakeFiles/ublox_msgs__rosidl_typesupport_fastrtps_c.dir/rosidl_typesupport_fastrtps_c/ublox_msgs/msg/detail/cfg_prt__type_support_c.cpp.o[0m
[93.239s] [ 66%] [32mBuilding CXX object CMakeFiles/ublox_msgs__rosidl_typesupport_fastrtps_c.dir/rosidl_typesupport_fastrtps_c/ublox_msgs/msg/detail/esf_status__type_support_c.cpp.o[0m
[93.244s] [ 66%] [32mBuilding CXX object CMakeFiles/ublox_msgs__rosidl_typesupport_fastrtps_c.dir/rosidl_typesupport_fastrtps_c/ublox_msgs/msg/detail/esf_status_sens__type_support_c.cpp.o[0m
[93.282s] [ 66%] [32mBuilding CXX object CMakeFiles/ublox_msgs__rosidl_typesupport_fastrtps_c.dir/rosidl_typesupport_fastrtps_c/ublox_msgs/msg/detail/hnr_pvt__type_support_c.cpp.o[0m
[93.293s] [ 66%] [32mBuilding CXX object CMakeFiles/ublox_msgs__rosidl_typesupport_fastrtps_c.dir/rosidl_typesupport_fastrtps_c/ublox_msgs/msg/detail/esf_raw__type_support_c.cpp.o[0m
[93.301s] [ 66%] [32mBuilding CXX object CMakeFiles/ublox_msgs__rosidl_typesupport_fastrtps_c.dir/rosidl_typesupport_fastrtps_c/ublox_msgs/msg/detail/inf__type_support_c.cpp.o[0m
[93.306s] [ 67%] [32mBuilding CXX object CMakeFiles/ublox_msgs__rosidl_typesupport_fastrtps_c.dir/rosidl_typesupport_fastrtps_c/ublox_msgs/msg/detail/esf_meas__type_support_c.cpp.o[0m
[93.311s] [ 67%] [32mBuilding CXX object CMakeFiles/ublox_msgs__rosidl_typesupport_fastrtps_c.dir/rosidl_typesupport_fastrtps_c/ublox_msgs/msg/detail/esf_raw_block__type_support_c.cpp.o[0m
[93.315s] [ 67%] [32mBuilding CXX object CMakeFiles/ublox_msgs__rosidl_typesupport_fastrtps_c.dir/rosidl_typesupport_fastrtps_c/ublox_msgs/msg/detail/esf_ins__type_support_c.cpp.o[0m
[93.344s] [ 68%] [32mBuilding CXX object CMakeFiles/ublox_msgs__rosidl_typesupport_fastrtps_c.dir/rosidl_typesupport_fastrtps_c/ublox_msgs/msg/detail/mga_gal__type_support_c.cpp.o[0m
[93.352s] [ 68%] [32mBuilding CXX object CMakeFiles/ublox_msgs__rosidl_typesupport_fastrtps_c.dir/rosidl_typesupport_fastrtps_c/ublox_msgs/msg/detail/mon_gnss__type_support_c.cpp.o[0m
[93.360s] [ 68%] [32mBuilding CXX object CMakeFiles/ublox_msgs__rosidl_typesupport_fastrtps_c.dir/rosidl_typesupport_fastrtps_c/ublox_msgs/msg/detail/mon_hw6__type_support_c.cpp.o[0m
[93.385s] [ 68%] [32mBuilding CXX object CMakeFiles/ublox_msgs__rosidl_typesupport_fastrtps_c.dir/rosidl_typesupport_fastrtps_c/ublox_msgs/msg/detail/mon_ver_extension__type_support_c.cpp.o[0m
[93.386s] [ 68%] [32mBuilding CXX object CMakeFiles/ublox_msgs__rosidl_typesupport_fastrtps_c.dir/rosidl_typesupport_fastrtps_c/ublox_msgs/msg/detail/mon_hw__type_support_c.cpp.o[0m
[93.419s] [ 68%] Built target ublox_msgs__rosidl_typesupport_introspection_cpp
[93.435s] [ 68%] [32mBuilding CXX object CMakeFiles/ublox_msgs__rosidl_typesupport_fastrtps_c.dir/rosidl_typesupport_fastrtps_c/ublox_msgs/msg/detail/mon_ver__type_support_c.cpp.o[0m
[93.555s] [ 69%] [32mBuilding CXX object CMakeFiles/ublox_msgs__rosidl_typesupport_fastrtps_c.dir/rosidl_typesupport_fastrtps_c/ublox_msgs/msg/detail/nav_att__type_support_c.cpp.o[0m
[93.556s] [ 69%] [32mBuilding CXX object CMakeFiles/ublox_msgs__rosidl_typesupport_fastrtps_c.dir/rosidl_typesupport_fastrtps_c/ublox_msgs/msg/detail/nav_clock__type_support_c.cpp.o[0m
[93.585s] [ 69%] [32mBuilding CXX object CMakeFiles/ublox_msgs__rosidl_typesupport_fastrtps_c.dir/rosidl_typesupport_fastrtps_c/ublox_msgs/msg/detail/nav_cov__type_support_c.cpp.o[0m
[93.602s] [ 69%] [32mBuilding CXX object CMakeFiles/ublox_msgs__rosidl_typesupport_fastrtps_c.dir/rosidl_typesupport_fastrtps_c/ublox_msgs/msg/detail/nav_dgps__type_support_c.cpp.o[0m
[93.647s] [ 69%] [32mBuilding CXX object CMakeFiles/ublox_msgs__rosidl_typesupport_fastrtps_c.dir/rosidl_typesupport_fastrtps_c/ublox_msgs/msg/detail/nav_dgpssv__type_support_c.cpp.o[0m
[93.684s] [ 69%] [32mBuilding CXX object CMakeFiles/ublox_msgs__rosidl_typesupport_fastrtps_c.dir/rosidl_typesupport_fastrtps_c/ublox_msgs/msg/detail/nav_posecef__type_support_c.cpp.o[0m
[93.684s] [ 69%] [32mBuilding CXX object CMakeFiles/ublox_msgs__rosidl_typesupport_fastrtps_c.dir/rosidl_typesupport_fastrtps_c/ublox_msgs/msg/detail/nav_dop__type_support_c.cpp.o[0m
[93.715s] [ 70%] [32mBuilding CXX object CMakeFiles/ublox_msgs__rosidl_typesupport_fastrtps_c.dir/rosidl_typesupport_fastrtps_c/ublox_msgs/msg/detail/nav_posllh__type_support_c.cpp.o[0m
[93.738s] [ 70%] [32mBuilding CXX object CMakeFiles/ublox_msgs__rosidl_typesupport_fastrtps_c.dir/rosidl_typesupport_fastrtps_c/ublox_msgs/msg/detail/nav_pvt__type_support_c.cpp.o[0m
[93.741s] [ 70%] [32mBuilding CXX object CMakeFiles/ublox_msgs__rosidl_typesupport_fastrtps_c.dir/rosidl_typesupport_fastrtps_c/ublox_msgs/msg/detail/nav_pvt7__type_support_c.cpp.o[0m
[93.756s] [ 70%] [32mBuilding CXX object CMakeFiles/ublox_msgs__rosidl_typesupport_fastrtps_c.dir/rosidl_typesupport_fastrtps_c/ublox_msgs/msg/detail/nav_relposned9__type_support_c.cpp.o[0m
[93.777s] [ 70%] [32mBuilding CXX object CMakeFiles/ublox_msgs__rosidl_typesupport_fastrtps_c.dir/rosidl_typesupport_fastrtps_c/ublox_msgs/msg/detail/nav_sat__type_support_c.cpp.o[0m
[93.782s] [ 70%] [32mBuilding CXX object CMakeFiles/ublox_msgs__rosidl_typesupport_fastrtps_c.dir/rosidl_typesupport_fastrtps_c/ublox_msgs/msg/detail/nav_relposned__type_support_c.cpp.o[0m
[93.819s] [ 70%] [32mBuilding CXX object CMakeFiles/ublox_msgs__rosidl_typesupport_fastrtps_c.dir/rosidl_typesupport_fastrtps_c/ublox_msgs/msg/detail/nav_sbas__type_support_c.cpp.o[0m
[93.823s] [ 71%] [32mBuilding CXX object CMakeFiles/ublox_msgs__rosidl_typesupport_fastrtps_c.dir/rosidl_typesupport_fastrtps_c/ublox_msgs/msg/detail/nav_satsv__type_support_c.cpp.o[0m
[93.848s] [ 71%] [32mBuilding CXX object CMakeFiles/ublox_msgs__rosidl_typesupport_fastrtps_c.dir/rosidl_typesupport_fastrtps_c/ublox_msgs/msg/detail/nav_sbassv__type_support_c.cpp.o[0m
[93.856s] [ 71%] [32mBuilding CXX object CMakeFiles/ublox_msgs__rosidl_typesupport_fastrtps_c.dir/rosidl_typesupport_fastrtps_c/ublox_msgs/msg/detail/nav_svinfo__type_support_c.cpp.o[0m
[93.861s] [ 71%] [32mBuilding CXX object CMakeFiles/ublox_msgs__rosidl_typesupport_fastrtps_c.dir/rosidl_typesupport_fastrtps_c/ublox_msgs/msg/detail/nav_sol__type_support_c.cpp.o[0m
[93.861s] [ 71%] [32mBuilding CXX object CMakeFiles/ublox_msgs__rosidl_typesupport_fastrtps_c.dir/rosidl_typesupport_fastrtps_c/ublox_msgs/msg/detail/nav_status__type_support_c.cpp.o[0m
[93.892s] [ 71%] [32mBuilding CXX object CMakeFiles/ublox_msgs__rosidl_typesupport_fastrtps_c.dir/rosidl_typesupport_fastrtps_c/ublox_msgs/msg/detail/nav_svinfosv__type_support_c.cpp.o[0m
[93.899s] [ 71%] [32mBuilding CXX object CMakeFiles/ublox_msgs__rosidl_typesupport_fastrtps_cpp.dir/rosidl_typesupport_fastrtps_cpp/ublox_msgs/msg/detail/dds_fastrtps/ack__type_support.cpp.o[0m
[93.980s] [ 72%] [32mBuilding CXX object CMakeFiles/ublox_msgs__rosidl_typesupport_fastrtps_c.dir/rosidl_typesupport_fastrtps_c/ublox_msgs/msg/detail/nav_svin__type_support_c.cpp.o[0m
[94.011s] [ 72%] [32mBuilding CXX object CMakeFiles/ublox_msgs__rosidl_typesupport_fastrtps_c.dir/rosidl_typesupport_fastrtps_c/ublox_msgs/msg/detail/nav_timegps__type_support_c.cpp.o[0m
[94.072s] [ 72%] [32mBuilding CXX object CMakeFiles/ublox_msgs__rosidl_typesupport_fastrtps_cpp.dir/rosidl_typesupport_fastrtps_cpp/ublox_msgs/msg/detail/dds_fastrtps/aid_alm__type_support.cpp.o[0m
[94.085s] [ 72%] [32mBuilding CXX object CMakeFiles/ublox_msgs__rosidl_typesupport_fastrtps_c.dir/rosidl_typesupport_fastrtps_c/ublox_msgs/msg/detail/nav_timeutc__type_support_c.cpp.o[0m
[94.108s] [ 72%] [32mBuilding CXX object CMakeFiles/ublox_msgs__rosidl_typesupport_fastrtps_cpp.dir/rosidl_typesupport_fastrtps_cpp/ublox_msgs/msg/detail/dds_fastrtps/aid_eph__type_support.cpp.o[0m
[94.162s] [ 72%] [32mBuilding CXX object CMakeFiles/ublox_msgs__rosidl_typesupport_fastrtps_c.dir/rosidl_typesupport_fastrtps_c/ublox_msgs/msg/detail/nav_velecef__type_support_c.cpp.o[0m
[94.175s] [ 73%] [32mBuilding CXX object CMakeFiles/ublox_msgs__rosidl_typesupport_fastrtps_cpp.dir/rosidl_typesupport_fastrtps_cpp/ublox_msgs/msg/detail/dds_fastrtps/aid_hui__type_support.cpp.o[0m
[94.196s] [ 73%] [32mBuilding CXX object CMakeFiles/ublox_msgs__rosidl_typesupport_fastrtps_c.dir/rosidl_typesupport_fastrtps_c/ublox_msgs/msg/detail/nav_velned__type_support_c.cpp.o[0m
[94.212s] [ 73%] [32mBuilding CXX object CMakeFiles/ublox_msgs__rosidl_typesupport_fastrtps_cpp.dir/rosidl_typesupport_fastrtps_cpp/ublox_msgs/msg/detail/dds_fastrtps/cfg_cfg__type_support.cpp.o[0m
[94.213s] [ 73%] [32mBuilding CXX object CMakeFiles/ublox_msgs__rosidl_typesupport_fastrtps_cpp.dir/rosidl_typesupport_fastrtps_cpp/ublox_msgs/msg/detail/dds_fastrtps/cfg_ant__type_support.cpp.o[0m
[94.238s] [ 73%] [32mBuilding CXX object CMakeFiles/ublox_msgs__rosidl_typesupport_fastrtps_c.dir/rosidl_typesupport_fastrtps_c/ublox_msgs/msg/detail/rxm_alm__type_support_c.cpp.o[0m
[94.241s] [ 73%] [32mBuilding CXX object CMakeFiles/ublox_msgs__rosidl_typesupport_fastrtps_cpp.dir/rosidl_typesupport_fastrtps_cpp/ublox_msgs/msg/detail/dds_fastrtps/cfg_dat__type_support.cpp.o[0m
[94.257s] [ 74%] [32mBuilding CXX object CMakeFiles/ublox_msgs__rosidl_typesupport_fastrtps_c.dir/rosidl_typesupport_fastrtps_c/ublox_msgs/msg/detail/rxm_eph__type_support_c.cpp.o[0m
[94.271s] [ 74%] [32mBuilding CXX object CMakeFiles/ublox_msgs__rosidl_typesupport_fastrtps_c.dir/rosidl_typesupport_fastrtps_c/ublox_msgs/msg/detail/rxm_raw__type_support_c.cpp.o[0m
[94.276s] [ 74%] [32mBuilding CXX object CMakeFiles/ublox_msgs__rosidl_typesupport_fastrtps_c.dir/rosidl_typesupport_fastrtps_c/ublox_msgs/msg/detail/rxm_rawsv__type_support_c.cpp.o[0m
[94.300s] [ 74%] [32mBuilding CXX object CMakeFiles/ublox_msgs__rosidl_typesupport_fastrtps_cpp.dir/rosidl_typesupport_fastrtps_cpp/ublox_msgs/msg/detail/dds_fastrtps/cfg_gnss_block__type_support.cpp.o[0m
[94.301s] [ 74%] [32mBuilding CXX object CMakeFiles/ublox_msgs__rosidl_typesupport_fastrtps_cpp.dir/rosidl_typesupport_fastrtps_cpp/ublox_msgs/msg/detail/dds_fastrtps/cfg_dgnss__type_support.cpp.o[0m
[94.327s] [ 74%] [32mBuilding CXX object CMakeFiles/ublox_msgs__rosidl_typesupport_fastrtps_c.dir/rosidl_typesupport_fastrtps_c/ublox_msgs/msg/detail/rxm_rawx_meas__type_support_c.cpp.o[0m
[94.329s] [ 75%] [32mBuilding CXX object CMakeFiles/ublox_msgs__rosidl_typesupport_fastrtps_cpp.dir/rosidl_typesupport_fastrtps_cpp/ublox_msgs/msg/detail/dds_fastrtps/cfg_hnr__type_support.cpp.o[0m
[94.330s] [ 75%] [32mBuilding CXX object CMakeFiles/ublox_msgs__rosidl_typesupport_fastrtps_cpp.dir/rosidl_typesupport_fastrtps_cpp/ublox_msgs/msg/detail/dds_fastrtps/cfg_gnss__type_support.cpp.o[0m
[94.446s] [ 75%] [32mBuilding CXX object CMakeFiles/ublox_msgs__rosidl_typesupport_fastrtps_cpp.dir/rosidl_typesupport_fastrtps_cpp/ublox_msgs/msg/detail/dds_fastrtps/cfg_inf_block__type_support.cpp.o[0m
[94.488s] [ 75%] [32mBuilding CXX object CMakeFiles/ublox_msgs__rosidl_typesupport_fastrtps_cpp.dir/rosidl_typesupport_fastrtps_cpp/ublox_msgs/msg/detail/dds_fastrtps/cfg_inf__type_support.cpp.o[0m
[94.501s] [ 75%] [32mBuilding CXX object CMakeFiles/ublox_msgs__rosidl_typesupport_fastrtps_cpp.dir/rosidl_typesupport_fastrtps_cpp/ublox_msgs/msg/detail/dds_fastrtps/cfg_msg__type_support.cpp.o[0m
[94.569s] [ 75%] [32mBuilding CXX object CMakeFiles/ublox_msgs__rosidl_typesupport_fastrtps_c.dir/rosidl_typesupport_fastrtps_c/ublox_msgs/msg/detail/rxm_rawx__type_support_c.cpp.o[0m
[94.598s] [ 75%] [32mBuilding CXX object CMakeFiles/ublox_msgs__rosidl_typesupport_fastrtps_c.dir/rosidl_typesupport_fastrtps_c/ublox_msgs/msg/detail/rxm_rtcm__type_support_c.cpp.o[0m
[94.613s] [ 75%] [32mBuilding CXX object CMakeFiles/ublox_msgs__rosidl_typesupport_fastrtps_cpp.dir/rosidl_typesupport_fastrtps_cpp/ublox_msgs/msg/detail/dds_fastrtps/cfg_nav5__type_support.cpp.o[0m
[94.621s] [ 75%] [32mBuilding CXX object CMakeFiles/ublox_msgs__rosidl_typesupport_fastrtps_cpp.dir/rosidl_typesupport_fastrtps_cpp/ublox_msgs/msg/detail/dds_fastrtps/cfg_navx5__type_support.cpp.o[0m
[94.621s] [ 75%] [32mBuilding CXX object CMakeFiles/ublox_msgs__rosidl_typesupport_fastrtps_c.dir/rosidl_typesupport_fastrtps_c/ublox_msgs/msg/detail/rxm_sfrb__type_support_c.cpp.o[0m
[94.634s] [ 76%] [32mBuilding CXX object CMakeFiles/ublox_msgs__rosidl_typesupport_fastrtps_cpp.dir/rosidl_typesupport_fastrtps_cpp/ublox_msgs/msg/detail/dds_fastrtps/cfg_nmea6__type_support.cpp.o[0m
[94.642s] [ 76%] [32mBuilding CXX object CMakeFiles/ublox_msgs__rosidl_typesupport_fastrtps_cpp.dir/rosidl_typesupport_fastrtps_cpp/ublox_msgs/msg/detail/dds_fastrtps/cfg_nmea7__type_support.cpp.o[0m
[94.642s] [ 77%] [32mBuilding CXX object CMakeFiles/ublox_msgs__rosidl_typesupport_fastrtps_c.dir/rosidl_typesupport_fastrtps_c/ublox_msgs/msg/detail/rxm_sfrbx__type_support_c.cpp.o[0m
[94.669s] [ 77%] [32mBuilding CXX object CMakeFiles/ublox_msgs__rosidl_typesupport_fastrtps_cpp.dir/rosidl_typesupport_fastrtps_cpp/ublox_msgs/msg/detail/dds_fastrtps/cfg_nmea__type_support.cpp.o[0m
[94.731s] [ 77%] [32mBuilding CXX object CMakeFiles/ublox_msgs__rosidl_typesupport_fastrtps_cpp.dir/rosidl_typesupport_fastrtps_cpp/ublox_msgs/msg/detail/dds_fastrtps/cfg_prt__type_support.cpp.o[0m
[94.738s] [ 77%] [32mBuilding CXX object CMakeFiles/ublox_msgs__rosidl_typesupport_fastrtps_c.dir/rosidl_typesupport_fastrtps_c/ublox_msgs/msg/detail/rxm_svsi__type_support_c.cpp.o[0m
[94.756s] [ 77%] [32mBuilding CXX object CMakeFiles/ublox_msgs__rosidl_typesupport_fastrtps_cpp.dir/rosidl_typesupport_fastrtps_cpp/ublox_msgs/msg/detail/dds_fastrtps/cfg_rate__type_support.cpp.o[0m
[94.756s] [ 77%] [32mBuilding CXX object CMakeFiles/ublox_msgs__rosidl_typesupport_fastrtps_c.dir/rosidl_typesupport_fastrtps_c/ublox_msgs/msg/detail/tim_tm2__type_support_c.cpp.o[0m
[94.757s] [ 77%] [32mBuilding CXX object CMakeFiles/ublox_msgs__rosidl_typesupport_fastrtps_c.dir/rosidl_typesupport_fastrtps_c/ublox_msgs/msg/detail/rxm_svsisv__type_support_c.cpp.o[0m
[94.821s] [ 77%] [32mBuilding CXX object CMakeFiles/ublox_msgs__rosidl_typesupport_fastrtps_c.dir/rosidl_typesupport_fastrtps_c/ublox_msgs/msg/detail/upd_sos_ack__type_support_c.cpp.o[0m
[94.867s] [ 77%] [32mBuilding CXX object CMakeFiles/ublox_msgs__rosidl_typesupport_fastrtps_c.dir/rosidl_typesupport_fastrtps_c/ublox_msgs/msg/detail/upd_sos__type_support_c.cpp.o[0m
[94.947s] [ 77%] [32mBuilding CXX object CMakeFiles/ublox_msgs__rosidl_typesupport_fastrtps_cpp.dir/rosidl_typesupport_fastrtps_cpp/ublox_msgs/msg/detail/dds_fastrtps/cfg_rst__type_support.cpp.o[0m
[94.957s] [ 78%] [32mBuilding CXX object CMakeFiles/ublox_msgs__rosidl_typesupport_fastrtps_cpp.dir/rosidl_typesupport_fastrtps_cpp/ublox_msgs/msg/detail/dds_fastrtps/cfg_sbas__type_support.cpp.o[0m
[94.972s] [ 78%] [32mBuilding CXX object CMakeFiles/ublox_msgs__rosidl_typesupport_fastrtps_cpp.dir/rosidl_typesupport_fastrtps_cpp/ublox_msgs/msg/detail/dds_fastrtps/cfg_tmode3__type_support.cpp.o[0m
[94.983s] [ 78%] [32mBuilding CXX object CMakeFiles/ublox_msgs__rosidl_typesupport_fastrtps_cpp.dir/rosidl_typesupport_fastrtps_cpp/ublox_msgs/msg/detail/dds_fastrtps/cfg_usb__type_support.cpp.o[0m
[94.983s] [ 78%] [32mBuilding CXX object CMakeFiles/ublox_msgs__rosidl_typesupport_fastrtps_cpp.dir/rosidl_typesupport_fastrtps_cpp/ublox_msgs/msg/detail/dds_fastrtps/esf_ins__type_support.cpp.o[0m
[95.075s] [ 78%] [32mBuilding CXX object CMakeFiles/ublox_msgs__rosidl_typesupport_fastrtps_cpp.dir/rosidl_typesupport_fastrtps_cpp/ublox_msgs/msg/detail/dds_fastrtps/esf_raw_block__type_support.cpp.o[0m
[95.094s] [ 78%] [32mBuilding CXX object CMakeFiles/ublox_msgs__rosidl_typesupport_fastrtps_cpp.dir/rosidl_typesupport_fastrtps_cpp/ublox_msgs/msg/detail/dds_fastrtps/esf_raw__type_support.cpp.o[0m
[95.107s] [ 79%] [32mBuilding CXX object CMakeFiles/ublox_msgs__rosidl_typesupport_fastrtps_cpp.dir/rosidl_typesupport_fastrtps_cpp/ublox_msgs/msg/detail/dds_fastrtps/esf_status__type_support.cpp.o[0m
[95.113s] [ 79%] [32mBuilding CXX object CMakeFiles/ublox_msgs__rosidl_typesupport_fastrtps_cpp.dir/rosidl_typesupport_fastrtps_cpp/ublox_msgs/msg/detail/dds_fastrtps/esf_status_sens__type_support.cpp.o[0m
[95.150s] [ 79%] [32mBuilding CXX object CMakeFiles/ublox_msgs__rosidl_typesupport_fastrtps_cpp.dir/rosidl_typesupport_fastrtps_cpp/ublox_msgs/msg/detail/dds_fastrtps/inf__type_support.cpp.o[0m
[95.179s] [ 79%] [32mBuilding CXX object CMakeFiles/ublox_msgs__rosidl_typesupport_fastrtps_cpp.dir/rosidl_typesupport_fastrtps_cpp/ublox_msgs/msg/detail/dds_fastrtps/mon_gnss__type_support.cpp.o[0m
[95.194s] [ 80%] [32mBuilding CXX object CMakeFiles/ublox_msgs__rosidl_typesupport_fastrtps_cpp.dir/rosidl_typesupport_fastrtps_cpp/ublox_msgs/msg/detail/dds_fastrtps/mon_hw6__type_support.cpp.o[0m
[95.293s] [ 80%] [32mBuilding CXX object CMakeFiles/ublox_msgs__rosidl_typesupport_fastrtps_cpp.dir/rosidl_typesupport_fastrtps_cpp/ublox_msgs/msg/detail/dds_fastrtps/mon_ver__type_support.cpp.o[0m
[95.299s] [ 80%] [32mBuilding CXX object CMakeFiles/ublox_msgs__rosidl_typesupport_fastrtps_cpp.dir/rosidl_typesupport_fastrtps_cpp/ublox_msgs/msg/detail/dds_fastrtps/mon_ver_extension__type_support.cpp.o[0m
[95.302s] [ 80%] [32mBuilding CXX object CMakeFiles/ublox_msgs__rosidl_typesupport_fastrtps_cpp.dir/rosidl_typesupport_fastrtps_cpp/ublox_msgs/msg/detail/dds_fastrtps/mga_gal__type_support.cpp.o[0m
[95.310s] [ 80%] [32mBuilding CXX object CMakeFiles/ublox_msgs__rosidl_typesupport_fastrtps_cpp.dir/rosidl_typesupport_fastrtps_cpp/ublox_msgs/msg/detail/dds_fastrtps/esf_meas__type_support.cpp.o[0m
[95.310s] [ 80%] [32mBuilding CXX object CMakeFiles/ublox_msgs__rosidl_typesupport_fastrtps_cpp.dir/rosidl_typesupport_fastrtps_cpp/ublox_msgs/msg/detail/dds_fastrtps/mon_hw__type_support.cpp.o[0m
[95.310s] [ 80%] [32mBuilding CXX object CMakeFiles/ublox_msgs__rosidl_typesupport_fastrtps_cpp.dir/rosidl_typesupport_fastrtps_cpp/ublox_msgs/msg/detail/dds_fastrtps/hnr_pvt__type_support.cpp.o[0m
[95.336s] [ 80%] [32mBuilding CXX object CMakeFiles/ublox_msgs__rosidl_typesupport_fastrtps_cpp.dir/rosidl_typesupport_fastrtps_cpp/ublox_msgs/msg/detail/dds_fastrtps/nav_att__type_support.cpp.o[0m
[95.343s] [ 81%] [32m[1mLinking CXX shared library libublox_msgs__rosidl_typesupport_fastrtps_c.so[0m
[95.393s] [ 81%] [32mBuilding CXX object CMakeFiles/ublox_msgs__rosidl_typesupport_fastrtps_cpp.dir/rosidl_typesupport_fastrtps_cpp/ublox_msgs/msg/detail/dds_fastrtps/nav_clock__type_support.cpp.o[0m
[95.408s] [ 81%] [32mBuilding CXX object CMakeFiles/ublox_msgs__rosidl_typesupport_fastrtps_cpp.dir/rosidl_typesupport_fastrtps_cpp/ublox_msgs/msg/detail/dds_fastrtps/nav_cov__type_support.cpp.o[0m
[95.466s] [ 82%] [32mBuilding CXX object CMakeFiles/ublox_msgs__rosidl_typesupport_fastrtps_cpp.dir/rosidl_typesupport_fastrtps_cpp/ublox_msgs/msg/detail/dds_fastrtps/nav_dgps__type_support.cpp.o[0m
[95.482s] [ 82%] [32mBuilding CXX object CMakeFiles/ublox_msgs__rosidl_typesupport_fastrtps_cpp.dir/rosidl_typesupport_fastrtps_cpp/ublox_msgs/msg/detail/dds_fastrtps/nav_dgpssv__type_support.cpp.o[0m
[95.511s] [ 82%] [32mBuilding CXX object CMakeFiles/ublox_msgs__rosidl_typesupport_fastrtps_cpp.dir/rosidl_typesupport_fastrtps_cpp/ublox_msgs/msg/detail/dds_fastrtps/nav_dop__type_support.cpp.o[0m
[95.592s] [ 82%] [32mBuilding CXX object CMakeFiles/ublox_msgs__rosidl_typesupport_fastrtps_cpp.dir/rosidl_typesupport_fastrtps_cpp/ublox_msgs/msg/detail/dds_fastrtps/nav_posecef__type_support.cpp.o[0m
[95.608s] [ 82%] [32mBuilding CXX object CMakeFiles/ublox_msgs__rosidl_typesupport_fastrtps_cpp.dir/rosidl_typesupport_fastrtps_cpp/ublox_msgs/msg/detail/dds_fastrtps/nav_posllh__type_support.cpp.o[0m
[95.616s] [ 82%] [32mBuilding CXX object CMakeFiles/ublox_msgs__rosidl_typesupport_fastrtps_cpp.dir/rosidl_typesupport_fastrtps_cpp/ublox_msgs/msg/detail/dds_fastrtps/nav_pvt7__type_support.cpp.o[0m
[95.640s] [ 83%] [32mBuilding CXX object CMakeFiles/ublox_msgs__rosidl_typesupport_fastrtps_cpp.dir/rosidl_typesupport_fastrtps_cpp/ublox_msgs/msg/detail/dds_fastrtps/nav_pvt__type_support.cpp.o[0m
[95.691s] [ 83%] Built target ublox_msgs__rosidl_typesupport_fastrtps_c
[95.704s] [ 83%] [32mBuilding CXX object CMakeFiles/ublox_msgs__rosidl_typesupport_fastrtps_cpp.dir/rosidl_typesupport_fastrtps_cpp/ublox_msgs/msg/detail/dds_fastrtps/nav_relposned__type_support.cpp.o[0m
[95.708s] [ 83%] [32mBuilding CXX object CMakeFiles/ublox_msgs__rosidl_typesupport_fastrtps_cpp.dir/rosidl_typesupport_fastrtps_cpp/ublox_msgs/msg/detail/dds_fastrtps/nav_relposned9__type_support.cpp.o[0m
[95.736s] [ 83%] [32mBuilding CXX object CMakeFiles/ublox_msgs__rosidl_typesupport_fastrtps_cpp.dir/rosidl_typesupport_fastrtps_cpp/ublox_msgs/msg/detail/dds_fastrtps/nav_satsv__type_support.cpp.o[0m
[95.746s] [ 83%] [32mBuilding CXX object CMakeFiles/ublox_msgs__rosidl_typesupport_fastrtps_cpp.dir/rosidl_typesupport_fastrtps_cpp/ublox_msgs/msg/detail/dds_fastrtps/nav_sbas__type_support.cpp.o[0m
[95.805s] [ 83%] [32mBuilding CXX object CMakeFiles/ublox_msgs__rosidl_typesupport_fastrtps_cpp.dir/rosidl_typesupport_fastrtps_cpp/ublox_msgs/msg/detail/dds_fastrtps/nav_sbassv__type_support.cpp.o[0m
[95.827s] [ 84%] [32mBuilding CXX object CMakeFiles/ublox_msgs__rosidl_typesupport_fastrtps_cpp.dir/rosidl_typesupport_fastrtps_cpp/ublox_msgs/msg/detail/dds_fastrtps/nav_sol__type_support.cpp.o[0m
[95.848s] [ 84%] [32mBuilding CXX object CMakeFiles/ublox_msgs__rosidl_typesupport_fastrtps_cpp.dir/rosidl_typesupport_fastrtps_cpp/ublox_msgs/msg/detail/dds_fastrtps/nav_status__type_support.cpp.o[0m
[95.886s] [ 84%] [32mBuilding CXX object CMakeFiles/ublox_msgs__rosidl_typesupport_fastrtps_cpp.dir/rosidl_typesupport_fastrtps_cpp/ublox_msgs/msg/detail/dds_fastrtps/nav_svinfo__type_support.cpp.o[0m
[95.905s] [ 84%] [32mBuilding CXX object CMakeFiles/ublox_msgs__rosidl_typesupport_fastrtps_cpp.dir/rosidl_typesupport_fastrtps_cpp/ublox_msgs/msg/detail/dds_fastrtps/nav_svinfosv__type_support.cpp.o[0m
[95.912s] [ 84%] [32mBuilding CXX object CMakeFiles/ublox_msgs__rosidl_typesupport_fastrtps_cpp.dir/rosidl_typesupport_fastrtps_cpp/ublox_msgs/msg/detail/dds_fastrtps/nav_svin__type_support.cpp.o[0m
[95.923s] [ 84%] [32mBuilding CXX object CMakeFiles/ublox_msgs__rosidl_typesupport_fastrtps_cpp.dir/rosidl_typesupport_fastrtps_cpp/ublox_msgs/msg/detail/dds_fastrtps/nav_timegps__type_support.cpp.o[0m
[96.034s] [ 85%] [32mBuilding CXX object CMakeFiles/ublox_msgs__rosidl_typesupport_fastrtps_cpp.dir/rosidl_typesupport_fastrtps_cpp/ublox_msgs/msg/detail/dds_fastrtps/nav_timeutc__type_support.cpp.o[0m
[96.037s] [ 85%] [32mBuilding CXX object CMakeFiles/ublox_msgs__rosidl_typesupport_fastrtps_cpp.dir/rosidl_typesupport_fastrtps_cpp/ublox_msgs/msg/detail/dds_fastrtps/nav_sat__type_support.cpp.o[0m
[96.045s] [ 85%] [32mBuilding CXX object CMakeFiles/ublox_msgs__rosidl_typesupport_fastrtps_cpp.dir/rosidl_typesupport_fastrtps_cpp/ublox_msgs/msg/detail/dds_fastrtps/nav_velned__type_support.cpp.o[0m
[96.045s] [ 85%] [32mBuilding CXX object CMakeFiles/ublox_msgs__rosidl_typesupport_fastrtps_cpp.dir/rosidl_typesupport_fastrtps_cpp/ublox_msgs/msg/detail/dds_fastrtps/nav_velecef__type_support.cpp.o[0m
[96.065s] [ 85%] [32mBuilding CXX object CMakeFiles/ublox_msgs__rosidl_typesupport_fastrtps_cpp.dir/rosidl_typesupport_fastrtps_cpp/ublox_msgs/msg/detail/dds_fastrtps/rxm_eph__type_support.cpp.o[0m
[96.070s] [ 85%] [32mBuilding CXX object CMakeFiles/ublox_msgs__rosidl_typesupport_fastrtps_cpp.dir/rosidl_typesupport_fastrtps_cpp/ublox_msgs/msg/detail/dds_fastrtps/rxm_raw__type_support.cpp.o[0m
[96.114s] [ 85%] [32mBuilding CXX object CMakeFiles/ublox_msgs__rosidl_typesupport_fastrtps_cpp.dir/rosidl_typesupport_fastrtps_cpp/ublox_msgs/msg/detail/dds_fastrtps/rxm_rawsv__type_support.cpp.o[0m
[96.131s] [ 86%] [32mBuilding CXX object CMakeFiles/ublox_msgs__rosidl_typesupport_fastrtps_cpp.dir/rosidl_typesupport_fastrtps_cpp/ublox_msgs/msg/detail/dds_fastrtps/rxm_rawx_meas__type_support.cpp.o[0m
[96.223s] [ 86%] [32mBuilding CXX object CMakeFiles/ublox_msgs__rosidl_typesupport_fastrtps_cpp.dir/rosidl_typesupport_fastrtps_cpp/ublox_msgs/msg/detail/dds_fastrtps/rxm_rawx__type_support.cpp.o[0m
[96.257s] [ 86%] [32mBuilding CXX object CMakeFiles/ublox_msgs__rosidl_typesupport_fastrtps_cpp.dir/rosidl_typesupport_fastrtps_cpp/ublox_msgs/msg/detail/dds_fastrtps/rxm_sfrb__type_support.cpp.o[0m
[96.263s] [ 86%] [32mBuilding CXX object CMakeFiles/ublox_msgs__rosidl_typesupport_fastrtps_cpp.dir/rosidl_typesupport_fastrtps_cpp/ublox_msgs/msg/detail/dds_fastrtps/rxm_rtcm__type_support.cpp.o[0m
[96.275s] [ 86%] [32mBuilding CXX object CMakeFiles/ublox_msgs__rosidl_typesupport_fastrtps_cpp.dir/rosidl_typesupport_fastrtps_cpp/ublox_msgs/msg/detail/dds_fastrtps/rxm_sfrbx__type_support.cpp.o[0m
[96.285s] [ 86%] [32mBuilding CXX object CMakeFiles/ublox_msgs__rosidl_typesupport_fastrtps_cpp.dir/rosidl_typesupport_fastrtps_cpp/ublox_msgs/msg/detail/dds_fastrtps/rxm_svsi__type_support.cpp.o[0m
[96.288s] [ 86%] [32mBuilding CXX object CMakeFiles/ublox_msgs__rosidl_typesupport_fastrtps_cpp.dir/rosidl_typesupport_fastrtps_cpp/ublox_msgs/msg/detail/dds_fastrtps/rxm_alm__type_support.cpp.o[0m
[96.291s] [ 87%] [32mBuilding CXX object CMakeFiles/ublox_msgs__rosidl_typesupport_fastrtps_cpp.dir/rosidl_typesupport_fastrtps_cpp/ublox_msgs/msg/detail/dds_fastrtps/rxm_svsisv__type_support.cpp.o[0m
[96.300s] [ 87%] [32mBuilding CXX object CMakeFiles/ublox_msgs__rosidl_typesupport_fastrtps_cpp.dir/rosidl_typesupport_fastrtps_cpp/ublox_msgs/msg/detail/dds_fastrtps/tim_tm2__type_support.cpp.o[0m
[96.323s] [ 87%] [32mBuilding CXX object CMakeFiles/ublox_msgs__rosidl_typesupport_fastrtps_cpp.dir/rosidl_typesupport_fastrtps_cpp/ublox_msgs/msg/detail/dds_fastrtps/upd_sos_ack__type_support.cpp.o[0m
[96.341s] [ 87%] [32mBuilding CXX object CMakeFiles/ublox_msgs__rosidl_typesupport_fastrtps_cpp.dir/rosidl_typesupport_fastrtps_cpp/ublox_msgs/msg/detail/dds_fastrtps/upd_sos__type_support.cpp.o[0m
[96.746s] [ 87%] [32m[1mLinking CXX shared library libublox_msgs__rosidl_typesupport_fastrtps_cpp.so[0m
[96.837s] [ 87%] Built target ublox_msgs__rosidl_typesupport_fastrtps_cpp
[96.858s] [ 87%] Built target ublox_msgs
[96.878s] [ 87%] [34m[1mGenerating Python code for ROS interfaces[0m
[118.706s] [ 87%] Built target ublox_msgs__py
[118.732s] [ 89%] [32mBuilding C object CMakeFiles/ublox_msgs__rosidl_generator_py.dir/rosidl_generator_py/ublox_msgs/msg/_cfg_ant_s.c.o[0m
[118.732s] [ 89%] [32mBuilding C object CMakeFiles/ublox_msgs__rosidl_generator_py.dir/rosidl_generator_py/ublox_msgs/msg/_cfg_gnss_block_s.c.o[0m
[118.732s] [ 89%] [32mBuilding C object CMakeFiles/ublox_msgs__rosidl_generator_py.dir/rosidl_generator_py/ublox_msgs/msg/_cfg_cfg_s.c.o[0m
[118.732s] [ 89%] [32mBuilding C object CMakeFiles/ublox_msgs__rosidl_generator_py.dir/rosidl_generator_py/ublox_msgs/msg/_cfg_gnss_s.c.o[0m
[118.732s] [ 89%] [32mBuilding C object CMakeFiles/ublox_msgs__rosidl_generator_py.dir/rosidl_generator_py/ublox_msgs/msg/_cfg_dat_s.c.o[0m
[118.732s] [ 89%] [32mBuilding C object CMakeFiles/ublox_msgs__rosidl_generator_py.dir/rosidl_generator_py/ublox_msgs/msg/_aid_eph_s.c.o[0m
[118.732s] [ 89%] [32mBuilding C object CMakeFiles/ublox_msgs__rosidl_generator_py.dir/rosidl_generator_py/ublox_msgs/msg/_cfg_dgnss_s.c.o[0m
[118.732s] [ 89%] [32mBuilding C object CMakeFiles/ublox_msgs__rosidl_generator_py.dir/rosidl_generator_py/ublox_msgs/msg/_aid_alm_s.c.o[0m
[118.732s] [ 89%] [32mBuilding C object CMakeFiles/ublox_msgs__rosidl_generator_py.dir/rosidl_generator_py/ublox_msgs/msg/_cfg_hnr_s.c.o[0m
[118.732s] [ 89%] [32mBuilding C object CMakeFiles/ublox_msgs__rosidl_generator_py.dir/rosidl_generator_py/ublox_msgs/msg/_cfg_inf_s.c.o[0m
[118.732s] [ 89%] [32mBuilding C object CMakeFiles/ublox_msgs__rosidl_generator_py.dir/rosidl_generator_py/ublox_msgs/msg/_aid_hui_s.c.o[0m
[118.732s] [ 89%] [32mBuilding C object CMakeFiles/ublox_msgs__rosidl_generator_py.dir/rosidl_generator_py/ublox_msgs/msg/_cfg_inf_block_s.c.o[0m
[118.732s] [ 89%] [32mBuilding C object CMakeFiles/ublox_msgs__rosidl_generator_py.dir/rosidl_generator_py/ublox_msgs/msg/_ack_s.c.o[0m
[118.739s] [ 90%] [32mBuilding C object CMakeFiles/ublox_msgs__rosidl_generator_py.dir/rosidl_generator_py/ublox_msgs/msg/_cfg_msg_s.c.o[0m
[118.739s] [ 90%] [32mBuilding C object CMakeFiles/ublox_msgs__rosidl_generator_py.dir/rosidl_generator_py/ublox_msgs/msg/_cfg_navx5_s.c.o[0m
[118.740s] [ 90%] [32mBuilding C object CMakeFiles/ublox_msgs__rosidl_generator_py.dir/rosidl_generator_py/ublox_msgs/msg/_cfg_nav5_s.c.o[0m
[118.743s] [ 90%] [32mBuilding C object CMakeFiles/ublox_msgs__rosidl_generator_py.dir/rosidl_generator_py/ublox_msgs/msg/_cfg_nmea6_s.c.o[0m
[118.762s] [ 90%] [32mBuilding C object CMakeFiles/ublox_msgs__rosidl_generator_py.dir/rosidl_generator_py/ublox_msgs/msg/_cfg_nmea_s.c.o[0m
[118.783s] [ 90%] [32mBuilding C object CMakeFiles/ublox_msgs__rosidl_generator_py.dir/rosidl_generator_py/ublox_msgs/msg/_cfg_prt_s.c.o[0m
[118.784s] [ 90%] [32mBuilding C object CMakeFiles/ublox_msgs__rosidl_generator_py.dir/rosidl_generator_py/ublox_msgs/msg/_cfg_nmea7_s.c.o[0m
[118.847s] [ 90%] [32mBuilding C object CMakeFiles/ublox_msgs__rosidl_generator_py.dir/rosidl_generator_py/ublox_msgs/msg/_cfg_rate_s.c.o[0m
[118.855s] [ 91%] [32mBuilding C object CMakeFiles/ublox_msgs__rosidl_generator_py.dir/rosidl_generator_py/ublox_msgs/msg/_esf_meas_s.c.o[0m
[118.855s] [ 91%] [32mBuilding C object CMakeFiles/ublox_msgs__rosidl_generator_py.dir/rosidl_generator_py/ublox_msgs/msg/_cfg_rst_s.c.o[0m
[118.855s] [ 91%] [32mBuilding C object CMakeFiles/ublox_msgs__rosidl_generator_py.dir/rosidl_generator_py/ublox_msgs/msg/_cfg_usb_s.c.o[0m
[118.856s] [ 91%] [32mBuilding C object CMakeFiles/ublox_msgs__rosidl_generator_py.dir/rosidl_generator_py/ublox_msgs/msg/_cfg_tmode3_s.c.o[0m
[118.859s] [ 91%] [32mBuilding C object CMakeFiles/ublox_msgs__rosidl_generator_py.dir/rosidl_generator_py/ublox_msgs/msg/_cfg_sbas_s.c.o[0m
[118.860s] [ 91%] [32mBuilding C object CMakeFiles/ublox_msgs__rosidl_generator_py.dir/rosidl_generator_py/ublox_msgs/msg/_esf_ins_s.c.o[0m
[118.862s] [ 91%] [32mBuilding C object CMakeFiles/ublox_msgs__rosidl_generator_py.dir/rosidl_generator_py/ublox_msgs/msg/_esf_raw_block_s.c.o[0m
[118.881s] [ 91%] [32mBuilding C object CMakeFiles/ublox_msgs__rosidl_generator_py.dir/rosidl_generator_py/ublox_msgs/msg/_esf_status_s.c.o[0m
[118.881s] [ 92%] [32mBuilding C object CMakeFiles/ublox_msgs__rosidl_generator_py.dir/rosidl_generator_py/ublox_msgs/msg/_esf_raw_s.c.o[0m
[118.886s] [ 92%] [32mBuilding C object CMakeFiles/ublox_msgs__rosidl_generator_py.dir/rosidl_generator_py/ublox_msgs/msg/_esf_status_sens_s.c.o[0m
[118.887s] [ 92%] [32mBuilding C object CMakeFiles/ublox_msgs__rosidl_generator_py.dir/rosidl_generator_py/ublox_msgs/msg/_mga_gal_s.c.o[0m
[118.888s] [ 92%] [32mBuilding C object CMakeFiles/ublox_msgs__rosidl_generator_py.dir/rosidl_generator_py/ublox_msgs/msg/_inf_s.c.o[0m
[118.890s] [ 92%] [32mBuilding C object CMakeFiles/ublox_msgs__rosidl_generator_py.dir/rosidl_generator_py/ublox_msgs/msg/_hnr_pvt_s.c.o[0m
[118.897s] [ 92%] [32mBuilding C object CMakeFiles/ublox_msgs__rosidl_generator_py.dir/rosidl_generator_py/ublox_msgs/msg/_mon_hw6_s.c.o[0m
[118.901s] [ 93%] [32mBuilding C object CMakeFiles/ublox_msgs__rosidl_generator_py.dir/rosidl_generator_py/ublox_msgs/msg/_mon_gnss_s.c.o[0m
[118.905s] [ 93%] [32mBuilding C object CMakeFiles/ublox_msgs__rosidl_generator_py.dir/rosidl_generator_py/ublox_msgs/msg/_mon_hw_s.c.o[0m
[118.906s] [ 93%] [32mBuilding C object CMakeFiles/ublox_msgs__rosidl_generator_py.dir/rosidl_generator_py/ublox_msgs/msg/_mon_ver_extension_s.c.o[0m
[118.925s] [ 93%] [32mBuilding C object CMakeFiles/ublox_msgs__rosidl_generator_py.dir/rosidl_generator_py/ublox_msgs/msg/_mon_ver_s.c.o[0m
[118.933s] [ 93%] [32mBuilding C object CMakeFiles/ublox_msgs__rosidl_generator_py.dir/rosidl_generator_py/ublox_msgs/msg/_nav_att_s.c.o[0m
[118.977s] [ 93%] [32mBuilding C object CMakeFiles/ublox_msgs__rosidl_generator_py.dir/rosidl_generator_py/ublox_msgs/msg/_nav_clock_s.c.o[0m
[118.980s] [ 94%] [32mBuilding C object CMakeFiles/ublox_msgs__rosidl_generator_py.dir/rosidl_generator_py/ublox_msgs/msg/_nav_cov_s.c.o[0m
[118.990s] [ 94%] [32mBuilding C object CMakeFiles/ublox_msgs__rosidl_generator_py.dir/rosidl_generator_py/ublox_msgs/msg/_nav_dop_s.c.o[0m
[118.990s] [ 94%] [32mBuilding C object CMakeFiles/ublox_msgs__rosidl_generator_py.dir/rosidl_generator_py/ublox_msgs/msg/_nav_dgpssv_s.c.o[0m
[118.991s] [ 94%] [32mBuilding C object CMakeFiles/ublox_msgs__rosidl_generator_py.dir/rosidl_generator_py/ublox_msgs/msg/_nav_posllh_s.c.o[0m
[118.993s] [ 95%] [32mBuilding C object CMakeFiles/ublox_msgs__rosidl_generator_py.dir/rosidl_generator_py/ublox_msgs/msg/_nav_dgps_s.c.o[0m
[118.994s] [ 95%] [32mBuilding C object CMakeFiles/ublox_msgs__rosidl_generator_py.dir/rosidl_generator_py/ublox_msgs/msg/_nav_pvt7_s.c.o[0m
[118.995s] [ 95%] [32mBuilding C object CMakeFiles/ublox_msgs__rosidl_generator_py.dir/rosidl_generator_py/ublox_msgs/msg/_nav_posecef_s.c.o[0m
[119.029s] [ 95%] [32mBuilding C object CMakeFiles/ublox_msgs__rosidl_generator_py.dir/rosidl_generator_py/ublox_msgs/msg/_nav_pvt_s.c.o[0m
[119.030s] [ 95%] [32mBuilding C object CMakeFiles/ublox_msgs__rosidl_generator_py.dir/rosidl_generator_py/ublox_msgs/msg/_nav_sat_s.c.o[0m
[119.030s] [ 95%] [32mBuilding C object CMakeFiles/ublox_msgs__rosidl_generator_py.dir/rosidl_generator_py/ublox_msgs/msg/_nav_relposned9_s.c.o[0m
[119.034s] [ 95%] [32mBuilding C object CMakeFiles/ublox_msgs__rosidl_generator_py.dir/rosidl_generator_py/ublox_msgs/msg/_nav_relposned_s.c.o[0m
[119.035s] [ 95%] [32mBuilding C object CMakeFiles/ublox_msgs__rosidl_generator_py.dir/rosidl_generator_py/ublox_msgs/msg/_nav_satsv_s.c.o[0m
[119.037s] [ 95%] [32mBuilding C object CMakeFiles/ublox_msgs__rosidl_generator_py.dir/rosidl_generator_py/ublox_msgs/msg/_nav_sbas_s.c.o[0m
[119.054s] [ 95%] [32mBuilding C object CMakeFiles/ublox_msgs__rosidl_generator_py.dir/rosidl_generator_py/ublox_msgs/msg/_nav_sol_s.c.o[0m
[119.060s] [ 96%] [32mBuilding C object CMakeFiles/ublox_msgs__rosidl_generator_py.dir/rosidl_generator_py/ublox_msgs/msg/_nav_sbassv_s.c.o[0m
[119.073s] [ 96%] [32mBuilding C object CMakeFiles/ublox_msgs__rosidl_generator_py.dir/rosidl_generator_py/ublox_msgs/msg/_nav_status_s.c.o[0m
[119.078s] [ 96%] [32mBuilding C object CMakeFiles/ublox_msgs__rosidl_generator_py.dir/rosidl_generator_py/ublox_msgs/msg/_nav_svinfo_s.c.o[0m
[119.089s] [ 96%] [32mBuilding C object CMakeFiles/ublox_msgs__rosidl_generator_py.dir/rosidl_generator_py/ublox_msgs/msg/_nav_svinfosv_s.c.o[0m
[119.100s] [ 96%] [32mBuilding C object CMakeFiles/ublox_msgs__rosidl_generator_py.dir/rosidl_generator_py/ublox_msgs/msg/_nav_svin_s.c.o[0m
[119.104s] [ 96%] [32mBuilding C object CMakeFiles/ublox_msgs__rosidl_generator_py.dir/rosidl_generator_py/ublox_msgs/msg/_nav_timeutc_s.c.o[0m
[119.109s] [ 97%] [32mBuilding C object CMakeFiles/ublox_msgs__rosidl_generator_py.dir/rosidl_generator_py/ublox_msgs/msg/_nav_timegps_s.c.o[0m
[119.116s] [ 97%] [32mBuilding C object CMakeFiles/ublox_msgs__rosidl_generator_py.dir/rosidl_generator_py/ublox_msgs/msg/_nav_velecef_s.c.o[0m
[119.118s] [ 97%] [32mBuilding C object CMakeFiles/ublox_msgs__rosidl_generator_py.dir/rosidl_generator_py/ublox_msgs/msg/_nav_velned_s.c.o[0m
[119.124s] [ 97%] [32mBuilding C object CMakeFiles/ublox_msgs__rosidl_generator_py.dir/rosidl_generator_py/ublox_msgs/msg/_rxm_eph_s.c.o[0m
[119.124s] [ 97%] [32mBuilding C object CMakeFiles/ublox_msgs__rosidl_generator_py.dir/rosidl_generator_py/ublox_msgs/msg/_rxm_alm_s.c.o[0m
[119.140s] [ 97%] [32mBuilding C object CMakeFiles/ublox_msgs__rosidl_generator_py.dir/rosidl_generator_py/ublox_msgs/msg/_rxm_raw_s.c.o[0m
[119.169s] [ 97%] [32mBuilding C object CMakeFiles/ublox_msgs__rosidl_generator_py.dir/rosidl_generator_py/ublox_msgs/msg/_rxm_rawx_meas_s.c.o[0m
[119.170s] [ 98%] [32mBuilding C object CMakeFiles/ublox_msgs__rosidl_generator_py.dir/rosidl_generator_py/ublox_msgs/msg/_rxm_rawsv_s.c.o[0m
[119.177s] [ 98%] [32mBuilding C object CMakeFiles/ublox_msgs__rosidl_generator_py.dir/rosidl_generator_py/ublox_msgs/msg/_rxm_rtcm_s.c.o[0m
[119.184s] [ 98%] [32mBuilding C object CMakeFiles/ublox_msgs__rosidl_generator_py.dir/rosidl_generator_py/ublox_msgs/msg/_rxm_rawx_s.c.o[0m
[119.187s] [ 98%] [32mBuilding C object CMakeFiles/ublox_msgs__rosidl_generator_py.dir/rosidl_generator_py/ublox_msgs/msg/_rxm_sfrb_s.c.o[0m
[119.191s] [ 98%] [32mBuilding C object CMakeFiles/ublox_msgs__rosidl_generator_py.dir/rosidl_generator_py/ublox_msgs/msg/_rxm_sfrbx_s.c.o[0m
[119.193s] [ 99%] [32mBuilding C object CMakeFiles/ublox_msgs__rosidl_generator_py.dir/rosidl_generator_py/ublox_msgs/msg/_rxm_svsi_s.c.o[0m
[119.213s] [ 99%] [32mBuilding C object CMakeFiles/ublox_msgs__rosidl_generator_py.dir/rosidl_generator_py/ublox_msgs/msg/_rxm_svsisv_s.c.o[0m
[119.214s] [ 99%] [32mBuilding C object CMakeFiles/ublox_msgs__rosidl_generator_py.dir/rosidl_generator_py/ublox_msgs/msg/_upd_sos_ack_s.c.o[0m
[119.218s] [ 99%] [32mBuilding C object CMakeFiles/ublox_msgs__rosidl_generator_py.dir/rosidl_generator_py/ublox_msgs/msg/_tim_tm2_s.c.o[0m
[119.218s] [ 99%] [32mBuilding C object CMakeFiles/ublox_msgs__rosidl_generator_py.dir/rosidl_generator_py/ublox_msgs/msg/_upd_sos_s.c.o[0m
[119.316s] [ 99%] [32m[1mLinking C shared library rosidl_generator_py/ublox_msgs/libublox_msgs__rosidl_generator_py.so[0m
[119.360s] [ 99%] Built target ublox_msgs__rosidl_generator_py
[119.376s] [100%] [32mBuilding C object CMakeFiles/ublox_msgs__rosidl_typesupport_introspection_c__pyext.dir/rosidl_generator_py/ublox_msgs/_ublox_msgs_s.ep.rosidl_typesupport_introspection_c.c.o[0m
[119.378s] [100%] [32mBuilding C object CMakeFiles/ublox_msgs__rosidl_typesupport_fastrtps_c__pyext.dir/rosidl_generator_py/ublox_msgs/_ublox_msgs_s.ep.rosidl_typesupport_fastrtps_c.c.o[0m
[119.378s] [100%] [32mBuilding C object CMakeFiles/ublox_msgs__rosidl_typesupport_c__pyext.dir/rosidl_generator_py/ublox_msgs/_ublox_msgs_s.ep.rosidl_typesupport_c.c.o[0m
[119.579s] [100%] [32m[1mLinking C shared library rosidl_generator_py/ublox_msgs/ublox_msgs_s__rosidl_typesupport_fastrtps_c.cpython-310-x86_64-linux-gnu.so[0m
[119.583s] [100%] [32m[1mLinking C shared library rosidl_generator_py/ublox_msgs/ublox_msgs_s__rosidl_typesupport_c.cpython-310-x86_64-linux-gnu.so[0m
[119.584s] [100%] [32m[1mLinking C shared library rosidl_generator_py/ublox_msgs/ublox_msgs_s__rosidl_typesupport_introspection_c.cpython-310-x86_64-linux-gnu.so[0m
[119.619s] [100%] Built target ublox_msgs__rosidl_typesupport_introspection_c__pyext
[119.620s] [100%] Built target ublox_msgs__rosidl_typesupport_c__pyext
[119.620s] [100%] Built target ublox_msgs__rosidl_typesupport_fastrtps_c__pyext
[119.633s] Invoked command in '/home/rhobtor/PHD/j8_control/J8_control/build/ublox_msgs' returned '0': AMENT_PREFIX_PATH=/home/rhobtor/PHD/j8_control/J8_control/install/ublox_serialization:${AMENT_PREFIX_PATH} CMAKE_PREFIX_PATH=/home/rhobtor/PHD/j8_control/J8_control/install/ublox_serialization:/home/rhobtor/PHD/ARGOSJ8_IA/ARGOSJ8_IA_/install/wiimote_msgs:/home/rhobtor/PHD/ARGOSJ8_IA/ARGOSJ8_IA_/install/ublox:/home/rhobtor/PHD/ARGOSJ8_IA/ARGOSJ8_IA_/install/ublox_gps:/home/rhobtor/PHD/ARGOSJ8_IA/ARGOSJ8_IA_/install/security_check:/home/rhobtor/PHD/ARGOSJ8_IA/ARGOSJ8_IA_/install/ctl_mission:/home/rhobtor/PHD/ARGOSJ8_IA/ARGOSJ8_IA_/install/ublox_msgs:/home/rhobtor/PHD/ARGOSJ8_IA/ARGOSJ8_IA_/install/ublox_serialization:/home/rhobtor/PHD/ARGOSJ8_IA/ARGOSJ8_IA_/install/spacenav:/home/rhobtor/PHD/ARGOSJ8_IA/ARGOSJ8_IA_/install/laser_segmentation:/home/rhobtor/PHD/ARGOSJ8_IA/ARGOSJ8_IA_/install/slg_msgs:/home/rhobtor/PHD/ARGOSJ8_IA/ARGOSJ8_IA_/install/security_check_interfaces:/home/rhobtor/PHD/ARGOSJ8_IA/ARGOSJ8_IA_/install/joy:/home/rhobtor/PHD/ARGOSJ8_IA/ARGOSJ8_IA_/install/sdl2_vendor:/home/rhobtor/PHD/ARGOSJ8_IA/ARGOSJ8_IA_/install/path_manager:/home/rhobtor/PHD/ARGOSJ8_IA/ARGOSJ8_IA_/install/path_manager_interfaces:/home/rhobtor/PHD/ARGOSJ8_IA/ARGOSJ8_IA_/install/joy_linux:/home/rhobtor/PHD/ARGOSJ8_IA/ARGOSJ8_IA_/install/j8_xacro_model:/home/rhobtor/PHD/ARGOSJ8_IA/ARGOSJ8_IA_/install/hikmicro_thermal_camera:/home/rhobtor/PHD/ARGOSJ8_IA/ARGOSJ8_IA_/install/hector_gazebo_plugins:/home/rhobtor/PHD/ARGOSJ8_IA/ARGOSJ8_IA_/install/fixposition_sensor_pkg:/home/rhobtor/PHD/ARGOSJ8_IA/ARGOSJ8_IA_/install/fixposition_odometry_converter_ros2:/home/rhobtor/PHD/ARGOSJ8_IA/ARGOSJ8_IA_/install/fixposition_driver_ros2:/home/rhobtor/PHD/ARGOSJ8_IA/ARGOSJ8_IA_/install/fixposition_driver_lib:/home/rhobtor/PHD/ARGOSJ8_IA/ARGOSJ8_IA_/install/fixposition_gnss_tf:/home/rhobtor/PHD/ARGOSJ8_IA/ARGOSJ8_IA_/install/ctl_mission_interfaces:/home/rhobtor/PHD/ARGOSJ8_IA/ARGOSJ8_IA_/install/car_cpp:/home/rhobtor/PHD/ARGOSJ8_IA/ARGOSJ8_IA_/install/car_interfaces:/home/rhobtor/PHD/ARGOSJ8_IA/ARGOSJ8_IA_/install/argj801_setup:/home/rhobtor/PHD/ARGOSJ8_IA/ARGOSJ8_IA_/install/argj801_sensors:/home/rhobtor/PHD/ARGOSJ8_IA/ARGOSJ8_IA_/install/argj801_sensors_msgs:/home/rhobtor/PHD/ARGOSJ8_IA/ARGOSJ8_IA_/install/argj801_ctl_platform:/home/rhobtor/PHD/ARGOSJ8_IA/ARGOSJ8_IA_/install/argj801_ctl_platform_interfaces:/home/rhobtor/PHD/model_terrain_ugv/Model_terrain_ugv/install/model_terrain_cpp:/home/rhobtor/PHD/path_dem/install_navigation/path_dem:/home/rhobtor/PHD/path_dem/install/path_dem:/home/rhobtor/PHD/install_global_belief_final/path_dem:/home/rhobtor/PHD/ARGOSJ8_IA/ARGOSJ8_IA_/install/car:/home/rhobtor/PHD/ARGOSJ8_IA/ARGOSJ8_IA_/install/ntrip_client:/home/rhobtor/PHD/ARGOSJ8_IA/ARGOSJ8_IA_/install/j8_gui:/home/rhobtor/PHD/ARGOSJ8_IA/ARGOSJ8_IA_/install/gui:/home/rhobtor/PHD/ARGOSJ8_IA/ARGOSJ8_IA_/install/android_ros2_server:/home/rhobtor/PHD/ARGOSJ8_IA/ARGOSJ8_IA_/install/GUI_pkg:/home/rhobtor/PHD/model_terrain_ugv/Model_terrain_ugv/install/model_terrain:/opt/ros/humble /usr/bin/cmake --build /home/rhobtor/PHD/j8_control/J8_control/build/ublox_msgs -- -j20 -l20
[119.634s] Invoking command in '/home/rhobtor/PHD/j8_control/J8_control/build/ublox_msgs': AMENT_PREFIX_PATH=/home/rhobtor/PHD/j8_control/J8_control/install/ublox_serialization:${AMENT_PREFIX_PATH} CMAKE_PREFIX_PATH=/home/rhobtor/PHD/j8_control/J8_control/install/ublox_serialization:/home/rhobtor/PHD/ARGOSJ8_IA/ARGOSJ8_IA_/install/wiimote_msgs:/home/rhobtor/PHD/ARGOSJ8_IA/ARGOSJ8_IA_/install/ublox:/home/rhobtor/PHD/ARGOSJ8_IA/ARGOSJ8_IA_/install/ublox_gps:/home/rhobtor/PHD/ARGOSJ8_IA/ARGOSJ8_IA_/install/security_check:/home/rhobtor/PHD/ARGOSJ8_IA/ARGOSJ8_IA_/install/ctl_mission:/home/rhobtor/PHD/ARGOSJ8_IA/ARGOSJ8_IA_/install/ublox_msgs:/home/rhobtor/PHD/ARGOSJ8_IA/ARGOSJ8_IA_/install/ublox_serialization:/home/rhobtor/PHD/ARGOSJ8_IA/ARGOSJ8_IA_/install/spacenav:/home/rhobtor/PHD/ARGOSJ8_IA/ARGOSJ8_IA_/install/laser_segmentation:/home/rhobtor/PHD/ARGOSJ8_IA/ARGOSJ8_IA_/install/slg_msgs:/home/rhobtor/PHD/ARGOSJ8_IA/ARGOSJ8_IA_/install/security_check_interfaces:/home/rhobtor/PHD/ARGOSJ8_IA/ARGOSJ8_IA_/install/joy:/home/rhobtor/PHD/ARGOSJ8_IA/ARGOSJ8_IA_/install/sdl2_vendor:/home/rhobtor/PHD/ARGOSJ8_IA/ARGOSJ8_IA_/install/path_manager:/home/rhobtor/PHD/ARGOSJ8_IA/ARGOSJ8_IA_/install/path_manager_interfaces:/home/rhobtor/PHD/ARGOSJ8_IA/ARGOSJ8_IA_/install/joy_linux:/home/rhobtor/PHD/ARGOSJ8_IA/ARGOSJ8_IA_/install/j8_xacro_model:/home/rhobtor/PHD/ARGOSJ8_IA/ARGOSJ8_IA_/install/hikmicro_thermal_camera:/home/rhobtor/PHD/ARGOSJ8_IA/ARGOSJ8_IA_/install/hector_gazebo_plugins:/home/rhobtor/PHD/ARGOSJ8_IA/ARGOSJ8_IA_/install/fixposition_sensor_pkg:/home/rhobtor/PHD/ARGOSJ8_IA/ARGOSJ8_IA_/install/fixposition_odometry_converter_ros2:/home/rhobtor/PHD/ARGOSJ8_IA/ARGOSJ8_IA_/install/fixposition_driver_ros2:/home/rhobtor/PHD/ARGOSJ8_IA/ARGOSJ8_IA_/install/fixposition_driver_lib:/home/rhobtor/PHD/ARGOSJ8_IA/ARGOSJ8_IA_/install/fixposition_gnss_tf:/home/rhobtor/PHD/ARGOSJ8_IA/ARGOSJ8_IA_/install/ctl_mission_interfaces:/home/rhobtor/PHD/ARGOSJ8_IA/ARGOSJ8_IA_/install/car_cpp:/home/rhobtor/PHD/ARGOSJ8_IA/ARGOSJ8_IA_/install/car_interfaces:/home/rhobtor/PHD/ARGOSJ8_IA/ARGOSJ8_IA_/install/argj801_setup:/home/rhobtor/PHD/ARGOSJ8_IA/ARGOSJ8_IA_/install/argj801_sensors:/home/rhobtor/PHD/ARGOSJ8_IA/ARGOSJ8_IA_/install/argj801_sensors_msgs:/home/rhobtor/PHD/ARGOSJ8_IA/ARGOSJ8_IA_/install/argj801_ctl_platform:/home/rhobtor/PHD/ARGOSJ8_IA/ARGOSJ8_IA_/install/argj801_ctl_platform_interfaces:/home/rhobtor/PHD/model_terrain_ugv/Model_terrain_ugv/install/model_terrain_cpp:/home/rhobtor/PHD/path_dem/install_navigation/path_dem:/home/rhobtor/PHD/path_dem/install/path_dem:/home/rhobtor/PHD/install_global_belief_final/path_dem:/home/rhobtor/PHD/ARGOSJ8_IA/ARGOSJ8_IA_/install/car:/home/rhobtor/PHD/ARGOSJ8_IA/ARGOSJ8_IA_/install/ntrip_client:/home/rhobtor/PHD/ARGOSJ8_IA/ARGOSJ8_IA_/install/j8_gui:/home/rhobtor/PHD/ARGOSJ8_IA/ARGOSJ8_IA_/install/gui:/home/rhobtor/PHD/ARGOSJ8_IA/ARGOSJ8_IA_/install/android_ros2_server:/home/rhobtor/PHD/ARGOSJ8_IA/ARGOSJ8_IA_/install/GUI_pkg:/home/rhobtor/PHD/model_terrain_ugv/Model_terrain_ugv/install/model_terrain:/opt/ros/humble /usr/bin/cmake --install /home/rhobtor/PHD/j8_control/J8_control/build/ublox_msgs
[119.641s] -- Install configuration: ""
[119.641s] -- Installing: /home/rhobtor/PHD/j8_control/J8_control/install/ublox_msgs/share/ament_index/resource_index/rosidl_interfaces/ublox_msgs
[119.641s] -- Installing: /home/rhobtor/PHD/j8_control/J8_control/install/ublox_msgs/include/ublox_msgs/ublox_msgs
[119.641s] -- Installing: /home/rhobtor/PHD/j8_control/J8_control/install/ublox_msgs/include/ublox_msgs/ublox_msgs/msg
[119.641s] -- Installing: /home/rhobtor/PHD/j8_control/J8_control/install/ublox_msgs/include/ublox_msgs/ublox_msgs/msg/rxm_svsisv.h
[119.641s] -- Installing: /home/rhobtor/PHD/j8_control/J8_control/install/ublox_msgs/include/ublox_msgs/ublox_msgs/msg/cfg_gnss.h
[119.641s] -- Installing: /home/rhobtor/PHD/j8_control/J8_control/install/ublox_msgs/include/ublox_msgs/ublox_msgs/msg/esf_status_sens.h
[119.641s] -- Installing: /home/rhobtor/PHD/j8_control/J8_control/install/ublox_msgs/include/ublox_msgs/ublox_msgs/msg/mga_gal.h
[119.641s] -- Installing: /home/rhobtor/PHD/j8_control/J8_control/install/ublox_msgs/include/ublox_msgs/ublox_msgs/msg/upd_sos_ack.h
[119.641s] -- Installing: /home/rhobtor/PHD/j8_control/J8_control/install/ublox_msgs/include/ublox_msgs/ublox_msgs/msg/esf_ins.h
[119.641s] -- Installing: /home/rhobtor/PHD/j8_control/J8_control/install/ublox_msgs/include/ublox_msgs/ublox_msgs/msg/nav_pvt7.h
[119.641s] -- Installing: /home/rhobtor/PHD/j8_control/J8_control/install/ublox_msgs/include/ublox_msgs/ublox_msgs/msg/aid_hui.h
[119.641s] -- Installing: /home/rhobtor/PHD/j8_control/J8_control/install/ublox_msgs/include/ublox_msgs/ublox_msgs/msg/cfg_hnr.h
[119.641s] -- Installing: /home/rhobtor/PHD/j8_control/J8_control/install/ublox_msgs/include/ublox_msgs/ublox_msgs/msg/nav_dgpssv.h
[119.641s] -- Installing: /home/rhobtor/PHD/j8_control/J8_control/install/ublox_msgs/include/ublox_msgs/ublox_msgs/msg/nav_posecef.h
[119.642s] -- Installing: /home/rhobtor/PHD/j8_control/J8_control/install/ublox_msgs/include/ublox_msgs/ublox_msgs/msg/cfg_inf.h
[119.642s] -- Installing: /home/rhobtor/PHD/j8_control/J8_control/install/ublox_msgs/include/ublox_msgs/ublox_msgs/msg/mon_hw6.h
[119.642s] -- Installing: /home/rhobtor/PHD/j8_control/J8_control/install/ublox_msgs/include/ublox_msgs/ublox_msgs/msg/rosidl_generator_c__visibility_control.h
[119.642s] -- Installing: /home/rhobtor/PHD/j8_control/J8_control/install/ublox_msgs/include/ublox_msgs/ublox_msgs/msg/aid_alm.h
[119.642s] -- Installing: /home/rhobtor/PHD/j8_control/J8_control/install/ublox_msgs/include/ublox_msgs/ublox_msgs/msg/inf.h
[119.642s] -- Installing: /home/rhobtor/PHD/j8_control/J8_control/install/ublox_msgs/include/ublox_msgs/ublox_msgs/msg/nav_relposned9.h
[119.642s] -- Installing: /home/rhobtor/PHD/j8_control/J8_control/install/ublox_msgs/include/ublox_msgs/ublox_msgs/msg/nav_sol.h
[119.642s] -- Installing: /home/rhobtor/PHD/j8_control/J8_control/install/ublox_msgs/include/ublox_msgs/ublox_msgs/msg/cfg_ant.h
[119.642s] -- Installing: /home/rhobtor/PHD/j8_control/J8_control/install/ublox_msgs/include/ublox_msgs/ublox_msgs/msg/tim_tm2.h
[119.642s] -- Installing: /home/rhobtor/PHD/j8_control/J8_control/install/ublox_msgs/include/ublox_msgs/ublox_msgs/msg/esf_meas.h
[119.642s] -- Installing: /home/rhobtor/PHD/j8_control/J8_control/install/ublox_msgs/include/ublox_msgs/ublox_msgs/msg/rxm_rawx.h
[119.642s] -- Installing: /home/rhobtor/PHD/j8_control/J8_control/install/ublox_msgs/include/ublox_msgs/ublox_msgs/msg/nav_dop.h
[119.642s] -- Installing: /home/rhobtor/PHD/j8_control/J8_control/install/ublox_msgs/include/ublox_msgs/ublox_msgs/msg/nav_timegps.h
[119.642s] -- Installing: /home/rhobtor/PHD/j8_control/J8_control/install/ublox_msgs/include/ublox_msgs/ublox_msgs/msg/esf_raw_block.h
[119.642s] -- Installing: /home/rhobtor/PHD/j8_control/J8_control/install/ublox_msgs/include/ublox_msgs/ublox_msgs/msg/nav_velned.h
[119.642s] -- Installing: /home/rhobtor/PHD/j8_control/J8_control/install/ublox_msgs/include/ublox_msgs/ublox_msgs/msg/rxm_raw.h
[119.642s] -- Installing: /home/rhobtor/PHD/j8_control/J8_control/install/ublox_msgs/include/ublox_msgs/ublox_msgs/msg/mon_hw.h
[119.642s] -- Installing: /home/rhobtor/PHD/j8_control/J8_control/install/ublox_msgs/include/ublox_msgs/ublox_msgs/msg/cfg_tmode3.h
[119.642s] -- Installing: /home/rhobtor/PHD/j8_control/J8_control/install/ublox_msgs/include/ublox_msgs/ublox_msgs/msg/esf_raw.h
[119.642s] -- Installing: /home/rhobtor/PHD/j8_control/J8_control/install/ublox_msgs/include/ublox_msgs/ublox_msgs/msg/cfg_sbas.h
[119.642s] -- Installing: /home/rhobtor/PHD/j8_control/J8_control/install/ublox_msgs/include/ublox_msgs/ublox_msgs/msg/upd_sos.h
[119.642s] -- Installing: /home/rhobtor/PHD/j8_control/J8_control/install/ublox_msgs/include/ublox_msgs/ublox_msgs/msg/mon_ver_extension.h
[119.642s] -- Installing: /home/rhobtor/PHD/j8_control/J8_control/install/ublox_msgs/include/ublox_msgs/ublox_msgs/msg/cfg_inf_block.h
[119.642s] -- Installing: /home/rhobtor/PHD/j8_control/J8_control/install/ublox_msgs/include/ublox_msgs/ublox_msgs/msg/rxm_svsi.h
[119.642s] -- Installing: /home/rhobtor/PHD/j8_control/J8_control/install/ublox_msgs/include/ublox_msgs/ublox_msgs/msg/cfg_dgnss.h
[119.642s] -- Installing: /home/rhobtor/PHD/j8_control/J8_control/install/ublox_msgs/include/ublox_msgs/ublox_msgs/msg/esf_status.h
[119.642s] -- Installing: /home/rhobtor/PHD/j8_control/J8_control/install/ublox_msgs/include/ublox_msgs/ublox_msgs/msg/cfg_dat.h
[119.642s] -- Installing: /home/rhobtor/PHD/j8_control/J8_control/install/ublox_msgs/include/ublox_msgs/ublox_msgs/msg/rxm_sfrb.h
[119.642s] -- Installing: /home/rhobtor/PHD/j8_control/J8_control/install/ublox_msgs/include/ublox_msgs/ublox_msgs/msg/nav_svinfo.h
[119.642s] -- Installing: /home/rhobtor/PHD/j8_control/J8_control/install/ublox_msgs/include/ublox_msgs/ublox_msgs/msg/rxm_rawx_meas.h
[119.643s] -- Installing: /home/rhobtor/PHD/j8_control/J8_control/install/ublox_msgs/include/ublox_msgs/ublox_msgs/msg/nav_sbassv.h
[119.643s] -- Installing: /home/rhobtor/PHD/j8_control/J8_control/install/ublox_msgs/include/ublox_msgs/ublox_msgs/msg/nav_clock.h
[119.643s] -- Installing: /home/rhobtor/PHD/j8_control/J8_control/install/ublox_msgs/include/ublox_msgs/ublox_msgs/msg/detail
[119.643s] -- Installing: /home/rhobtor/PHD/j8_control/J8_control/install/ublox_msgs/include/ublox_msgs/ublox_msgs/msg/detail/cfg_cfg__type_support.h
[119.643s] -- Installing: /home/rhobtor/PHD/j8_control/J8_control/install/ublox_msgs/include/ublox_msgs/ublox_msgs/msg/detail/cfg_nmea6__functions.h
[119.643s] -- Installing: /home/rhobtor/PHD/j8_control/J8_control/install/ublox_msgs/include/ublox_msgs/ublox_msgs/msg/detail/esf_status_sens__functions.c
[119.643s] -- Installing: /home/rhobtor/PHD/j8_control/J8_control/install/ublox_msgs/include/ublox_msgs/ublox_msgs/msg/detail/nav_svin__struct.h
[119.643s] -- Installing: /home/rhobtor/PHD/j8_control/J8_control/install/ublox_msgs/include/ublox_msgs/ublox_msgs/msg/detail/rxm_rtcm__struct.h
[119.643s] -- Installing: /home/rhobtor/PHD/j8_control/J8_control/install/ublox_msgs/include/ublox_msgs/ublox_msgs/msg/detail/mon_gnss__functions.h
[119.643s] -- Installing: /home/rhobtor/PHD/j8_control/J8_control/install/ublox_msgs/include/ublox_msgs/ublox_msgs/msg/detail/ack__functions.c
[119.643s] -- Installing: /home/rhobtor/PHD/j8_control/J8_control/install/ublox_msgs/include/ublox_msgs/ublox_msgs/msg/detail/upd_sos_ack__functions.c
[119.643s] -- Installing: /home/rhobtor/PHD/j8_control/J8_control/install/ublox_msgs/include/ublox_msgs/ublox_msgs/msg/detail/nav_svinfo__type_support.h
[119.643s] -- Installing: /home/rhobtor/PHD/j8_control/J8_control/install/ublox_msgs/include/ublox_msgs/ublox_msgs/msg/detail/cfg_msg__functions.h
[119.643s] -- Installing: /home/rhobtor/PHD/j8_control/J8_control/install/ublox_msgs/include/ublox_msgs/ublox_msgs/msg/detail/cfg_gnss_block__functions.c
[119.643s] -- Installing: /home/rhobtor/PHD/j8_control/J8_control/install/ublox_msgs/include/ublox_msgs/ublox_msgs/msg/detail/rxm_rawsv__functions.c
[119.643s] -- Installing: /home/rhobtor/PHD/j8_control/J8_control/install/ublox_msgs/include/ublox_msgs/ublox_msgs/msg/detail/nav_timegps__struct.h
[119.643s] -- Installing: /home/rhobtor/PHD/j8_control/J8_control/install/ublox_msgs/include/ublox_msgs/ublox_msgs/msg/detail/nav_timeutc__functions.c
[119.643s] -- Installing: /home/rhobtor/PHD/j8_control/J8_control/install/ublox_msgs/include/ublox_msgs/ublox_msgs/msg/detail/nav_timegps__functions.h
[119.643s] -- Installing: /home/rhobtor/PHD/j8_control/J8_control/install/ublox_msgs/include/ublox_msgs/ublox_msgs/msg/detail/aid_eph__functions.h
[119.643s] -- Installing: /home/rhobtor/PHD/j8_control/J8_control/install/ublox_msgs/include/ublox_msgs/ublox_msgs/msg/detail/rxm_rtcm__functions.h
[119.644s] -- Installing: /home/rhobtor/PHD/j8_control/J8_control/install/ublox_msgs/include/ublox_msgs/ublox_msgs/msg/detail/cfg_nav5__functions.c
[119.644s] -- Installing: /home/rhobtor/PHD/j8_control/J8_control/install/ublox_msgs/include/ublox_msgs/ublox_msgs/msg/detail/rxm_svsisv__struct.h
[119.644s] -- Installing: /home/rhobtor/PHD/j8_control/J8_control/install/ublox_msgs/include/ublox_msgs/ublox_msgs/msg/detail/nav_relposned__functions.h
[119.644s] -- Installing: /home/rhobtor/PHD/j8_control/J8_control/install/ublox_msgs/include/ublox_msgs/ublox_msgs/msg/detail/nav_relposned__functions.c
[119.644s] -- Installing: /home/rhobtor/PHD/j8_control/J8_control/install/ublox_msgs/include/ublox_msgs/ublox_msgs/msg/detail/nav_cov__type_support.h
[119.644s] -- Installing: /home/rhobtor/PHD/j8_control/J8_control/install/ublox_msgs/include/ublox_msgs/ublox_msgs/msg/detail/cfg_rate__struct.h
[119.644s] -- Installing: /home/rhobtor/PHD/j8_control/J8_control/install/ublox_msgs/include/ublox_msgs/ublox_msgs/msg/detail/hnr_pvt__functions.h
[119.644s] -- Installing: /home/rhobtor/PHD/j8_control/J8_control/install/ublox_msgs/include/ublox_msgs/ublox_msgs/msg/detail/esf_ins__functions.c
[119.644s] -- Installing: /home/rhobtor/PHD/j8_control/J8_control/install/ublox_msgs/include/ublox_msgs/ublox_msgs/msg/detail/cfg_inf__functions.h
[119.644s] -- Installing: /home/rhobtor/PHD/j8_control/J8_control/install/ublox_msgs/include/ublox_msgs/ublox_msgs/msg/detail/cfg_dgnss__functions.h
[119.644s] -- Installing: /home/rhobtor/PHD/j8_control/J8_control/install/ublox_msgs/include/ublox_msgs/ublox_msgs/msg/detail/esf_raw__struct.h
[119.645s] -- Installing: /home/rhobtor/PHD/j8_control/J8_control/install/ublox_msgs/include/ublox_msgs/ublox_msgs/msg/detail/cfg_gnss__functions.h
[119.645s] -- Installing: /home/rhobtor/PHD/j8_control/J8_control/install/ublox_msgs/include/ublox_msgs/ublox_msgs/msg/detail/inf__functions.h
[119.645s] -- Installing: /home/rhobtor/PHD/j8_control/J8_control/install/ublox_msgs/include/ublox_msgs/ublox_msgs/msg/detail/inf__struct.h
[119.645s] -- Installing: /home/rhobtor/PHD/j8_control/J8_control/install/ublox_msgs/include/ublox_msgs/ublox_msgs/msg/detail/cfg_nmea6__functions.c
[119.645s] -- Installing: /home/rhobtor/PHD/j8_control/J8_control/install/ublox_msgs/include/ublox_msgs/ublox_msgs/msg/detail/aid_alm__functions.h
[119.645s] -- Installing: /home/rhobtor/PHD/j8_control/J8_control/install/ublox_msgs/include/ublox_msgs/ublox_msgs/msg/detail/rxm_rawx_meas__functions.c
[119.645s] -- Installing: /home/rhobtor/PHD/j8_control/J8_control/install/ublox_msgs/include/ublox_msgs/ublox_msgs/msg/detail/tim_tm2__functions.c
[119.645s] -- Installing: /home/rhobtor/PHD/j8_control/J8_control/install/ublox_msgs/include/ublox_msgs/ublox_msgs/msg/detail/nav_svinfosv__type_support.h
[119.645s] -- Installing: /home/rhobtor/PHD/j8_control/J8_control/install/ublox_msgs/include/ublox_msgs/ublox_msgs/msg/detail/aid_alm__struct.h
[119.645s] -- Installing: /home/rhobtor/PHD/j8_control/J8_control/install/ublox_msgs/include/ublox_msgs/ublox_msgs/msg/detail/nav_att__type_support.h
[119.645s] -- Installing: /home/rhobtor/PHD/j8_control/J8_control/install/ublox_msgs/include/ublox_msgs/ublox_msgs/msg/detail/nav_dgps__functions.c
[119.645s] -- Installing: /home/rhobtor/PHD/j8_control/J8_control/install/ublox_msgs/include/ublox_msgs/ublox_msgs/msg/detail/cfg_rate__functions.h
[119.646s] -- Installing: /home/rhobtor/PHD/j8_control/J8_control/install/ublox_msgs/include/ublox_msgs/ublox_msgs/msg/detail/cfg_navx5__functions.c
[119.646s] -- Installing: /home/rhobtor/PHD/j8_control/J8_control/install/ublox_msgs/include/ublox_msgs/ublox_msgs/msg/detail/nav_sbassv__struct.h
[119.646s] -- Installing: /home/rhobtor/PHD/j8_control/J8_control/install/ublox_msgs/include/ublox_msgs/ublox_msgs/msg/detail/cfg_sbas__type_support.h
[119.646s] -- Installing: /home/rhobtor/PHD/j8_control/J8_control/install/ublox_msgs/include/ublox_msgs/ublox_msgs/msg/detail/cfg_nmea6__type_support.h
[119.646s] -- Installing: /home/rhobtor/PHD/j8_control/J8_control/install/ublox_msgs/include/ublox_msgs/ublox_msgs/msg/detail/cfg_nav5__struct.h
[119.646s] -- Installing: /home/rhobtor/PHD/j8_control/J8_control/install/ublox_msgs/include/ublox_msgs/ublox_msgs/msg/detail/rxm_raw__struct.h
[119.646s] -- Installing: /home/rhobtor/PHD/j8_control/J8_control/install/ublox_msgs/include/ublox_msgs/ublox_msgs/msg/detail/nav_dop__functions.h
[119.646s] -- Installing: /home/rhobtor/PHD/j8_control/J8_control/install/ublox_msgs/include/ublox_msgs/ublox_msgs/msg/detail/nav_svin__functions.c
[119.646s] -- Installing: /home/rhobtor/PHD/j8_control/J8_control/install/ublox_msgs/include/ublox_msgs/ublox_msgs/msg/detail/mon_ver__functions.h
[119.646s] -- Installing: /home/rhobtor/PHD/j8_control/J8_control/install/ublox_msgs/include/ublox_msgs/ublox_msgs/msg/detail/mon_hw__functions.c
[119.646s] -- Installing: /home/rhobtor/PHD/j8_control/J8_control/install/ublox_msgs/include/ublox_msgs/ublox_msgs/msg/detail/cfg_rst__functions.c
[119.647s] -- Installing: /home/rhobtor/PHD/j8_control/J8_control/install/ublox_msgs/include/ublox_msgs/ublox_msgs/msg/detail/nav_pvt7__type_support.h
[119.647s] -- Installing: /home/rhobtor/PHD/j8_control/J8_control/install/ublox_msgs/include/ublox_msgs/ublox_msgs/msg/detail/rxm_svsi__functions.h
[119.647s] -- Installing: /home/rhobtor/PHD/j8_control/J8_control/install/ublox_msgs/include/ublox_msgs/ublox_msgs/msg/detail/nav_satsv__functions.h
[119.647s] -- Installing: /home/rhobtor/PHD/j8_control/J8_control/install/ublox_msgs/include/ublox_msgs/ublox_msgs/msg/detail/rxm_sfrbx__functions.h
[119.647s] -- Installing: /home/rhobtor/PHD/j8_control/J8_control/install/ublox_msgs/include/ublox_msgs/ublox_msgs/msg/detail/nav_posllh__struct.h
[119.647s] -- Installing: /home/rhobtor/PHD/j8_control/J8_control/install/ublox_msgs/include/ublox_msgs/ublox_msgs/msg/detail/nav_velecef__type_support.h
[119.647s] -- Installing: /home/rhobtor/PHD/j8_control/J8_control/install/ublox_msgs/include/ublox_msgs/ublox_msgs/msg/detail/nav_relposned__type_support.h
[119.647s] -- Installing: /home/rhobtor/PHD/j8_control/J8_control/install/ublox_msgs/include/ublox_msgs/ublox_msgs/msg/detail/esf_status_sens__struct.h
[119.647s] -- Installing: /home/rhobtor/PHD/j8_control/J8_control/install/ublox_msgs/include/ublox_msgs/ublox_msgs/msg/detail/mon_ver_extension__type_support.h
[119.647s] -- Installing: /home/rhobtor/PHD/j8_control/J8_control/install/ublox_msgs/include/ublox_msgs/ublox_msgs/msg/detail/rxm_svsisv__functions.h
[119.647s] -- Installing: /home/rhobtor/PHD/j8_control/J8_control/install/ublox_msgs/include/ublox_msgs/ublox_msgs/msg/detail/mon_gnss__struct.h
[119.648s] -- Installing: /home/rhobtor/PHD/j8_control/J8_control/install/ublox_msgs/include/ublox_msgs/ublox_msgs/msg/detail/upd_sos_ack__type_support.h
[119.648s] -- Installing: /home/rhobtor/PHD/j8_control/J8_control/install/ublox_msgs/include/ublox_msgs/ublox_msgs/msg/detail/nav_sat__functions.c
[119.648s] -- Installing: /home/rhobtor/PHD/j8_control/J8_control/install/ublox_msgs/include/ublox_msgs/ublox_msgs/msg/detail/rxm_eph__functions.h
[119.648s] -- Installing: /home/rhobtor/PHD/j8_control/J8_control/install/ublox_msgs/include/ublox_msgs/ublox_msgs/msg/detail/nav_sol__functions.h
[119.648s] -- Installing: /home/rhobtor/PHD/j8_control/J8_control/install/ublox_msgs/include/ublox_msgs/ublox_msgs/msg/detail/rxm_sfrb__functions.h
[119.648s] -- Installing: /home/rhobtor/PHD/j8_control/J8_control/install/ublox_msgs/include/ublox_msgs/ublox_msgs/msg/detail/mon_gnss__type_support.h
[119.648s] -- Installing: /home/rhobtor/PHD/j8_control/J8_control/install/ublox_msgs/include/ublox_msgs/ublox_msgs/msg/detail/nav_dgpssv__functions.h
[119.648s] -- Installing: /home/rhobtor/PHD/j8_control/J8_control/install/ublox_msgs/include/ublox_msgs/ublox_msgs/msg/detail/rxm_svsisv__type_support.h
[119.648s] -- Installing: /home/rhobtor/PHD/j8_control/J8_control/install/ublox_msgs/include/ublox_msgs/ublox_msgs/msg/detail/nav_dgps__functions.h
[119.648s] -- Installing: /home/rhobtor/PHD/j8_control/J8_control/install/ublox_msgs/include/ublox_msgs/ublox_msgs/msg/detail/rxm_alm__functions.h
[119.648s] -- Installing: /home/rhobtor/PHD/j8_control/J8_control/install/ublox_msgs/include/ublox_msgs/ublox_msgs/msg/detail/cfg_nav5__functions.h
[119.648s] -- Installing: /home/rhobtor/PHD/j8_control/J8_control/install/ublox_msgs/include/ublox_msgs/ublox_msgs/msg/detail/nav_pvt__struct.h
[119.648s] -- Installing: /home/rhobtor/PHD/j8_control/J8_control/install/ublox_msgs/include/ublox_msgs/ublox_msgs/msg/detail/cfg_nmea7__struct.h
[119.648s] -- Installing: /home/rhobtor/PHD/j8_control/J8_control/install/ublox_msgs/include/ublox_msgs/ublox_msgs/msg/detail/nav_dop__functions.c
[119.648s] -- Installing: /home/rhobtor/PHD/j8_control/J8_control/install/ublox_msgs/include/ublox_msgs/ublox_msgs/msg/detail/nav_sat__type_support.h
[119.648s] -- Installing: /home/rhobtor/PHD/j8_control/J8_control/install/ublox_msgs/include/ublox_msgs/ublox_msgs/msg/detail/tim_tm2__struct.h
[119.648s] -- Installing: /home/rhobtor/PHD/j8_control/J8_control/install/ublox_msgs/include/ublox_msgs/ublox_msgs/msg/detail/esf_raw__functions.h
[119.648s] -- Installing: /home/rhobtor/PHD/j8_control/J8_control/install/ublox_msgs/include/ublox_msgs/ublox_msgs/msg/detail/esf_status_sens__type_support.h
[119.648s] -- Installing: /home/rhobtor/PHD/j8_control/J8_control/install/ublox_msgs/include/ublox_msgs/ublox_msgs/msg/detail/nav_sbassv__type_support.h
[119.648s] -- Installing: /home/rhobtor/PHD/j8_control/J8_control/install/ublox_msgs/include/ublox_msgs/ublox_msgs/msg/detail/nav_att__functions.c
[119.648s] -- Installing: /home/rhobtor/PHD/j8_control/J8_control/install/ublox_msgs/include/ublox_msgs/ublox_msgs/msg/detail/rxm_svsi__type_support.h
[119.648s] -- Installing: /home/rhobtor/PHD/j8_control/J8_control/install/ublox_msgs/include/ublox_msgs/ublox_msgs/msg/detail/rxm_sfrbx__struct.h
[119.648s] -- Installing: /home/rhobtor/PHD/j8_control/J8_control/install/ublox_msgs/include/ublox_msgs/ublox_msgs/msg/detail/cfg_gnss__type_support.h
[119.648s] -- Installing: /home/rhobtor/PHD/j8_control/J8_control/install/ublox_msgs/include/ublox_msgs/ublox_msgs/msg/detail/nav_relposned9__functions.h
[119.648s] -- Installing: /home/rhobtor/PHD/j8_control/J8_control/install/ublox_msgs/include/ublox_msgs/ublox_msgs/msg/detail/aid_hui__type_support.h
[119.648s] -- Installing: /home/rhobtor/PHD/j8_control/J8_control/install/ublox_msgs/include/ublox_msgs/ublox_msgs/msg/detail/cfg_tmode3__type_support.h
[119.648s] -- Installing: /home/rhobtor/PHD/j8_control/J8_control/install/ublox_msgs/include/ublox_msgs/ublox_msgs/msg/detail/rxm_raw__type_support.h
[119.648s] -- Installing: /home/rhobtor/PHD/j8_control/J8_control/install/ublox_msgs/include/ublox_msgs/ublox_msgs/msg/detail/nav_relposned9__functions.c
[119.648s] -- Installing: /home/rhobtor/PHD/j8_control/J8_control/install/ublox_msgs/include/ublox_msgs/ublox_msgs/msg/detail/rxm_rawx_meas__type_support.h
[119.648s] -- Installing: /home/rhobtor/PHD/j8_control/J8_control/install/ublox_msgs/include/ublox_msgs/ublox_msgs/msg/detail/nav_status__type_support.h
[119.648s] -- Installing: /home/rhobtor/PHD/j8_control/J8_control/install/ublox_msgs/include/ublox_msgs/ublox_msgs/msg/detail/esf_raw_block__functions.h
[119.648s] -- Installing: /home/rhobtor/PHD/j8_control/J8_control/install/ublox_msgs/include/ublox_msgs/ublox_msgs/msg/detail/aid_hui__functions.c
[119.648s] -- Installing: /home/rhobtor/PHD/j8_control/J8_control/install/ublox_msgs/include/ublox_msgs/ublox_msgs/msg/detail/nav_svinfosv__functions.c
[119.649s] -- Installing: /home/rhobtor/PHD/j8_control/J8_control/install/ublox_msgs/include/ublox_msgs/ublox_msgs/msg/detail/esf_meas__functions.h
[119.649s] -- Installing: /home/rhobtor/PHD/j8_control/J8_control/install/ublox_msgs/include/ublox_msgs/ublox_msgs/msg/detail/mon_hw6__functions.c
[119.649s] -- Installing: /home/rhobtor/PHD/j8_control/J8_control/install/ublox_msgs/include/ublox_msgs/ublox_msgs/msg/detail/cfg_nmea__functions.h
[119.649s] -- Installing: /home/rhobtor/PHD/j8_control/J8_control/install/ublox_msgs/include/ublox_msgs/ublox_msgs/msg/detail/upd_sos_ack__struct.h
[119.649s] -- Installing: /home/rhobtor/PHD/j8_control/J8_control/install/ublox_msgs/include/ublox_msgs/ublox_msgs/msg/detail/rxm_eph__functions.c
[119.649s] -- Installing: /home/rhobtor/PHD/j8_control/J8_control/install/ublox_msgs/include/ublox_msgs/ublox_msgs/msg/detail/esf_meas__type_support.h
[119.652s] -- Installing: /home/rhobtor/PHD/j8_control/J8_control/install/ublox_msgs/include/ublox_msgs/ublox_msgs/msg/detail/nav_satsv__type_support.h
[119.652s] -- Installing: /home/rhobtor/PHD/j8_control/J8_control/install/ublox_msgs/include/ublox_msgs/ublox_msgs/msg/detail/cfg_tmode3__functions.c
[119.652s] -- Installing: /home/rhobtor/PHD/j8_control/J8_control/install/ublox_msgs/include/ublox_msgs/ublox_msgs/msg/detail/nav_svinfosv__functions.h
[119.652s] -- Installing: /home/rhobtor/PHD/j8_control/J8_control/install/ublox_msgs/include/ublox_msgs/ublox_msgs/msg/detail/cfg_navx5__type_support.h
[119.652s] -- Installing: /home/rhobtor/PHD/j8_control/J8_control/install/ublox_msgs/include/ublox_msgs/ublox_msgs/msg/detail/nav_dgps__type_support.h
[119.652s] -- Installing: /home/rhobtor/PHD/j8_control/J8_control/install/ublox_msgs/include/ublox_msgs/ublox_msgs/msg/detail/rxm_svsi__functions.c
[119.652s] -- Installing: /home/rhobtor/PHD/j8_control/J8_control/install/ublox_msgs/include/ublox_msgs/ublox_msgs/msg/detail/nav_posllh__functions.c
[119.654s] -- Installing: /home/rhobtor/PHD/j8_control/J8_control/install/ublox_msgs/include/ublox_msgs/ublox_msgs/msg/detail/ack__type_support.h
[119.654s] -- Installing: /home/rhobtor/PHD/j8_control/J8_control/install/ublox_msgs/include/ublox_msgs/ublox_msgs/msg/detail/cfg_msg__struct.h
[119.654s] -- Installing: /home/rhobtor/PHD/j8_control/J8_control/install/ublox_msgs/include/ublox_msgs/ublox_msgs/msg/detail/mon_hw__struct.h
[119.654s] -- Installing: /home/rhobtor/PHD/j8_control/J8_control/install/ublox_msgs/include/ublox_msgs/ublox_msgs/msg/detail/nav_dop__type_support.h
[119.654s] -- Installing: /home/rhobtor/PHD/j8_control/J8_control/install/ublox_msgs/include/ublox_msgs/ublox_msgs/msg/detail/rxm_svsi__struct.h
[119.654s] -- Installing: /home/rhobtor/PHD/j8_control/J8_control/install/ublox_msgs/include/ublox_msgs/ublox_msgs/msg/detail/cfg_nmea__struct.h
[119.654s] -- Installing: /home/rhobtor/PHD/j8_control/J8_control/install/ublox_msgs/include/ublox_msgs/ublox_msgs/msg/detail/cfg_prt__functions.c
[119.654s] -- Installing: /home/rhobtor/PHD/j8_control/J8_control/install/ublox_msgs/include/ublox_msgs/ublox_msgs/msg/detail/nav_sbas__type_support.h
[119.654s] -- Installing: /home/rhobtor/PHD/j8_control/J8_control/install/ublox_msgs/include/ublox_msgs/ublox_msgs/msg/detail/rxm_rtcm__functions.c
[119.654s] -- Installing: /home/rhobtor/PHD/j8_control/J8_control/install/ublox_msgs/include/ublox_msgs/ublox_msgs/msg/detail/cfg_ant__type_support.h
[119.654s] -- Installing: /home/rhobtor/PHD/j8_control/J8_control/install/ublox_msgs/include/ublox_msgs/ublox_msgs/msg/detail/inf__type_support.h
[119.654s] -- Installing: /home/rhobtor/PHD/j8_control/J8_control/install/ublox_msgs/include/ublox_msgs/ublox_msgs/msg/detail/cfg_cfg__functions.h
[119.654s] -- Installing: /home/rhobtor/PHD/j8_control/J8_control/install/ublox_msgs/include/ublox_msgs/ublox_msgs/msg/detail/nav_pvt7__struct.h
[119.654s] -- Installing: /home/rhobtor/PHD/j8_control/J8_control/install/ublox_msgs/include/ublox_msgs/ublox_msgs/msg/detail/hnr_pvt__struct.h
[119.654s] -- Installing: /home/rhobtor/PHD/j8_control/J8_control/install/ublox_msgs/include/ublox_msgs/ublox_msgs/msg/detail/cfg_sbas__functions.c
[119.654s] -- Installing: /home/rhobtor/PHD/j8_control/J8_control/install/ublox_msgs/include/ublox_msgs/ublox_msgs/msg/detail/rxm_rawx__struct.h
[119.654s] -- Installing: /home/rhobtor/PHD/j8_control/J8_control/install/ublox_msgs/include/ublox_msgs/ublox_msgs/msg/detail/nav_sbas__functions.c
[119.654s] -- Installing: /home/rhobtor/PHD/j8_control/J8_control/install/ublox_msgs/include/ublox_msgs/ublox_msgs/msg/detail/cfg_dgnss__functions.c
[119.654s] -- Installing: /home/rhobtor/PHD/j8_control/J8_control/install/ublox_msgs/include/ublox_msgs/ublox_msgs/msg/detail/nav_cov__functions.c
[119.654s] -- Installing: /home/rhobtor/PHD/j8_control/J8_control/install/ublox_msgs/include/ublox_msgs/ublox_msgs/msg/detail/cfg_prt__functions.h
[119.655s] -- Installing: /home/rhobtor/PHD/j8_control/J8_control/install/ublox_msgs/include/ublox_msgs/ublox_msgs/msg/detail/rxm_rawx__functions.h
[119.655s] -- Installing: /home/rhobtor/PHD/j8_control/J8_control/install/ublox_msgs/include/ublox_msgs/ublox_msgs/msg/detail/esf_ins__type_support.h
[119.655s] -- Installing: /home/rhobtor/PHD/j8_control/J8_control/install/ublox_msgs/include/ublox_msgs/ublox_msgs/msg/detail/cfg_hnr__functions.h
[119.655s] -- Installing: /home/rhobtor/PHD/j8_control/J8_control/install/ublox_msgs/include/ublox_msgs/ublox_msgs/msg/detail/nav_pvt__functions.c
[119.655s] -- Installing: /home/rhobtor/PHD/j8_control/J8_control/install/ublox_msgs/include/ublox_msgs/ublox_msgs/msg/detail/nav_cov__struct.h
[119.655s] -- Installing: /home/rhobtor/PHD/j8_control/J8_control/install/ublox_msgs/include/ublox_msgs/ublox_msgs/msg/detail/cfg_hnr__functions.c
[119.655s] -- Installing: /home/rhobtor/PHD/j8_control/J8_control/install/ublox_msgs/include/ublox_msgs/ublox_msgs/msg/detail/nav_posecef__functions.h
[119.655s] -- Installing: /home/rhobtor/PHD/j8_control/J8_control/install/ublox_msgs/include/ublox_msgs/ublox_msgs/msg/detail/mon_ver__struct.h
[119.655s] -- Installing: /home/rhobtor/PHD/j8_control/J8_control/install/ublox_msgs/include/ublox_msgs/ublox_msgs/msg/detail/esf_status_sens__functions.h
[119.655s] -- Installing: /home/rhobtor/PHD/j8_control/J8_control/install/ublox_msgs/include/ublox_msgs/ublox_msgs/msg/detail/cfg_inf_block__functions.h
[119.655s] -- Installing: /home/rhobtor/PHD/j8_control/J8_control/install/ublox_msgs/include/ublox_msgs/ublox_msgs/msg/detail/cfg_rst__struct.h
[119.655s] -- Installing: /home/rhobtor/PHD/j8_control/J8_control/install/ublox_msgs/include/ublox_msgs/ublox_msgs/msg/detail/rxm_rawsv__functions.h
[119.655s] -- Installing: /home/rhobtor/PHD/j8_control/J8_control/install/ublox_msgs/include/ublox_msgs/ublox_msgs/msg/detail/ack__struct.h
[119.655s] -- Installing: /home/rhobtor/PHD/j8_control/J8_control/install/ublox_msgs/include/ublox_msgs/ublox_msgs/msg/detail/nav_svinfo__functions.c
[119.655s] -- Installing: /home/rhobtor/PHD/j8_control/J8_control/install/ublox_msgs/include/ublox_msgs/ublox_msgs/msg/detail/upd_sos__type_support.h
[119.655s] -- Installing: /home/rhobtor/PHD/j8_control/J8_control/install/ublox_msgs/include/ublox_msgs/ublox_msgs/msg/detail/nav_posllh__type_support.h
[119.655s] -- Installing: /home/rhobtor/PHD/j8_control/J8_control/install/ublox_msgs/include/ublox_msgs/ublox_msgs/msg/detail/nav_satsv__functions.c
[119.655s] -- Installing: /home/rhobtor/PHD/j8_control/J8_control/install/ublox_msgs/include/ublox_msgs/ublox_msgs/msg/detail/mon_hw6__type_support.h
[119.655s] -- Installing: /home/rhobtor/PHD/j8_control/J8_control/install/ublox_msgs/include/ublox_msgs/ublox_msgs/msg/detail/aid_hui__struct.h
[119.655s] -- Installing: /home/rhobtor/PHD/j8_control/J8_control/install/ublox_msgs/include/ublox_msgs/ublox_msgs/msg/detail/aid_eph__type_support.h
[119.655s] -- Installing: /home/rhobtor/PHD/j8_control/J8_control/install/ublox_msgs/include/ublox_msgs/ublox_msgs/msg/detail/nav_timeutc__functions.h
[119.655s] -- Installing: /home/rhobtor/PHD/j8_control/J8_control/install/ublox_msgs/include/ublox_msgs/ublox_msgs/msg/detail/cfg_gnss_block__functions.h
[119.655s] -- Installing: /home/rhobtor/PHD/j8_control/J8_control/install/ublox_msgs/include/ublox_msgs/ublox_msgs/msg/detail/upd_sos__struct.h
[119.655s] -- Installing: /home/rhobtor/PHD/j8_control/J8_control/install/ublox_msgs/include/ublox_msgs/ublox_msgs/msg/detail/cfg_inf__type_support.h
[119.655s] -- Installing: /home/rhobtor/PHD/j8_control/J8_control/install/ublox_msgs/include/ublox_msgs/ublox_msgs/msg/detail/nav_sbas__struct.h
[119.655s] -- Installing: /home/rhobtor/PHD/j8_control/J8_control/install/ublox_msgs/include/ublox_msgs/ublox_msgs/msg/detail/nav_svin__functions.h
[119.655s] -- Installing: /home/rhobtor/PHD/j8_control/J8_control/install/ublox_msgs/include/ublox_msgs/ublox_msgs/msg/detail/nav_status__functions.h
[119.656s] -- Installing: /home/rhobtor/PHD/j8_control/J8_control/install/ublox_msgs/include/ublox_msgs/ublox_msgs/msg/detail/cfg_dat__functions.c
[119.656s] -- Installing: /home/rhobtor/PHD/j8_control/J8_control/install/ublox_msgs/include/ublox_msgs/ublox_msgs/msg/detail/upd_sos__functions.c
[119.656s] -- Installing: /home/rhobtor/PHD/j8_control/J8_control/install/ublox_msgs/include/ublox_msgs/ublox_msgs/msg/detail/nav_svinfo__functions.h
[119.656s] -- Installing: /home/rhobtor/PHD/j8_control/J8_control/install/ublox_msgs/include/ublox_msgs/ublox_msgs/msg/detail/nav_sbassv__functions.c
[119.656s] -- Installing: /home/rhobtor/PHD/j8_control/J8_control/install/ublox_msgs/include/ublox_msgs/ublox_msgs/msg/detail/cfg_navx5__struct.h
[119.656s] -- Installing: /home/rhobtor/PHD/j8_control/J8_control/install/ublox_msgs/include/ublox_msgs/ublox_msgs/msg/detail/rxm_rtcm__type_support.h
[119.656s] -- Installing: /home/rhobtor/PHD/j8_control/J8_control/install/ublox_msgs/include/ublox_msgs/ublox_msgs/msg/detail/aid_hui__functions.h
[119.656s] -- Installing: /home/rhobtor/PHD/j8_control/J8_control/install/ublox_msgs/include/ublox_msgs/ublox_msgs/msg/detail/rxm_sfrbx__type_support.h
[119.656s] -- Installing: /home/rhobtor/PHD/j8_control/J8_control/install/ublox_msgs/include/ublox_msgs/ublox_msgs/msg/detail/cfg_sbas__struct.h
[119.656s] -- Installing: /home/rhobtor/PHD/j8_control/J8_control/install/ublox_msgs/include/ublox_msgs/ublox_msgs/msg/detail/cfg_gnss_block__struct.h
[119.656s] -- Installing: /home/rhobtor/PHD/j8_control/J8_control/install/ublox_msgs/include/ublox_msgs/ublox_msgs/msg/detail/cfg_tmode3__struct.h
[119.656s] -- Installing: /home/rhobtor/PHD/j8_control/J8_control/install/ublox_msgs/include/ublox_msgs/ublox_msgs/msg/detail/cfg_nmea7__type_support.h
[119.656s] -- Installing: /home/rhobtor/PHD/j8_control/J8_control/install/ublox_msgs/include/ublox_msgs/ublox_msgs/msg/detail/nav_velned__functions.c
[119.656s] -- Installing: /home/rhobtor/PHD/j8_control/J8_control/install/ublox_msgs/include/ublox_msgs/ublox_msgs/msg/detail/esf_status__struct.h
[119.656s] -- Installing: /home/rhobtor/PHD/j8_control/J8_control/install/ublox_msgs/include/ublox_msgs/ublox_msgs/msg/detail/mon_hw6__functions.h
[119.656s] -- Installing: /home/rhobtor/PHD/j8_control/J8_control/install/ublox_msgs/include/ublox_msgs/ublox_msgs/msg/detail/cfg_sbas__functions.h
[119.656s] -- Installing: /home/rhobtor/PHD/j8_control/J8_control/install/ublox_msgs/include/ublox_msgs/ublox_msgs/msg/detail/nav_relposned9__type_support.h
[119.656s] -- Installing: /home/rhobtor/PHD/j8_control/J8_control/install/ublox_msgs/include/ublox_msgs/ublox_msgs/msg/detail/nav_svin__type_support.h
[119.656s] -- Installing: /home/rhobtor/PHD/j8_control/J8_control/install/ublox_msgs/include/ublox_msgs/ublox_msgs/msg/detail/rxm_rawx_meas__functions.h
[119.656s] -- Installing: /home/rhobtor/PHD/j8_control/J8_control/install/ublox_msgs/include/ublox_msgs/ublox_msgs/msg/detail/esf_status__type_support.h
[119.656s] -- Installing: /home/rhobtor/PHD/j8_control/J8_control/install/ublox_msgs/include/ublox_msgs/ublox_msgs/msg/detail/nav_relposned__struct.h
[119.656s] -- Installing: /home/rhobtor/PHD/j8_control/J8_control/install/ublox_msgs/include/ublox_msgs/ublox_msgs/msg/detail/mon_hw__type_support.h
[119.656s] -- Installing: /home/rhobtor/PHD/j8_control/J8_control/install/ublox_msgs/include/ublox_msgs/ublox_msgs/msg/detail/cfg_nmea__type_support.h
[119.656s] -- Installing: /home/rhobtor/PHD/j8_control/J8_control/install/ublox_msgs/include/ublox_msgs/ublox_msgs/msg/detail/mon_gnss__functions.c
[119.657s] -- Installing: /home/rhobtor/PHD/j8_control/J8_control/install/ublox_msgs/include/ublox_msgs/ublox_msgs/msg/detail/nav_timegps__type_support.h
[119.657s] -- Installing: /home/rhobtor/PHD/j8_control/J8_control/install/ublox_msgs/include/ublox_msgs/ublox_msgs/msg/detail/nav_status__struct.h
[119.657s] -- Installing: /home/rhobtor/PHD/j8_control/J8_control/install/ublox_msgs/include/ublox_msgs/ublox_msgs/msg/detail/upd_sos_ack__functions.h
[119.657s] -- Installing: /home/rhobtor/PHD/j8_control/J8_control/install/ublox_msgs/include/ublox_msgs/ublox_msgs/msg/detail/rxm_raw__functions.c
[119.657s] -- Installing: /home/rhobtor/PHD/j8_control/J8_control/install/ublox_msgs/include/ublox_msgs/ublox_msgs/msg/detail/esf_raw_block__functions.c
[119.657s] -- Installing: /home/rhobtor/PHD/j8_control/J8_control/install/ublox_msgs/include/ublox_msgs/ublox_msgs/msg/detail/nav_clock__struct.h
[119.657s] -- Installing: /home/rhobtor/PHD/j8_control/J8_control/install/ublox_msgs/include/ublox_msgs/ublox_msgs/msg/detail/mon_ver_extension__functions.h
[119.657s] -- Installing: /home/rhobtor/PHD/j8_control/J8_control/install/ublox_msgs/include/ublox_msgs/ublox_msgs/msg/detail/rxm_alm__type_support.h
[119.657s] -- Installing: /home/rhobtor/PHD/j8_control/J8_control/install/ublox_msgs/include/ublox_msgs/ublox_msgs/msg/detail/esf_raw__functions.c
[119.657s] -- Installing: /home/rhobtor/PHD/j8_control/J8_control/install/ublox_msgs/include/ublox_msgs/ublox_msgs/msg/detail/mon_ver__type_support.h
[119.657s] -- Installing: /home/rhobtor/PHD/j8_control/J8_control/install/ublox_msgs/include/ublox_msgs/ublox_msgs/msg/detail/cfg_inf__functions.c
[119.657s] -- Installing: /home/rhobtor/PHD/j8_control/J8_control/install/ublox_msgs/include/ublox_msgs/ublox_msgs/msg/detail/nav_pvt__functions.h
[119.657s] -- Installing: /home/rhobtor/PHD/j8_control/J8_control/install/ublox_msgs/include/ublox_msgs/ublox_msgs/msg/detail/tim_tm2__type_support.h
[119.657s] -- Installing: /home/rhobtor/PHD/j8_control/J8_control/install/ublox_msgs/include/ublox_msgs/ublox_msgs/msg/detail/cfg_rate__functions.c
[119.657s] -- Installing: /home/rhobtor/PHD/j8_control/J8_control/install/ublox_msgs/include/ublox_msgs/ublox_msgs/msg/detail/mon_ver__functions.c
[119.657s] -- Installing: /home/rhobtor/PHD/j8_control/J8_control/install/ublox_msgs/include/ublox_msgs/ublox_msgs/msg/detail/cfg_nav5__type_support.h
[119.657s] -- Installing: /home/rhobtor/PHD/j8_control/J8_control/install/ublox_msgs/include/ublox_msgs/ublox_msgs/msg/detail/nav_clock__functions.h
[119.657s] -- Installing: /home/rhobtor/PHD/j8_control/J8_control/install/ublox_msgs/include/ublox_msgs/ublox_msgs/msg/detail/esf_meas__struct.h
[119.657s] -- Installing: /home/rhobtor/PHD/j8_control/J8_control/install/ublox_msgs/include/ublox_msgs/ublox_msgs/msg/detail/esf_raw_block__type_support.h
[119.657s] -- Installing: /home/rhobtor/PHD/j8_control/J8_control/install/ublox_msgs/include/ublox_msgs/ublox_msgs/msg/detail/nav_att__struct.h
[119.657s] -- Installing: /home/rhobtor/PHD/j8_control/J8_control/install/ublox_msgs/include/ublox_msgs/ublox_msgs/msg/detail/ack__functions.h
[119.657s] -- Installing: /home/rhobtor/PHD/j8_control/J8_control/install/ublox_msgs/include/ublox_msgs/ublox_msgs/msg/detail/cfg_dgnss__type_support.h
[119.657s] -- Installing: /home/rhobtor/PHD/j8_control/J8_control/install/ublox_msgs/include/ublox_msgs/ublox_msgs/msg/detail/cfg_gnss_block__type_support.h
[119.657s] -- Installing: /home/rhobtor/PHD/j8_control/J8_control/install/ublox_msgs/include/ublox_msgs/ublox_msgs/msg/detail/cfg_nmea7__functions.c
[119.657s] -- Installing: /home/rhobtor/PHD/j8_control/J8_control/install/ublox_msgs/include/ublox_msgs/ublox_msgs/msg/detail/cfg_usb__type_support.h
[119.657s] -- Installing: /home/rhobtor/PHD/j8_control/J8_control/install/ublox_msgs/include/ublox_msgs/ublox_msgs/msg/detail/nav_satsv__struct.h
[119.658s] -- Installing: /home/rhobtor/PHD/j8_control/J8_control/install/ublox_msgs/include/ublox_msgs/ublox_msgs/msg/detail/mga_gal__functions.h
[119.658s] -- Installing: /home/rhobtor/PHD/j8_control/J8_control/install/ublox_msgs/include/ublox_msgs/ublox_msgs/msg/detail/nav_timeutc__type_support.h
[119.658s] -- Installing: /home/rhobtor/PHD/j8_control/J8_control/install/ublox_msgs/include/ublox_msgs/ublox_msgs/msg/detail/cfg_hnr__type_support.h
[119.658s] -- Installing: /home/rhobtor/PHD/j8_control/J8_control/install/ublox_msgs/include/ublox_msgs/ublox_msgs/msg/detail/cfg_prt__struct.h
[119.658s] -- Installing: /home/rhobtor/PHD/j8_control/J8_control/install/ublox_msgs/include/ublox_msgs/ublox_msgs/msg/detail/cfg_dat__type_support.h
[119.658s] -- Installing: /home/rhobtor/PHD/j8_control/J8_control/install/ublox_msgs/include/ublox_msgs/ublox_msgs/msg/detail/aid_eph__functions.c
[119.658s] -- Installing: /home/rhobtor/PHD/j8_control/J8_control/install/ublox_msgs/include/ublox_msgs/ublox_msgs/msg/detail/nav_velecef__functions.h
[119.658s] -- Installing: /home/rhobtor/PHD/j8_control/J8_control/install/ublox_msgs/include/ublox_msgs/ublox_msgs/msg/detail/upd_sos__functions.h
[119.658s] -- Installing: /home/rhobtor/PHD/j8_control/J8_control/install/ublox_msgs/include/ublox_msgs/ublox_msgs/msg/detail/esf_raw__type_support.h
[119.658s] -- Installing: /home/rhobtor/PHD/j8_control/J8_control/install/ublox_msgs/include/ublox_msgs/ublox_msgs/msg/detail/cfg_inf_block__functions.c
[119.658s] -- Installing: /home/rhobtor/PHD/j8_control/J8_control/install/ublox_msgs/include/ublox_msgs/ublox_msgs/msg/detail/nav_sol__struct.h
[119.658s] -- Installing: /home/rhobtor/PHD/j8_control/J8_control/install/ublox_msgs/include/ublox_msgs/ublox_msgs/msg/detail/cfg_prt__type_support.h
[119.658s] -- Installing: /home/rhobtor/PHD/j8_control/J8_control/install/ublox_msgs/include/ublox_msgs/ublox_msgs/msg/detail/nav_timeutc__struct.h
[119.658s] -- Installing: /home/rhobtor/PHD/j8_control/J8_control/install/ublox_msgs/include/ublox_msgs/ublox_msgs/msg/detail/rxm_sfrb__struct.h
[119.658s] -- Installing: /home/rhobtor/PHD/j8_control/J8_control/install/ublox_msgs/include/ublox_msgs/ublox_msgs/msg/detail/mga_gal__functions.c
[119.658s] -- Installing: /home/rhobtor/PHD/j8_control/J8_control/install/ublox_msgs/include/ublox_msgs/ublox_msgs/msg/detail/aid_alm__type_support.h
[119.658s] -- Installing: /home/rhobtor/PHD/j8_control/J8_control/install/ublox_msgs/include/ublox_msgs/ublox_msgs/msg/detail/nav_clock__functions.c
[119.658s] -- Installing: /home/rhobtor/PHD/j8_control/J8_control/install/ublox_msgs/include/ublox_msgs/ublox_msgs/msg/detail/rxm_svsisv__functions.c
[119.658s] -- Installing: /home/rhobtor/PHD/j8_control/J8_control/install/ublox_msgs/include/ublox_msgs/ublox_msgs/msg/detail/cfg_usb__functions.h
[119.658s] -- Installing: /home/rhobtor/PHD/j8_control/J8_control/install/ublox_msgs/include/ublox_msgs/ublox_msgs/msg/detail/nav_sol__type_support.h
[119.658s] -- Installing: /home/rhobtor/PHD/j8_control/J8_control/install/ublox_msgs/include/ublox_msgs/ublox_msgs/msg/detail/rxm_rawx_meas__struct.h
[119.658s] -- Installing: /home/rhobtor/PHD/j8_control/J8_control/install/ublox_msgs/include/ublox_msgs/ublox_msgs/msg/detail/nav_dgpssv__functions.c
[119.658s] -- Installing: /home/rhobtor/PHD/j8_control/J8_control/install/ublox_msgs/include/ublox_msgs/ublox_msgs/msg/detail/nav_dgpssv__type_support.h
[119.658s] -- Installing: /home/rhobtor/PHD/j8_control/J8_control/install/ublox_msgs/include/ublox_msgs/ublox_msgs/msg/detail/rxm_rawx__functions.c
[119.659s] -- Installing: /home/rhobtor/PHD/j8_control/J8_control/install/ublox_msgs/include/ublox_msgs/ublox_msgs/msg/detail/nav_svinfosv__struct.h
[119.659s] -- Installing: /home/rhobtor/PHD/j8_control/J8_control/install/ublox_msgs/include/ublox_msgs/ublox_msgs/msg/detail/cfg_gnss__functions.c
[119.659s] -- Installing: /home/rhobtor/PHD/j8_control/J8_control/install/ublox_msgs/include/ublox_msgs/ublox_msgs/msg/detail/cfg_inf_block__struct.h
[119.659s] -- Installing: /home/rhobtor/PHD/j8_control/J8_control/install/ublox_msgs/include/ublox_msgs/ublox_msgs/msg/detail/mon_ver_extension__struct.h
[119.659s] -- Installing: /home/rhobtor/PHD/j8_control/J8_control/install/ublox_msgs/include/ublox_msgs/ublox_msgs/msg/detail/rxm_rawsv__type_support.h
[119.659s] -- Installing: /home/rhobtor/PHD/j8_control/J8_control/install/ublox_msgs/include/ublox_msgs/ublox_msgs/msg/detail/cfg_inf__struct.h
[119.659s] -- Installing: /home/rhobtor/PHD/j8_control/J8_control/install/ublox_msgs/include/ublox_msgs/ublox_msgs/msg/detail/hnr_pvt__functions.c
[119.659s] -- Installing: /home/rhobtor/PHD/j8_control/J8_control/install/ublox_msgs/include/ublox_msgs/ublox_msgs/msg/detail/nav_sat__struct.h
[119.659s] -- Installing: /home/rhobtor/PHD/j8_control/J8_control/install/ublox_msgs/include/ublox_msgs/ublox_msgs/msg/detail/nav_pvt7__functions.h
[119.659s] -- Installing: /home/rhobtor/PHD/j8_control/J8_control/install/ublox_msgs/include/ublox_msgs/ublox_msgs/msg/detail/esf_ins__functions.h
[119.659s] -- Installing: /home/rhobtor/PHD/j8_control/J8_control/install/ublox_msgs/include/ublox_msgs/ublox_msgs/msg/detail/nav_pvt__type_support.h
[119.659s] -- Installing: /home/rhobtor/PHD/j8_control/J8_control/install/ublox_msgs/include/ublox_msgs/ublox_msgs/msg/detail/nav_dgpssv__struct.h
[119.659s] -- Installing: /home/rhobtor/PHD/j8_control/J8_control/install/ublox_msgs/include/ublox_msgs/ublox_msgs/msg/detail/aid_alm__functions.c
[119.659s] -- Installing: /home/rhobtor/PHD/j8_control/J8_control/install/ublox_msgs/include/ublox_msgs/ublox_msgs/msg/detail/nav_velned__type_support.h
[119.659s] -- Installing: /home/rhobtor/PHD/j8_control/J8_control/install/ublox_msgs/include/ublox_msgs/ublox_msgs/msg/detail/tim_tm2__functions.h
[119.659s] -- Installing: /home/rhobtor/PHD/j8_control/J8_control/install/ublox_msgs/include/ublox_msgs/ublox_msgs/msg/detail/nav_svinfo__struct.h
[119.659s] -- Installing: /home/rhobtor/PHD/j8_control/J8_control/install/ublox_msgs/include/ublox_msgs/ublox_msgs/msg/detail/cfg_ant__functions.h
[119.659s] -- Installing: /home/rhobtor/PHD/j8_control/J8_control/install/ublox_msgs/include/ublox_msgs/ublox_msgs/msg/detail/nav_velecef__struct.h
[119.659s] -- Installing: /home/rhobtor/PHD/j8_control/J8_control/install/ublox_msgs/include/ublox_msgs/ublox_msgs/msg/detail/cfg_nmea__functions.c
[119.659s] -- Installing: /home/rhobtor/PHD/j8_control/J8_control/install/ublox_msgs/include/ublox_msgs/ublox_msgs/msg/detail/cfg_inf_block__type_support.h
[119.659s] -- Installing: /home/rhobtor/PHD/j8_control/J8_control/install/ublox_msgs/include/ublox_msgs/ublox_msgs/msg/detail/mon_hw__functions.h
[119.659s] -- Installing: /home/rhobtor/PHD/j8_control/J8_control/install/ublox_msgs/include/ublox_msgs/ublox_msgs/msg/detail/mga_gal__type_support.h
[119.659s] -- Installing: /home/rhobtor/PHD/j8_control/J8_control/install/ublox_msgs/include/ublox_msgs/ublox_msgs/msg/detail/nav_pvt7__functions.c
[119.659s] -- Installing: /home/rhobtor/PHD/j8_control/J8_control/install/ublox_msgs/include/ublox_msgs/ublox_msgs/msg/detail/cfg_navx5__functions.h
[119.659s] -- Installing: /home/rhobtor/PHD/j8_control/J8_control/install/ublox_msgs/include/ublox_msgs/ublox_msgs/msg/detail/mon_hw6__struct.h
[119.659s] -- Installing: /home/rhobtor/PHD/j8_control/J8_control/install/ublox_msgs/include/ublox_msgs/ublox_msgs/msg/detail/cfg_usb__functions.c
[119.659s] -- Installing: /home/rhobtor/PHD/j8_control/J8_control/install/ublox_msgs/include/ublox_msgs/ublox_msgs/msg/detail/nav_sbassv__functions.h
[119.660s] -- Installing: /home/rhobtor/PHD/j8_control/J8_control/install/ublox_msgs/include/ublox_msgs/ublox_msgs/msg/detail/esf_meas__functions.c
[119.660s] -- Installing: /home/rhobtor/PHD/j8_control/J8_control/install/ublox_msgs/include/ublox_msgs/ublox_msgs/msg/detail/cfg_rst__functions.h
[119.660s] -- Installing: /home/rhobtor/PHD/j8_control/J8_control/install/ublox_msgs/include/ublox_msgs/ublox_msgs/msg/detail/rxm_eph__type_support.h
[119.660s] -- Installing: /home/rhobtor/PHD/j8_control/J8_control/install/ublox_msgs/include/ublox_msgs/ublox_msgs/msg/detail/nav_velned__functions.h
[119.660s] -- Installing: /home/rhobtor/PHD/j8_control/J8_control/install/ublox_msgs/include/ublox_msgs/ublox_msgs/msg/detail/rxm_raw__functions.h
[119.660s] -- Installing: /home/rhobtor/PHD/j8_control/J8_control/install/ublox_msgs/include/ublox_msgs/ublox_msgs/msg/detail/esf_status__functions.h
[119.660s] -- Installing: /home/rhobtor/PHD/j8_control/J8_control/install/ublox_msgs/include/ublox_msgs/ublox_msgs/msg/detail/nav_relposned9__struct.h
[119.660s] -- Installing: /home/rhobtor/PHD/j8_control/J8_control/install/ublox_msgs/include/ublox_msgs/ublox_msgs/msg/detail/cfg_rst__type_support.h
[119.660s] -- Installing: /home/rhobtor/PHD/j8_control/J8_control/install/ublox_msgs/include/ublox_msgs/ublox_msgs/msg/detail/nav_posecef__type_support.h
[119.660s] -- Installing: /home/rhobtor/PHD/j8_control/J8_control/install/ublox_msgs/include/ublox_msgs/ublox_msgs/msg/detail/nav_dop__struct.h
[119.660s] -- Installing: /home/rhobtor/PHD/j8_control/J8_control/install/ublox_msgs/include/ublox_msgs/ublox_msgs/msg/detail/esf_status__functions.c
[119.660s] -- Installing: /home/rhobtor/PHD/j8_control/J8_control/install/ublox_msgs/include/ublox_msgs/ublox_msgs/msg/detail/rxm_rawx__type_support.h
[119.660s] -- Installing: /home/rhobtor/PHD/j8_control/J8_control/install/ublox_msgs/include/ublox_msgs/ublox_msgs/msg/detail/nav_velned__struct.h
[119.660s] -- Installing: /home/rhobtor/PHD/j8_control/J8_control/install/ublox_msgs/include/ublox_msgs/ublox_msgs/msg/detail/nav_sol__functions.c
[119.660s] -- Installing: /home/rhobtor/PHD/j8_control/J8_control/install/ublox_msgs/include/ublox_msgs/ublox_msgs/msg/detail/cfg_cfg__functions.c
[119.660s] -- Installing: /home/rhobtor/PHD/j8_control/J8_control/install/ublox_msgs/include/ublox_msgs/ublox_msgs/msg/detail/rxm_sfrb__type_support.h
[119.660s] -- Installing: /home/rhobtor/PHD/j8_control/J8_control/install/ublox_msgs/include/ublox_msgs/ublox_msgs/msg/detail/nav_sat__functions.h
[119.660s] -- Installing: /home/rhobtor/PHD/j8_control/J8_control/install/ublox_msgs/include/ublox_msgs/ublox_msgs/msg/detail/nav_status__functions.c
[119.660s] -- Installing: /home/rhobtor/PHD/j8_control/J8_control/install/ublox_msgs/include/ublox_msgs/ublox_msgs/msg/detail/cfg_nmea6__struct.h
[119.660s] -- Installing: /home/rhobtor/PHD/j8_control/J8_control/install/ublox_msgs/include/ublox_msgs/ublox_msgs/msg/detail/nav_clock__type_support.h
[119.660s] -- Installing: /home/rhobtor/PHD/j8_control/J8_control/install/ublox_msgs/include/ublox_msgs/ublox_msgs/msg/detail/rxm_alm__struct.h
[119.660s] -- Installing: /home/rhobtor/PHD/j8_control/J8_control/install/ublox_msgs/include/ublox_msgs/ublox_msgs/msg/detail/hnr_pvt__type_support.h
[119.660s] -- Installing: /home/rhobtor/PHD/j8_control/J8_control/install/ublox_msgs/include/ublox_msgs/ublox_msgs/msg/detail/nav_posecef__functions.c
[119.660s] -- Installing: /home/rhobtor/PHD/j8_control/J8_control/install/ublox_msgs/include/ublox_msgs/ublox_msgs/msg/detail/esf_raw_block__struct.h
[119.660s] -- Installing: /home/rhobtor/PHD/j8_control/J8_control/install/ublox_msgs/include/ublox_msgs/ublox_msgs/msg/detail/mga_gal__struct.h
[119.660s] -- Installing: /home/rhobtor/PHD/j8_control/J8_control/install/ublox_msgs/include/ublox_msgs/ublox_msgs/msg/detail/rxm_eph__struct.h
[119.661s] -- Installing: /home/rhobtor/PHD/j8_control/J8_control/install/ublox_msgs/include/ublox_msgs/ublox_msgs/msg/detail/cfg_ant__functions.c
[119.661s] -- Installing: /home/rhobtor/PHD/j8_control/J8_control/install/ublox_msgs/include/ublox_msgs/ublox_msgs/msg/detail/cfg_msg__functions.c
[119.661s] -- Installing: /home/rhobtor/PHD/j8_control/J8_control/install/ublox_msgs/include/ublox_msgs/ublox_msgs/msg/detail/nav_dgps__struct.h
[119.661s] -- Installing: /home/rhobtor/PHD/j8_control/J8_control/install/ublox_msgs/include/ublox_msgs/ublox_msgs/msg/detail/rxm_sfrb__functions.c
[119.661s] -- Installing: /home/rhobtor/PHD/j8_control/J8_control/install/ublox_msgs/include/ublox_msgs/ublox_msgs/msg/detail/rxm_rawsv__struct.h
[119.661s] -- Installing: /home/rhobtor/PHD/j8_control/J8_control/install/ublox_msgs/include/ublox_msgs/ublox_msgs/msg/detail/cfg_usb__struct.h
[119.661s] -- Installing: /home/rhobtor/PHD/j8_control/J8_control/install/ublox_msgs/include/ublox_msgs/ublox_msgs/msg/detail/cfg_gnss__struct.h
[119.661s] -- Installing: /home/rhobtor/PHD/j8_control/J8_control/install/ublox_msgs/include/ublox_msgs/ublox_msgs/msg/detail/inf__functions.c
[119.661s] -- Installing: /home/rhobtor/PHD/j8_control/J8_control/install/ublox_msgs/include/ublox_msgs/ublox_msgs/msg/detail/nav_posecef__struct.h
[119.661s] -- Installing: /home/rhobtor/PHD/j8_control/J8_control/install/ublox_msgs/include/ublox_msgs/ublox_msgs/msg/detail/nav_velecef__functions.c
[119.661s] -- Installing: /home/rhobtor/PHD/j8_control/J8_control/install/ublox_msgs/include/ublox_msgs/ublox_msgs/msg/detail/mon_ver_extension__functions.c
[119.661s] -- Installing: /home/rhobtor/PHD/j8_control/J8_control/install/ublox_msgs/include/ublox_msgs/ublox_msgs/msg/detail/rxm_sfrbx__functions.c
[119.661s] -- Installing: /home/rhobtor/PHD/j8_control/J8_control/install/ublox_msgs/include/ublox_msgs/ublox_msgs/msg/detail/cfg_dat__struct.h
[119.661s] -- Installing: /home/rhobtor/PHD/j8_control/J8_control/install/ublox_msgs/include/ublox_msgs/ublox_msgs/msg/detail/nav_att__functions.h
[119.661s] -- Installing: /home/rhobtor/PHD/j8_control/J8_control/install/ublox_msgs/include/ublox_msgs/ublox_msgs/msg/detail/cfg_tmode3__functions.h
[119.661s] -- Installing: /home/rhobtor/PHD/j8_control/J8_control/install/ublox_msgs/include/ublox_msgs/ublox_msgs/msg/detail/cfg_rate__type_support.h
[119.661s] -- Installing: /home/rhobtor/PHD/j8_control/J8_control/install/ublox_msgs/include/ublox_msgs/ublox_msgs/msg/detail/cfg_hnr__struct.h
[119.661s] -- Installing: /home/rhobtor/PHD/j8_control/J8_control/install/ublox_msgs/include/ublox_msgs/ublox_msgs/msg/detail/esf_ins__struct.h
[119.661s] -- Installing: /home/rhobtor/PHD/j8_control/J8_control/install/ublox_msgs/include/ublox_msgs/ublox_msgs/msg/detail/cfg_dat__functions.h
[119.661s] -- Installing: /home/rhobtor/PHD/j8_control/J8_control/install/ublox_msgs/include/ublox_msgs/ublox_msgs/msg/detail/nav_timegps__functions.c
[119.662s] -- Installing: /home/rhobtor/PHD/j8_control/J8_control/install/ublox_msgs/include/ublox_msgs/ublox_msgs/msg/detail/nav_posllh__functions.h
[119.662s] -- Installing: /home/rhobtor/PHD/j8_control/J8_control/install/ublox_msgs/include/ublox_msgs/ublox_msgs/msg/detail/aid_eph__struct.h
[119.662s] -- Installing: /home/rhobtor/PHD/j8_control/J8_control/install/ublox_msgs/include/ublox_msgs/ublox_msgs/msg/detail/cfg_dgnss__struct.h
[119.662s] -- Installing: /home/rhobtor/PHD/j8_control/J8_control/install/ublox_msgs/include/ublox_msgs/ublox_msgs/msg/detail/cfg_msg__type_support.h
[119.662s] -- Installing: /home/rhobtor/PHD/j8_control/J8_control/install/ublox_msgs/include/ublox_msgs/ublox_msgs/msg/detail/nav_sbas__functions.h
[119.662s] -- Installing: /home/rhobtor/PHD/j8_control/J8_control/install/ublox_msgs/include/ublox_msgs/ublox_msgs/msg/detail/cfg_ant__struct.h
[119.662s] -- Installing: /home/rhobtor/PHD/j8_control/J8_control/install/ublox_msgs/include/ublox_msgs/ublox_msgs/msg/detail/cfg_nmea7__functions.h
[119.662s] -- Installing: /home/rhobtor/PHD/j8_control/J8_control/install/ublox_msgs/include/ublox_msgs/ublox_msgs/msg/detail/cfg_cfg__struct.h
[119.662s] -- Installing: /home/rhobtor/PHD/j8_control/J8_control/install/ublox_msgs/include/ublox_msgs/ublox_msgs/msg/detail/rxm_alm__functions.c
[119.662s] -- Installing: /home/rhobtor/PHD/j8_control/J8_control/install/ublox_msgs/include/ublox_msgs/ublox_msgs/msg/detail/nav_cov__functions.h
[119.662s] -- Installing: /home/rhobtor/PHD/j8_control/J8_control/install/ublox_msgs/include/ublox_msgs/ublox_msgs/msg/cfg_nav5.h
[119.662s] -- Installing: /home/rhobtor/PHD/j8_control/J8_control/install/ublox_msgs/include/ublox_msgs/ublox_msgs/msg/cfg_nmea.h
[119.662s] -- Installing: /home/rhobtor/PHD/j8_control/J8_control/install/ublox_msgs/include/ublox_msgs/ublox_msgs/msg/cfg_nmea6.h
[119.662s] -- Installing: /home/rhobtor/PHD/j8_control/J8_control/install/ublox_msgs/include/ublox_msgs/ublox_msgs/msg/nav_svinfosv.h
[119.662s] -- Installing: /home/rhobtor/PHD/j8_control/J8_control/install/ublox_msgs/include/ublox_msgs/ublox_msgs/msg/mon_ver.h
[119.662s] -- Installing: /home/rhobtor/PHD/j8_control/J8_control/install/ublox_msgs/include/ublox_msgs/ublox_msgs/msg/nav_timeutc.h
[119.662s] -- Installing: /home/rhobtor/PHD/j8_control/J8_control/install/ublox_msgs/include/ublox_msgs/ublox_msgs/msg/cfg_cfg.h
[119.662s] -- Installing: /home/rhobtor/PHD/j8_control/J8_control/install/ublox_msgs/include/ublox_msgs/ublox_msgs/msg/cfg_nmea7.h
[119.662s] -- Installing: /home/rhobtor/PHD/j8_control/J8_control/install/ublox_msgs/include/ublox_msgs/ublox_msgs/msg/nav_dgps.h
[119.662s] -- Installing: /home/rhobtor/PHD/j8_control/J8_control/install/ublox_msgs/include/ublox_msgs/ublox_msgs/msg/nav_svin.h
[119.663s] -- Installing: /home/rhobtor/PHD/j8_control/J8_control/install/ublox_msgs/include/ublox_msgs/ublox_msgs/msg/hnr_pvt.h
[119.663s] -- Installing: /home/rhobtor/PHD/j8_control/J8_control/install/ublox_msgs/include/ublox_msgs/ublox_msgs/msg/cfg_rst.h
[119.663s] -- Installing: /home/rhobtor/PHD/j8_control/J8_control/install/ublox_msgs/include/ublox_msgs/ublox_msgs/msg/nav_relposned.h
[119.663s] -- Installing: /home/rhobtor/PHD/j8_control/J8_control/install/ublox_msgs/include/ublox_msgs/ublox_msgs/msg/cfg_gnss_block.h
[119.663s] -- Installing: /home/rhobtor/PHD/j8_control/J8_control/install/ublox_msgs/include/ublox_msgs/ublox_msgs/msg/nav_cov.h
[119.663s] -- Installing: /home/rhobtor/PHD/j8_control/J8_control/install/ublox_msgs/include/ublox_msgs/ublox_msgs/msg/rxm_rtcm.h
[119.663s] -- Installing: /home/rhobtor/PHD/j8_control/J8_control/install/ublox_msgs/include/ublox_msgs/ublox_msgs/msg/rxm_eph.h
[119.663s] -- Installing: /home/rhobtor/PHD/j8_control/J8_control/install/ublox_msgs/include/ublox_msgs/ublox_msgs/msg/rxm_sfrbx.h
[119.663s] -- Installing: /home/rhobtor/PHD/j8_control/J8_control/install/ublox_msgs/include/ublox_msgs/ublox_msgs/msg/cfg_prt.h
[119.663s] -- Installing: /home/rhobtor/PHD/j8_control/J8_control/install/ublox_msgs/include/ublox_msgs/ublox_msgs/msg/rxm_rawsv.h
[119.663s] -- Installing: /home/rhobtor/PHD/j8_control/J8_control/install/ublox_msgs/include/ublox_msgs/ublox_msgs/msg/nav_pvt.h
[119.663s] -- Installing: /home/rhobtor/PHD/j8_control/J8_control/install/ublox_msgs/include/ublox_msgs/ublox_msgs/msg/nav_status.h
[119.663s] -- Installing: /home/rhobtor/PHD/j8_control/J8_control/install/ublox_msgs/include/ublox_msgs/ublox_msgs/msg/mon_gnss.h
[119.663s] -- Installing: /home/rhobtor/PHD/j8_control/J8_control/install/ublox_msgs/include/ublox_msgs/ublox_msgs/msg/nav_sbas.h
[119.663s] -- Installing: /home/rhobtor/PHD/j8_control/J8_control/install/ublox_msgs/include/ublox_msgs/ublox_msgs/msg/cfg_msg.h
[119.663s] -- Installing: /home/rhobtor/PHD/j8_control/J8_control/install/ublox_msgs/include/ublox_msgs/ublox_msgs/msg/rxm_alm.h
[119.663s] -- Installing: /home/rhobtor/PHD/j8_control/J8_control/install/ublox_msgs/include/ublox_msgs/ublox_msgs/msg/cfg_navx5.h
[119.663s] -- Installing: /home/rhobtor/PHD/j8_control/J8_control/install/ublox_msgs/include/ublox_msgs/ublox_msgs/msg/nav_satsv.h
[119.663s] -- Installing: /home/rhobtor/PHD/j8_control/J8_control/install/ublox_msgs/include/ublox_msgs/ublox_msgs/msg/nav_velecef.h
[119.663s] -- Installing: /home/rhobtor/PHD/j8_control/J8_control/install/ublox_msgs/include/ublox_msgs/ublox_msgs/msg/cfg_usb.h
[119.663s] -- Installing: /home/rhobtor/PHD/j8_control/J8_control/install/ublox_msgs/include/ublox_msgs/ublox_msgs/msg/aid_eph.h
[119.663s] -- Installing: /home/rhobtor/PHD/j8_control/J8_control/install/ublox_msgs/include/ublox_msgs/ublox_msgs/msg/nav_sat.h
[119.664s] -- Installing: /home/rhobtor/PHD/j8_control/J8_control/install/ublox_msgs/include/ublox_msgs/ublox_msgs/msg/nav_att.h
[119.664s] -- Installing: /home/rhobtor/PHD/j8_control/J8_control/install/ublox_msgs/include/ublox_msgs/ublox_msgs/msg/nav_posllh.h
[119.664s] -- Installing: /home/rhobtor/PHD/j8_control/J8_control/install/ublox_msgs/include/ublox_msgs/ublox_msgs/msg/ack.h
[119.664s] -- Installing: /home/rhobtor/PHD/j8_control/J8_control/install/ublox_msgs/include/ublox_msgs/ublox_msgs/msg/cfg_rate.h
[119.664s] -- Installing: /home/rhobtor/PHD/j8_control/J8_control/install/ublox_msgs/share/ublox_msgs/environment/library_path.sh
[119.664s] -- Installing: /home/rhobtor/PHD/j8_control/J8_control/install/ublox_msgs/share/ublox_msgs/environment/library_path.dsv
[119.664s] -- Installing: /home/rhobtor/PHD/j8_control/J8_control/install/ublox_msgs/lib/libublox_msgs__rosidl_generator_c.so
[119.665s] -- Set runtime path of "/home/rhobtor/PHD/j8_control/J8_control/install/ublox_msgs/lib/libublox_msgs__rosidl_generator_c.so" to ""
[119.665s] -- Up-to-date: /home/rhobtor/PHD/j8_control/J8_control/install/ublox_msgs/include/ublox_msgs/ublox_msgs
[119.665s] -- Up-to-date: /home/rhobtor/PHD/j8_control/J8_control/install/ublox_msgs/include/ublox_msgs/ublox_msgs/msg
[119.665s] -- Installing: /home/rhobtor/PHD/j8_control/J8_control/install/ublox_msgs/include/ublox_msgs/ublox_msgs/msg/rosidl_typesupport_fastrtps_c__visibility_control.h
[119.665s] -- Up-to-date: /home/rhobtor/PHD/j8_control/J8_control/install/ublox_msgs/include/ublox_msgs/ublox_msgs/msg/detail
[119.665s] -- Installing: /home/rhobtor/PHD/j8_control/J8_control/install/ublox_msgs/include/ublox_msgs/ublox_msgs/msg/detail/mon_hw__rosidl_typesupport_fastrtps_c.h
[119.665s] -- Installing: /home/rhobtor/PHD/j8_control/J8_control/install/ublox_msgs/include/ublox_msgs/ublox_msgs/msg/detail/cfg_prt__rosidl_typesupport_fastrtps_c.h
[119.665s] -- Installing: /home/rhobtor/PHD/j8_control/J8_control/install/ublox_msgs/include/ublox_msgs/ublox_msgs/msg/detail/nav_timeutc__rosidl_typesupport_fastrtps_c.h
[119.665s] -- Installing: /home/rhobtor/PHD/j8_control/J8_control/install/ublox_msgs/include/ublox_msgs/ublox_msgs/msg/detail/cfg_msg__rosidl_typesupport_fastrtps_c.h
[119.665s] -- Installing: /home/rhobtor/PHD/j8_control/J8_control/install/ublox_msgs/include/ublox_msgs/ublox_msgs/msg/detail/nav_posllh__rosidl_typesupport_fastrtps_c.h
[119.665s] -- Installing: /home/rhobtor/PHD/j8_control/J8_control/install/ublox_msgs/include/ublox_msgs/ublox_msgs/msg/detail/cfg_rate__rosidl_typesupport_fastrtps_c.h
[119.665s] -- Installing: /home/rhobtor/PHD/j8_control/J8_control/install/ublox_msgs/include/ublox_msgs/ublox_msgs/msg/detail/cfg_hnr__rosidl_typesupport_fastrtps_c.h
[119.665s] -- Installing: /home/rhobtor/PHD/j8_control/J8_control/install/ublox_msgs/include/ublox_msgs/ublox_msgs/msg/detail/aid_alm__rosidl_typesupport_fastrtps_c.h
[119.665s] -- Installing: /home/rhobtor/PHD/j8_control/J8_control/install/ublox_msgs/include/ublox_msgs/ublox_msgs/msg/detail/nav_sbassv__rosidl_typesupport_fastrtps_c.h
[119.665s] -- Installing: /home/rhobtor/PHD/j8_control/J8_control/install/ublox_msgs/include/ublox_msgs/ublox_msgs/msg/detail/inf__rosidl_typesupport_fastrtps_c.h
[119.665s] -- Installing: /home/rhobtor/PHD/j8_control/J8_control/install/ublox_msgs/include/ublox_msgs/ublox_msgs/msg/detail/cfg_nmea__rosidl_typesupport_fastrtps_c.h
[119.666s] -- Installing: /home/rhobtor/PHD/j8_control/J8_control/install/ublox_msgs/include/ublox_msgs/ublox_msgs/msg/detail/mon_gnss__rosidl_typesupport_fastrtps_c.h
[119.666s] -- Installing: /home/rhobtor/PHD/j8_control/J8_control/install/ublox_msgs/include/ublox_msgs/ublox_msgs/msg/detail/nav_velecef__rosidl_typesupport_fastrtps_c.h
[119.666s] -- Installing: /home/rhobtor/PHD/j8_control/J8_control/install/ublox_msgs/include/ublox_msgs/ublox_msgs/msg/detail/nav_dgpssv__rosidl_typesupport_fastrtps_c.h
[119.666s] -- Installing: /home/rhobtor/PHD/j8_control/J8_control/install/ublox_msgs/include/ublox_msgs/ublox_msgs/msg/detail/nav_posecef__rosidl_typesupport_fastrtps_c.h
[119.666s] -- Installing: /home/rhobtor/PHD/j8_control/J8_control/install/ublox_msgs/include/ublox_msgs/ublox_msgs/msg/detail/nav_dgps__rosidl_typesupport_fastrtps_c.h
[119.666s] -- Installing: /home/rhobtor/PHD/j8_control/J8_control/install/ublox_msgs/include/ublox_msgs/ublox_msgs/msg/detail/hnr_pvt__rosidl_typesupport_fastrtps_c.h
[119.666s] -- Installing: /home/rhobtor/PHD/j8_control/J8_control/install/ublox_msgs/include/ublox_msgs/ublox_msgs/msg/detail/rxm_raw__rosidl_typesupport_fastrtps_c.h
[119.666s] -- Installing: /home/rhobtor/PHD/j8_control/J8_control/install/ublox_msgs/include/ublox_msgs/ublox_msgs/msg/detail/nav_svin__rosidl_typesupport_fastrtps_c.h
[119.666s] -- Installing: /home/rhobtor/PHD/j8_control/J8_control/install/ublox_msgs/include/ublox_msgs/ublox_msgs/msg/detail/nav_sbas__rosidl_typesupport_fastrtps_c.h
[119.666s] -- Installing: /home/rhobtor/PHD/j8_control/J8_control/install/ublox_msgs/include/ublox_msgs/ublox_msgs/msg/detail/cfg_dgnss__rosidl_typesupport_fastrtps_c.h
[119.666s] -- Installing: /home/rhobtor/PHD/j8_control/J8_control/install/ublox_msgs/include/ublox_msgs/ublox_msgs/msg/detail/cfg_sbas__rosidl_typesupport_fastrtps_c.h
[119.666s] -- Installing: /home/rhobtor/PHD/j8_control/J8_control/install/ublox_msgs/include/ublox_msgs/ublox_msgs/msg/detail/nav_att__rosidl_typesupport_fastrtps_c.h
[119.666s] -- Installing: /home/rhobtor/PHD/j8_control/J8_control/install/ublox_msgs/include/ublox_msgs/ublox_msgs/msg/detail/rxm_sfrb__rosidl_typesupport_fastrtps_c.h
[119.666s] -- Installing: /home/rhobtor/PHD/j8_control/J8_control/install/ublox_msgs/include/ublox_msgs/ublox_msgs/msg/detail/nav_dop__rosidl_typesupport_fastrtps_c.h
[119.666s] -- Installing: /home/rhobtor/PHD/j8_control/J8_control/install/ublox_msgs/include/ublox_msgs/ublox_msgs/msg/detail/rxm_svsi__rosidl_typesupport_fastrtps_c.h
[119.666s] -- Installing: /home/rhobtor/PHD/j8_control/J8_control/install/ublox_msgs/include/ublox_msgs/ublox_msgs/msg/detail/cfg_tmode3__rosidl_typesupport_fastrtps_c.h
[119.666s] -- Installing: /home/rhobtor/PHD/j8_control/J8_control/install/ublox_msgs/include/ublox_msgs/ublox_msgs/msg/detail/nav_sat__rosidl_typesupport_fastrtps_c.h
[119.666s] -- Installing: /home/rhobtor/PHD/j8_control/J8_control/install/ublox_msgs/include/ublox_msgs/ublox_msgs/msg/detail/esf_raw__rosidl_typesupport_fastrtps_c.h
[119.666s] -- Installing: /home/rhobtor/PHD/j8_control/J8_control/install/ublox_msgs/include/ublox_msgs/ublox_msgs/msg/detail/nav_status__rosidl_typesupport_fastrtps_c.h
[119.667s] -- Installing: /home/rhobtor/PHD/j8_control/J8_control/install/ublox_msgs/include/ublox_msgs/ublox_msgs/msg/detail/cfg_gnss_block__rosidl_typesupport_fastrtps_c.h
[119.667s] -- Installing: /home/rhobtor/PHD/j8_control/J8_control/install/ublox_msgs/include/ublox_msgs/ublox_msgs/msg/detail/cfg_nmea6__rosidl_typesupport_fastrtps_c.h
[119.667s] -- Installing: /home/rhobtor/PHD/j8_control/J8_control/install/ublox_msgs/include/ublox_msgs/ublox_msgs/msg/detail/cfg_navx5__rosidl_typesupport_fastrtps_c.h
[119.667s] -- Installing: /home/rhobtor/PHD/j8_control/J8_control/install/ublox_msgs/include/ublox_msgs/ublox_msgs/msg/detail/nav_satsv__rosidl_typesupport_fastrtps_c.h
[119.667s] -- Installing: /home/rhobtor/PHD/j8_control/J8_control/install/ublox_msgs/include/ublox_msgs/ublox_msgs/msg/detail/cfg_rst__rosidl_typesupport_fastrtps_c.h
[119.667s] -- Installing: /home/rhobtor/PHD/j8_control/J8_control/install/ublox_msgs/include/ublox_msgs/ublox_msgs/msg/detail/upd_sos_ack__rosidl_typesupport_fastrtps_c.h
[119.667s] -- Installing: /home/rhobtor/PHD/j8_control/J8_control/install/ublox_msgs/include/ublox_msgs/ublox_msgs/msg/detail/esf_status__rosidl_typesupport_fastrtps_c.h
[119.667s] -- Installing: /home/rhobtor/PHD/j8_control/J8_control/install/ublox_msgs/include/ublox_msgs/ublox_msgs/msg/detail/rxm_sfrbx__rosidl_typesupport_fastrtps_c.h
[119.667s] -- Installing: /home/rhobtor/PHD/j8_control/J8_control/install/ublox_msgs/include/ublox_msgs/ublox_msgs/msg/detail/rxm_eph__rosidl_typesupport_fastrtps_c.h
[119.667s] -- Installing: /home/rhobtor/PHD/j8_control/J8_control/install/ublox_msgs/include/ublox_msgs/ublox_msgs/msg/detail/rxm_alm__rosidl_typesupport_fastrtps_c.h
[119.667s] -- Installing: /home/rhobtor/PHD/j8_control/J8_control/install/ublox_msgs/include/ublox_msgs/ublox_msgs/msg/detail/nav_relposned__rosidl_typesupport_fastrtps_c.h
[119.667s] -- Installing: /home/rhobtor/PHD/j8_control/J8_control/install/ublox_msgs/include/ublox_msgs/ublox_msgs/msg/detail/cfg_usb__rosidl_typesupport_fastrtps_c.h
[119.667s] -- Installing: /home/rhobtor/PHD/j8_control/J8_control/install/ublox_msgs/include/ublox_msgs/ublox_msgs/msg/detail/ack__rosidl_typesupport_fastrtps_c.h
[119.667s] -- Installing: /home/rhobtor/PHD/j8_control/J8_control/install/ublox_msgs/include/ublox_msgs/ublox_msgs/msg/detail/mon_hw6__rosidl_typesupport_fastrtps_c.h
[119.667s] -- Installing: /home/rhobtor/PHD/j8_control/J8_control/install/ublox_msgs/include/ublox_msgs/ublox_msgs/msg/detail/cfg_nmea7__rosidl_typesupport_fastrtps_c.h
[119.667s] -- Installing: /home/rhobtor/PHD/j8_control/J8_control/install/ublox_msgs/include/ublox_msgs/ublox_msgs/msg/detail/mon_ver__rosidl_typesupport_fastrtps_c.h
[119.668s] -- Installing: /home/rhobtor/PHD/j8_control/J8_control/install/ublox_msgs/include/ublox_msgs/ublox_msgs/msg/detail/cfg_gnss__rosidl_typesupport_fastrtps_c.h
[119.668s] -- Installing: /home/rhobtor/PHD/j8_control/J8_control/install/ublox_msgs/include/ublox_msgs/ublox_msgs/msg/detail/aid_eph__rosidl_typesupport_fastrtps_c.h
[119.668s] -- Installing: /home/rhobtor/PHD/j8_control/J8_control/install/ublox_msgs/include/ublox_msgs/ublox_msgs/msg/detail/esf_ins__rosidl_typesupport_fastrtps_c.h
[119.668s] -- Installing: /home/rhobtor/PHD/j8_control/J8_control/install/ublox_msgs/include/ublox_msgs/ublox_msgs/msg/detail/mon_ver_extension__rosidl_typesupport_fastrtps_c.h
[119.668s] -- Installing: /home/rhobtor/PHD/j8_control/J8_control/install/ublox_msgs/include/ublox_msgs/ublox_msgs/msg/detail/mga_gal__rosidl_typesupport_fastrtps_c.h
[119.668s] -- Installing: /home/rhobtor/PHD/j8_control/J8_control/install/ublox_msgs/include/ublox_msgs/ublox_msgs/msg/detail/cfg_inf_block__rosidl_typesupport_fastrtps_c.h
[119.668s] -- Installing: /home/rhobtor/PHD/j8_control/J8_control/install/ublox_msgs/include/ublox_msgs/ublox_msgs/msg/detail/cfg_dat__rosidl_typesupport_fastrtps_c.h
[119.668s] -- Installing: /home/rhobtor/PHD/j8_control/J8_control/install/ublox_msgs/include/ublox_msgs/ublox_msgs/msg/detail/cfg_cfg__rosidl_typesupport_fastrtps_c.h
[119.668s] -- Installing: /home/rhobtor/PHD/j8_control/J8_control/install/ublox_msgs/include/ublox_msgs/ublox_msgs/msg/detail/nav_pvt7__rosidl_typesupport_fastrtps_c.h
[119.668s] -- Installing: /home/rhobtor/PHD/j8_control/J8_control/install/ublox_msgs/include/ublox_msgs/ublox_msgs/msg/detail/cfg_nav5__rosidl_typesupport_fastrtps_c.h
[119.668s] -- Installing: /home/rhobtor/PHD/j8_control/J8_control/install/ublox_msgs/include/ublox_msgs/ublox_msgs/msg/detail/esf_raw_block__rosidl_typesupport_fastrtps_c.h
[119.668s] -- Installing: /home/rhobtor/PHD/j8_control/J8_control/install/ublox_msgs/include/ublox_msgs/ublox_msgs/msg/detail/nav_svinfo__rosidl_typesupport_fastrtps_c.h
[119.668s] -- Installing: /home/rhobtor/PHD/j8_control/J8_control/install/ublox_msgs/include/ublox_msgs/ublox_msgs/msg/detail/aid_hui__rosidl_typesupport_fastrtps_c.h
[119.668s] -- Installing: /home/rhobtor/PHD/j8_control/J8_control/install/ublox_msgs/include/ublox_msgs/ublox_msgs/msg/detail/nav_relposned9__rosidl_typesupport_fastrtps_c.h
[119.668s] -- Installing: /home/rhobtor/PHD/j8_control/J8_control/install/ublox_msgs/include/ublox_msgs/ublox_msgs/msg/detail/cfg_inf__rosidl_typesupport_fastrtps_c.h
[119.668s] -- Installing: /home/rhobtor/PHD/j8_control/J8_control/install/ublox_msgs/include/ublox_msgs/ublox_msgs/msg/detail/upd_sos__rosidl_typesupport_fastrtps_c.h
[119.668s] -- Installing: /home/rhobtor/PHD/j8_control/J8_control/install/ublox_msgs/include/ublox_msgs/ublox_msgs/msg/detail/esf_meas__rosidl_typesupport_fastrtps_c.h
[119.668s] -- Installing: /home/rhobtor/PHD/j8_control/J8_control/install/ublox_msgs/include/ublox_msgs/ublox_msgs/msg/detail/nav_timegps__rosidl_typesupport_fastrtps_c.h
[119.668s] -- Installing: /home/rhobtor/PHD/j8_control/J8_control/install/ublox_msgs/include/ublox_msgs/ublox_msgs/msg/detail/nav_velned__rosidl_typesupport_fastrtps_c.h
[119.668s] -- Installing: /home/rhobtor/PHD/j8_control/J8_control/install/ublox_msgs/include/ublox_msgs/ublox_msgs/msg/detail/rxm_svsisv__rosidl_typesupport_fastrtps_c.h
[119.669s] -- Installing: /home/rhobtor/PHD/j8_control/J8_control/install/ublox_msgs/include/ublox_msgs/ublox_msgs/msg/detail/cfg_ant__rosidl_typesupport_fastrtps_c.h
[119.669s] -- Installing: /home/rhobtor/PHD/j8_control/J8_control/install/ublox_msgs/include/ublox_msgs/ublox_msgs/msg/detail/nav_svinfosv__rosidl_typesupport_fastrtps_c.h
[119.669s] -- Installing: /home/rhobtor/PHD/j8_control/J8_control/install/ublox_msgs/include/ublox_msgs/ublox_msgs/msg/detail/nav_cov__rosidl_typesupport_fastrtps_c.h
[119.669s] -- Installing: /home/rhobtor/PHD/j8_control/J8_control/install/ublox_msgs/include/ublox_msgs/ublox_msgs/msg/detail/rxm_rawsv__rosidl_typesupport_fastrtps_c.h
[119.669s] -- Installing: /home/rhobtor/PHD/j8_control/J8_control/install/ublox_msgs/include/ublox_msgs/ublox_msgs/msg/detail/rxm_rawx__rosidl_typesupport_fastrtps_c.h
[119.669s] -- Installing: /home/rhobtor/PHD/j8_control/J8_control/install/ublox_msgs/include/ublox_msgs/ublox_msgs/msg/detail/nav_sol__rosidl_typesupport_fastrtps_c.h
[119.669s] -- Installing: /home/rhobtor/PHD/j8_control/J8_control/install/ublox_msgs/include/ublox_msgs/ublox_msgs/msg/detail/tim_tm2__rosidl_typesupport_fastrtps_c.h
[119.669s] -- Installing: /home/rhobtor/PHD/j8_control/J8_control/install/ublox_msgs/include/ublox_msgs/ublox_msgs/msg/detail/rxm_rtcm__rosidl_typesupport_fastrtps_c.h
[119.669s] -- Installing: /home/rhobtor/PHD/j8_control/J8_control/install/ublox_msgs/include/ublox_msgs/ublox_msgs/msg/detail/esf_status_sens__rosidl_typesupport_fastrtps_c.h
[119.669s] -- Installing: /home/rhobtor/PHD/j8_control/J8_control/install/ublox_msgs/include/ublox_msgs/ublox_msgs/msg/detail/nav_clock__rosidl_typesupport_fastrtps_c.h
[119.669s] -- Installing: /home/rhobtor/PHD/j8_control/J8_control/install/ublox_msgs/include/ublox_msgs/ublox_msgs/msg/detail/nav_pvt__rosidl_typesupport_fastrtps_c.h
[119.669s] -- Installing: /home/rhobtor/PHD/j8_control/J8_control/install/ublox_msgs/include/ublox_msgs/ublox_msgs/msg/detail/rxm_rawx_meas__rosidl_typesupport_fastrtps_c.h
[119.669s] -- Installing: /home/rhobtor/PHD/j8_control/J8_control/install/ublox_msgs/lib/libublox_msgs__rosidl_typesupport_fastrtps_c.so
[119.670s] -- Set runtime path of "/home/rhobtor/PHD/j8_control/J8_control/install/ublox_msgs/lib/libublox_msgs__rosidl_typesupport_fastrtps_c.so" to ""
[119.670s] -- Up-to-date: /home/rhobtor/PHD/j8_control/J8_control/install/ublox_msgs/include/ublox_msgs/ublox_msgs
[119.670s] -- Up-to-date: /home/rhobtor/PHD/j8_control/J8_control/install/ublox_msgs/include/ublox_msgs/ublox_msgs/msg
[119.670s] -- Installing: /home/rhobtor/PHD/j8_control/J8_control/install/ublox_msgs/include/ublox_msgs/ublox_msgs/msg/rosidl_typesupport_introspection_c__visibility_control.h
[119.670s] -- Up-to-date: /home/rhobtor/PHD/j8_control/J8_control/install/ublox_msgs/include/ublox_msgs/ublox_msgs/msg/detail
[119.670s] -- Installing: /home/rhobtor/PHD/j8_control/J8_control/install/ublox_msgs/include/ublox_msgs/ublox_msgs/msg/detail/nav_timegps__type_support.c
[119.670s] -- Installing: /home/rhobtor/PHD/j8_control/J8_control/install/ublox_msgs/include/ublox_msgs/ublox_msgs/msg/detail/nav_posecef__type_support.c
[119.670s] -- Installing: /home/rhobtor/PHD/j8_control/J8_control/install/ublox_msgs/include/ublox_msgs/ublox_msgs/msg/detail/rxm_sfrbx__rosidl_typesupport_introspection_c.h
[119.670s] -- Installing: /home/rhobtor/PHD/j8_control/J8_control/install/ublox_msgs/include/ublox_msgs/ublox_msgs/msg/detail/nav_sbas__type_support.c
[119.670s] -- Installing: /home/rhobtor/PHD/j8_control/J8_control/install/ublox_msgs/include/ublox_msgs/ublox_msgs/msg/detail/rxm_rawx__type_support.c
[119.670s] -- Installing: /home/rhobtor/PHD/j8_control/J8_control/install/ublox_msgs/include/ublox_msgs/ublox_msgs/msg/detail/esf_raw_block__rosidl_typesupport_introspection_c.h
[119.670s] -- Installing: /home/rhobtor/PHD/j8_control/J8_control/install/ublox_msgs/include/ublox_msgs/ublox_msgs/msg/detail/cfg_gnss__rosidl_typesupport_introspection_c.h
[119.670s] -- Installing: /home/rhobtor/PHD/j8_control/J8_control/install/ublox_msgs/include/ublox_msgs/ublox_msgs/msg/detail/cfg_gnss__type_support.c
[119.670s] -- Installing: /home/rhobtor/PHD/j8_control/J8_control/install/ublox_msgs/include/ublox_msgs/ublox_msgs/msg/detail/nav_velned__type_support.c
[119.670s] -- Installing: /home/rhobtor/PHD/j8_control/J8_control/install/ublox_msgs/include/ublox_msgs/ublox_msgs/msg/detail/esf_raw_block__type_support.c
[119.670s] -- Installing: /home/rhobtor/PHD/j8_control/J8_control/install/ublox_msgs/include/ublox_msgs/ublox_msgs/msg/detail/cfg_msg__type_support.c
[119.670s] -- Installing: /home/rhobtor/PHD/j8_control/J8_control/install/ublox_msgs/include/ublox_msgs/ublox_msgs/msg/detail/ack__type_support.c
[119.670s] -- Installing: /home/rhobtor/PHD/j8_control/J8_control/install/ublox_msgs/include/ublox_msgs/ublox_msgs/msg/detail/nav_dop__type_support.c
[119.670s] -- Installing: /home/rhobtor/PHD/j8_control/J8_control/install/ublox_msgs/include/ublox_msgs/ublox_msgs/msg/detail/nav_timeutc__type_support.c
[119.670s] -- Installing: /home/rhobtor/PHD/j8_control/J8_control/install/ublox_msgs/include/ublox_msgs/ublox_msgs/msg/detail/nav_relposned__type_support.c
[119.670s] -- Installing: /home/rhobtor/PHD/j8_control/J8_control/install/ublox_msgs/include/ublox_msgs/ublox_msgs/msg/detail/nav_pvt__rosidl_typesupport_introspection_c.h
[119.670s] -- Installing: /home/rhobtor/PHD/j8_control/J8_control/install/ublox_msgs/include/ublox_msgs/ublox_msgs/msg/detail/cfg_rate__rosidl_typesupport_introspection_c.h
[119.671s] -- Installing: /home/rhobtor/PHD/j8_control/J8_control/install/ublox_msgs/include/ublox_msgs/ublox_msgs/msg/detail/nav_svin__type_support.c
[119.671s] -- Installing: /home/rhobtor/PHD/j8_control/J8_control/install/ublox_msgs/include/ublox_msgs/ublox_msgs/msg/detail/cfg_rate__type_support.c
[119.671s] -- Installing: /home/rhobtor/PHD/j8_control/J8_control/install/ublox_msgs/include/ublox_msgs/ublox_msgs/msg/detail/cfg_navx5__type_support.c
[119.671s] -- Installing: /home/rhobtor/PHD/j8_control/J8_control/install/ublox_msgs/include/ublox_msgs/ublox_msgs/msg/detail/cfg_inf_block__type_support.c
[119.671s] -- Installing: /home/rhobtor/PHD/j8_control/J8_control/install/ublox_msgs/include/ublox_msgs/ublox_msgs/msg/detail/cfg_dat__rosidl_typesupport_introspection_c.h
[119.671s] -- Installing: /home/rhobtor/PHD/j8_control/J8_control/install/ublox_msgs/include/ublox_msgs/ublox_msgs/msg/detail/nav_sol__type_support.c
[119.671s] -- Installing: /home/rhobtor/PHD/j8_control/J8_control/install/ublox_msgs/include/ublox_msgs/ublox_msgs/msg/detail/cfg_ant__type_support.c
[119.671s] -- Installing: /home/rhobtor/PHD/j8_control/J8_control/install/ublox_msgs/include/ublox_msgs/ublox_msgs/msg/detail/mon_ver_extension__type_support.c
[119.671s] -- Installing: /home/rhobtor/PHD/j8_control/J8_control/install/ublox_msgs/include/ublox_msgs/ublox_msgs/msg/detail/inf__rosidl_typesupport_introspection_c.h
[119.671s] -- Installing: /home/rhobtor/PHD/j8_control/J8_control/install/ublox_msgs/include/ublox_msgs/ublox_msgs/msg/detail/nav_relposned9__type_support.c
[119.671s] -- Installing: /home/rhobtor/PHD/j8_control/J8_control/install/ublox_msgs/include/ublox_msgs/ublox_msgs/msg/detail/inf__type_support.c
[119.671s] -- Installing: /home/rhobtor/PHD/j8_control/J8_control/install/ublox_msgs/include/ublox_msgs/ublox_msgs/msg/detail/mon_hw6__rosidl_typesupport_introspection_c.h
[119.671s] -- Installing: /home/rhobtor/PHD/j8_control/J8_control/install/ublox_msgs/include/ublox_msgs/ublox_msgs/msg/detail/rxm_raw__rosidl_typesupport_introspection_c.h
[119.671s] -- Installing: /home/rhobtor/PHD/j8_control/J8_control/install/ublox_msgs/include/ublox_msgs/ublox_msgs/msg/detail/nav_relposned__rosidl_typesupport_introspection_c.h
[119.671s] -- Installing: /home/rhobtor/PHD/j8_control/J8_control/install/ublox_msgs/include/ublox_msgs/ublox_msgs/msg/detail/cfg_tmode3__type_support.c
[119.671s] -- Installing: /home/rhobtor/PHD/j8_control/J8_control/install/ublox_msgs/include/ublox_msgs/ublox_msgs/msg/detail/cfg_cfg__rosidl_typesupport_introspection_c.h
[119.671s] -- Installing: /home/rhobtor/PHD/j8_control/J8_control/install/ublox_msgs/include/ublox_msgs/ublox_msgs/msg/detail/nav_sat__type_support.c
[119.671s] -- Installing: /home/rhobtor/PHD/j8_control/J8_control/install/ublox_msgs/include/ublox_msgs/ublox_msgs/msg/detail/nav_pvt__type_support.c
[119.671s] -- Installing: /home/rhobtor/PHD/j8_control/J8_control/install/ublox_msgs/include/ublox_msgs/ublox_msgs/msg/detail/esf_status__type_support.c
[119.671s] -- Installing: /home/rhobtor/PHD/j8_control/J8_control/install/ublox_msgs/include/ublox_msgs/ublox_msgs/msg/detail/rxm_eph__rosidl_typesupport_introspection_c.h
[119.672s] -- Installing: /home/rhobtor/PHD/j8_control/J8_control/install/ublox_msgs/include/ublox_msgs/ublox_msgs/msg/detail/cfg_usb__type_support.c
[119.672s] -- Installing: /home/rhobtor/PHD/j8_control/J8_control/install/ublox_msgs/include/ublox_msgs/ublox_msgs/msg/detail/rxm_rawx_meas__rosidl_typesupport_introspection_c.h
[119.672s] -- Installing: /home/rhobtor/PHD/j8_control/J8_control/install/ublox_msgs/include/ublox_msgs/ublox_msgs/msg/detail/cfg_nmea7__type_support.c
[119.672s] -- Installing: /home/rhobtor/PHD/j8_control/J8_control/install/ublox_msgs/include/ublox_msgs/ublox_msgs/msg/detail/aid_eph__type_support.c
[119.672s] -- Installing: /home/rhobtor/PHD/j8_control/J8_control/install/ublox_msgs/include/ublox_msgs/ublox_msgs/msg/detail/aid_eph__rosidl_typesupport_introspection_c.h
[119.672s] -- Installing: /home/rhobtor/PHD/j8_control/J8_control/install/ublox_msgs/include/ublox_msgs/ublox_msgs/msg/detail/hnr_pvt__type_support.c
[119.672s] -- Installing: /home/rhobtor/PHD/j8_control/J8_control/install/ublox_msgs/include/ublox_msgs/ublox_msgs/msg/detail/nav_posllh__type_support.c
[119.672s] -- Installing: /home/rhobtor/PHD/j8_control/J8_control/install/ublox_msgs/include/ublox_msgs/ublox_msgs/msg/detail/upd_sos__type_support.c
[119.672s] -- Installing: /home/rhobtor/PHD/j8_control/J8_control/install/ublox_msgs/include/ublox_msgs/ublox_msgs/msg/detail/rxm_rawx_meas__type_support.c
[119.672s] -- Installing: /home/rhobtor/PHD/j8_control/J8_control/install/ublox_msgs/include/ublox_msgs/ublox_msgs/msg/detail/nav_att__rosidl_typesupport_introspection_c.h
[119.672s] -- Installing: /home/rhobtor/PHD/j8_control/J8_control/install/ublox_msgs/include/ublox_msgs/ublox_msgs/msg/detail/cfg_msg__rosidl_typesupport_introspection_c.h
[119.672s] -- Installing: /home/rhobtor/PHD/j8_control/J8_control/install/ublox_msgs/include/ublox_msgs/ublox_msgs/msg/detail/cfg_dat__type_support.c
[119.672s] -- Installing: /home/rhobtor/PHD/j8_control/J8_control/install/ublox_msgs/include/ublox_msgs/ublox_msgs/msg/detail/cfg_rst__type_support.c
[119.672s] -- Installing: /home/rhobtor/PHD/j8_control/J8_control/install/ublox_msgs/include/ublox_msgs/ublox_msgs/msg/detail/esf_ins__type_support.c
[119.672s] -- Installing: /home/rhobtor/PHD/j8_control/J8_control/install/ublox_msgs/include/ublox_msgs/ublox_msgs/msg/detail/cfg_hnr__rosidl_typesupport_introspection_c.h
[119.672s] -- Installing: /home/rhobtor/PHD/j8_control/J8_control/install/ublox_msgs/include/ublox_msgs/ublox_msgs/msg/detail/esf_status_sens__type_support.c
[119.672s] -- Installing: /home/rhobtor/PHD/j8_control/J8_control/install/ublox_msgs/include/ublox_msgs/ublox_msgs/msg/detail/cfg_nav5__rosidl_typesupport_introspection_c.h
[119.672s] -- Installing: /home/rhobtor/PHD/j8_control/J8_control/install/ublox_msgs/include/ublox_msgs/ublox_msgs/msg/detail/cfg_prt__rosidl_typesupport_introspection_c.h
[119.672s] -- Installing: /home/rhobtor/PHD/j8_control/J8_control/install/ublox_msgs/include/ublox_msgs/ublox_msgs/msg/detail/mga_gal__type_support.c
[119.672s] -- Installing: /home/rhobtor/PHD/j8_control/J8_control/install/ublox_msgs/include/ublox_msgs/ublox_msgs/msg/detail/cfg_nmea__rosidl_typesupport_introspection_c.h
[119.673s] -- Installing: /home/rhobtor/PHD/j8_control/J8_control/install/ublox_msgs/include/ublox_msgs/ublox_msgs/msg/detail/cfg_tmode3__rosidl_typesupport_introspection_c.h
[119.673s] -- Installing: /home/rhobtor/PHD/j8_control/J8_control/install/ublox_msgs/include/ublox_msgs/ublox_msgs/msg/detail/cfg_inf__rosidl_typesupport_introspection_c.h
[119.673s] -- Installing: /home/rhobtor/PHD/j8_control/J8_control/install/ublox_msgs/include/ublox_msgs/ublox_msgs/msg/detail/nav_velecef__type_support.c
[119.673s] -- Installing: /home/rhobtor/PHD/j8_control/J8_control/install/ublox_msgs/include/ublox_msgs/ublox_msgs/msg/detail/esf_meas__rosidl_typesupport_introspection_c.h
[119.673s] -- Installing: /home/rhobtor/PHD/j8_control/J8_control/install/ublox_msgs/include/ublox_msgs/ublox_msgs/msg/detail/cfg_usb__rosidl_typesupport_introspection_c.h
[119.673s] -- Installing: /home/rhobtor/PHD/j8_control/J8_control/install/ublox_msgs/include/ublox_msgs/ublox_msgs/msg/detail/nav_att__type_support.c
[119.673s] -- Installing: /home/rhobtor/PHD/j8_control/J8_control/install/ublox_msgs/include/ublox_msgs/ublox_msgs/msg/detail/cfg_nmea7__rosidl_typesupport_introspection_c.h
[119.673s] -- Installing: /home/rhobtor/PHD/j8_control/J8_control/install/ublox_msgs/include/ublox_msgs/ublox_msgs/msg/detail/nav_svinfo__rosidl_typesupport_introspection_c.h
[119.673s] -- Installing: /home/rhobtor/PHD/j8_control/J8_control/install/ublox_msgs/include/ublox_msgs/ublox_msgs/msg/detail/cfg_navx5__rosidl_typesupport_introspection_c.h
[119.673s] -- Installing: /home/rhobtor/PHD/j8_control/J8_control/install/ublox_msgs/include/ublox_msgs/ublox_msgs/msg/detail/nav_timeutc__rosidl_typesupport_introspection_c.h
[119.673s] -- Installing: /home/rhobtor/PHD/j8_control/J8_control/install/ublox_msgs/include/ublox_msgs/ublox_msgs/msg/detail/rxm_rawsv__type_support.c
[119.673s] -- Installing: /home/rhobtor/PHD/j8_control/J8_control/install/ublox_msgs/include/ublox_msgs/ublox_msgs/msg/detail/rxm_rtcm__rosidl_typesupport_introspection_c.h
[119.673s] -- Installing: /home/rhobtor/PHD/j8_control/J8_control/install/ublox_msgs/include/ublox_msgs/ublox_msgs/msg/detail/rxm_rawx__rosidl_typesupport_introspection_c.h
[119.673s] -- Installing: /home/rhobtor/PHD/j8_control/J8_control/install/ublox_msgs/include/ublox_msgs/ublox_msgs/msg/detail/nav_sol__rosidl_typesupport_introspection_c.h
[119.673s] -- Installing: /home/rhobtor/PHD/j8_control/J8_control/install/ublox_msgs/include/ublox_msgs/ublox_msgs/msg/detail/tim_tm2__type_support.c
[119.673s] -- Installing: /home/rhobtor/PHD/j8_control/J8_control/install/ublox_msgs/include/ublox_msgs/ublox_msgs/msg/detail/nav_dgps__rosidl_typesupport_introspection_c.h
[119.673s] -- Installing: /home/rhobtor/PHD/j8_control/J8_control/install/ublox_msgs/include/ublox_msgs/ublox_msgs/msg/detail/cfg_dgnss__rosidl_typesupport_introspection_c.h
[119.673s] -- Installing: /home/rhobtor/PHD/j8_control/J8_control/install/ublox_msgs/include/ublox_msgs/ublox_msgs/msg/detail/cfg_nmea6__rosidl_typesupport_introspection_c.h
[119.673s] -- Installing: /home/rhobtor/PHD/j8_control/J8_control/install/ublox_msgs/include/ublox_msgs/ublox_msgs/msg/detail/nav_pvt7__rosidl_typesupport_introspection_c.h
[119.673s] -- Installing: /home/rhobtor/PHD/j8_control/J8_control/install/ublox_msgs/include/ublox_msgs/ublox_msgs/msg/detail/cfg_nmea6__type_support.c
[119.673s] -- Installing: /home/rhobtor/PHD/j8_control/J8_control/install/ublox_msgs/include/ublox_msgs/ublox_msgs/msg/detail/nav_posecef__rosidl_typesupport_introspection_c.h
[119.673s] -- Installing: /home/rhobtor/PHD/j8_control/J8_control/install/ublox_msgs/include/ublox_msgs/ublox_msgs/msg/detail/nav_cov__type_support.c
[119.673s] -- Installing: /home/rhobtor/PHD/j8_control/J8_control/install/ublox_msgs/include/ublox_msgs/ublox_msgs/msg/detail/mon_hw__type_support.c
[119.674s] -- Installing: /home/rhobtor/PHD/j8_control/J8_control/install/ublox_msgs/include/ublox_msgs/ublox_msgs/msg/detail/nav_relposned9__rosidl_typesupport_introspection_c.h
[119.674s] -- Installing: /home/rhobtor/PHD/j8_control/J8_control/install/ublox_msgs/include/ublox_msgs/ublox_msgs/msg/detail/cfg_prt__type_support.c
[119.674s] -- Installing: /home/rhobtor/PHD/j8_control/J8_control/install/ublox_msgs/include/ublox_msgs/ublox_msgs/msg/detail/rxm_sfrb__type_support.c
[119.674s] -- Installing: /home/rhobtor/PHD/j8_control/J8_control/install/ublox_msgs/include/ublox_msgs/ublox_msgs/msg/detail/mon_gnss__type_support.c
[119.674s] -- Installing: /home/rhobtor/PHD/j8_control/J8_control/install/ublox_msgs/include/ublox_msgs/ublox_msgs/msg/detail/cfg_sbas__rosidl_typesupport_introspection_c.h
[119.674s] -- Installing: /home/rhobtor/PHD/j8_control/J8_control/install/ublox_msgs/include/ublox_msgs/ublox_msgs/msg/detail/ack__rosidl_typesupport_introspection_c.h
[119.674s] -- Installing: /home/rhobtor/PHD/j8_control/J8_control/install/ublox_msgs/include/ublox_msgs/ublox_msgs/msg/detail/mon_ver__type_support.c
[119.674s] -- Installing: /home/rhobtor/PHD/j8_control/J8_control/install/ublox_msgs/include/ublox_msgs/ublox_msgs/msg/detail/rxm_alm__rosidl_typesupport_introspection_c.h
[119.674s] -- Installing: /home/rhobtor/PHD/j8_control/J8_control/install/ublox_msgs/include/ublox_msgs/ublox_msgs/msg/detail/mga_gal__rosidl_typesupport_introspection_c.h
[119.674s] -- Installing: /home/rhobtor/PHD/j8_control/J8_control/install/ublox_msgs/include/ublox_msgs/ublox_msgs/msg/detail/nav_sbassv__type_support.c
[119.674s] -- Installing: /home/rhobtor/PHD/j8_control/J8_control/install/ublox_msgs/include/ublox_msgs/ublox_msgs/msg/detail/nav_dop__rosidl_typesupport_introspection_c.h
[119.674s] -- Installing: /home/rhobtor/PHD/j8_control/J8_control/install/ublox_msgs/include/ublox_msgs/ublox_msgs/msg/detail/nav_satsv__type_support.c
[119.674s] -- Installing: /home/rhobtor/PHD/j8_control/J8_control/install/ublox_msgs/include/ublox_msgs/ublox_msgs/msg/detail/tim_tm2__rosidl_typesupport_introspection_c.h
[119.674s] -- Installing: /home/rhobtor/PHD/j8_control/J8_control/install/ublox_msgs/include/ublox_msgs/ublox_msgs/msg/detail/aid_alm__rosidl_typesupport_introspection_c.h
[119.674s] -- Installing: /home/rhobtor/PHD/j8_control/J8_control/install/ublox_msgs/include/ublox_msgs/ublox_msgs/msg/detail/mon_ver__rosidl_typesupport_introspection_c.h
[119.674s] -- Installing: /home/rhobtor/PHD/j8_control/J8_control/install/ublox_msgs/include/ublox_msgs/ublox_msgs/msg/detail/esf_raw__rosidl_typesupport_introspection_c.h
[119.674s] -- Installing: /home/rhobtor/PHD/j8_control/J8_control/install/ublox_msgs/include/ublox_msgs/ublox_msgs/msg/detail/nav_status__type_support.c
[119.674s] -- Installing: /home/rhobtor/PHD/j8_control/J8_control/install/ublox_msgs/include/ublox_msgs/ublox_msgs/msg/detail/esf_status__rosidl_typesupport_introspection_c.h
[119.674s] -- Installing: /home/rhobtor/PHD/j8_control/J8_control/install/ublox_msgs/include/ublox_msgs/ublox_msgs/msg/detail/cfg_dgnss__type_support.c
[119.675s] -- Installing: /home/rhobtor/PHD/j8_control/J8_control/install/ublox_msgs/include/ublox_msgs/ublox_msgs/msg/detail/rxm_sfrbx__type_support.c
[119.675s] -- Installing: /home/rhobtor/PHD/j8_control/J8_control/install/ublox_msgs/include/ublox_msgs/ublox_msgs/msg/detail/esf_ins__rosidl_typesupport_introspection_c.h
[119.675s] -- Installing: /home/rhobtor/PHD/j8_control/J8_control/install/ublox_msgs/include/ublox_msgs/ublox_msgs/msg/detail/cfg_cfg__type_support.c
[119.675s] -- Installing: /home/rhobtor/PHD/j8_control/J8_control/install/ublox_msgs/include/ublox_msgs/ublox_msgs/msg/detail/hnr_pvt__rosidl_typesupport_introspection_c.h
[119.675s] -- Installing: /home/rhobtor/PHD/j8_control/J8_control/install/ublox_msgs/include/ublox_msgs/ublox_msgs/msg/detail/esf_status_sens__rosidl_typesupport_introspection_c.h
[119.675s] -- Installing: /home/rhobtor/PHD/j8_control/J8_control/install/ublox_msgs/include/ublox_msgs/ublox_msgs/msg/detail/nav_dgpssv__rosidl_typesupport_introspection_c.h
[119.675s] -- Installing: /home/rhobtor/PHD/j8_control/J8_control/install/ublox_msgs/include/ublox_msgs/ublox_msgs/msg/detail/nav_dgpssv__type_support.c
[119.675s] -- Installing: /home/rhobtor/PHD/j8_control/J8_control/install/ublox_msgs/include/ublox_msgs/ublox_msgs/msg/detail/cfg_inf__type_support.c
[119.675s] -- Installing: /home/rhobtor/PHD/j8_control/J8_control/install/ublox_msgs/include/ublox_msgs/ublox_msgs/msg/detail/rxm_sfrb__rosidl_typesupport_introspection_c.h
[119.675s] -- Installing: /home/rhobtor/PHD/j8_control/J8_control/install/ublox_msgs/include/ublox_msgs/ublox_msgs/msg/detail/mon_gnss__rosidl_typesupport_introspection_c.h
[119.675s] -- Installing: /home/rhobtor/PHD/j8_control/J8_control/install/ublox_msgs/include/ublox_msgs/ublox_msgs/msg/detail/nav_velecef__rosidl_typesupport_introspection_c.h
[119.675s] -- Installing: /home/rhobtor/PHD/j8_control/J8_control/install/ublox_msgs/include/ublox_msgs/ublox_msgs/msg/detail/cfg_hnr__type_support.c
[119.675s] -- Installing: /home/rhobtor/PHD/j8_control/J8_control/install/ublox_msgs/include/ublox_msgs/ublox_msgs/msg/detail/rxm_alm__type_support.c
[119.675s] -- Installing: /home/rhobtor/PHD/j8_control/J8_control/install/ublox_msgs/include/ublox_msgs/ublox_msgs/msg/detail/nav_svinfo__type_support.c
[119.675s] -- Installing: /home/rhobtor/PHD/j8_control/J8_control/install/ublox_msgs/include/ublox_msgs/ublox_msgs/msg/detail/upd_sos_ack__type_support.c
[119.675s] -- Installing: /home/rhobtor/PHD/j8_control/J8_control/install/ublox_msgs/include/ublox_msgs/ublox_msgs/msg/detail/cfg_nav5__type_support.c
[119.675s] -- Installing: /home/rhobtor/PHD/j8_control/J8_control/install/ublox_msgs/include/ublox_msgs/ublox_msgs/msg/detail/nav_clock__type_support.c
[119.675s] -- Installing: /home/rhobtor/PHD/j8_control/J8_control/install/ublox_msgs/include/ublox_msgs/ublox_msgs/msg/detail/cfg_nmea__type_support.c
[119.675s] -- Installing: /home/rhobtor/PHD/j8_control/J8_control/install/ublox_msgs/include/ublox_msgs/ublox_msgs/msg/detail/upd_sos_ack__rosidl_typesupport_introspection_c.h
[119.675s] -- Installing: /home/rhobtor/PHD/j8_control/J8_control/install/ublox_msgs/include/ublox_msgs/ublox_msgs/msg/detail/nav_velned__rosidl_typesupport_introspection_c.h
[119.675s] -- Installing: /home/rhobtor/PHD/j8_control/J8_control/install/ublox_msgs/include/ublox_msgs/ublox_msgs/msg/detail/aid_hui__rosidl_typesupport_introspection_c.h
[119.675s] -- Installing: /home/rhobtor/PHD/j8_control/J8_control/install/ublox_msgs/include/ublox_msgs/ublox_msgs/msg/detail/rxm_raw__type_support.c
[119.676s] -- Installing: /home/rhobtor/PHD/j8_control/J8_control/install/ublox_msgs/include/ublox_msgs/ublox_msgs/msg/detail/nav_svinfosv__type_support.c
[119.676s] -- Installing: /home/rhobtor/PHD/j8_control/J8_control/install/ublox_msgs/include/ublox_msgs/ublox_msgs/msg/detail/cfg_gnss_block__rosidl_typesupport_introspection_c.h
[119.676s] -- Installing: /home/rhobtor/PHD/j8_control/J8_control/install/ublox_msgs/include/ublox_msgs/ublox_msgs/msg/detail/nav_clock__rosidl_typesupport_introspection_c.h
[119.676s] -- Installing: /home/rhobtor/PHD/j8_control/J8_control/install/ublox_msgs/include/ublox_msgs/ublox_msgs/msg/detail/rxm_svsisv__rosidl_typesupport_introspection_c.h
[119.676s] -- Installing: /home/rhobtor/PHD/j8_control/J8_control/install/ublox_msgs/include/ublox_msgs/ublox_msgs/msg/detail/rxm_svsi__type_support.c
[119.676s] -- Installing: /home/rhobtor/PHD/j8_control/J8_control/install/ublox_msgs/include/ublox_msgs/ublox_msgs/msg/detail/nav_dgps__type_support.c
[119.676s] -- Installing: /home/rhobtor/PHD/j8_control/J8_control/install/ublox_msgs/include/ublox_msgs/ublox_msgs/msg/detail/nav_posllh__rosidl_typesupport_introspection_c.h
[119.676s] -- Installing: /home/rhobtor/PHD/j8_control/J8_control/install/ublox_msgs/include/ublox_msgs/ublox_msgs/msg/detail/rxm_eph__type_support.c
[119.676s] -- Installing: /home/rhobtor/PHD/j8_control/J8_control/install/ublox_msgs/include/ublox_msgs/ublox_msgs/msg/detail/rxm_svsisv__type_support.c
[119.676s] -- Installing: /home/rhobtor/PHD/j8_control/J8_control/install/ublox_msgs/include/ublox_msgs/ublox_msgs/msg/detail/upd_sos__rosidl_typesupport_introspection_c.h
[119.676s] -- Installing: /home/rhobtor/PHD/j8_control/J8_control/install/ublox_msgs/include/ublox_msgs/ublox_msgs/msg/detail/nav_sbas__rosidl_typesupport_introspection_c.h
[119.676s] -- Installing: /home/rhobtor/PHD/j8_control/J8_control/install/ublox_msgs/include/ublox_msgs/ublox_msgs/msg/detail/cfg_rst__rosidl_typesupport_introspection_c.h
[119.676s] -- Installing: /home/rhobtor/PHD/j8_control/J8_control/install/ublox_msgs/include/ublox_msgs/ublox_msgs/msg/detail/rxm_svsi__rosidl_typesupport_introspection_c.h
[119.676s] -- Installing: /home/rhobtor/PHD/j8_control/J8_control/install/ublox_msgs/include/ublox_msgs/ublox_msgs/msg/detail/nav_sbassv__rosidl_typesupport_introspection_c.h
[119.676s] -- Installing: /home/rhobtor/PHD/j8_control/J8_control/install/ublox_msgs/include/ublox_msgs/ublox_msgs/msg/detail/nav_svinfosv__rosidl_typesupport_introspection_c.h
[119.676s] -- Installing: /home/rhobtor/PHD/j8_control/J8_control/install/ublox_msgs/include/ublox_msgs/ublox_msgs/msg/detail/nav_sat__rosidl_typesupport_introspection_c.h
[119.676s] -- Installing: /home/rhobtor/PHD/j8_control/J8_control/install/ublox_msgs/include/ublox_msgs/ublox_msgs/msg/detail/nav_satsv__rosidl_typesupport_introspection_c.h
[119.676s] -- Installing: /home/rhobtor/PHD/j8_control/J8_control/install/ublox_msgs/include/ublox_msgs/ublox_msgs/msg/detail/mon_hw6__type_support.c
[119.676s] -- Installing: /home/rhobtor/PHD/j8_control/J8_control/install/ublox_msgs/include/ublox_msgs/ublox_msgs/msg/detail/aid_hui__type_support.c
[119.676s] -- Installing: /home/rhobtor/PHD/j8_control/J8_control/install/ublox_msgs/include/ublox_msgs/ublox_msgs/msg/detail/rxm_rtcm__type_support.c
[119.676s] -- Installing: /home/rhobtor/PHD/j8_control/J8_control/install/ublox_msgs/include/ublox_msgs/ublox_msgs/msg/detail/rxm_rawsv__rosidl_typesupport_introspection_c.h
[119.677s] -- Installing: /home/rhobtor/PHD/j8_control/J8_control/install/ublox_msgs/include/ublox_msgs/ublox_msgs/msg/detail/cfg_sbas__type_support.c
[119.677s] -- Installing: /home/rhobtor/PHD/j8_control/J8_control/install/ublox_msgs/include/ublox_msgs/ublox_msgs/msg/detail/cfg_gnss_block__type_support.c
[119.677s] -- Installing: /home/rhobtor/PHD/j8_control/J8_control/install/ublox_msgs/include/ublox_msgs/ublox_msgs/msg/detail/nav_status__rosidl_typesupport_introspection_c.h
[119.677s] -- Installing: /home/rhobtor/PHD/j8_control/J8_control/install/ublox_msgs/include/ublox_msgs/ublox_msgs/msg/detail/mon_hw__rosidl_typesupport_introspection_c.h
[119.677s] -- Installing: /home/rhobtor/PHD/j8_control/J8_control/install/ublox_msgs/include/ublox_msgs/ublox_msgs/msg/detail/cfg_inf_block__rosidl_typesupport_introspection_c.h
[119.677s] -- Installing: /home/rhobtor/PHD/j8_control/J8_control/install/ublox_msgs/include/ublox_msgs/ublox_msgs/msg/detail/esf_meas__type_support.c
[119.677s] -- Installing: /home/rhobtor/PHD/j8_control/J8_control/install/ublox_msgs/include/ublox_msgs/ublox_msgs/msg/detail/aid_alm__type_support.c
[119.677s] -- Installing: /home/rhobtor/PHD/j8_control/J8_control/install/ublox_msgs/include/ublox_msgs/ublox_msgs/msg/detail/nav_svin__rosidl_typesupport_introspection_c.h
[119.677s] -- Installing: /home/rhobtor/PHD/j8_control/J8_control/install/ublox_msgs/include/ublox_msgs/ublox_msgs/msg/detail/nav_timegps__rosidl_typesupport_introspection_c.h
[119.677s] -- Installing: /home/rhobtor/PHD/j8_control/J8_control/install/ublox_msgs/include/ublox_msgs/ublox_msgs/msg/detail/cfg_ant__rosidl_typesupport_introspection_c.h
[119.677s] -- Installing: /home/rhobtor/PHD/j8_control/J8_control/install/ublox_msgs/include/ublox_msgs/ublox_msgs/msg/detail/nav_cov__rosidl_typesupport_introspection_c.h
[119.677s] -- Installing: /home/rhobtor/PHD/j8_control/J8_control/install/ublox_msgs/include/ublox_msgs/ublox_msgs/msg/detail/esf_raw__type_support.c
[119.677s] -- Installing: /home/rhobtor/PHD/j8_control/J8_control/install/ublox_msgs/include/ublox_msgs/ublox_msgs/msg/detail/nav_pvt7__type_support.c
[119.677s] -- Installing: /home/rhobtor/PHD/j8_control/J8_control/install/ublox_msgs/include/ublox_msgs/ublox_msgs/msg/detail/mon_ver_extension__rosidl_typesupport_introspection_c.h
[119.677s] -- Installing: /home/rhobtor/PHD/j8_control/J8_control/install/ublox_msgs/lib/libublox_msgs__rosidl_typesupport_introspection_c.so
[119.678s] -- Set runtime path of "/home/rhobtor/PHD/j8_control/J8_control/install/ublox_msgs/lib/libublox_msgs__rosidl_typesupport_introspection_c.so" to ""
[119.678s] -- Installing: /home/rhobtor/PHD/j8_control/J8_control/install/ublox_msgs/lib/libublox_msgs__rosidl_typesupport_c.so
[119.678s] -- Set runtime path of "/home/rhobtor/PHD/j8_control/J8_control/install/ublox_msgs/lib/libublox_msgs__rosidl_typesupport_c.so" to ""
[119.678s] -- Up-to-date: /home/rhobtor/PHD/j8_control/J8_control/install/ublox_msgs/include/ublox_msgs/ublox_msgs
[119.678s] -- Up-to-date: /home/rhobtor/PHD/j8_control/J8_control/install/ublox_msgs/include/ublox_msgs/ublox_msgs/msg
[119.678s] -- Installing: /home/rhobtor/PHD/j8_control/J8_control/install/ublox_msgs/include/ublox_msgs/ublox_msgs/msg/upd_sos_ack.hpp
[119.679s] -- Installing: /home/rhobtor/PHD/j8_control/J8_control/install/ublox_msgs/include/ublox_msgs/ublox_msgs/msg/aid_hui.hpp
[119.679s] -- Installing: /home/rhobtor/PHD/j8_control/J8_control/install/ublox_msgs/include/ublox_msgs/ublox_msgs/msg/esf_ins.hpp
[119.679s] -- Installing: /home/rhobtor/PHD/j8_control/J8_control/install/ublox_msgs/include/ublox_msgs/ublox_msgs/msg/rxm_alm.hpp
[119.679s] -- Installing: /home/rhobtor/PHD/j8_control/J8_control/install/ublox_msgs/include/ublox_msgs/ublox_msgs/msg/mon_gnss.hpp
[119.679s] -- Installing: /home/rhobtor/PHD/j8_control/J8_control/install/ublox_msgs/include/ublox_msgs/ublox_msgs/msg/esf_raw_block.hpp
[119.679s] -- Installing: /home/rhobtor/PHD/j8_control/J8_control/install/ublox_msgs/include/ublox_msgs/ublox_msgs/msg/nav_velecef.hpp
[119.679s] -- Installing: /home/rhobtor/PHD/j8_control/J8_control/install/ublox_msgs/include/ublox_msgs/ublox_msgs/msg/rxm_rawx.hpp
[119.679s] -- Installing: /home/rhobtor/PHD/j8_control/J8_control/install/ublox_msgs/include/ublox_msgs/ublox_msgs/msg/nav_svinfo.hpp
[119.679s] -- Installing: /home/rhobtor/PHD/j8_control/J8_control/install/ublox_msgs/include/ublox_msgs/ublox_msgs/msg/nav_timegps.hpp
[119.679s] -- Installing: /home/rhobtor/PHD/j8_control/J8_control/install/ublox_msgs/include/ublox_msgs/ublox_msgs/msg/nav_relposned9.hpp
[119.679s] -- Installing: /home/rhobtor/PHD/j8_control/J8_control/install/ublox_msgs/include/ublox_msgs/ublox_msgs/msg/rxm_rawsv.hpp
[119.679s] -- Installing: /home/rhobtor/PHD/j8_control/J8_control/install/ublox_msgs/include/ublox_msgs/ublox_msgs/msg/nav_relposned.hpp
[119.679s] -- Installing: /home/rhobtor/PHD/j8_control/J8_control/install/ublox_msgs/include/ublox_msgs/ublox_msgs/msg/nav_dop.hpp
[119.679s] -- Installing: /home/rhobtor/PHD/j8_control/J8_control/install/ublox_msgs/include/ublox_msgs/ublox_msgs/msg/cfg_hnr.hpp
[119.679s] -- Installing: /home/rhobtor/PHD/j8_control/J8_control/install/ublox_msgs/include/ublox_msgs/ublox_msgs/msg/cfg_gnss_block.hpp
[119.679s] -- Installing: /home/rhobtor/PHD/j8_control/J8_control/install/ublox_msgs/include/ublox_msgs/ublox_msgs/msg/nav_velned.hpp
[119.679s] -- Installing: /home/rhobtor/PHD/j8_control/J8_control/install/ublox_msgs/include/ublox_msgs/ublox_msgs/msg/inf.hpp
[119.679s] -- Installing: /home/rhobtor/PHD/j8_control/J8_control/install/ublox_msgs/include/ublox_msgs/ublox_msgs/msg/cfg_rate.hpp
[119.679s] -- Installing: /home/rhobtor/PHD/j8_control/J8_control/install/ublox_msgs/include/ublox_msgs/ublox_msgs/msg/mon_ver.hpp
[119.679s] -- Installing: /home/rhobtor/PHD/j8_control/J8_control/install/ublox_msgs/include/ublox_msgs/ublox_msgs/msg/nav_cov.hpp
[119.679s] -- Installing: /home/rhobtor/PHD/j8_control/J8_control/install/ublox_msgs/include/ublox_msgs/ublox_msgs/msg/mon_ver_extension.hpp
[119.680s] -- Installing: /home/rhobtor/PHD/j8_control/J8_control/install/ublox_msgs/include/ublox_msgs/ublox_msgs/msg/nav_sol.hpp
[119.680s] -- Installing: /home/rhobtor/PHD/j8_control/J8_control/install/ublox_msgs/include/ublox_msgs/ublox_msgs/msg/cfg_inf.hpp
[119.680s] -- Installing: /home/rhobtor/PHD/j8_control/J8_control/install/ublox_msgs/include/ublox_msgs/ublox_msgs/msg/cfg_dat.hpp
[119.680s] -- Installing: /home/rhobtor/PHD/j8_control/J8_control/install/ublox_msgs/include/ublox_msgs/ublox_msgs/msg/rxm_svsi.hpp
[119.680s] -- Installing: /home/rhobtor/PHD/j8_control/J8_control/install/ublox_msgs/include/ublox_msgs/ublox_msgs/msg/nav_pvt7.hpp
[119.680s] -- Installing: /home/rhobtor/PHD/j8_control/J8_control/install/ublox_msgs/include/ublox_msgs/ublox_msgs/msg/tim_tm2.hpp
[119.680s] -- Installing: /home/rhobtor/PHD/j8_control/J8_control/install/ublox_msgs/include/ublox_msgs/ublox_msgs/msg/rxm_sfrb.hpp
[119.680s] -- Installing: /home/rhobtor/PHD/j8_control/J8_control/install/ublox_msgs/include/ublox_msgs/ublox_msgs/msg/aid_alm.hpp
[119.680s] -- Installing: /home/rhobtor/PHD/j8_control/J8_control/install/ublox_msgs/include/ublox_msgs/ublox_msgs/msg/nav_att.hpp
[119.680s] -- Installing: /home/rhobtor/PHD/j8_control/J8_control/install/ublox_msgs/include/ublox_msgs/ublox_msgs/msg/cfg_sbas.hpp
[119.680s] -- Installing: /home/rhobtor/PHD/j8_control/J8_control/install/ublox_msgs/include/ublox_msgs/ublox_msgs/msg/cfg_navx5.hpp
[119.680s] -- Installing: /home/rhobtor/PHD/j8_control/J8_control/install/ublox_msgs/include/ublox_msgs/ublox_msgs/msg/cfg_nmea6.hpp
[119.680s] -- Installing: /home/rhobtor/PHD/j8_control/J8_control/install/ublox_msgs/include/ublox_msgs/ublox_msgs/msg/nav_timeutc.hpp
[119.680s] -- Installing: /home/rhobtor/PHD/j8_control/J8_control/install/ublox_msgs/include/ublox_msgs/ublox_msgs/msg/nav_dgpssv.hpp
[119.680s] -- Installing: /home/rhobtor/PHD/j8_control/J8_control/install/ublox_msgs/include/ublox_msgs/ublox_msgs/msg/cfg_msg.hpp
[119.680s] -- Installing: /home/rhobtor/PHD/j8_control/J8_control/install/ublox_msgs/include/ublox_msgs/ublox_msgs/msg/cfg_nmea.hpp
[119.680s] -- Installing: /home/rhobtor/PHD/j8_control/J8_control/install/ublox_msgs/include/ublox_msgs/ublox_msgs/msg/esf_raw.hpp
[119.680s] -- Installing: /home/rhobtor/PHD/j8_control/J8_control/install/ublox_msgs/include/ublox_msgs/ublox_msgs/msg/hnr_pvt.hpp
[119.680s] -- Installing: /home/rhobtor/PHD/j8_control/J8_control/install/ublox_msgs/include/ublox_msgs/ublox_msgs/msg/cfg_cfg.hpp
[119.680s] -- Installing: /home/rhobtor/PHD/j8_control/J8_control/install/ublox_msgs/include/ublox_msgs/ublox_msgs/msg/aid_eph.hpp
[119.680s] -- Installing: /home/rhobtor/PHD/j8_control/J8_control/install/ublox_msgs/include/ublox_msgs/ublox_msgs/msg/rxm_svsisv.hpp
[119.680s] -- Installing: /home/rhobtor/PHD/j8_control/J8_control/install/ublox_msgs/include/ublox_msgs/ublox_msgs/msg/nav_clock.hpp
[119.680s] -- Installing: /home/rhobtor/PHD/j8_control/J8_control/install/ublox_msgs/include/ublox_msgs/ublox_msgs/msg/upd_sos.hpp
[119.680s] -- Up-to-date: /home/rhobtor/PHD/j8_control/J8_control/install/ublox_msgs/include/ublox_msgs/ublox_msgs/msg/detail
[119.680s] -- Installing: /home/rhobtor/PHD/j8_control/J8_control/install/ublox_msgs/include/ublox_msgs/ublox_msgs/msg/detail/nav_pvt__type_support.hpp
[119.681s] -- Installing: /home/rhobtor/PHD/j8_control/J8_control/install/ublox_msgs/include/ublox_msgs/ublox_msgs/msg/detail/hnr_pvt__struct.hpp
[119.681s] -- Installing: /home/rhobtor/PHD/j8_control/J8_control/install/ublox_msgs/include/ublox_msgs/ublox_msgs/msg/detail/cfg_nmea6__traits.hpp
[119.681s] -- Installing: /home/rhobtor/PHD/j8_control/J8_control/install/ublox_msgs/include/ublox_msgs/ublox_msgs/msg/detail/nav_relposned9__struct.hpp
[119.681s] -- Installing: /home/rhobtor/PHD/j8_control/J8_control/install/ublox_msgs/include/ublox_msgs/ublox_msgs/msg/detail/hnr_pvt__builder.hpp
[119.681s] -- Installing: /home/rhobtor/PHD/j8_control/J8_control/install/ublox_msgs/include/ublox_msgs/ublox_msgs/msg/detail/cfg_dgnss__struct.hpp
[119.681s] -- Installing: /home/rhobtor/PHD/j8_control/J8_control/install/ublox_msgs/include/ublox_msgs/ublox_msgs/msg/detail/nav_pvt7__type_support.hpp
[119.681s] -- Installing: /home/rhobtor/PHD/j8_control/J8_control/install/ublox_msgs/include/ublox_msgs/ublox_msgs/msg/detail/cfg_hnr__traits.hpp
[119.681s] -- Installing: /home/rhobtor/PHD/j8_control/J8_control/install/ublox_msgs/include/ublox_msgs/ublox_msgs/msg/detail/nav_clock__builder.hpp
[119.681s] -- Installing: /home/rhobtor/PHD/j8_control/J8_control/install/ublox_msgs/include/ublox_msgs/ublox_msgs/msg/detail/cfg_nav5__traits.hpp
[119.681s] -- Installing: /home/rhobtor/PHD/j8_control/J8_control/install/ublox_msgs/include/ublox_msgs/ublox_msgs/msg/detail/rxm_rawx__builder.hpp
[119.681s] -- Installing: /home/rhobtor/PHD/j8_control/J8_control/install/ublox_msgs/include/ublox_msgs/ublox_msgs/msg/detail/esf_status__type_support.hpp
[119.681s] -- Installing: /home/rhobtor/PHD/j8_control/J8_control/install/ublox_msgs/include/ublox_msgs/ublox_msgs/msg/detail/nav_posllh__traits.hpp
[119.681s] -- Installing: /home/rhobtor/PHD/j8_control/J8_control/install/ublox_msgs/include/ublox_msgs/ublox_msgs/msg/detail/upd_sos_ack__builder.hpp
[119.681s] -- Installing: /home/rhobtor/PHD/j8_control/J8_control/install/ublox_msgs/include/ublox_msgs/ublox_msgs/msg/detail/cfg_ant__struct.hpp
[119.681s] -- Installing: /home/rhobtor/PHD/j8_control/J8_control/install/ublox_msgs/include/ublox_msgs/ublox_msgs/msg/detail/nav_posllh__struct.hpp
[119.681s] -- Installing: /home/rhobtor/PHD/j8_control/J8_control/install/ublox_msgs/include/ublox_msgs/ublox_msgs/msg/detail/nav_sat__traits.hpp
[119.681s] -- Installing: /home/rhobtor/PHD/j8_control/J8_control/install/ublox_msgs/include/ublox_msgs/ublox_msgs/msg/detail/cfg_gnss__type_support.hpp
[119.681s] -- Installing: /home/rhobtor/PHD/j8_control/J8_control/install/ublox_msgs/include/ublox_msgs/ublox_msgs/msg/detail/cfg_inf_block__builder.hpp
[119.681s] -- Installing: /home/rhobtor/PHD/j8_control/J8_control/install/ublox_msgs/include/ublox_msgs/ublox_msgs/msg/detail/cfg_nmea__builder.hpp
[119.681s] -- Installing: /home/rhobtor/PHD/j8_control/J8_control/install/ublox_msgs/include/ublox_msgs/ublox_msgs/msg/detail/cfg_msg__traits.hpp
[119.682s] -- Installing: /home/rhobtor/PHD/j8_control/J8_control/install/ublox_msgs/include/ublox_msgs/ublox_msgs/msg/detail/aid_eph__type_support.hpp
[119.682s] -- Installing: /home/rhobtor/PHD/j8_control/J8_control/install/ublox_msgs/include/ublox_msgs/ublox_msgs/msg/detail/esf_ins__traits.hpp
[119.682s] -- Installing: /home/rhobtor/PHD/j8_control/J8_control/install/ublox_msgs/include/ublox_msgs/ublox_msgs/msg/detail/cfg_nmea7__struct.hpp
[119.682s] -- Installing: /home/rhobtor/PHD/j8_control/J8_control/install/ublox_msgs/include/ublox_msgs/ublox_msgs/msg/detail/cfg_cfg__struct.hpp
[119.682s] -- Installing: /home/rhobtor/PHD/j8_control/J8_control/install/ublox_msgs/include/ublox_msgs/ublox_msgs/msg/detail/nav_svinfosv__type_support.hpp
[119.682s] -- Installing: /home/rhobtor/PHD/j8_control/J8_control/install/ublox_msgs/include/ublox_msgs/ublox_msgs/msg/detail/nav_pvt__builder.hpp
[119.682s] -- Installing: /home/rhobtor/PHD/j8_control/J8_control/install/ublox_msgs/include/ublox_msgs/ublox_msgs/msg/detail/rxm_eph__traits.hpp
[119.682s] -- Installing: /home/rhobtor/PHD/j8_control/J8_control/install/ublox_msgs/include/ublox_msgs/ublox_msgs/msg/detail/nav_velecef__type_support.hpp
[119.682s] -- Installing: /home/rhobtor/PHD/j8_control/J8_control/install/ublox_msgs/include/ublox_msgs/ublox_msgs/msg/detail/nav_relposned9__traits.hpp
[119.682s] -- Installing: /home/rhobtor/PHD/j8_control/J8_control/install/ublox_msgs/include/ublox_msgs/ublox_msgs/msg/detail/rxm_rawsv__struct.hpp
[119.682s] -- Installing: /home/rhobtor/PHD/j8_control/J8_control/install/ublox_msgs/include/ublox_msgs/ublox_msgs/msg/detail/rxm_eph__builder.hpp
[119.682s] -- Installing: /home/rhobtor/PHD/j8_control/J8_control/install/ublox_msgs/include/ublox_msgs/ublox_msgs/msg/detail/nav_svin__builder.hpp
[119.682s] -- Installing: /home/rhobtor/PHD/j8_control/J8_control/install/ublox_msgs/include/ublox_msgs/ublox_msgs/msg/detail/aid_alm__traits.hpp
[119.682s] -- Installing: /home/rhobtor/PHD/j8_control/J8_control/install/ublox_msgs/include/ublox_msgs/ublox_msgs/msg/detail/cfg_dgnss__builder.hpp
[119.682s] -- Installing: /home/rhobtor/PHD/j8_control/J8_control/install/ublox_msgs/include/ublox_msgs/ublox_msgs/msg/detail/cfg_inf__struct.hpp
[119.682s] -- Installing: /home/rhobtor/PHD/j8_control/J8_control/install/ublox_msgs/include/ublox_msgs/ublox_msgs/msg/detail/nav_timeutc__traits.hpp
[119.682s] -- Installing: /home/rhobtor/PHD/j8_control/J8_control/install/ublox_msgs/include/ublox_msgs/ublox_msgs/msg/detail/cfg_dat__struct.hpp
[119.682s] -- Installing: /home/rhobtor/PHD/j8_control/J8_control/install/ublox_msgs/include/ublox_msgs/ublox_msgs/msg/detail/hnr_pvt__type_support.hpp
[119.682s] -- Installing: /home/rhobtor/PHD/j8_control/J8_control/install/ublox_msgs/include/ublox_msgs/ublox_msgs/msg/detail/cfg_sbas__traits.hpp
[119.682s] -- Installing: /home/rhobtor/PHD/j8_control/J8_control/install/ublox_msgs/include/ublox_msgs/ublox_msgs/msg/detail/tim_tm2__builder.hpp
[119.682s] -- Installing: /home/rhobtor/PHD/j8_control/J8_control/install/ublox_msgs/include/ublox_msgs/ublox_msgs/msg/detail/cfg_prt__struct.hpp
[119.683s] -- Installing: /home/rhobtor/PHD/j8_control/J8_control/install/ublox_msgs/include/ublox_msgs/ublox_msgs/msg/detail/nav_status__traits.hpp
[119.683s] -- Installing: /home/rhobtor/PHD/j8_control/J8_control/install/ublox_msgs/include/ublox_msgs/ublox_msgs/msg/detail/cfg_gnss_block__builder.hpp
[119.683s] -- Installing: /home/rhobtor/PHD/j8_control/J8_control/install/ublox_msgs/include/ublox_msgs/ublox_msgs/msg/detail/cfg_dat__traits.hpp
[119.683s] -- Installing: /home/rhobtor/PHD/j8_control/J8_control/install/ublox_msgs/include/ublox_msgs/ublox_msgs/msg/detail/esf_raw_block__traits.hpp
[119.683s] -- Installing: /home/rhobtor/PHD/j8_control/J8_control/install/ublox_msgs/include/ublox_msgs/ublox_msgs/msg/detail/rxm_svsisv__type_support.hpp
[119.683s] -- Installing: /home/rhobtor/PHD/j8_control/J8_control/install/ublox_msgs/include/ublox_msgs/ublox_msgs/msg/detail/cfg_msg__builder.hpp
[119.683s] -- Installing: /home/rhobtor/PHD/j8_control/J8_control/install/ublox_msgs/include/ublox_msgs/ublox_msgs/msg/detail/aid_hui__type_support.hpp
[119.683s] -- Installing: /home/rhobtor/PHD/j8_control/J8_control/install/ublox_msgs/include/ublox_msgs/ublox_msgs/msg/detail/esf_meas__builder.hpp
[119.683s] -- Installing: /home/rhobtor/PHD/j8_control/J8_control/install/ublox_msgs/include/ublox_msgs/ublox_msgs/msg/detail/nav_sbassv__builder.hpp
[119.683s] -- Installing: /home/rhobtor/PHD/j8_control/J8_control/install/ublox_msgs/include/ublox_msgs/ublox_msgs/msg/detail/rxm_svsisv__struct.hpp
[119.683s] -- Installing: /home/rhobtor/PHD/j8_control/J8_control/install/ublox_msgs/include/ublox_msgs/ublox_msgs/msg/detail/rxm_eph__type_support.hpp
[119.683s] -- Installing: /home/rhobtor/PHD/j8_control/J8_control/install/ublox_msgs/include/ublox_msgs/ublox_msgs/msg/detail/cfg_ant__traits.hpp
[119.683s] -- Installing: /home/rhobtor/PHD/j8_control/J8_control/install/ublox_msgs/include/ublox_msgs/ublox_msgs/msg/detail/cfg_hnr__builder.hpp
[119.683s] -- Installing: /home/rhobtor/PHD/j8_control/J8_control/install/ublox_msgs/include/ublox_msgs/ublox_msgs/msg/detail/aid_alm__type_support.hpp
[119.683s] -- Installing: /home/rhobtor/PHD/j8_control/J8_control/install/ublox_msgs/include/ublox_msgs/ublox_msgs/msg/detail/nav_posecef__traits.hpp
[119.683s] -- Installing: /home/rhobtor/PHD/j8_control/J8_control/install/ublox_msgs/include/ublox_msgs/ublox_msgs/msg/detail/nav_sat__builder.hpp
[119.683s] -- Installing: /home/rhobtor/PHD/j8_control/J8_control/install/ublox_msgs/include/ublox_msgs/ublox_msgs/msg/detail/cfg_nav5__builder.hpp
[119.683s] -- Installing: /home/rhobtor/PHD/j8_control/J8_control/install/ublox_msgs/include/ublox_msgs/ublox_msgs/msg/detail/cfg_usb__builder.hpp
[119.683s] -- Installing: /home/rhobtor/PHD/j8_control/J8_control/install/ublox_msgs/include/ublox_msgs/ublox_msgs/msg/detail/rxm_rawsv__builder.hpp
[119.683s] -- Installing: /home/rhobtor/PHD/j8_control/J8_control/install/ublox_msgs/include/ublox_msgs/ublox_msgs/msg/detail/ack__type_support.hpp
[119.683s] -- Installing: /home/rhobtor/PHD/j8_control/J8_control/install/ublox_msgs/include/ublox_msgs/ublox_msgs/msg/detail/nav_clock__traits.hpp
[119.683s] -- Installing: /home/rhobtor/PHD/j8_control/J8_control/install/ublox_msgs/include/ublox_msgs/ublox_msgs/msg/detail/nav_cov__traits.hpp
[119.683s] -- Installing: /home/rhobtor/PHD/j8_control/J8_control/install/ublox_msgs/include/ublox_msgs/ublox_msgs/msg/detail/cfg_nmea__struct.hpp
[119.684s] -- Installing: /home/rhobtor/PHD/j8_control/J8_control/install/ublox_msgs/include/ublox_msgs/ublox_msgs/msg/detail/esf_status_sens__type_support.hpp
[119.684s] -- Installing: /home/rhobtor/PHD/j8_control/J8_control/install/ublox_msgs/include/ublox_msgs/ublox_msgs/msg/detail/cfg_nav5__type_support.hpp
[119.684s] -- Installing: /home/rhobtor/PHD/j8_control/J8_control/install/ublox_msgs/include/ublox_msgs/ublox_msgs/msg/detail/cfg_rate__builder.hpp
[119.684s] -- Installing: /home/rhobtor/PHD/j8_control/J8_control/install/ublox_msgs/include/ublox_msgs/ublox_msgs/msg/detail/cfg_nmea7__type_support.hpp
[119.684s] -- Installing: /home/rhobtor/PHD/j8_control/J8_control/install/ublox_msgs/include/ublox_msgs/ublox_msgs/msg/detail/nav_svin__traits.hpp
[119.684s] -- Installing: /home/rhobtor/PHD/j8_control/J8_control/install/ublox_msgs/include/ublox_msgs/ublox_msgs/msg/detail/tim_tm2__struct.hpp
[119.684s] -- Installing: /home/rhobtor/PHD/j8_control/J8_control/install/ublox_msgs/include/ublox_msgs/ublox_msgs/msg/detail/cfg_rst__traits.hpp
[119.684s] -- Installing: /home/rhobtor/PHD/j8_control/J8_control/install/ublox_msgs/include/ublox_msgs/ublox_msgs/msg/detail/cfg_gnss__builder.hpp
[119.684s] -- Installing: /home/rhobtor/PHD/j8_control/J8_control/install/ublox_msgs/include/ublox_msgs/ublox_msgs/msg/detail/nav_velned__struct.hpp
[119.684s] -- Installing: /home/rhobtor/PHD/j8_control/J8_control/install/ublox_msgs/include/ublox_msgs/ublox_msgs/msg/detail/cfg_gnss_block__type_support.hpp
[119.684s] -- Installing: /home/rhobtor/PHD/j8_control/J8_control/install/ublox_msgs/include/ublox_msgs/ublox_msgs/msg/detail/cfg_tmode3__struct.hpp
[119.684s] -- Installing: /home/rhobtor/PHD/j8_control/J8_control/install/ublox_msgs/include/ublox_msgs/ublox_msgs/msg/detail/nav_relposned__builder.hpp
[119.684s] -- Installing: /home/rhobtor/PHD/j8_control/J8_control/install/ublox_msgs/include/ublox_msgs/ublox_msgs/msg/detail/cfg_gnss_block__struct.hpp
[119.684s] -- Installing: /home/rhobtor/PHD/j8_control/J8_control/install/ublox_msgs/include/ublox_msgs/ublox_msgs/msg/detail/cfg_msg__type_support.hpp
[119.684s] -- Installing: /home/rhobtor/PHD/j8_control/J8_control/install/ublox_msgs/include/ublox_msgs/ublox_msgs/msg/detail/rxm_sfrbx__struct.hpp
[119.684s] -- Installing: /home/rhobtor/PHD/j8_control/J8_control/install/ublox_msgs/include/ublox_msgs/ublox_msgs/msg/detail/esf_status_sens__traits.hpp
[119.684s] -- Installing: /home/rhobtor/PHD/j8_control/J8_control/install/ublox_msgs/include/ublox_msgs/ublox_msgs/msg/detail/nav_velecef__builder.hpp
[119.684s] -- Installing: /home/rhobtor/PHD/j8_control/J8_control/install/ublox_msgs/include/ublox_msgs/ublox_msgs/msg/detail/nav_timegps__builder.hpp
[119.684s] -- Installing: /home/rhobtor/PHD/j8_control/J8_control/install/ublox_msgs/include/ublox_msgs/ublox_msgs/msg/detail/mon_ver__builder.hpp
[119.684s] -- Installing: /home/rhobtor/PHD/j8_control/J8_control/install/ublox_msgs/include/ublox_msgs/ublox_msgs/msg/detail/cfg_gnss__traits.hpp
[119.684s] -- Installing: /home/rhobtor/PHD/j8_control/J8_control/install/ublox_msgs/include/ublox_msgs/ublox_msgs/msg/detail/esf_ins__builder.hpp
[119.684s] -- Installing: /home/rhobtor/PHD/j8_control/J8_control/install/ublox_msgs/include/ublox_msgs/ublox_msgs/msg/detail/nav_timeutc__type_support.hpp
[119.684s] -- Installing: /home/rhobtor/PHD/j8_control/J8_control/install/ublox_msgs/include/ublox_msgs/ublox_msgs/msg/detail/cfg_dat__builder.hpp
[119.684s] -- Installing: /home/rhobtor/PHD/j8_control/J8_control/install/ublox_msgs/include/ublox_msgs/ublox_msgs/msg/detail/cfg_inf_block__traits.hpp
[119.685s] -- Installing: /home/rhobtor/PHD/j8_control/J8_control/install/ublox_msgs/include/ublox_msgs/ublox_msgs/msg/detail/esf_ins__type_support.hpp
[119.685s] -- Installing: /home/rhobtor/PHD/j8_control/J8_control/install/ublox_msgs/include/ublox_msgs/ublox_msgs/msg/detail/cfg_gnss_block__traits.hpp
[119.685s] -- Installing: /home/rhobtor/PHD/j8_control/J8_control/install/ublox_msgs/include/ublox_msgs/ublox_msgs/msg/detail/cfg_usb__traits.hpp
[119.685s] -- Installing: /home/rhobtor/PHD/j8_control/J8_control/install/ublox_msgs/include/ublox_msgs/ublox_msgs/msg/detail/inf__builder.hpp
[119.685s] -- Installing: /home/rhobtor/PHD/j8_control/J8_control/install/ublox_msgs/include/ublox_msgs/ublox_msgs/msg/detail/nav_sbassv__type_support.hpp
[119.685s] -- Installing: /home/rhobtor/PHD/j8_control/J8_control/install/ublox_msgs/include/ublox_msgs/ublox_msgs/msg/detail/mon_gnss__traits.hpp
[119.685s] -- Installing: /home/rhobtor/PHD/j8_control/J8_control/install/ublox_msgs/include/ublox_msgs/ublox_msgs/msg/detail/esf_status_sens__builder.hpp
[119.685s] -- Installing: /home/rhobtor/PHD/j8_control/J8_control/install/ublox_msgs/include/ublox_msgs/ublox_msgs/msg/detail/cfg_cfg__type_support.hpp
[119.685s] -- Installing: /home/rhobtor/PHD/j8_control/J8_control/install/ublox_msgs/include/ublox_msgs/ublox_msgs/msg/detail/cfg_cfg__builder.hpp
[119.685s] -- Installing: /home/rhobtor/PHD/j8_control/J8_control/install/ublox_msgs/include/ublox_msgs/ublox_msgs/msg/detail/aid_hui__traits.hpp
[119.685s] -- Installing: /home/rhobtor/PHD/j8_control/J8_control/install/ublox_msgs/include/ublox_msgs/ublox_msgs/msg/detail/cfg_prt__type_support.hpp
[119.685s] -- Installing: /home/rhobtor/PHD/j8_control/J8_control/install/ublox_msgs/include/ublox_msgs/ublox_msgs/msg/detail/cfg_dat__type_support.hpp
[119.685s] -- Installing: /home/rhobtor/PHD/j8_control/J8_control/install/ublox_msgs/include/ublox_msgs/ublox_msgs/msg/detail/aid_eph__struct.hpp
[119.685s] -- Installing: /home/rhobtor/PHD/j8_control/J8_control/install/ublox_msgs/include/ublox_msgs/ublox_msgs/msg/detail/nav_sbas__struct.hpp
[119.685s] -- Installing: /home/rhobtor/PHD/j8_control/J8_control/install/ublox_msgs/include/ublox_msgs/ublox_msgs/msg/detail/nav_sat__struct.hpp
[119.685s] -- Installing: /home/rhobtor/PHD/j8_control/J8_control/install/ublox_msgs/include/ublox_msgs/ublox_msgs/msg/detail/ack__traits.hpp
[119.685s] -- Installing: /home/rhobtor/PHD/j8_control/J8_control/install/ublox_msgs/include/ublox_msgs/ublox_msgs/msg/detail/cfg_hnr__struct.hpp
[119.685s] -- Installing: /home/rhobtor/PHD/j8_control/J8_control/install/ublox_msgs/include/ublox_msgs/ublox_msgs/msg/detail/rxm_raw__type_support.hpp
[119.685s] -- Installing: /home/rhobtor/PHD/j8_control/J8_control/install/ublox_msgs/include/ublox_msgs/ublox_msgs/msg/detail/nav_timeutc__struct.hpp
[119.685s] -- Installing: /home/rhobtor/PHD/j8_control/J8_control/install/ublox_msgs/include/ublox_msgs/ublox_msgs/msg/detail/nav_satsv__traits.hpp
[119.685s] -- Installing: /home/rhobtor/PHD/j8_control/J8_control/install/ublox_msgs/include/ublox_msgs/ublox_msgs/msg/detail/nav_status__builder.hpp
[119.685s] -- Installing: /home/rhobtor/PHD/j8_control/J8_control/install/ublox_msgs/include/ublox_msgs/ublox_msgs/msg/detail/rxm_alm__struct.hpp
[119.685s] -- Installing: /home/rhobtor/PHD/j8_control/J8_control/install/ublox_msgs/include/ublox_msgs/ublox_msgs/msg/detail/nav_dgpssv__type_support.hpp
[119.685s] -- Installing: /home/rhobtor/PHD/j8_control/J8_control/install/ublox_msgs/include/ublox_msgs/ublox_msgs/msg/detail/cfg_ant__type_support.hpp
[119.686s] -- Installing: /home/rhobtor/PHD/j8_control/J8_control/install/ublox_msgs/include/ublox_msgs/ublox_msgs/msg/detail/cfg_nmea__traits.hpp
[119.686s] -- Installing: /home/rhobtor/PHD/j8_control/J8_control/install/ublox_msgs/include/ublox_msgs/ublox_msgs/msg/detail/cfg_nmea6__struct.hpp
[119.686s] -- Installing: /home/rhobtor/PHD/j8_control/J8_control/install/ublox_msgs/include/ublox_msgs/ublox_msgs/msg/detail/cfg_navx5__struct.hpp
[119.686s] -- Installing: /home/rhobtor/PHD/j8_control/J8_control/install/ublox_msgs/include/ublox_msgs/ublox_msgs/msg/detail/cfg_rate__traits.hpp
[119.686s] -- Installing: /home/rhobtor/PHD/j8_control/J8_control/install/ublox_msgs/include/ublox_msgs/ublox_msgs/msg/detail/cfg_msg__struct.hpp
[119.686s] -- Installing: /home/rhobtor/PHD/j8_control/J8_control/install/ublox_msgs/include/ublox_msgs/ublox_msgs/msg/detail/mon_hw__traits.hpp
[119.686s] -- Installing: /home/rhobtor/PHD/j8_control/J8_control/install/ublox_msgs/include/ublox_msgs/ublox_msgs/msg/detail/rxm_rawx__struct.hpp
[119.686s] -- Installing: /home/rhobtor/PHD/j8_control/J8_control/install/ublox_msgs/include/ublox_msgs/ublox_msgs/msg/detail/mon_hw__builder.hpp
[119.686s] -- Installing: /home/rhobtor/PHD/j8_control/J8_control/install/ublox_msgs/include/ublox_msgs/ublox_msgs/msg/detail/esf_status__builder.hpp
[119.686s] -- Installing: /home/rhobtor/PHD/j8_control/J8_control/install/ublox_msgs/include/ublox_msgs/ublox_msgs/msg/detail/esf_meas__traits.hpp
[119.686s] -- Installing: /home/rhobtor/PHD/j8_control/J8_control/install/ublox_msgs/include/ublox_msgs/ublox_msgs/msg/detail/esf_raw_block__struct.hpp
[119.686s] -- Installing: /home/rhobtor/PHD/j8_control/J8_control/install/ublox_msgs/include/ublox_msgs/ublox_msgs/msg/detail/esf_raw__struct.hpp
[119.686s] -- Installing: /home/rhobtor/PHD/j8_control/J8_control/install/ublox_msgs/include/ublox_msgs/ublox_msgs/msg/detail/rxm_rtcm__struct.hpp
[119.686s] -- Installing: /home/rhobtor/PHD/j8_control/J8_control/install/ublox_msgs/include/ublox_msgs/ublox_msgs/msg/detail/rxm_rawx_meas__type_support.hpp
[119.686s] -- Installing: /home/rhobtor/PHD/j8_control/J8_control/install/ublox_msgs/include/ublox_msgs/ublox_msgs/msg/detail/rxm_sfrbx__type_support.hpp
[119.686s] -- Installing: /home/rhobtor/PHD/j8_control/J8_control/install/ublox_msgs/include/ublox_msgs/ublox_msgs/msg/detail/nav_sol__struct.hpp
[119.686s] -- Installing: /home/rhobtor/PHD/j8_control/J8_control/install/ublox_msgs/include/ublox_msgs/ublox_msgs/msg/detail/cfg_inf__builder.hpp
[119.686s] -- Installing: /home/rhobtor/PHD/j8_control/J8_control/install/ublox_msgs/include/ublox_msgs/ublox_msgs/msg/detail/upd_sos_ack__traits.hpp
[119.686s] -- Installing: /home/rhobtor/PHD/j8_control/J8_control/install/ublox_msgs/include/ublox_msgs/ublox_msgs/msg/detail/esf_status_sens__struct.hpp
[119.686s] -- Installing: /home/rhobtor/PHD/j8_control/J8_control/install/ublox_msgs/include/ublox_msgs/ublox_msgs/msg/detail/esf_ins__struct.hpp
[119.686s] -- Installing: /home/rhobtor/PHD/j8_control/J8_control/install/ublox_msgs/include/ublox_msgs/ublox_msgs/msg/detail/nav_posllh__type_support.hpp
[119.686s] -- Installing: /home/rhobtor/PHD/j8_control/J8_control/install/ublox_msgs/include/ublox_msgs/ublox_msgs/msg/detail/cfg_inf__traits.hpp
[119.686s] -- Installing: /home/rhobtor/PHD/j8_control/J8_control/install/ublox_msgs/include/ublox_msgs/ublox_msgs/msg/detail/cfg_rate__struct.hpp
[119.687s] -- Installing: /home/rhobtor/PHD/j8_control/J8_control/install/ublox_msgs/include/ublox_msgs/ublox_msgs/msg/detail/rxm_svsi__builder.hpp
[119.687s] -- Installing: /home/rhobtor/PHD/j8_control/J8_control/install/ublox_msgs/include/ublox_msgs/ublox_msgs/msg/detail/cfg_inf_block__type_support.hpp
[119.687s] -- Installing: /home/rhobtor/PHD/j8_control/J8_control/install/ublox_msgs/include/ublox_msgs/ublox_msgs/msg/detail/nav_velned__type_support.hpp
[119.687s] -- Installing: /home/rhobtor/PHD/j8_control/J8_control/install/ublox_msgs/include/ublox_msgs/ublox_msgs/msg/detail/mga_gal__builder.hpp
[119.687s] -- Installing: /home/rhobtor/PHD/j8_control/J8_control/install/ublox_msgs/include/ublox_msgs/ublox_msgs/msg/detail/inf__struct.hpp
[119.687s] -- Installing: /home/rhobtor/PHD/j8_control/J8_control/install/ublox_msgs/include/ublox_msgs/ublox_msgs/msg/detail/aid_eph__traits.hpp
[119.687s] -- Installing: /home/rhobtor/PHD/j8_control/J8_control/install/ublox_msgs/include/ublox_msgs/ublox_msgs/msg/detail/upd_sos_ack__struct.hpp
[119.687s] -- Installing: /home/rhobtor/PHD/j8_control/J8_control/install/ublox_msgs/include/ublox_msgs/ublox_msgs/msg/detail/cfg_nmea6__builder.hpp
[119.687s] -- Installing: /home/rhobtor/PHD/j8_control/J8_control/install/ublox_msgs/include/ublox_msgs/ublox_msgs/msg/detail/upd_sos__traits.hpp
[119.687s] -- Installing: /home/rhobtor/PHD/j8_control/J8_control/install/ublox_msgs/include/ublox_msgs/ublox_msgs/msg/detail/cfg_prt__traits.hpp
[119.687s] -- Installing: /home/rhobtor/PHD/j8_control/J8_control/install/ublox_msgs/include/ublox_msgs/ublox_msgs/msg/detail/aid_alm__builder.hpp
[119.687s] -- Installing: /home/rhobtor/PHD/j8_control/J8_control/install/ublox_msgs/include/ublox_msgs/ublox_msgs/msg/detail/nav_timegps__struct.hpp
[119.687s] -- Installing: /home/rhobtor/PHD/j8_control/J8_control/install/ublox_msgs/include/ublox_msgs/ublox_msgs/msg/detail/cfg_navx5__builder.hpp
[119.687s] -- Installing: /home/rhobtor/PHD/j8_control/J8_control/install/ublox_msgs/include/ublox_msgs/ublox_msgs/msg/detail/nav_velned__traits.hpp
[119.687s] -- Installing: /home/rhobtor/PHD/j8_control/J8_control/install/ublox_msgs/include/ublox_msgs/ublox_msgs/msg/detail/esf_meas__struct.hpp
[119.687s] -- Installing: /home/rhobtor/PHD/j8_control/J8_control/install/ublox_msgs/include/ublox_msgs/ublox_msgs/msg/detail/mon_hw6__builder.hpp
[119.687s] -- Installing: /home/rhobtor/PHD/j8_control/J8_control/install/ublox_msgs/include/ublox_msgs/ublox_msgs/msg/detail/nav_att__traits.hpp
[119.687s] -- Installing: /home/rhobtor/PHD/j8_control/J8_control/install/ublox_msgs/include/ublox_msgs/ublox_msgs/msg/detail/rxm_rawx_meas__struct.hpp
[119.687s] -- Installing: /home/rhobtor/PHD/j8_control/J8_control/install/ublox_msgs/include/ublox_msgs/ublox_msgs/msg/detail/mon_ver_extension__struct.hpp
[119.687s] -- Installing: /home/rhobtor/PHD/j8_control/J8_control/install/ublox_msgs/include/ublox_msgs/ublox_msgs/msg/detail/rxm_sfrb__builder.hpp
[119.687s] -- Installing: /home/rhobtor/PHD/j8_control/J8_control/install/ublox_msgs/include/ublox_msgs/ublox_msgs/msg/detail/nav_dop__type_support.hpp
[119.688s] -- Installing: /home/rhobtor/PHD/j8_control/J8_control/install/ublox_msgs/include/ublox_msgs/ublox_msgs/msg/detail/mga_gal__struct.hpp
[119.688s] -- Installing: /home/rhobtor/PHD/j8_control/J8_control/install/ublox_msgs/include/ublox_msgs/ublox_msgs/msg/detail/cfg_navx5__traits.hpp
[119.688s] -- Installing: /home/rhobtor/PHD/j8_control/J8_control/install/ublox_msgs/include/ublox_msgs/ublox_msgs/msg/detail/rxm_eph__struct.hpp
[119.688s] -- Installing: /home/rhobtor/PHD/j8_control/J8_control/install/ublox_msgs/include/ublox_msgs/ublox_msgs/msg/detail/mga_gal__type_support.hpp
[119.688s] -- Installing: /home/rhobtor/PHD/j8_control/J8_control/install/ublox_msgs/include/ublox_msgs/ublox_msgs/msg/detail/nav_att__builder.hpp
[119.688s] -- Installing: /home/rhobtor/PHD/j8_control/J8_control/install/ublox_msgs/include/ublox_msgs/ublox_msgs/msg/detail/cfg_sbas__type_support.hpp
[119.688s] -- Installing: /home/rhobtor/PHD/j8_control/J8_control/install/ublox_msgs/include/ublox_msgs/ublox_msgs/msg/detail/rxm_rawx_meas__builder.hpp
[119.688s] -- Installing: /home/rhobtor/PHD/j8_control/J8_control/install/ublox_msgs/include/ublox_msgs/ublox_msgs/msg/detail/cfg_nmea__type_support.hpp
[119.688s] -- Installing: /home/rhobtor/PHD/j8_control/J8_control/install/ublox_msgs/include/ublox_msgs/ublox_msgs/msg/detail/nav_pvt7__traits.hpp
[119.688s] -- Installing: /home/rhobtor/PHD/j8_control/J8_control/install/ublox_msgs/include/ublox_msgs/ublox_msgs/msg/detail/cfg_rate__type_support.hpp
[119.688s] -- Installing: /home/rhobtor/PHD/j8_control/J8_control/install/ublox_msgs/include/ublox_msgs/ublox_msgs/msg/detail/rxm_rtcm__traits.hpp
[119.688s] -- Installing: /home/rhobtor/PHD/j8_control/J8_control/install/ublox_msgs/include/ublox_msgs/ublox_msgs/msg/detail/cfg_rst__type_support.hpp
[119.688s] -- Installing: /home/rhobtor/PHD/j8_control/J8_control/install/ublox_msgs/include/ublox_msgs/ublox_msgs/msg/detail/ack__builder.hpp
[119.688s] -- Installing: /home/rhobtor/PHD/j8_control/J8_control/install/ublox_msgs/include/ublox_msgs/ublox_msgs/msg/detail/rxm_svsi__struct.hpp
[119.688s] -- Installing: /home/rhobtor/PHD/j8_control/J8_control/install/ublox_msgs/include/ublox_msgs/ublox_msgs/msg/detail/rxm_sfrbx__traits.hpp
[119.688s] -- Installing: /home/rhobtor/PHD/j8_control/J8_control/install/ublox_msgs/include/ublox_msgs/ublox_msgs/msg/detail/esf_status__traits.hpp
[119.688s] -- Installing: /home/rhobtor/PHD/j8_control/J8_control/install/ublox_msgs/include/ublox_msgs/ublox_msgs/msg/detail/nav_posecef__struct.hpp
[119.688s] -- Installing: /home/rhobtor/PHD/j8_control/J8_control/install/ublox_msgs/include/ublox_msgs/ublox_msgs/msg/detail/nav_sbas__builder.hpp
[119.688s] -- Installing: /home/rhobtor/PHD/j8_control/J8_control/install/ublox_msgs/include/ublox_msgs/ublox_msgs/msg/detail/mon_hw6__struct.hpp
[119.688s] -- Installing: /home/rhobtor/PHD/j8_control/J8_control/install/ublox_msgs/include/ublox_msgs/ublox_msgs/msg/detail/mon_hw6__type_support.hpp
[119.688s] -- Installing: /home/rhobtor/PHD/j8_control/J8_control/install/ublox_msgs/include/ublox_msgs/ublox_msgs/msg/detail/nav_velned__builder.hpp
[119.688s] -- Installing: /home/rhobtor/PHD/j8_control/J8_control/install/ublox_msgs/include/ublox_msgs/ublox_msgs/msg/detail/rxm_raw__traits.hpp
[119.689s] -- Installing: /home/rhobtor/PHD/j8_control/J8_control/install/ublox_msgs/include/ublox_msgs/ublox_msgs/msg/detail/rxm_rtcm__type_support.hpp
[119.689s] -- Installing: /home/rhobtor/PHD/j8_control/J8_control/install/ublox_msgs/include/ublox_msgs/ublox_msgs/msg/detail/nav_relposned__struct.hpp
[119.689s] -- Installing: /home/rhobtor/PHD/j8_control/J8_control/install/ublox_msgs/include/ublox_msgs/ublox_msgs/msg/detail/nav_relposned__type_support.hpp
[119.689s] -- Installing: /home/rhobtor/PHD/j8_control/J8_control/install/ublox_msgs/include/ublox_msgs/ublox_msgs/msg/detail/mon_gnss__struct.hpp
[119.689s] -- Installing: /home/rhobtor/PHD/j8_control/J8_control/install/ublox_msgs/include/ublox_msgs/ublox_msgs/msg/detail/hnr_pvt__traits.hpp
[119.689s] -- Installing: /home/rhobtor/PHD/j8_control/J8_control/install/ublox_msgs/include/ublox_msgs/ublox_msgs/msg/detail/mon_hw__struct.hpp
[119.689s] -- Installing: /home/rhobtor/PHD/j8_control/J8_control/install/ublox_msgs/include/ublox_msgs/ublox_msgs/msg/detail/cfg_navx5__type_support.hpp
[119.689s] -- Installing: /home/rhobtor/PHD/j8_control/J8_control/install/ublox_msgs/include/ublox_msgs/ublox_msgs/msg/detail/rxm_rawsv__traits.hpp
[119.689s] -- Installing: /home/rhobtor/PHD/j8_control/J8_control/install/ublox_msgs/include/ublox_msgs/ublox_msgs/msg/detail/nav_satsv__builder.hpp
[119.689s] -- Installing: /home/rhobtor/PHD/j8_control/J8_control/install/ublox_msgs/include/ublox_msgs/ublox_msgs/msg/detail/cfg_nmea7__traits.hpp
[119.689s] -- Installing: /home/rhobtor/PHD/j8_control/J8_control/install/ublox_msgs/include/ublox_msgs/ublox_msgs/msg/detail/cfg_tmode3__builder.hpp
[119.689s] -- Installing: /home/rhobtor/PHD/j8_control/J8_control/install/ublox_msgs/include/ublox_msgs/ublox_msgs/msg/detail/nav_sol__traits.hpp
[119.689s] -- Installing: /home/rhobtor/PHD/j8_control/J8_control/install/ublox_msgs/include/ublox_msgs/ublox_msgs/msg/detail/rxm_alm__traits.hpp
[119.689s] -- Installing: /home/rhobtor/PHD/j8_control/J8_control/install/ublox_msgs/include/ublox_msgs/ublox_msgs/msg/detail/nav_dop__traits.hpp
[119.689s] -- Installing: /home/rhobtor/PHD/j8_control/J8_control/install/ublox_msgs/include/ublox_msgs/ublox_msgs/msg/detail/nav_att__struct.hpp
[119.689s] -- Installing: /home/rhobtor/PHD/j8_control/J8_control/install/ublox_msgs/include/ublox_msgs/ublox_msgs/msg/detail/nav_pvt7__builder.hpp
[119.689s] -- Installing: /home/rhobtor/PHD/j8_control/J8_control/install/ublox_msgs/include/ublox_msgs/ublox_msgs/msg/detail/nav_pvt__struct.hpp
[119.689s] -- Installing: /home/rhobtor/PHD/j8_control/J8_control/install/ublox_msgs/include/ublox_msgs/ublox_msgs/msg/detail/rxm_rawsv__type_support.hpp
[119.689s] -- Installing: /home/rhobtor/PHD/j8_control/J8_control/install/ublox_msgs/include/ublox_msgs/ublox_msgs/msg/detail/nav_status__struct.hpp
[119.689s] -- Installing: /home/rhobtor/PHD/j8_control/J8_control/install/ublox_msgs/include/ublox_msgs/ublox_msgs/msg/detail/nav_dgps__builder.hpp
[119.689s] -- Installing: /home/rhobtor/PHD/j8_control/J8_control/install/ublox_msgs/include/ublox_msgs/ublox_msgs/msg/detail/tim_tm2__type_support.hpp
[119.690s] -- Installing: /home/rhobtor/PHD/j8_control/J8_control/install/ublox_msgs/include/ublox_msgs/ublox_msgs/msg/detail/rxm_svsisv__builder.hpp
[119.690s] -- Installing: /home/rhobtor/PHD/j8_control/J8_control/install/ublox_msgs/include/ublox_msgs/ublox_msgs/msg/detail/nav_sbas__traits.hpp
[119.690s] -- Installing: /home/rhobtor/PHD/j8_control/J8_control/install/ublox_msgs/include/ublox_msgs/ublox_msgs/msg/detail/cfg_tmode3__traits.hpp
[119.690s] -- Installing: /home/rhobtor/PHD/j8_control/J8_control/install/ublox_msgs/include/ublox_msgs/ublox_msgs/msg/detail/nav_velecef__struct.hpp
[119.690s] -- Installing: /home/rhobtor/PHD/j8_control/J8_control/install/ublox_msgs/include/ublox_msgs/ublox_msgs/msg/detail/nav_cov__builder.hpp
[119.690s] -- Installing: /home/rhobtor/PHD/j8_control/J8_control/install/ublox_msgs/include/ublox_msgs/ublox_msgs/msg/detail/nav_posllh__builder.hpp
[119.690s] -- Installing: /home/rhobtor/PHD/j8_control/J8_control/install/ublox_msgs/include/ublox_msgs/ublox_msgs/msg/detail/nav_sbas__type_support.hpp
[119.690s] -- Installing: /home/rhobtor/PHD/j8_control/J8_control/install/ublox_msgs/include/ublox_msgs/ublox_msgs/msg/detail/nav_dgps__struct.hpp
[119.690s] -- Installing: /home/rhobtor/PHD/j8_control/J8_control/install/ublox_msgs/include/ublox_msgs/ublox_msgs/msg/detail/rxm_alm__builder.hpp
[119.690s] -- Installing: /home/rhobtor/PHD/j8_control/J8_control/install/ublox_msgs/include/ublox_msgs/ublox_msgs/msg/detail/esf_raw__builder.hpp
[119.690s] -- Installing: /home/rhobtor/PHD/j8_control/J8_control/install/ublox_msgs/include/ublox_msgs/ublox_msgs/msg/detail/esf_raw__traits.hpp
[119.690s] -- Installing: /home/rhobtor/PHD/j8_control/J8_control/install/ublox_msgs/include/ublox_msgs/ublox_msgs/msg/detail/nav_sbassv__struct.hpp
[119.690s] -- Installing: /home/rhobtor/PHD/j8_control/J8_control/install/ublox_msgs/include/ublox_msgs/ublox_msgs/msg/detail/rxm_rawx__traits.hpp
[119.690s] -- Installing: /home/rhobtor/PHD/j8_control/J8_control/install/ublox_msgs/include/ublox_msgs/ublox_msgs/msg/detail/nav_svinfosv__traits.hpp
[119.690s] -- Installing: /home/rhobtor/PHD/j8_control/J8_control/install/ublox_msgs/include/ublox_msgs/ublox_msgs/msg/detail/aid_hui__struct.hpp
[119.690s] -- Installing: /home/rhobtor/PHD/j8_control/J8_control/install/ublox_msgs/include/ublox_msgs/ublox_msgs/msg/detail/nav_dop__builder.hpp
[119.690s] -- Installing: /home/rhobtor/PHD/j8_control/J8_control/install/ublox_msgs/include/ublox_msgs/ublox_msgs/msg/detail/nav_sbassv__traits.hpp
[119.690s] -- Installing: /home/rhobtor/PHD/j8_control/J8_control/install/ublox_msgs/include/ublox_msgs/ublox_msgs/msg/detail/cfg_dgnss__type_support.hpp
[119.690s] -- Installing: /home/rhobtor/PHD/j8_control/J8_control/install/ublox_msgs/include/ublox_msgs/ublox_msgs/msg/detail/nav_dgps__traits.hpp
[119.690s] -- Installing: /home/rhobtor/PHD/j8_control/J8_control/install/ublox_msgs/include/ublox_msgs/ublox_msgs/msg/detail/inf__traits.hpp
[119.690s] -- Installing: /home/rhobtor/PHD/j8_control/J8_control/install/ublox_msgs/include/ublox_msgs/ublox_msgs/msg/detail/nav_relposned9__builder.hpp
[119.690s] -- Installing: /home/rhobtor/PHD/j8_control/J8_control/install/ublox_msgs/include/ublox_msgs/ublox_msgs/msg/detail/nav_satsv__type_support.hpp
[119.691s] -- Installing: /home/rhobtor/PHD/j8_control/J8_control/install/ublox_msgs/include/ublox_msgs/ublox_msgs/msg/detail/rxm_raw__struct.hpp
[119.691s] -- Installing: /home/rhobtor/PHD/j8_control/J8_control/install/ublox_msgs/include/ublox_msgs/ublox_msgs/msg/detail/inf__type_support.hpp
[119.691s] -- Installing: /home/rhobtor/PHD/j8_control/J8_control/install/ublox_msgs/include/ublox_msgs/ublox_msgs/msg/detail/rxm_rtcm__builder.hpp
[119.691s] -- Installing: /home/rhobtor/PHD/j8_control/J8_control/install/ublox_msgs/include/ublox_msgs/ublox_msgs/msg/detail/nav_posecef__type_support.hpp
[119.691s] -- Installing: /home/rhobtor/PHD/j8_control/J8_control/install/ublox_msgs/include/ublox_msgs/ublox_msgs/msg/detail/mon_ver_extension__builder.hpp
[119.691s] -- Installing: /home/rhobtor/PHD/j8_control/J8_control/install/ublox_msgs/include/ublox_msgs/ublox_msgs/msg/detail/cfg_inf_block__struct.hpp
[119.691s] -- Installing: /home/rhobtor/PHD/j8_control/J8_control/install/ublox_msgs/include/ublox_msgs/ublox_msgs/msg/detail/cfg_hnr__type_support.hpp
[119.691s] -- Installing: /home/rhobtor/PHD/j8_control/J8_control/install/ublox_msgs/include/ublox_msgs/ublox_msgs/msg/detail/nav_pvt__traits.hpp
[119.691s] -- Installing: /home/rhobtor/PHD/j8_control/J8_control/install/ublox_msgs/include/ublox_msgs/ublox_msgs/msg/detail/esf_raw__type_support.hpp
[119.691s] -- Installing: /home/rhobtor/PHD/j8_control/J8_control/install/ublox_msgs/include/ublox_msgs/ublox_msgs/msg/detail/nav_cov__type_support.hpp
[119.691s] -- Installing: /home/rhobtor/PHD/j8_control/J8_control/install/ublox_msgs/include/ublox_msgs/ublox_msgs/msg/detail/upd_sos__struct.hpp
[119.691s] -- Installing: /home/rhobtor/PHD/j8_control/J8_control/install/ublox_msgs/include/ublox_msgs/ublox_msgs/msg/detail/aid_hui__builder.hpp
[119.691s] -- Installing: /home/rhobtor/PHD/j8_control/J8_control/install/ublox_msgs/include/ublox_msgs/ublox_msgs/msg/detail/cfg_rst__struct.hpp
[119.691s] -- Installing: /home/rhobtor/PHD/j8_control/J8_control/install/ublox_msgs/include/ublox_msgs/ublox_msgs/msg/detail/cfg_sbas__builder.hpp
[119.691s] -- Installing: /home/rhobtor/PHD/j8_control/J8_control/install/ublox_msgs/include/ublox_msgs/ublox_msgs/msg/detail/nav_status__type_support.hpp
[119.691s] -- Installing: /home/rhobtor/PHD/j8_control/J8_control/install/ublox_msgs/include/ublox_msgs/ublox_msgs/msg/detail/cfg_tmode3__type_support.hpp
[119.691s] -- Installing: /home/rhobtor/PHD/j8_control/J8_control/install/ublox_msgs/include/ublox_msgs/ublox_msgs/msg/detail/nav_att__type_support.hpp
[119.691s] -- Installing: /home/rhobtor/PHD/j8_control/J8_control/install/ublox_msgs/include/ublox_msgs/ublox_msgs/msg/detail/rxm_sfrb__struct.hpp
[119.691s] -- Installing: /home/rhobtor/PHD/j8_control/J8_control/install/ublox_msgs/include/ublox_msgs/ublox_msgs/msg/detail/cfg_inf__type_support.hpp
[119.691s] -- Installing: /home/rhobtor/PHD/j8_control/J8_control/install/ublox_msgs/include/ublox_msgs/ublox_msgs/msg/detail/nav_clock__struct.hpp
[119.692s] -- Installing: /home/rhobtor/PHD/j8_control/J8_control/install/ublox_msgs/include/ublox_msgs/ublox_msgs/msg/detail/ack__struct.hpp
[119.692s] -- Installing: /home/rhobtor/PHD/j8_control/J8_control/install/ublox_msgs/include/ublox_msgs/ublox_msgs/msg/detail/upd_sos_ack__type_support.hpp
[119.692s] -- Installing: /home/rhobtor/PHD/j8_control/J8_control/install/ublox_msgs/include/ublox_msgs/ublox_msgs/msg/detail/nav_pvt7__struct.hpp
[119.692s] -- Installing: /home/rhobtor/PHD/j8_control/J8_control/install/ublox_msgs/include/ublox_msgs/ublox_msgs/msg/detail/mon_gnss__type_support.hpp
[119.692s] -- Installing: /home/rhobtor/PHD/j8_control/J8_control/install/ublox_msgs/include/ublox_msgs/ublox_msgs/msg/detail/cfg_nav5__struct.hpp
[119.692s] -- Installing: /home/rhobtor/PHD/j8_control/J8_control/install/ublox_msgs/include/ublox_msgs/ublox_msgs/msg/detail/cfg_prt__builder.hpp
[119.692s] -- Installing: /home/rhobtor/PHD/j8_control/J8_control/install/ublox_msgs/include/ublox_msgs/ublox_msgs/msg/detail/nav_sol__type_support.hpp
[119.692s] -- Installing: /home/rhobtor/PHD/j8_control/J8_control/install/ublox_msgs/include/ublox_msgs/ublox_msgs/msg/detail/nav_dgpssv__struct.hpp
[119.692s] -- Installing: /home/rhobtor/PHD/j8_control/J8_control/install/ublox_msgs/include/ublox_msgs/ublox_msgs/msg/detail/mon_ver__traits.hpp
[119.692s] -- Installing: /home/rhobtor/PHD/j8_control/J8_control/install/ublox_msgs/include/ublox_msgs/ublox_msgs/msg/detail/upd_sos__type_support.hpp
[119.692s] -- Installing: /home/rhobtor/PHD/j8_control/J8_control/install/ublox_msgs/include/ublox_msgs/ublox_msgs/msg/detail/aid_alm__struct.hpp
[119.692s] -- Installing: /home/rhobtor/PHD/j8_control/J8_control/install/ublox_msgs/include/ublox_msgs/ublox_msgs/msg/detail/nav_dop__struct.hpp
[119.692s] -- Installing: /home/rhobtor/PHD/j8_control/J8_control/install/ublox_msgs/include/ublox_msgs/ublox_msgs/msg/detail/rxm_rawx__type_support.hpp
[119.692s] -- Installing: /home/rhobtor/PHD/j8_control/J8_control/install/ublox_msgs/include/ublox_msgs/ublox_msgs/msg/detail/nav_cov__struct.hpp
[119.692s] -- Installing: /home/rhobtor/PHD/j8_control/J8_control/install/ublox_msgs/include/ublox_msgs/ublox_msgs/msg/detail/rxm_svsisv__traits.hpp
[119.692s] -- Installing: /home/rhobtor/PHD/j8_control/J8_control/install/ublox_msgs/include/ublox_msgs/ublox_msgs/msg/detail/esf_raw_block__builder.hpp
[119.692s] -- Installing: /home/rhobtor/PHD/j8_control/J8_control/install/ublox_msgs/include/ublox_msgs/ublox_msgs/msg/detail/rxm_rawx_meas__traits.hpp
[119.692s] -- Installing: /home/rhobtor/PHD/j8_control/J8_control/install/ublox_msgs/include/ublox_msgs/ublox_msgs/msg/detail/rxm_raw__builder.hpp
[119.692s] -- Installing: /home/rhobtor/PHD/j8_control/J8_control/install/ublox_msgs/include/ublox_msgs/ublox_msgs/msg/detail/rxm_sfrb__traits.hpp
[119.692s] -- Installing: /home/rhobtor/PHD/j8_control/J8_control/install/ublox_msgs/include/ublox_msgs/ublox_msgs/msg/detail/nav_svinfosv__builder.hpp
[119.692s] -- Installing: /home/rhobtor/PHD/j8_control/J8_control/install/ublox_msgs/include/ublox_msgs/ublox_msgs/msg/detail/mon_hw6__traits.hpp
[119.693s] -- Installing: /home/rhobtor/PHD/j8_control/J8_control/install/ublox_msgs/include/ublox_msgs/ublox_msgs/msg/detail/nav_svin__type_support.hpp
[119.693s] -- Installing: /home/rhobtor/PHD/j8_control/J8_control/install/ublox_msgs/include/ublox_msgs/ublox_msgs/msg/detail/aid_eph__builder.hpp
[119.693s] -- Installing: /home/rhobtor/PHD/j8_control/J8_control/install/ublox_msgs/include/ublox_msgs/ublox_msgs/msg/detail/cfg_cfg__traits.hpp
[119.693s] -- Installing: /home/rhobtor/PHD/j8_control/J8_control/install/ublox_msgs/include/ublox_msgs/ublox_msgs/msg/detail/rxm_svsi__traits.hpp
[119.693s] -- Installing: /home/rhobtor/PHD/j8_control/J8_control/install/ublox_msgs/include/ublox_msgs/ublox_msgs/msg/detail/tim_tm2__traits.hpp
[119.693s] -- Installing: /home/rhobtor/PHD/j8_control/J8_control/install/ublox_msgs/include/ublox_msgs/ublox_msgs/msg/detail/mon_ver_extension__type_support.hpp
[119.693s] -- Installing: /home/rhobtor/PHD/j8_control/J8_control/install/ublox_msgs/include/ublox_msgs/ublox_msgs/msg/detail/cfg_nmea6__type_support.hpp
[119.693s] -- Installing: /home/rhobtor/PHD/j8_control/J8_control/install/ublox_msgs/include/ublox_msgs/ublox_msgs/msg/detail/mon_ver__type_support.hpp
[119.693s] -- Installing: /home/rhobtor/PHD/j8_control/J8_control/install/ublox_msgs/include/ublox_msgs/ublox_msgs/msg/detail/mga_gal__traits.hpp
[119.693s] -- Installing: /home/rhobtor/PHD/j8_control/J8_control/install/ublox_msgs/include/ublox_msgs/ublox_msgs/msg/detail/nav_timegps__traits.hpp
[119.693s] -- Installing: /home/rhobtor/PHD/j8_control/J8_control/install/ublox_msgs/include/ublox_msgs/ublox_msgs/msg/detail/esf_status__struct.hpp
[119.693s] -- Installing: /home/rhobtor/PHD/j8_control/J8_control/install/ublox_msgs/include/ublox_msgs/ublox_msgs/msg/detail/nav_dgpssv__builder.hpp
[119.693s] -- Installing: /home/rhobtor/PHD/j8_control/J8_control/install/ublox_msgs/include/ublox_msgs/ublox_msgs/msg/detail/nav_sol__builder.hpp
[119.693s] -- Installing: /home/rhobtor/PHD/j8_control/J8_control/install/ublox_msgs/include/ublox_msgs/ublox_msgs/msg/detail/nav_posecef__builder.hpp
[119.693s] -- Installing: /home/rhobtor/PHD/j8_control/J8_control/install/ublox_msgs/include/ublox_msgs/ublox_msgs/msg/detail/nav_clock__type_support.hpp
[119.693s] -- Installing: /home/rhobtor/PHD/j8_control/J8_control/install/ublox_msgs/include/ublox_msgs/ublox_msgs/msg/detail/nav_satsv__struct.hpp
[119.693s] -- Installing: /home/rhobtor/PHD/j8_control/J8_control/install/ublox_msgs/include/ublox_msgs/ublox_msgs/msg/detail/rxm_sfrb__type_support.hpp
[119.693s] -- Installing: /home/rhobtor/PHD/j8_control/J8_control/install/ublox_msgs/include/ublox_msgs/ublox_msgs/msg/detail/nav_dgps__type_support.hpp
[119.693s] -- Installing: /home/rhobtor/PHD/j8_control/J8_control/install/ublox_msgs/include/ublox_msgs/ublox_msgs/msg/detail/esf_meas__type_support.hpp
[119.693s] -- Installing: /home/rhobtor/PHD/j8_control/J8_control/install/ublox_msgs/include/ublox_msgs/ublox_msgs/msg/detail/cfg_nmea7__builder.hpp
[119.693s] -- Installing: /home/rhobtor/PHD/j8_control/J8_control/install/ublox_msgs/include/ublox_msgs/ublox_msgs/msg/detail/nav_svinfosv__struct.hpp
[119.693s] -- Installing: /home/rhobtor/PHD/j8_control/J8_control/install/ublox_msgs/include/ublox_msgs/ublox_msgs/msg/detail/nav_svinfo__struct.hpp
[119.694s] -- Installing: /home/rhobtor/PHD/j8_control/J8_control/install/ublox_msgs/include/ublox_msgs/ublox_msgs/msg/detail/esf_raw_block__type_support.hpp
[119.694s] -- Installing: /home/rhobtor/PHD/j8_control/J8_control/install/ublox_msgs/include/ublox_msgs/ublox_msgs/msg/detail/cfg_ant__builder.hpp
[119.694s] -- Installing: /home/rhobtor/PHD/j8_control/J8_control/install/ublox_msgs/include/ublox_msgs/ublox_msgs/msg/detail/cfg_dgnss__traits.hpp
[119.694s] -- Installing: /home/rhobtor/PHD/j8_control/J8_control/install/ublox_msgs/include/ublox_msgs/ublox_msgs/msg/detail/nav_timeutc__builder.hpp
[119.694s] -- Installing: /home/rhobtor/PHD/j8_control/J8_control/install/ublox_msgs/include/ublox_msgs/ublox_msgs/msg/detail/nav_timegps__type_support.hpp
[119.694s] -- Installing: /home/rhobtor/PHD/j8_control/J8_control/install/ublox_msgs/include/ublox_msgs/ublox_msgs/msg/detail/nav_relposned__traits.hpp
[119.694s] -- Installing: /home/rhobtor/PHD/j8_control/J8_control/install/ublox_msgs/include/ublox_msgs/ublox_msgs/msg/detail/upd_sos__builder.hpp
[119.694s] -- Installing: /home/rhobtor/PHD/j8_control/J8_control/install/ublox_msgs/include/ublox_msgs/ublox_msgs/msg/detail/rxm_sfrbx__builder.hpp
[119.694s] -- Installing: /home/rhobtor/PHD/j8_control/J8_control/install/ublox_msgs/include/ublox_msgs/ublox_msgs/msg/detail/cfg_usb__struct.hpp
[119.694s] -- Installing: /home/rhobtor/PHD/j8_control/J8_control/install/ublox_msgs/include/ublox_msgs/ublox_msgs/msg/detail/mon_ver_extension__traits.hpp
[119.694s] -- Installing: /home/rhobtor/PHD/j8_control/J8_control/install/ublox_msgs/include/ublox_msgs/ublox_msgs/msg/detail/mon_hw__type_support.hpp
[119.694s] -- Installing: /home/rhobtor/PHD/j8_control/J8_control/install/ublox_msgs/include/ublox_msgs/ublox_msgs/msg/detail/rxm_alm__type_support.hpp
[119.694s] -- Installing: /home/rhobtor/PHD/j8_control/J8_control/install/ublox_msgs/include/ublox_msgs/ublox_msgs/msg/detail/mon_gnss__builder.hpp
[119.694s] -- Installing: /home/rhobtor/PHD/j8_control/J8_control/install/ublox_msgs/include/ublox_msgs/ublox_msgs/msg/detail/nav_dgpssv__traits.hpp
[119.694s] -- Installing: /home/rhobtor/PHD/j8_control/J8_control/install/ublox_msgs/include/ublox_msgs/ublox_msgs/msg/detail/nav_svinfo__builder.hpp
[119.694s] -- Installing: /home/rhobtor/PHD/j8_control/J8_control/install/ublox_msgs/include/ublox_msgs/ublox_msgs/msg/detail/nav_svinfo__type_support.hpp
[119.694s] -- Installing: /home/rhobtor/PHD/j8_control/J8_control/install/ublox_msgs/include/ublox_msgs/ublox_msgs/msg/detail/mon_ver__struct.hpp
[119.694s] -- Installing: /home/rhobtor/PHD/j8_control/J8_control/install/ublox_msgs/include/ublox_msgs/ublox_msgs/msg/detail/nav_svinfo__traits.hpp
[119.694s] -- Installing: /home/rhobtor/PHD/j8_control/J8_control/install/ublox_msgs/include/ublox_msgs/ublox_msgs/msg/detail/cfg_sbas__struct.hpp
[119.694s] -- Installing: /home/rhobtor/PHD/j8_control/J8_control/install/ublox_msgs/include/ublox_msgs/ublox_msgs/msg/detail/nav_svin__struct.hpp
[119.694s] -- Installing: /home/rhobtor/PHD/j8_control/J8_control/install/ublox_msgs/include/ublox_msgs/ublox_msgs/msg/detail/nav_velecef__traits.hpp
[119.694s] -- Installing: /home/rhobtor/PHD/j8_control/J8_control/install/ublox_msgs/include/ublox_msgs/ublox_msgs/msg/detail/cfg_rst__builder.hpp
[119.694s] -- Installing: /home/rhobtor/PHD/j8_control/J8_control/install/ublox_msgs/include/ublox_msgs/ublox_msgs/msg/detail/cfg_usb__type_support.hpp
[119.695s] -- Installing: /home/rhobtor/PHD/j8_control/J8_control/install/ublox_msgs/include/ublox_msgs/ublox_msgs/msg/detail/cfg_gnss__struct.hpp
[119.695s] -- Installing: /home/rhobtor/PHD/j8_control/J8_control/install/ublox_msgs/include/ublox_msgs/ublox_msgs/msg/detail/nav_sat__type_support.hpp
[119.695s] -- Installing: /home/rhobtor/PHD/j8_control/J8_control/install/ublox_msgs/include/ublox_msgs/ublox_msgs/msg/detail/rxm_svsi__type_support.hpp
[119.695s] -- Installing: /home/rhobtor/PHD/j8_control/J8_control/install/ublox_msgs/include/ublox_msgs/ublox_msgs/msg/detail/nav_relposned9__type_support.hpp
[119.695s] -- Installing: /home/rhobtor/PHD/j8_control/J8_control/install/ublox_msgs/include/ublox_msgs/ublox_msgs/msg/rosidl_generator_cpp__visibility_control.hpp
[119.695s] -- Installing: /home/rhobtor/PHD/j8_control/J8_control/install/ublox_msgs/include/ublox_msgs/ublox_msgs/msg/rxm_rtcm.hpp
[119.695s] -- Installing: /home/rhobtor/PHD/j8_control/J8_control/install/ublox_msgs/include/ublox_msgs/ublox_msgs/msg/cfg_nmea7.hpp
[119.695s] -- Installing: /home/rhobtor/PHD/j8_control/J8_control/install/ublox_msgs/include/ublox_msgs/ublox_msgs/msg/cfg_rst.hpp
[119.695s] -- Installing: /home/rhobtor/PHD/j8_control/J8_control/install/ublox_msgs/include/ublox_msgs/ublox_msgs/msg/nav_posllh.hpp
[119.695s] -- Installing: /home/rhobtor/PHD/j8_control/J8_control/install/ublox_msgs/include/ublox_msgs/ublox_msgs/msg/rxm_eph.hpp
[119.695s] -- Installing: /home/rhobtor/PHD/j8_control/J8_control/install/ublox_msgs/include/ublox_msgs/ublox_msgs/msg/mon_hw6.hpp
[119.695s] -- Installing: /home/rhobtor/PHD/j8_control/J8_control/install/ublox_msgs/include/ublox_msgs/ublox_msgs/msg/rxm_rawx_meas.hpp
[119.695s] -- Installing: /home/rhobtor/PHD/j8_control/J8_control/install/ublox_msgs/include/ublox_msgs/ublox_msgs/msg/nav_dgps.hpp
[119.695s] -- Installing: /home/rhobtor/PHD/j8_control/J8_control/install/ublox_msgs/include/ublox_msgs/ublox_msgs/msg/nav_status.hpp
[119.695s] -- Installing: /home/rhobtor/PHD/j8_control/J8_control/install/ublox_msgs/include/ublox_msgs/ublox_msgs/msg/esf_meas.hpp
[119.695s] -- Installing: /home/rhobtor/PHD/j8_control/J8_control/install/ublox_msgs/include/ublox_msgs/ublox_msgs/msg/cfg_prt.hpp
[119.695s] -- Installing: /home/rhobtor/PHD/j8_control/J8_control/install/ublox_msgs/include/ublox_msgs/ublox_msgs/msg/cfg_inf_block.hpp
[119.695s] -- Installing: /home/rhobtor/PHD/j8_control/J8_control/install/ublox_msgs/include/ublox_msgs/ublox_msgs/msg/cfg_ant.hpp
[119.695s] -- Installing: /home/rhobtor/PHD/j8_control/J8_control/install/ublox_msgs/include/ublox_msgs/ublox_msgs/msg/nav_svinfosv.hpp
[119.695s] -- Installing: /home/rhobtor/PHD/j8_control/J8_control/install/ublox_msgs/include/ublox_msgs/ublox_msgs/msg/cfg_gnss.hpp
[119.695s] -- Installing: /home/rhobtor/PHD/j8_control/J8_control/install/ublox_msgs/include/ublox_msgs/ublox_msgs/msg/cfg_nav5.hpp
[119.695s] -- Installing: /home/rhobtor/PHD/j8_control/J8_control/install/ublox_msgs/include/ublox_msgs/ublox_msgs/msg/nav_pvt.hpp
[119.696s] -- Installing: /home/rhobtor/PHD/j8_control/J8_control/install/ublox_msgs/include/ublox_msgs/ublox_msgs/msg/ack.hpp
[119.696s] -- Installing: /home/rhobtor/PHD/j8_control/J8_control/install/ublox_msgs/include/ublox_msgs/ublox_msgs/msg/cfg_usb.hpp
[119.696s] -- Installing: /home/rhobtor/PHD/j8_control/J8_control/install/ublox_msgs/include/ublox_msgs/ublox_msgs/msg/nav_satsv.hpp
[119.696s] -- Installing: /home/rhobtor/PHD/j8_control/J8_control/install/ublox_msgs/include/ublox_msgs/ublox_msgs/msg/cfg_tmode3.hpp
[119.696s] -- Installing: /home/rhobtor/PHD/j8_control/J8_control/install/ublox_msgs/include/ublox_msgs/ublox_msgs/msg/mga_gal.hpp
[119.696s] -- Installing: /home/rhobtor/PHD/j8_control/J8_control/install/ublox_msgs/include/ublox_msgs/ublox_msgs/msg/cfg_dgnss.hpp
[119.696s] -- Installing: /home/rhobtor/PHD/j8_control/J8_control/install/ublox_msgs/include/ublox_msgs/ublox_msgs/msg/nav_sbas.hpp
[119.696s] -- Installing: /home/rhobtor/PHD/j8_control/J8_control/install/ublox_msgs/include/ublox_msgs/ublox_msgs/msg/nav_sat.hpp
[119.696s] -- Installing: /home/rhobtor/PHD/j8_control/J8_control/install/ublox_msgs/include/ublox_msgs/ublox_msgs/msg/rxm_sfrbx.hpp
[119.696s] -- Installing: /home/rhobtor/PHD/j8_control/J8_control/install/ublox_msgs/include/ublox_msgs/ublox_msgs/msg/mon_hw.hpp
[119.696s] -- Installing: /home/rhobtor/PHD/j8_control/J8_control/install/ublox_msgs/include/ublox_msgs/ublox_msgs/msg/esf_status_sens.hpp
[119.696s] -- Installing: /home/rhobtor/PHD/j8_control/J8_control/install/ublox_msgs/include/ublox_msgs/ublox_msgs/msg/nav_sbassv.hpp
[119.696s] -- Installing: /home/rhobtor/PHD/j8_control/J8_control/install/ublox_msgs/include/ublox_msgs/ublox_msgs/msg/rxm_raw.hpp
[119.696s] -- Installing: /home/rhobtor/PHD/j8_control/J8_control/install/ublox_msgs/include/ublox_msgs/ublox_msgs/msg/esf_status.hpp
[119.696s] -- Installing: /home/rhobtor/PHD/j8_control/J8_control/install/ublox_msgs/include/ublox_msgs/ublox_msgs/msg/nav_posecef.hpp
[119.696s] -- Installing: /home/rhobtor/PHD/j8_control/J8_control/install/ublox_msgs/include/ublox_msgs/ublox_msgs/msg/nav_svin.hpp
[119.696s] -- Up-to-date: /home/rhobtor/PHD/j8_control/J8_control/install/ublox_msgs/include/ublox_msgs/ublox_msgs
[119.697s] -- Up-to-date: /home/rhobtor/PHD/j8_control/J8_control/install/ublox_msgs/include/ublox_msgs/ublox_msgs/msg
[119.697s] -- Installing: /home/rhobtor/PHD/j8_control/J8_control/install/ublox_msgs/include/ublox_msgs/ublox_msgs/msg/rosidl_typesupport_fastrtps_cpp__visibility_control.h
[119.697s] -- Up-to-date: /home/rhobtor/PHD/j8_control/J8_control/install/ublox_msgs/include/ublox_msgs/ublox_msgs/msg/detail
[119.697s] -- Installing: /home/rhobtor/PHD/j8_control/J8_control/install/ublox_msgs/include/ublox_msgs/ublox_msgs/msg/detail/cfg_dgnss__rosidl_typesupport_fastrtps_cpp.hpp
[119.697s] -- Installing: /home/rhobtor/PHD/j8_control/J8_control/install/ublox_msgs/include/ublox_msgs/ublox_msgs/msg/detail/cfg_nmea7__rosidl_typesupport_fastrtps_cpp.hpp
[119.697s] -- Installing: /home/rhobtor/PHD/j8_control/J8_control/install/ublox_msgs/include/ublox_msgs/ublox_msgs/msg/detail/rxm_rawx_meas__rosidl_typesupport_fastrtps_cpp.hpp
[119.697s] -- Installing: /home/rhobtor/PHD/j8_control/J8_control/install/ublox_msgs/include/ublox_msgs/ublox_msgs/msg/detail/mon_ver_extension__rosidl_typesupport_fastrtps_cpp.hpp
[119.697s] -- Installing: /home/rhobtor/PHD/j8_control/J8_control/install/ublox_msgs/include/ublox_msgs/ublox_msgs/msg/detail/rxm_rtcm__rosidl_typesupport_fastrtps_cpp.hpp
[119.697s] -- Installing: /home/rhobtor/PHD/j8_control/J8_control/install/ublox_msgs/include/ublox_msgs/ublox_msgs/msg/detail/nav_satsv__rosidl_typesupport_fastrtps_cpp.hpp
[119.697s] -- Installing: /home/rhobtor/PHD/j8_control/J8_control/install/ublox_msgs/include/ublox_msgs/ublox_msgs/msg/detail/rxm_sfrb__rosidl_typesupport_fastrtps_cpp.hpp
[119.697s] -- Installing: /home/rhobtor/PHD/j8_control/J8_control/install/ublox_msgs/include/ublox_msgs/ublox_msgs/msg/detail/nav_sol__rosidl_typesupport_fastrtps_cpp.hpp
[119.697s] -- Installing: /home/rhobtor/PHD/j8_control/J8_control/install/ublox_msgs/include/ublox_msgs/ublox_msgs/msg/detail/mon_hw6__rosidl_typesupport_fastrtps_cpp.hpp
[119.697s] -- Installing: /home/rhobtor/PHD/j8_control/J8_control/install/ublox_msgs/include/ublox_msgs/ublox_msgs/msg/detail/rxm_rawsv__rosidl_typesupport_fastrtps_cpp.hpp
[119.697s] -- Installing: /home/rhobtor/PHD/j8_control/J8_control/install/ublox_msgs/include/ublox_msgs/ublox_msgs/msg/detail/cfg_sbas__rosidl_typesupport_fastrtps_cpp.hpp
[119.697s] -- Installing: /home/rhobtor/PHD/j8_control/J8_control/install/ublox_msgs/include/ublox_msgs/ublox_msgs/msg/detail/rxm_sfrbx__rosidl_typesupport_fastrtps_cpp.hpp
[119.697s] -- Installing: /home/rhobtor/PHD/j8_control/J8_control/install/ublox_msgs/include/ublox_msgs/ublox_msgs/msg/detail/nav_svinfosv__rosidl_typesupport_fastrtps_cpp.hpp
[119.697s] -- Installing: /home/rhobtor/PHD/j8_control/J8_control/install/ublox_msgs/include/ublox_msgs/ublox_msgs/msg/detail/esf_raw_block__rosidl_typesupport_fastrtps_cpp.hpp
[119.697s] -- Installing: /home/rhobtor/PHD/j8_control/J8_control/install/ublox_msgs/include/ublox_msgs/ublox_msgs/msg/detail/cfg_nmea6__rosidl_typesupport_fastrtps_cpp.hpp
[119.698s] -- Installing: /home/rhobtor/PHD/j8_control/J8_control/install/ublox_msgs/include/ublox_msgs/ublox_msgs/msg/detail/nav_dgpssv__rosidl_typesupport_fastrtps_cpp.hpp
[119.698s] -- Installing: /home/rhobtor/PHD/j8_control/J8_control/install/ublox_msgs/include/ublox_msgs/ublox_msgs/msg/detail/esf_raw__rosidl_typesupport_fastrtps_cpp.hpp
[119.698s] -- Installing: /home/rhobtor/PHD/j8_control/J8_control/install/ublox_msgs/include/ublox_msgs/ublox_msgs/msg/detail/nav_clock__rosidl_typesupport_fastrtps_cpp.hpp
[119.698s] -- Installing: /home/rhobtor/PHD/j8_control/J8_control/install/ublox_msgs/include/ublox_msgs/ublox_msgs/msg/detail/nav_status__rosidl_typesupport_fastrtps_cpp.hpp
[119.698s] -- Installing: /home/rhobtor/PHD/j8_control/J8_control/install/ublox_msgs/include/ublox_msgs/ublox_msgs/msg/detail/cfg_navx5__rosidl_typesupport_fastrtps_cpp.hpp
[119.698s] -- Installing: /home/rhobtor/PHD/j8_control/J8_control/install/ublox_msgs/include/ublox_msgs/ublox_msgs/msg/detail/cfg_prt__rosidl_typesupport_fastrtps_cpp.hpp
[119.698s] -- Installing: /home/rhobtor/PHD/j8_control/J8_control/install/ublox_msgs/include/ublox_msgs/ublox_msgs/msg/detail/nav_sbassv__rosidl_typesupport_fastrtps_cpp.hpp
[119.698s] -- Installing: /home/rhobtor/PHD/j8_control/J8_control/install/ublox_msgs/include/ublox_msgs/ublox_msgs/msg/detail/nav_att__rosidl_typesupport_fastrtps_cpp.hpp
[119.698s] -- Installing: /home/rhobtor/PHD/j8_control/J8_control/install/ublox_msgs/include/ublox_msgs/ublox_msgs/msg/detail/nav_cov__rosidl_typesupport_fastrtps_cpp.hpp
[119.698s] -- Installing: /home/rhobtor/PHD/j8_control/J8_control/install/ublox_msgs/include/ublox_msgs/ublox_msgs/msg/detail/cfg_ant__rosidl_typesupport_fastrtps_cpp.hpp
[119.698s] -- Installing: /home/rhobtor/PHD/j8_control/J8_control/install/ublox_msgs/include/ublox_msgs/ublox_msgs/msg/detail/nav_posllh__rosidl_typesupport_fastrtps_cpp.hpp
[119.698s] -- Installing: /home/rhobtor/PHD/j8_control/J8_control/install/ublox_msgs/include/ublox_msgs/ublox_msgs/msg/detail/dds_fastrtps
[119.698s] -- Installing: /home/rhobtor/PHD/j8_control/J8_control/install/ublox_msgs/include/ublox_msgs/ublox_msgs/msg/detail/aid_eph__rosidl_typesupport_fastrtps_cpp.hpp
[119.698s] -- Installing: /home/rhobtor/PHD/j8_control/J8_control/install/ublox_msgs/include/ublox_msgs/ublox_msgs/msg/detail/rxm_svsi__rosidl_typesupport_fastrtps_cpp.hpp
[119.698s] -- Installing: /home/rhobtor/PHD/j8_control/J8_control/install/ublox_msgs/include/ublox_msgs/ublox_msgs/msg/detail/nav_sat__rosidl_typesupport_fastrtps_cpp.hpp
[119.698s] -- Installing: /home/rhobtor/PHD/j8_control/J8_control/install/ublox_msgs/include/ublox_msgs/ublox_msgs/msg/detail/nav_dop__rosidl_typesupport_fastrtps_cpp.hpp
[119.698s] -- Installing: /home/rhobtor/PHD/j8_control/J8_control/install/ublox_msgs/include/ublox_msgs/ublox_msgs/msg/detail/nav_relposned__rosidl_typesupport_fastrtps_cpp.hpp
[119.698s] -- Installing: /home/rhobtor/PHD/j8_control/J8_control/install/ublox_msgs/include/ublox_msgs/ublox_msgs/msg/detail/nav_svin__rosidl_typesupport_fastrtps_cpp.hpp
[119.698s] -- Installing: /home/rhobtor/PHD/j8_control/J8_control/install/ublox_msgs/include/ublox_msgs/ublox_msgs/msg/detail/nav_sbas__rosidl_typesupport_fastrtps_cpp.hpp
[119.698s] -- Installing: /home/rhobtor/PHD/j8_control/J8_control/install/ublox_msgs/include/ublox_msgs/ublox_msgs/msg/detail/cfg_msg__rosidl_typesupport_fastrtps_cpp.hpp
[119.698s] -- Installing: /home/rhobtor/PHD/j8_control/J8_control/install/ublox_msgs/include/ublox_msgs/ublox_msgs/msg/detail/esf_ins__rosidl_typesupport_fastrtps_cpp.hpp
[119.698s] -- Installing: /home/rhobtor/PHD/j8_control/J8_control/install/ublox_msgs/include/ublox_msgs/ublox_msgs/msg/detail/cfg_nav5__rosidl_typesupport_fastrtps_cpp.hpp
[119.698s] -- Installing: /home/rhobtor/PHD/j8_control/J8_control/install/ublox_msgs/include/ublox_msgs/ublox_msgs/msg/detail/cfg_cfg__rosidl_typesupport_fastrtps_cpp.hpp
[119.698s] -- Installing: /home/rhobtor/PHD/j8_control/J8_control/install/ublox_msgs/include/ublox_msgs/ublox_msgs/msg/detail/rxm_raw__rosidl_typesupport_fastrtps_cpp.hpp
[119.698s] -- Installing: /home/rhobtor/PHD/j8_control/J8_control/install/ublox_msgs/include/ublox_msgs/ublox_msgs/msg/detail/hnr_pvt__rosidl_typesupport_fastrtps_cpp.hpp
[119.698s] -- Installing: /home/rhobtor/PHD/j8_control/J8_control/install/ublox_msgs/include/ublox_msgs/ublox_msgs/msg/detail/cfg_gnss__rosidl_typesupport_fastrtps_cpp.hpp
[119.699s] -- Installing: /home/rhobtor/PHD/j8_control/J8_control/install/ublox_msgs/include/ublox_msgs/ublox_msgs/msg/detail/nav_velecef__rosidl_typesupport_fastrtps_cpp.hpp
[119.699s] -- Installing: /home/rhobtor/PHD/j8_control/J8_control/install/ublox_msgs/include/ublox_msgs/ublox_msgs/msg/detail/mga_gal__rosidl_typesupport_fastrtps_cpp.hpp
[119.699s] -- Installing: /home/rhobtor/PHD/j8_control/J8_control/install/ublox_msgs/include/ublox_msgs/ublox_msgs/msg/detail/cfg_inf__rosidl_typesupport_fastrtps_cpp.hpp
[119.699s] -- Installing: /home/rhobtor/PHD/j8_control/J8_control/install/ublox_msgs/include/ublox_msgs/ublox_msgs/msg/detail/nav_pvt__rosidl_typesupport_fastrtps_cpp.hpp
[119.699s] -- Installing: /home/rhobtor/PHD/j8_control/J8_control/install/ublox_msgs/include/ublox_msgs/ublox_msgs/msg/detail/cfg_usb__rosidl_typesupport_fastrtps_cpp.hpp
[119.699s] -- Installing: /home/rhobtor/PHD/j8_control/J8_control/install/ublox_msgs/include/ublox_msgs/ublox_msgs/msg/detail/nav_timegps__rosidl_typesupport_fastrtps_cpp.hpp
[119.699s] -- Installing: /home/rhobtor/PHD/j8_control/J8_control/install/ublox_msgs/include/ublox_msgs/ublox_msgs/msg/detail/cfg_rate__rosidl_typesupport_fastrtps_cpp.hpp
[119.699s] -- Installing: /home/rhobtor/PHD/j8_control/J8_control/install/ublox_msgs/include/ublox_msgs/ublox_msgs/msg/detail/cfg_nmea__rosidl_typesupport_fastrtps_cpp.hpp
[119.699s] -- Installing: /home/rhobtor/PHD/j8_control/J8_control/install/ublox_msgs/include/ublox_msgs/ublox_msgs/msg/detail/rxm_rawx__rosidl_typesupport_fastrtps_cpp.hpp
[119.699s] -- Installing: /home/rhobtor/PHD/j8_control/J8_control/install/ublox_msgs/include/ublox_msgs/ublox_msgs/msg/detail/nav_svinfo__rosidl_typesupport_fastrtps_cpp.hpp
[119.699s] -- Installing: /home/rhobtor/PHD/j8_control/J8_control/install/ublox_msgs/include/ublox_msgs/ublox_msgs/msg/detail/tim_tm2__rosidl_typesupport_fastrtps_cpp.hpp
[119.699s] -- Installing: /home/rhobtor/PHD/j8_control/J8_control/install/ublox_msgs/include/ublox_msgs/ublox_msgs/msg/detail/nav_timeutc__rosidl_typesupport_fastrtps_cpp.hpp
[119.699s] -- Installing: /home/rhobtor/PHD/j8_control/J8_control/install/ublox_msgs/include/ublox_msgs/ublox_msgs/msg/detail/esf_status_sens__rosidl_typesupport_fastrtps_cpp.hpp
[119.699s] -- Installing: /home/rhobtor/PHD/j8_control/J8_control/install/ublox_msgs/include/ublox_msgs/ublox_msgs/msg/detail/cfg_hnr__rosidl_typesupport_fastrtps_cpp.hpp
[119.699s] -- Installing: /home/rhobtor/PHD/j8_control/J8_control/install/ublox_msgs/include/ublox_msgs/ublox_msgs/msg/detail/mon_gnss__rosidl_typesupport_fastrtps_cpp.hpp
[119.699s] -- Installing: /home/rhobtor/PHD/j8_control/J8_control/install/ublox_msgs/include/ublox_msgs/ublox_msgs/msg/detail/upd_sos__rosidl_typesupport_fastrtps_cpp.hpp
[119.699s] -- Installing: /home/rhobtor/PHD/j8_control/J8_control/install/ublox_msgs/include/ublox_msgs/ublox_msgs/msg/detail/rxm_svsisv__rosidl_typesupport_fastrtps_cpp.hpp
[119.699s] -- Installing: /home/rhobtor/PHD/j8_control/J8_control/install/ublox_msgs/include/ublox_msgs/ublox_msgs/msg/detail/esf_status__rosidl_typesupport_fastrtps_cpp.hpp
[119.699s] -- Installing: /home/rhobtor/PHD/j8_control/J8_control/install/ublox_msgs/include/ublox_msgs/ublox_msgs/msg/detail/aid_hui__rosidl_typesupport_fastrtps_cpp.hpp
[119.699s] -- Installing: /home/rhobtor/PHD/j8_control/J8_control/install/ublox_msgs/include/ublox_msgs/ublox_msgs/msg/detail/upd_sos_ack__rosidl_typesupport_fastrtps_cpp.hpp
[119.699s] -- Installing: /home/rhobtor/PHD/j8_control/J8_control/install/ublox_msgs/include/ublox_msgs/ublox_msgs/msg/detail/cfg_inf_block__rosidl_typesupport_fastrtps_cpp.hpp
[119.699s] -- Installing: /home/rhobtor/PHD/j8_control/J8_control/install/ublox_msgs/include/ublox_msgs/ublox_msgs/msg/detail/mon_hw__rosidl_typesupport_fastrtps_cpp.hpp
[119.699s] -- Installing: /home/rhobtor/PHD/j8_control/J8_control/install/ublox_msgs/include/ublox_msgs/ublox_msgs/msg/detail/nav_velned__rosidl_typesupport_fastrtps_cpp.hpp
[119.699s] -- Installing: /home/rhobtor/PHD/j8_control/J8_control/install/ublox_msgs/include/ublox_msgs/ublox_msgs/msg/detail/cfg_dat__rosidl_typesupport_fastrtps_cpp.hpp
[119.699s] -- Installing: /home/rhobtor/PHD/j8_control/J8_control/install/ublox_msgs/include/ublox_msgs/ublox_msgs/msg/detail/rxm_eph__rosidl_typesupport_fastrtps_cpp.hpp
[119.700s] -- Installing: /home/rhobtor/PHD/j8_control/J8_control/install/ublox_msgs/include/ublox_msgs/ublox_msgs/msg/detail/cfg_gnss_block__rosidl_typesupport_fastrtps_cpp.hpp
[119.700s] -- Installing: /home/rhobtor/PHD/j8_control/J8_control/install/ublox_msgs/include/ublox_msgs/ublox_msgs/msg/detail/ack__rosidl_typesupport_fastrtps_cpp.hpp
[119.700s] -- Installing: /home/rhobtor/PHD/j8_control/J8_control/install/ublox_msgs/include/ublox_msgs/ublox_msgs/msg/detail/nav_pvt7__rosidl_typesupport_fastrtps_cpp.hpp
[119.700s] -- Installing: /home/rhobtor/PHD/j8_control/J8_control/install/ublox_msgs/include/ublox_msgs/ublox_msgs/msg/detail/aid_alm__rosidl_typesupport_fastrtps_cpp.hpp
[119.700s] -- Installing: /home/rhobtor/PHD/j8_control/J8_control/install/ublox_msgs/include/ublox_msgs/ublox_msgs/msg/detail/inf__rosidl_typesupport_fastrtps_cpp.hpp
[119.700s] -- Installing: /home/rhobtor/PHD/j8_control/J8_control/install/ublox_msgs/include/ublox_msgs/ublox_msgs/msg/detail/nav_relposned9__rosidl_typesupport_fastrtps_cpp.hpp
[119.700s] -- Installing: /home/rhobtor/PHD/j8_control/J8_control/install/ublox_msgs/include/ublox_msgs/ublox_msgs/msg/detail/mon_ver__rosidl_typesupport_fastrtps_cpp.hpp
[119.700s] -- Installing: /home/rhobtor/PHD/j8_control/J8_control/install/ublox_msgs/include/ublox_msgs/ublox_msgs/msg/detail/rxm_alm__rosidl_typesupport_fastrtps_cpp.hpp
[119.700s] -- Installing: /home/rhobtor/PHD/j8_control/J8_control/install/ublox_msgs/include/ublox_msgs/ublox_msgs/msg/detail/nav_dgps__rosidl_typesupport_fastrtps_cpp.hpp
[119.700s] -- Installing: /home/rhobtor/PHD/j8_control/J8_control/install/ublox_msgs/include/ublox_msgs/ublox_msgs/msg/detail/cfg_rst__rosidl_typesupport_fastrtps_cpp.hpp
[119.700s] -- Installing: /home/rhobtor/PHD/j8_control/J8_control/install/ublox_msgs/include/ublox_msgs/ublox_msgs/msg/detail/esf_meas__rosidl_typesupport_fastrtps_cpp.hpp
[119.700s] -- Installing: /home/rhobtor/PHD/j8_control/J8_control/install/ublox_msgs/include/ublox_msgs/ublox_msgs/msg/detail/cfg_tmode3__rosidl_typesupport_fastrtps_cpp.hpp
[119.700s] -- Installing: /home/rhobtor/PHD/j8_control/J8_control/install/ublox_msgs/include/ublox_msgs/ublox_msgs/msg/detail/nav_posecef__rosidl_typesupport_fastrtps_cpp.hpp
[119.700s] -- Installing: /home/rhobtor/PHD/j8_control/J8_control/install/ublox_msgs/lib/libublox_msgs__rosidl_typesupport_fastrtps_cpp.so
[119.701s] -- Set runtime path of "/home/rhobtor/PHD/j8_control/J8_control/install/ublox_msgs/lib/libublox_msgs__rosidl_typesupport_fastrtps_cpp.so" to ""
[119.701s] -- Up-to-date: /home/rhobtor/PHD/j8_control/J8_control/install/ublox_msgs/include/ublox_msgs/ublox_msgs
[119.701s] -- Up-to-date: /home/rhobtor/PHD/j8_control/J8_control/install/ublox_msgs/include/ublox_msgs/ublox_msgs/msg
[119.701s] -- Up-to-date: /home/rhobtor/PHD/j8_control/J8_control/install/ublox_msgs/include/ublox_msgs/ublox_msgs/msg/detail
[119.701s] -- Installing: /home/rhobtor/PHD/j8_control/J8_control/install/ublox_msgs/include/ublox_msgs/ublox_msgs/msg/detail/cfg_gnss__type_support.cpp
[119.701s] -- Installing: /home/rhobtor/PHD/j8_control/J8_control/install/ublox_msgs/include/ublox_msgs/ublox_msgs/msg/detail/nav_svinfo__rosidl_typesupport_introspection_cpp.hpp
[119.701s] -- Installing: /home/rhobtor/PHD/j8_control/J8_control/install/ublox_msgs/include/ublox_msgs/ublox_msgs/msg/detail/nav_posecef__type_support.cpp
[119.701s] -- Installing: /home/rhobtor/PHD/j8_control/J8_control/install/ublox_msgs/include/ublox_msgs/ublox_msgs/msg/detail/nav_timegps__type_support.cpp
[119.701s] -- Installing: /home/rhobtor/PHD/j8_control/J8_control/install/ublox_msgs/include/ublox_msgs/ublox_msgs/msg/detail/nav_sol__rosidl_typesupport_introspection_cpp.hpp
[119.701s] -- Installing: /home/rhobtor/PHD/j8_control/J8_control/install/ublox_msgs/include/ublox_msgs/ublox_msgs/msg/detail/cfg_rst__rosidl_typesupport_introspection_cpp.hpp
[119.701s] -- Installing: /home/rhobtor/PHD/j8_control/J8_control/install/ublox_msgs/include/ublox_msgs/ublox_msgs/msg/detail/cfg_rate__type_support.cpp
[119.701s] -- Installing: /home/rhobtor/PHD/j8_control/J8_control/install/ublox_msgs/include/ublox_msgs/ublox_msgs/msg/detail/rxm_sfrbx__type_support.cpp
[119.701s] -- Installing: /home/rhobtor/PHD/j8_control/J8_control/install/ublox_msgs/include/ublox_msgs/ublox_msgs/msg/detail/rxm_rawx__type_support.cpp
[119.702s] -- Installing: /home/rhobtor/PHD/j8_control/J8_control/install/ublox_msgs/include/ublox_msgs/ublox_msgs/msg/detail/nav_relposned__rosidl_typesupport_introspection_cpp.hpp
[119.702s] -- Installing: /home/rhobtor/PHD/j8_control/J8_control/install/ublox_msgs/include/ublox_msgs/ublox_msgs/msg/detail/cfg_hnr__rosidl_typesupport_introspection_cpp.hpp
[119.702s] -- Installing: /home/rhobtor/PHD/j8_control/J8_control/install/ublox_msgs/include/ublox_msgs/ublox_msgs/msg/detail/rxm_sfrb__rosidl_typesupport_introspection_cpp.hpp
[119.702s] -- Installing: /home/rhobtor/PHD/j8_control/J8_control/install/ublox_msgs/include/ublox_msgs/ublox_msgs/msg/detail/nav_satsv__type_support.cpp
[119.702s] -- Installing: /home/rhobtor/PHD/j8_control/J8_control/install/ublox_msgs/include/ublox_msgs/ublox_msgs/msg/detail/esf_raw__type_support.cpp
[119.702s] -- Installing: /home/rhobtor/PHD/j8_control/J8_control/install/ublox_msgs/include/ublox_msgs/ublox_msgs/msg/detail/cfg_nmea__type_support.cpp
[119.702s] -- Installing: /home/rhobtor/PHD/j8_control/J8_control/install/ublox_msgs/include/ublox_msgs/ublox_msgs/msg/detail/tim_tm2__rosidl_typesupport_introspection_cpp.hpp
[119.702s] -- Installing: /home/rhobtor/PHD/j8_control/J8_control/install/ublox_msgs/include/ublox_msgs/ublox_msgs/msg/detail/rxm_eph__type_support.cpp
[119.702s] -- Installing: /home/rhobtor/PHD/j8_control/J8_control/install/ublox_msgs/include/ublox_msgs/ublox_msgs/msg/detail/nav_svinfosv__rosidl_typesupport_introspection_cpp.hpp
[119.702s] -- Installing: /home/rhobtor/PHD/j8_control/J8_control/install/ublox_msgs/include/ublox_msgs/ublox_msgs/msg/detail/rxm_svsisv__type_support.cpp
[119.702s] -- Installing: /home/rhobtor/PHD/j8_control/J8_control/install/ublox_msgs/include/ublox_msgs/ublox_msgs/msg/detail/mon_ver__rosidl_typesupport_introspection_cpp.hpp
[119.702s] -- Installing: /home/rhobtor/PHD/j8_control/J8_control/install/ublox_msgs/include/ublox_msgs/ublox_msgs/msg/detail/nav_velecef__rosidl_typesupport_introspection_cpp.hpp
[119.702s] -- Installing: /home/rhobtor/PHD/j8_control/J8_control/install/ublox_msgs/include/ublox_msgs/ublox_msgs/msg/detail/esf_raw_block__rosidl_typesupport_introspection_cpp.hpp
[119.702s] -- Installing: /home/rhobtor/PHD/j8_control/J8_control/install/ublox_msgs/include/ublox_msgs/ublox_msgs/msg/detail/cfg_cfg__rosidl_typesupport_introspection_cpp.hpp
[119.702s] -- Installing: /home/rhobtor/PHD/j8_control/J8_control/install/ublox_msgs/include/ublox_msgs/ublox_msgs/msg/detail/cfg_ant__rosidl_typesupport_introspection_cpp.hpp
[119.702s] -- Installing: /home/rhobtor/PHD/j8_control/J8_control/install/ublox_msgs/include/ublox_msgs/ublox_msgs/msg/detail/cfg_rst__type_support.cpp
[119.702s] -- Installing: /home/rhobtor/PHD/j8_control/J8_control/install/ublox_msgs/include/ublox_msgs/ublox_msgs/msg/detail/aid_hui__type_support.cpp
[119.702s] -- Installing: /home/rhobtor/PHD/j8_control/J8_control/install/ublox_msgs/include/ublox_msgs/ublox_msgs/msg/detail/cfg_usb__type_support.cpp
[119.702s] -- Installing: /home/rhobtor/PHD/j8_control/J8_control/install/ublox_msgs/include/ublox_msgs/ublox_msgs/msg/detail/nav_pvt__type_support.cpp
[119.702s] -- Installing: /home/rhobtor/PHD/j8_control/J8_control/install/ublox_msgs/include/ublox_msgs/ublox_msgs/msg/detail/rxm_rawsv__type_support.cpp
[119.703s] -- Installing: /home/rhobtor/PHD/j8_control/J8_control/install/ublox_msgs/include/ublox_msgs/ublox_msgs/msg/detail/nav_svin__rosidl_typesupport_introspection_cpp.hpp
[119.703s] -- Installing: /home/rhobtor/PHD/j8_control/J8_control/install/ublox_msgs/include/ublox_msgs/ublox_msgs/msg/detail/nav_pvt7__type_support.cpp
[119.703s] -- Installing: /home/rhobtor/PHD/j8_control/J8_control/install/ublox_msgs/include/ublox_msgs/ublox_msgs/msg/detail/rxm_sfrbx__rosidl_typesupport_introspection_cpp.hpp
[119.703s] -- Installing: /home/rhobtor/PHD/j8_control/J8_control/install/ublox_msgs/include/ublox_msgs/ublox_msgs/msg/detail/aid_eph__type_support.cpp
[119.703s] -- Installing: /home/rhobtor/PHD/j8_control/J8_control/install/ublox_msgs/include/ublox_msgs/ublox_msgs/msg/detail/nav_sbas__type_support.cpp
[119.703s] -- Installing: /home/rhobtor/PHD/j8_control/J8_control/install/ublox_msgs/include/ublox_msgs/ublox_msgs/msg/detail/cfg_nav5__rosidl_typesupport_introspection_cpp.hpp
[119.703s] -- Installing: /home/rhobtor/PHD/j8_control/J8_control/install/ublox_msgs/include/ublox_msgs/ublox_msgs/msg/detail/aid_alm__rosidl_typesupport_introspection_cpp.hpp
[119.703s] -- Installing: /home/rhobtor/PHD/j8_control/J8_control/install/ublox_msgs/include/ublox_msgs/ublox_msgs/msg/detail/nav_relposned__type_support.cpp
[119.703s] -- Installing: /home/rhobtor/PHD/j8_control/J8_control/install/ublox_msgs/include/ublox_msgs/ublox_msgs/msg/detail/nav_posllh__type_support.cpp
[119.703s] -- Installing: /home/rhobtor/PHD/j8_control/J8_control/install/ublox_msgs/include/ublox_msgs/ublox_msgs/msg/detail/cfg_sbas__type_support.cpp
[119.703s] -- Installing: /home/rhobtor/PHD/j8_control/J8_control/install/ublox_msgs/include/ublox_msgs/ublox_msgs/msg/detail/nav_sol__type_support.cpp
[119.703s] -- Installing: /home/rhobtor/PHD/j8_control/J8_control/install/ublox_msgs/include/ublox_msgs/ublox_msgs/msg/detail/rxm_svsi__rosidl_typesupport_introspection_cpp.hpp
[119.703s] -- Installing: /home/rhobtor/PHD/j8_control/J8_control/install/ublox_msgs/include/ublox_msgs/ublox_msgs/msg/detail/cfg_inf_block__type_support.cpp
[119.703s] -- Installing: /home/rhobtor/PHD/j8_control/J8_control/install/ublox_msgs/include/ublox_msgs/ublox_msgs/msg/detail/nav_svin__type_support.cpp
[119.703s] -- Installing: /home/rhobtor/PHD/j8_control/J8_control/install/ublox_msgs/include/ublox_msgs/ublox_msgs/msg/detail/upd_sos_ack__type_support.cpp
[119.703s] -- Installing: /home/rhobtor/PHD/j8_control/J8_control/install/ublox_msgs/include/ublox_msgs/ublox_msgs/msg/detail/cfg_cfg__type_support.cpp
[119.703s] -- Installing: /home/rhobtor/PHD/j8_control/J8_control/install/ublox_msgs/include/ublox_msgs/ublox_msgs/msg/detail/esf_raw_block__type_support.cpp
[119.703s] -- Installing: /home/rhobtor/PHD/j8_control/J8_control/install/ublox_msgs/include/ublox_msgs/ublox_msgs/msg/detail/cfg_navx5__rosidl_typesupport_introspection_cpp.hpp
[119.703s] -- Installing: /home/rhobtor/PHD/j8_control/J8_control/install/ublox_msgs/include/ublox_msgs/ublox_msgs/msg/detail/nav_svinfo__type_support.cpp
[119.703s] -- Installing: /home/rhobtor/PHD/j8_control/J8_control/install/ublox_msgs/include/ublox_msgs/ublox_msgs/msg/detail/nav_relposned9__type_support.cpp
[119.704s] -- Installing: /home/rhobtor/PHD/j8_control/J8_control/install/ublox_msgs/include/ublox_msgs/ublox_msgs/msg/detail/cfg_nav5__type_support.cpp
[119.704s] -- Installing: /home/rhobtor/PHD/j8_control/J8_control/install/ublox_msgs/include/ublox_msgs/ublox_msgs/msg/detail/nav_clock__type_support.cpp
[119.704s] -- Installing: /home/rhobtor/PHD/j8_control/J8_control/install/ublox_msgs/include/ublox_msgs/ublox_msgs/msg/detail/mga_gal__rosidl_typesupport_introspection_cpp.hpp
[119.704s] -- Installing: /home/rhobtor/PHD/j8_control/J8_control/install/ublox_msgs/include/ublox_msgs/ublox_msgs/msg/detail/mon_hw__type_support.cpp
[119.704s] -- Installing: /home/rhobtor/PHD/j8_control/J8_control/install/ublox_msgs/include/ublox_msgs/ublox_msgs/msg/detail/rxm_alm__type_support.cpp
[119.704s] -- Installing: /home/rhobtor/PHD/j8_control/J8_control/install/ublox_msgs/include/ublox_msgs/ublox_msgs/msg/detail/nav_sbassv__type_support.cpp
[119.704s] -- Installing: /home/rhobtor/PHD/j8_control/J8_control/install/ublox_msgs/include/ublox_msgs/ublox_msgs/msg/detail/nav_posllh__rosidl_typesupport_introspection_cpp.hpp
[119.704s] -- Installing: /home/rhobtor/PHD/j8_control/J8_control/install/ublox_msgs/include/ublox_msgs/ublox_msgs/msg/detail/esf_meas__type_support.cpp
[119.704s] -- Installing: /home/rhobtor/PHD/j8_control/J8_control/install/ublox_msgs/include/ublox_msgs/ublox_msgs/msg/detail/rxm_eph__rosidl_typesupport_introspection_cpp.hpp
[119.704s] -- Installing: /home/rhobtor/PHD/j8_control/J8_control/install/ublox_msgs/include/ublox_msgs/ublox_msgs/msg/detail/upd_sos_ack__rosidl_typesupport_introspection_cpp.hpp
[119.704s] -- Installing: /home/rhobtor/PHD/j8_control/J8_control/install/ublox_msgs/include/ublox_msgs/ublox_msgs/msg/detail/cfg_dgnss__type_support.cpp
[119.704s] -- Installing: /home/rhobtor/PHD/j8_control/J8_control/install/ublox_msgs/include/ublox_msgs/ublox_msgs/msg/detail/inf__rosidl_typesupport_introspection_cpp.hpp
[119.704s] -- Installing: /home/rhobtor/PHD/j8_control/J8_control/install/ublox_msgs/include/ublox_msgs/ublox_msgs/msg/detail/nav_pvt__rosidl_typesupport_introspection_cpp.hpp
[119.704s] -- Installing: /home/rhobtor/PHD/j8_control/J8_control/install/ublox_msgs/include/ublox_msgs/ublox_msgs/msg/detail/rxm_rawx_meas__type_support.cpp
[119.704s] -- Installing: /home/rhobtor/PHD/j8_control/J8_control/install/ublox_msgs/include/ublox_msgs/ublox_msgs/msg/detail/cfg_msg__rosidl_typesupport_introspection_cpp.hpp
[119.704s] -- Installing: /home/rhobtor/PHD/j8_control/J8_control/install/ublox_msgs/include/ublox_msgs/ublox_msgs/msg/detail/nav_dop__rosidl_typesupport_introspection_cpp.hpp
[119.704s] -- Installing: /home/rhobtor/PHD/j8_control/J8_control/install/ublox_msgs/include/ublox_msgs/ublox_msgs/msg/detail/ack__rosidl_typesupport_introspection_cpp.hpp
[119.704s] -- Installing: /home/rhobtor/PHD/j8_control/J8_control/install/ublox_msgs/include/ublox_msgs/ublox_msgs/msg/detail/cfg_usb__rosidl_typesupport_introspection_cpp.hpp
[119.704s] -- Installing: /home/rhobtor/PHD/j8_control/J8_control/install/ublox_msgs/include/ublox_msgs/ublox_msgs/msg/detail/cfg_ant__type_support.cpp
[119.704s] -- Installing: /home/rhobtor/PHD/j8_control/J8_control/install/ublox_msgs/include/ublox_msgs/ublox_msgs/msg/detail/nav_sbas__rosidl_typesupport_introspection_cpp.hpp
[119.704s] -- Installing: /home/rhobtor/PHD/j8_control/J8_control/install/ublox_msgs/include/ublox_msgs/ublox_msgs/msg/detail/nav_cov__rosidl_typesupport_introspection_cpp.hpp
[119.705s] -- Installing: /home/rhobtor/PHD/j8_control/J8_control/install/ublox_msgs/include/ublox_msgs/ublox_msgs/msg/detail/cfg_prt__rosidl_typesupport_introspection_cpp.hpp
[119.705s] -- Installing: /home/rhobtor/PHD/j8_control/J8_control/install/ublox_msgs/include/ublox_msgs/ublox_msgs/msg/detail/esf_status_sens__rosidl_typesupport_introspection_cpp.hpp
[119.705s] -- Installing: /home/rhobtor/PHD/j8_control/J8_control/install/ublox_msgs/include/ublox_msgs/ublox_msgs/msg/detail/nav_cov__type_support.cpp
[119.705s] -- Installing: /home/rhobtor/PHD/j8_control/J8_control/install/ublox_msgs/include/ublox_msgs/ublox_msgs/msg/detail/nav_dop__type_support.cpp
[119.705s] -- Installing: /home/rhobtor/PHD/j8_control/J8_control/install/ublox_msgs/include/ublox_msgs/ublox_msgs/msg/detail/rxm_rtcm__type_support.cpp
[119.705s] -- Installing: /home/rhobtor/PHD/j8_control/J8_control/install/ublox_msgs/include/ublox_msgs/ublox_msgs/msg/detail/cfg_sbas__rosidl_typesupport_introspection_cpp.hpp
[119.705s] -- Installing: /home/rhobtor/PHD/j8_control/J8_control/install/ublox_msgs/include/ublox_msgs/ublox_msgs/msg/detail/cfg_dgnss__rosidl_typesupport_introspection_cpp.hpp
[119.705s] -- Installing: /home/rhobtor/PHD/j8_control/J8_control/install/ublox_msgs/include/ublox_msgs/ublox_msgs/msg/detail/hnr_pvt__type_support.cpp
[119.705s] -- Installing: /home/rhobtor/PHD/j8_control/J8_control/install/ublox_msgs/include/ublox_msgs/ublox_msgs/msg/detail/nav_dgps__rosidl_typesupport_introspection_cpp.hpp
[119.705s] -- Installing: /home/rhobtor/PHD/j8_control/J8_control/install/ublox_msgs/include/ublox_msgs/ublox_msgs/msg/detail/nav_clock__rosidl_typesupport_introspection_cpp.hpp
[119.705s] -- Installing: /home/rhobtor/PHD/j8_control/J8_control/install/ublox_msgs/include/ublox_msgs/ublox_msgs/msg/detail/esf_ins__rosidl_typesupport_introspection_cpp.hpp
[119.705s] -- Installing: /home/rhobtor/PHD/j8_control/J8_control/install/ublox_msgs/include/ublox_msgs/ublox_msgs/msg/detail/cfg_nmea7__type_support.cpp
[119.705s] -- Installing: /home/rhobtor/PHD/j8_control/J8_control/install/ublox_msgs/include/ublox_msgs/ublox_msgs/msg/detail/nav_timeutc__rosidl_typesupport_introspection_cpp.hpp
[119.705s] -- Installing: /home/rhobtor/PHD/j8_control/J8_control/install/ublox_msgs/include/ublox_msgs/ublox_msgs/msg/detail/mon_hw6__type_support.cpp
[119.705s] -- Installing: /home/rhobtor/PHD/j8_control/J8_control/install/ublox_msgs/include/ublox_msgs/ublox_msgs/msg/detail/cfg_nmea__rosidl_typesupport_introspection_cpp.hpp
[119.705s] -- Installing: /home/rhobtor/PHD/j8_control/J8_control/install/ublox_msgs/include/ublox_msgs/ublox_msgs/msg/detail/cfg_inf__type_support.cpp
[119.705s] -- Installing: /home/rhobtor/PHD/j8_control/J8_control/install/ublox_msgs/include/ublox_msgs/ublox_msgs/msg/detail/mga_gal__type_support.cpp
[119.705s] -- Installing: /home/rhobtor/PHD/j8_control/J8_control/install/ublox_msgs/include/ublox_msgs/ublox_msgs/msg/detail/cfg_gnss_block__rosidl_typesupport_introspection_cpp.hpp
[119.705s] -- Installing: /home/rhobtor/PHD/j8_control/J8_control/install/ublox_msgs/include/ublox_msgs/ublox_msgs/msg/detail/nav_att__rosidl_typesupport_introspection_cpp.hpp
[119.706s] -- Installing: /home/rhobtor/PHD/j8_control/J8_control/install/ublox_msgs/include/ublox_msgs/ublox_msgs/msg/detail/rxm_sfrb__type_support.cpp
[119.706s] -- Installing: /home/rhobtor/PHD/j8_control/J8_control/install/ublox_msgs/include/ublox_msgs/ublox_msgs/msg/detail/rxm_raw__rosidl_typesupport_introspection_cpp.hpp
[119.706s] -- Installing: /home/rhobtor/PHD/j8_control/J8_control/install/ublox_msgs/include/ublox_msgs/ublox_msgs/msg/detail/upd_sos__type_support.cpp
[119.706s] -- Installing: /home/rhobtor/PHD/j8_control/J8_control/install/ublox_msgs/include/ublox_msgs/ublox_msgs/msg/detail/mon_hw6__rosidl_typesupport_introspection_cpp.hpp
[119.706s] -- Installing: /home/rhobtor/PHD/j8_control/J8_control/install/ublox_msgs/include/ublox_msgs/ublox_msgs/msg/detail/tim_tm2__type_support.cpp
[119.706s] -- Installing: /home/rhobtor/PHD/j8_control/J8_control/install/ublox_msgs/include/ublox_msgs/ublox_msgs/msg/detail/nav_velecef__type_support.cpp
[119.706s] -- Installing: /home/rhobtor/PHD/j8_control/J8_control/install/ublox_msgs/include/ublox_msgs/ublox_msgs/msg/detail/hnr_pvt__rosidl_typesupport_introspection_cpp.hpp
[119.706s] -- Installing: /home/rhobtor/PHD/j8_control/J8_control/install/ublox_msgs/include/ublox_msgs/ublox_msgs/msg/detail/cfg_inf__rosidl_typesupport_introspection_cpp.hpp
[119.706s] -- Installing: /home/rhobtor/PHD/j8_control/J8_control/install/ublox_msgs/include/ublox_msgs/ublox_msgs/msg/detail/nav_status__type_support.cpp
[119.706s] -- Installing: /home/rhobtor/PHD/j8_control/J8_control/install/ublox_msgs/include/ublox_msgs/ublox_msgs/msg/detail/mon_gnss__type_support.cpp
[119.706s] -- Installing: /home/rhobtor/PHD/j8_control/J8_control/install/ublox_msgs/include/ublox_msgs/ublox_msgs/msg/detail/nav_dgps__type_support.cpp
[119.706s] -- Installing: /home/rhobtor/PHD/j8_control/J8_control/install/ublox_msgs/include/ublox_msgs/ublox_msgs/msg/detail/nav_pvt7__rosidl_typesupport_introspection_cpp.hpp
[119.706s] -- Installing: /home/rhobtor/PHD/j8_control/J8_control/install/ublox_msgs/include/ublox_msgs/ublox_msgs/msg/detail/esf_ins__type_support.cpp
[119.706s] -- Installing: /home/rhobtor/PHD/j8_control/J8_control/install/ublox_msgs/include/ublox_msgs/ublox_msgs/msg/detail/mon_gnss__rosidl_typesupport_introspection_cpp.hpp
[119.706s] -- Installing: /home/rhobtor/PHD/j8_control/J8_control/install/ublox_msgs/include/ublox_msgs/ublox_msgs/msg/detail/cfg_dat__type_support.cpp
[119.706s] -- Installing: /home/rhobtor/PHD/j8_control/J8_control/install/ublox_msgs/include/ublox_msgs/ublox_msgs/msg/detail/inf__type_support.cpp
[119.706s] -- Installing: /home/rhobtor/PHD/j8_control/J8_control/install/ublox_msgs/include/ublox_msgs/ublox_msgs/msg/detail/nav_posecef__rosidl_typesupport_introspection_cpp.hpp
[119.706s] -- Installing: /home/rhobtor/PHD/j8_control/J8_control/install/ublox_msgs/include/ublox_msgs/ublox_msgs/msg/detail/nav_status__rosidl_typesupport_introspection_cpp.hpp
[119.706s] -- Installing: /home/rhobtor/PHD/j8_control/J8_control/install/ublox_msgs/include/ublox_msgs/ublox_msgs/msg/detail/cfg_gnss_block__type_support.cpp
[119.706s] -- Installing: /home/rhobtor/PHD/j8_control/J8_control/install/ublox_msgs/include/ublox_msgs/ublox_msgs/msg/detail/nav_relposned9__rosidl_typesupport_introspection_cpp.hpp
[119.706s] -- Installing: /home/rhobtor/PHD/j8_control/J8_control/install/ublox_msgs/include/ublox_msgs/ublox_msgs/msg/detail/rxm_alm__rosidl_typesupport_introspection_cpp.hpp
[119.706s] -- Installing: /home/rhobtor/PHD/j8_control/J8_control/install/ublox_msgs/include/ublox_msgs/ublox_msgs/msg/detail/esf_status__type_support.cpp
[119.707s] -- Installing: /home/rhobtor/PHD/j8_control/J8_control/install/ublox_msgs/include/ublox_msgs/ublox_msgs/msg/detail/cfg_hnr__type_support.cpp
[119.707s] -- Installing: /home/rhobtor/PHD/j8_control/J8_control/install/ublox_msgs/include/ublox_msgs/ublox_msgs/msg/detail/cfg_gnss__rosidl_typesupport_introspection_cpp.hpp
[119.707s] -- Installing: /home/rhobtor/PHD/j8_control/J8_control/install/ublox_msgs/include/ublox_msgs/ublox_msgs/msg/detail/mon_ver_extension__type_support.cpp
[119.707s] -- Installing: /home/rhobtor/PHD/j8_control/J8_control/install/ublox_msgs/include/ublox_msgs/ublox_msgs/msg/detail/esf_meas__rosidl_typesupport_introspection_cpp.hpp
[119.707s] -- Installing: /home/rhobtor/PHD/j8_control/J8_control/install/ublox_msgs/include/ublox_msgs/ublox_msgs/msg/detail/rxm_rawx__rosidl_typesupport_introspection_cpp.hpp
[119.707s] -- Installing: /home/rhobtor/PHD/j8_control/J8_control/install/ublox_msgs/include/ublox_msgs/ublox_msgs/msg/detail/rxm_rawsv__rosidl_typesupport_introspection_cpp.hpp
[119.707s] -- Installing: /home/rhobtor/PHD/j8_control/J8_control/install/ublox_msgs/include/ublox_msgs/ublox_msgs/msg/detail/cfg_msg__type_support.cpp
[119.707s] -- Installing: /home/rhobtor/PHD/j8_control/J8_control/install/ublox_msgs/include/ublox_msgs/ublox_msgs/msg/detail/aid_eph__rosidl_typesupport_introspection_cpp.hpp
[119.707s] -- Installing: /home/rhobtor/PHD/j8_control/J8_control/install/ublox_msgs/include/ublox_msgs/ublox_msgs/msg/detail/rxm_svsi__type_support.cpp
[119.707s] -- Installing: /home/rhobtor/PHD/j8_control/J8_control/install/ublox_msgs/include/ublox_msgs/ublox_msgs/msg/detail/rxm_svsisv__rosidl_typesupport_introspection_cpp.hpp
[119.707s] -- Installing: /home/rhobtor/PHD/j8_control/J8_control/install/ublox_msgs/include/ublox_msgs/ublox_msgs/msg/detail/cfg_tmode3__type_support.cpp
[119.707s] -- Installing: /home/rhobtor/PHD/j8_control/J8_control/install/ublox_msgs/include/ublox_msgs/ublox_msgs/msg/detail/mon_hw__rosidl_typesupport_introspection_cpp.hpp
[119.707s] -- Installing: /home/rhobtor/PHD/j8_control/J8_control/install/ublox_msgs/include/ublox_msgs/ublox_msgs/msg/detail/rxm_rtcm__rosidl_typesupport_introspection_cpp.hpp
[119.707s] -- Installing: /home/rhobtor/PHD/j8_control/J8_control/install/ublox_msgs/include/ublox_msgs/ublox_msgs/msg/detail/nav_sat__type_support.cpp
[119.707s] -- Installing: /home/rhobtor/PHD/j8_control/J8_control/install/ublox_msgs/include/ublox_msgs/ublox_msgs/msg/detail/nav_dgpssv__type_support.cpp
[119.707s] -- Installing: /home/rhobtor/PHD/j8_control/J8_control/install/ublox_msgs/include/ublox_msgs/ublox_msgs/msg/detail/nav_timeutc__type_support.cpp
[119.707s] -- Installing: /home/rhobtor/PHD/j8_control/J8_control/install/ublox_msgs/include/ublox_msgs/ublox_msgs/msg/detail/cfg_dat__rosidl_typesupport_introspection_cpp.hpp
[119.707s] -- Installing: /home/rhobtor/PHD/j8_control/J8_control/install/ublox_msgs/include/ublox_msgs/ublox_msgs/msg/detail/cfg_nmea6__type_support.cpp
[119.707s] -- Installing: /home/rhobtor/PHD/j8_control/J8_control/install/ublox_msgs/include/ublox_msgs/ublox_msgs/msg/detail/esf_raw__rosidl_typesupport_introspection_cpp.hpp
[119.707s] -- Installing: /home/rhobtor/PHD/j8_control/J8_control/install/ublox_msgs/include/ublox_msgs/ublox_msgs/msg/detail/ack__type_support.cpp
[119.708s] -- Installing: /home/rhobtor/PHD/j8_control/J8_control/install/ublox_msgs/include/ublox_msgs/ublox_msgs/msg/detail/cfg_prt__type_support.cpp
[119.708s] -- Installing: /home/rhobtor/PHD/j8_control/J8_control/install/ublox_msgs/include/ublox_msgs/ublox_msgs/msg/detail/mon_ver__type_support.cpp
[119.708s] -- Installing: /home/rhobtor/PHD/j8_control/J8_control/install/ublox_msgs/include/ublox_msgs/ublox_msgs/msg/detail/nav_velned__rosidl_typesupport_introspection_cpp.hpp
[119.708s] -- Installing: /home/rhobtor/PHD/j8_control/J8_control/install/ublox_msgs/include/ublox_msgs/ublox_msgs/msg/detail/cfg_tmode3__rosidl_typesupport_introspection_cpp.hpp
[119.708s] -- Installing: /home/rhobtor/PHD/j8_control/J8_control/install/ublox_msgs/include/ublox_msgs/ublox_msgs/msg/detail/esf_status_sens__type_support.cpp
[119.708s] -- Installing: /home/rhobtor/PHD/j8_control/J8_control/install/ublox_msgs/include/ublox_msgs/ublox_msgs/msg/detail/cfg_rate__rosidl_typesupport_introspection_cpp.hpp
[119.708s] -- Installing: /home/rhobtor/PHD/j8_control/J8_control/install/ublox_msgs/include/ublox_msgs/ublox_msgs/msg/detail/nav_satsv__rosidl_typesupport_introspection_cpp.hpp
[119.708s] -- Installing: /home/rhobtor/PHD/j8_control/J8_control/install/ublox_msgs/include/ublox_msgs/ublox_msgs/msg/detail/cfg_nmea6__rosidl_typesupport_introspection_cpp.hpp
[119.708s] -- Installing: /home/rhobtor/PHD/j8_control/J8_control/install/ublox_msgs/include/ublox_msgs/ublox_msgs/msg/detail/nav_dgpssv__rosidl_typesupport_introspection_cpp.hpp
[119.708s] -- Installing: /home/rhobtor/PHD/j8_control/J8_control/install/ublox_msgs/include/ublox_msgs/ublox_msgs/msg/detail/upd_sos__rosidl_typesupport_introspection_cpp.hpp
[119.708s] -- Installing: /home/rhobtor/PHD/j8_control/J8_control/install/ublox_msgs/include/ublox_msgs/ublox_msgs/msg/detail/mon_ver_extension__rosidl_typesupport_introspection_cpp.hpp
[119.708s] -- Installing: /home/rhobtor/PHD/j8_control/J8_control/install/ublox_msgs/include/ublox_msgs/ublox_msgs/msg/detail/cfg_navx5__type_support.cpp
[119.708s] -- Installing: /home/rhobtor/PHD/j8_control/J8_control/install/ublox_msgs/include/ublox_msgs/ublox_msgs/msg/detail/esf_status__rosidl_typesupport_introspection_cpp.hpp
[119.708s] -- Installing: /home/rhobtor/PHD/j8_control/J8_control/install/ublox_msgs/include/ublox_msgs/ublox_msgs/msg/detail/cfg_inf_block__rosidl_typesupport_introspection_cpp.hpp
[119.708s] -- Installing: /home/rhobtor/PHD/j8_control/J8_control/install/ublox_msgs/include/ublox_msgs/ublox_msgs/msg/detail/nav_sat__rosidl_typesupport_introspection_cpp.hpp
[119.708s] -- Installing: /home/rhobtor/PHD/j8_control/J8_control/install/ublox_msgs/include/ublox_msgs/ublox_msgs/msg/detail/nav_timegps__rosidl_typesupport_introspection_cpp.hpp
[119.708s] -- Installing: /home/rhobtor/PHD/j8_control/J8_control/install/ublox_msgs/include/ublox_msgs/ublox_msgs/msg/detail/nav_velned__type_support.cpp
[119.708s] -- Installing: /home/rhobtor/PHD/j8_control/J8_control/install/ublox_msgs/include/ublox_msgs/ublox_msgs/msg/detail/aid_alm__type_support.cpp
[119.708s] -- Installing: /home/rhobtor/PHD/j8_control/J8_control/install/ublox_msgs/include/ublox_msgs/ublox_msgs/msg/detail/nav_sbassv__rosidl_typesupport_introspection_cpp.hpp
[119.708s] -- Installing: /home/rhobtor/PHD/j8_control/J8_control/install/ublox_msgs/include/ublox_msgs/ublox_msgs/msg/detail/nav_att__type_support.cpp
[119.708s] -- Installing: /home/rhobtor/PHD/j8_control/J8_control/install/ublox_msgs/include/ublox_msgs/ublox_msgs/msg/detail/rxm_rawx_meas__rosidl_typesupport_introspection_cpp.hpp
[119.708s] -- Installing: /home/rhobtor/PHD/j8_control/J8_control/install/ublox_msgs/include/ublox_msgs/ublox_msgs/msg/detail/rxm_raw__type_support.cpp
[119.709s] -- Installing: /home/rhobtor/PHD/j8_control/J8_control/install/ublox_msgs/include/ublox_msgs/ublox_msgs/msg/detail/aid_hui__rosidl_typesupport_introspection_cpp.hpp
[119.709s] -- Installing: /home/rhobtor/PHD/j8_control/J8_control/install/ublox_msgs/include/ublox_msgs/ublox_msgs/msg/detail/cfg_nmea7__rosidl_typesupport_introspection_cpp.hpp
[119.709s] -- Installing: /home/rhobtor/PHD/j8_control/J8_control/install/ublox_msgs/include/ublox_msgs/ublox_msgs/msg/detail/nav_svinfosv__type_support.cpp
[119.709s] -- Installing: /home/rhobtor/PHD/j8_control/J8_control/install/ublox_msgs/lib/libublox_msgs__rosidl_typesupport_introspection_cpp.so
[119.710s] -- Set runtime path of "/home/rhobtor/PHD/j8_control/J8_control/install/ublox_msgs/lib/libublox_msgs__rosidl_typesupport_introspection_cpp.so" to ""
[119.710s] -- Installing: /home/rhobtor/PHD/j8_control/J8_control/install/ublox_msgs/lib/libublox_msgs__rosidl_typesupport_cpp.so
[119.710s] -- Set runtime path of "/home/rhobtor/PHD/j8_control/J8_control/install/ublox_msgs/lib/libublox_msgs__rosidl_typesupport_cpp.so" to ""
[119.710s] -- Installing: /home/rhobtor/PHD/j8_control/J8_control/install/ublox_msgs/share/ublox_msgs/environment/pythonpath.sh
[119.710s] -- Installing: /home/rhobtor/PHD/j8_control/J8_control/install/ublox_msgs/share/ublox_msgs/environment/pythonpath.dsv
[119.710s] -- Installing: /home/rhobtor/PHD/j8_control/J8_control/install/ublox_msgs/local/lib/python3.10/dist-packages/ublox_msgs-2.3.0-py3.10.egg-info
[119.711s] -- Installing: /home/rhobtor/PHD/j8_control/J8_control/install/ublox_msgs/local/lib/python3.10/dist-packages/ublox_msgs-2.3.0-py3.10.egg-info/dependency_links.txt
[119.711s] -- Installing: /home/rhobtor/PHD/j8_control/J8_control/install/ublox_msgs/local/lib/python3.10/dist-packages/ublox_msgs-2.3.0-py3.10.egg-info/top_level.txt
[119.711s] -- Installing: /home/rhobtor/PHD/j8_control/J8_control/install/ublox_msgs/local/lib/python3.10/dist-packages/ublox_msgs-2.3.0-py3.10.egg-info/PKG-INFO
[119.711s] -- Installing: /home/rhobtor/PHD/j8_control/J8_control/install/ublox_msgs/local/lib/python3.10/dist-packages/ublox_msgs-2.3.0-py3.10.egg-info/SOURCES.txt
[119.711s] -- Installing: /home/rhobtor/PHD/j8_control/J8_control/install/ublox_msgs/local/lib/python3.10/dist-packages/ublox_msgs
[119.711s] -- Installing: /home/rhobtor/PHD/j8_control/J8_control/install/ublox_msgs/local/lib/python3.10/dist-packages/ublox_msgs/__init__.py
[119.711s] -- Installing: /home/rhobtor/PHD/j8_control/J8_control/install/ublox_msgs/local/lib/python3.10/dist-packages/ublox_msgs/_ublox_msgs_s.ep.rosidl_typesupport_c.c
[119.713s] -- Installing: /home/rhobtor/PHD/j8_control/J8_control/install/ublox_msgs/local/lib/python3.10/dist-packages/ublox_msgs/ublox_msgs_s__rosidl_typesupport_c.cpython-310-x86_64-linux-gnu.so
[119.713s] -- Installing: /home/rhobtor/PHD/j8_control/J8_control/install/ublox_msgs/local/lib/python3.10/dist-packages/ublox_msgs/_ublox_msgs_s.ep.rosidl_typesupport_introspection_c.c
[119.713s] -- Installing: /home/rhobtor/PHD/j8_control/J8_control/install/ublox_msgs/local/lib/python3.10/dist-packages/ublox_msgs/ublox_msgs_s__rosidl_typesupport_fastrtps_c.cpython-310-x86_64-linux-gnu.so
[119.714s] -- Installing: /home/rhobtor/PHD/j8_control/J8_control/install/ublox_msgs/local/lib/python3.10/dist-packages/ublox_msgs/libublox_msgs__rosidl_generator_py.so
[119.714s] -- Installing: /home/rhobtor/PHD/j8_control/J8_control/install/ublox_msgs/local/lib/python3.10/dist-packages/ublox_msgs/msg
[119.714s] -- Installing: /home/rhobtor/PHD/j8_control/J8_control/install/ublox_msgs/local/lib/python3.10/dist-packages/ublox_msgs/msg/_mga_gal.py
[119.714s] -- Installing: /home/rhobtor/PHD/j8_control/J8_control/install/ublox_msgs/local/lib/python3.10/dist-packages/ublox_msgs/msg/_cfg_sbas.py
[119.714s] -- Installing: /home/rhobtor/PHD/j8_control/J8_control/install/ublox_msgs/local/lib/python3.10/dist-packages/ublox_msgs/msg/_nav_sat_s.c
[119.714s] -- Installing: /home/rhobtor/PHD/j8_control/J8_control/install/ublox_msgs/local/lib/python3.10/dist-packages/ublox_msgs/msg/_rxm_rawx_meas.py
[119.714s] -- Installing: /home/rhobtor/PHD/j8_control/J8_control/install/ublox_msgs/local/lib/python3.10/dist-packages/ublox_msgs/msg/_aid_alm.py
[119.714s] -- Installing: /home/rhobtor/PHD/j8_control/J8_control/install/ublox_msgs/local/lib/python3.10/dist-packages/ublox_msgs/msg/__init__.py
[119.714s] -- Installing: /home/rhobtor/PHD/j8_control/J8_control/install/ublox_msgs/local/lib/python3.10/dist-packages/ublox_msgs/msg/_nav_clock.py
[119.714s] -- Installing: /home/rhobtor/PHD/j8_control/J8_control/install/ublox_msgs/local/lib/python3.10/dist-packages/ublox_msgs/msg/_upd_sos_s.c
[119.715s] -- Installing: /home/rhobtor/PHD/j8_control/J8_control/install/ublox_msgs/local/lib/python3.10/dist-packages/ublox_msgs/msg/_nav_svinfosv_s.c
[119.715s] -- Installing: /home/rhobtor/PHD/j8_control/J8_control/install/ublox_msgs/local/lib/python3.10/dist-packages/ublox_msgs/msg/_cfg_nmea7_s.c
[119.715s] -- Installing: /home/rhobtor/PHD/j8_control/J8_control/install/ublox_msgs/local/lib/python3.10/dist-packages/ublox_msgs/msg/_aid_alm_s.c
[119.715s] -- Installing: /home/rhobtor/PHD/j8_control/J8_control/install/ublox_msgs/local/lib/python3.10/dist-packages/ublox_msgs/msg/_aid_hui.py
[119.715s] -- Installing: /home/rhobtor/PHD/j8_control/J8_control/install/ublox_msgs/local/lib/python3.10/dist-packages/ublox_msgs/msg/_cfg_hnr.py
[119.715s] -- Installing: /home/rhobtor/PHD/j8_control/J8_control/install/ublox_msgs/local/lib/python3.10/dist-packages/ublox_msgs/msg/_rxm_rawsv.py
[119.715s] -- Installing: /home/rhobtor/PHD/j8_control/J8_control/install/ublox_msgs/local/lib/python3.10/dist-packages/ublox_msgs/msg/_esf_status_s.c
[119.715s] -- Installing: /home/rhobtor/PHD/j8_control/J8_control/install/ublox_msgs/local/lib/python3.10/dist-packages/ublox_msgs/msg/_nav_timegps.py
[119.715s] -- Installing: /home/rhobtor/PHD/j8_control/J8_control/install/ublox_msgs/local/lib/python3.10/dist-packages/ublox_msgs/msg/_ack_s.c
[119.715s] -- Installing: /home/rhobtor/PHD/j8_control/J8_control/install/ublox_msgs/local/lib/python3.10/dist-packages/ublox_msgs/msg/_mon_gnss_s.c
[119.715s] -- Installing: /home/rhobtor/PHD/j8_control/J8_control/install/ublox_msgs/local/lib/python3.10/dist-packages/ublox_msgs/msg/_cfg_dat.py
[119.715s] -- Installing: /home/rhobtor/PHD/j8_control/J8_control/install/ublox_msgs/local/lib/python3.10/dist-packages/ublox_msgs/msg/_cfg_nmea.py
[119.716s] -- Installing: /home/rhobtor/PHD/j8_control/J8_control/install/ublox_msgs/local/lib/python3.10/dist-packages/ublox_msgs/msg/_inf.py
[119.716s] -- Installing: /home/rhobtor/PHD/j8_control/J8_control/install/ublox_msgs/local/lib/python3.10/dist-packages/ublox_msgs/msg/_rxm_rawx_meas_s.c
[119.716s] -- Installing: /home/rhobtor/PHD/j8_control/J8_control/install/ublox_msgs/local/lib/python3.10/dist-packages/ublox_msgs/msg/_cfg_inf_block.py
[119.716s] -- Installing: /home/rhobtor/PHD/j8_control/J8_control/install/ublox_msgs/local/lib/python3.10/dist-packages/ublox_msgs/msg/_mon_hw_s.c
[119.716s] -- Installing: /home/rhobtor/PHD/j8_control/J8_control/install/ublox_msgs/local/lib/python3.10/dist-packages/ublox_msgs/msg/_mon_hw.py
[119.716s] -- Installing: /home/rhobtor/PHD/j8_control/J8_control/install/ublox_msgs/local/lib/python3.10/dist-packages/ublox_msgs/msg/_mon_ver.py
[119.716s] -- Installing: /home/rhobtor/PHD/j8_control/J8_control/install/ublox_msgs/local/lib/python3.10/dist-packages/ublox_msgs/msg/_cfg_dgnss_s.c
[119.716s] -- Installing: /home/rhobtor/PHD/j8_control/J8_control/install/ublox_msgs/local/lib/python3.10/dist-packages/ublox_msgs/msg/_nav_pvt7_s.c
[119.716s] -- Installing: /home/rhobtor/PHD/j8_control/J8_control/install/ublox_msgs/local/lib/python3.10/dist-packages/ublox_msgs/msg/_esf_meas_s.c
[119.716s] -- Installing: /home/rhobtor/PHD/j8_control/J8_control/install/ublox_msgs/local/lib/python3.10/dist-packages/ublox_msgs/msg/_nav_satsv.py
[119.716s] -- Installing: /home/rhobtor/PHD/j8_control/J8_control/install/ublox_msgs/local/lib/python3.10/dist-packages/ublox_msgs/msg/_cfg_tmode3.py
[119.716s] -- Installing: /home/rhobtor/PHD/j8_control/J8_control/install/ublox_msgs/local/lib/python3.10/dist-packages/ublox_msgs/msg/_rxm_alm_s.c
[119.716s] -- Installing: /home/rhobtor/PHD/j8_control/J8_control/install/ublox_msgs/local/lib/python3.10/dist-packages/ublox_msgs/msg/_cfg_gnss.py
[119.716s] -- Installing: /home/rhobtor/PHD/j8_control/J8_control/install/ublox_msgs/local/lib/python3.10/dist-packages/ublox_msgs/msg/_inf_s.c
[119.716s] -- Installing: /home/rhobtor/PHD/j8_control/J8_control/install/ublox_msgs/local/lib/python3.10/dist-packages/ublox_msgs/msg/_cfg_gnss_block.py
[119.716s] -- Installing: /home/rhobtor/PHD/j8_control/J8_control/install/ublox_msgs/local/lib/python3.10/dist-packages/ublox_msgs/msg/_rxm_alm.py
[119.716s] -- Installing: /home/rhobtor/PHD/j8_control/J8_control/install/ublox_msgs/local/lib/python3.10/dist-packages/ublox_msgs/msg/_nav_dop.py
[119.716s] -- Installing: /home/rhobtor/PHD/j8_control/J8_control/install/ublox_msgs/local/lib/python3.10/dist-packages/ublox_msgs/msg/_mon_hw6.py
[119.716s] -- Installing: /home/rhobtor/PHD/j8_control/J8_control/install/ublox_msgs/local/lib/python3.10/dist-packages/ublox_msgs/msg/_cfg_dat_s.c
[119.716s] -- Installing: /home/rhobtor/PHD/j8_control/J8_control/install/ublox_msgs/local/lib/python3.10/dist-packages/ublox_msgs/msg/_nav_satsv_s.c
[119.716s] -- Installing: /home/rhobtor/PHD/j8_control/J8_control/install/ublox_msgs/local/lib/python3.10/dist-packages/ublox_msgs/msg/_nav_dgps_s.c
[119.716s] -- Installing: /home/rhobtor/PHD/j8_control/J8_control/install/ublox_msgs/local/lib/python3.10/dist-packages/ublox_msgs/msg/_cfg_nav5.py
[119.716s] -- Installing: /home/rhobtor/PHD/j8_control/J8_control/install/ublox_msgs/local/lib/python3.10/dist-packages/ublox_msgs/msg/_nav_dop_s.c
[119.716s] -- Installing: /home/rhobtor/PHD/j8_control/J8_control/install/ublox_msgs/local/lib/python3.10/dist-packages/ublox_msgs/msg/_nav_posllh_s.c
[119.716s] -- Installing: /home/rhobtor/PHD/j8_control/J8_control/install/ublox_msgs/local/lib/python3.10/dist-packages/ublox_msgs/msg/_rxm_rawx_s.c
[119.716s] -- Installing: /home/rhobtor/PHD/j8_control/J8_control/install/ublox_msgs/local/lib/python3.10/dist-packages/ublox_msgs/msg/_rxm_rawsv_s.c
[119.716s] -- Installing: /home/rhobtor/PHD/j8_control/J8_control/install/ublox_msgs/local/lib/python3.10/dist-packages/ublox_msgs/msg/_rxm_svsisv_s.c
[119.716s] -- Installing: /home/rhobtor/PHD/j8_control/J8_control/install/ublox_msgs/local/lib/python3.10/dist-packages/ublox_msgs/msg/_cfg_nmea7.py
[119.717s] -- Installing: /home/rhobtor/PHD/j8_control/J8_control/install/ublox_msgs/local/lib/python3.10/dist-packages/ublox_msgs/msg/_nav_sat.py
[119.717s] -- Installing: /home/rhobtor/PHD/j8_control/J8_control/install/ublox_msgs/local/lib/python3.10/dist-packages/ublox_msgs/msg/_cfg_nmea6_s.c
[119.717s] -- Installing: /home/rhobtor/PHD/j8_control/J8_control/install/ublox_msgs/local/lib/python3.10/dist-packages/ublox_msgs/msg/_cfg_rst_s.c
[119.717s] -- Installing: /home/rhobtor/PHD/j8_control/J8_control/install/ublox_msgs/local/lib/python3.10/dist-packages/ublox_msgs/msg/_cfg_tmode3_s.c
[119.717s] -- Installing: /home/rhobtor/PHD/j8_control/J8_control/install/ublox_msgs/local/lib/python3.10/dist-packages/ublox_msgs/msg/_mon_gnss.py
[119.717s] -- Installing: /home/rhobtor/PHD/j8_control/J8_control/install/ublox_msgs/local/lib/python3.10/dist-packages/ublox_msgs/msg/_nav_timegps_s.c
[119.717s] -- Installing: /home/rhobtor/PHD/j8_control/J8_control/install/ublox_msgs/local/lib/python3.10/dist-packages/ublox_msgs/msg/_cfg_msg.py
[119.717s] -- Installing: /home/rhobtor/PHD/j8_control/J8_control/install/ublox_msgs/local/lib/python3.10/dist-packages/ublox_msgs/msg/_cfg_cfg_s.c
[119.717s] -- Installing: /home/rhobtor/PHD/j8_control/J8_control/install/ublox_msgs/local/lib/python3.10/dist-packages/ublox_msgs/msg/_nav_dgps.py
[119.717s] -- Installing: /home/rhobtor/PHD/j8_control/J8_control/install/ublox_msgs/local/lib/python3.10/dist-packages/ublox_msgs/msg/_nav_pvt_s.c
[119.717s] -- Installing: /home/rhobtor/PHD/j8_control/J8_control/install/ublox_msgs/local/lib/python3.10/dist-packages/ublox_msgs/msg/_nav_cov.py
[119.717s] -- Installing: /home/rhobtor/PHD/j8_control/J8_control/install/ublox_msgs/local/lib/python3.10/dist-packages/ublox_msgs/msg/_upd_sos_ack.py
[119.717s] -- Installing: /home/rhobtor/PHD/j8_control/J8_control/install/ublox_msgs/local/lib/python3.10/dist-packages/ublox_msgs/msg/_mon_ver_extension_s.c
[119.717s] -- Installing: /home/rhobtor/PHD/j8_control/J8_control/install/ublox_msgs/local/lib/python3.10/dist-packages/ublox_msgs/msg/_nav_dgpssv.py
[119.717s] -- Installing: /home/rhobtor/PHD/j8_control/J8_control/install/ublox_msgs/local/lib/python3.10/dist-packages/ublox_msgs/msg/_cfg_nmea6.py
[119.717s] -- Installing: /home/rhobtor/PHD/j8_control/J8_control/install/ublox_msgs/local/lib/python3.10/dist-packages/ublox_msgs/msg/_nav_sbassv_s.c
[119.717s] -- Installing: /home/rhobtor/PHD/j8_control/J8_control/install/ublox_msgs/local/lib/python3.10/dist-packages/ublox_msgs/msg/_rxm_svsi_s.c
[119.717s] -- Installing: /home/rhobtor/PHD/j8_control/J8_control/install/ublox_msgs/local/lib/python3.10/dist-packages/ublox_msgs/msg/_esf_raw_block_s.c
[119.717s] -- Installing: /home/rhobtor/PHD/j8_control/J8_control/install/ublox_msgs/local/lib/python3.10/dist-packages/ublox_msgs/msg/_nav_posecef.py
[119.717s] -- Installing: /home/rhobtor/PHD/j8_control/J8_control/install/ublox_msgs/local/lib/python3.10/dist-packages/ublox_msgs/msg/_nav_velecef_s.c
[119.717s] -- Installing: /home/rhobtor/PHD/j8_control/J8_control/install/ublox_msgs/local/lib/python3.10/dist-packages/ublox_msgs/msg/_rxm_sfrb.py
[119.717s] -- Installing: /home/rhobtor/PHD/j8_control/J8_control/install/ublox_msgs/local/lib/python3.10/dist-packages/ublox_msgs/msg/_hnr_pvt.py
[119.717s] -- Installing: /home/rhobtor/PHD/j8_control/J8_control/install/ublox_msgs/local/lib/python3.10/dist-packages/ublox_msgs/msg/_cfg_inf_s.c
[119.717s] -- Installing: /home/rhobtor/PHD/j8_control/J8_control/install/ublox_msgs/local/lib/python3.10/dist-packages/ublox_msgs/msg/_cfg_gnss_s.c
[119.717s] -- Installing: /home/rhobtor/PHD/j8_control/J8_control/install/ublox_msgs/local/lib/python3.10/dist-packages/ublox_msgs/msg/_upd_sos.py
[119.717s] -- Installing: /home/rhobtor/PHD/j8_control/J8_control/install/ublox_msgs/local/lib/python3.10/dist-packages/ublox_msgs/msg/_nav_relposned9.py
[119.717s] -- Installing: /home/rhobtor/PHD/j8_control/J8_control/install/ublox_msgs/local/lib/python3.10/dist-packages/ublox_msgs/msg/_esf_ins_s.c
[119.717s] -- Installing: /home/rhobtor/PHD/j8_control/J8_control/install/ublox_msgs/local/lib/python3.10/dist-packages/ublox_msgs/msg/_cfg_rst.py
[119.717s] -- Installing: /home/rhobtor/PHD/j8_control/J8_control/install/ublox_msgs/local/lib/python3.10/dist-packages/ublox_msgs/msg/_nav_status_s.c
[119.717s] -- Installing: /home/rhobtor/PHD/j8_control/J8_control/install/ublox_msgs/local/lib/python3.10/dist-packages/ublox_msgs/msg/_cfg_inf.py
[119.718s] -- Installing: /home/rhobtor/PHD/j8_control/J8_control/install/ublox_msgs/local/lib/python3.10/dist-packages/ublox_msgs/msg/_nav_velned_s.c
[119.718s] -- Installing: /home/rhobtor/PHD/j8_control/J8_control/install/ublox_msgs/local/lib/python3.10/dist-packages/ublox_msgs/msg/_aid_eph.py
[119.718s] -- Installing: /home/rhobtor/PHD/j8_control/J8_control/install/ublox_msgs/local/lib/python3.10/dist-packages/ublox_msgs/msg/_cfg_hnr_s.c
[119.718s] -- Installing: /home/rhobtor/PHD/j8_control/J8_control/install/ublox_msgs/local/lib/python3.10/dist-packages/ublox_msgs/msg/_nav_svinfo_s.c
[119.718s] -- Installing: /home/rhobtor/PHD/j8_control/J8_control/install/ublox_msgs/local/lib/python3.10/dist-packages/ublox_msgs/msg/_cfg_navx5_s.c
[119.718s] -- Installing: /home/rhobtor/PHD/j8_control/J8_control/install/ublox_msgs/local/lib/python3.10/dist-packages/ublox_msgs/msg/_nav_status.py
[119.718s] -- Installing: /home/rhobtor/PHD/j8_control/J8_control/install/ublox_msgs/local/lib/python3.10/dist-packages/ublox_msgs/msg/_esf_raw_s.c
[119.718s] -- Installing: /home/rhobtor/PHD/j8_control/J8_control/install/ublox_msgs/local/lib/python3.10/dist-packages/ublox_msgs/msg/_nav_svin_s.c
[119.718s] -- Installing: /home/rhobtor/PHD/j8_control/J8_control/install/ublox_msgs/local/lib/python3.10/dist-packages/ublox_msgs/msg/_nav_sbas_s.c
[119.718s] -- Installing: /home/rhobtor/PHD/j8_control/J8_control/install/ublox_msgs/local/lib/python3.10/dist-packages/ublox_msgs/msg/_nav_svinfosv.py
[119.718s] -- Installing: /home/rhobtor/PHD/j8_control/J8_control/install/ublox_msgs/local/lib/python3.10/dist-packages/ublox_msgs/msg/_nav_sol.py
[119.718s] -- Installing: /home/rhobtor/PHD/j8_control/J8_control/install/ublox_msgs/local/lib/python3.10/dist-packages/ublox_msgs/msg/_cfg_usb.py
[119.718s] -- Installing: /home/rhobtor/PHD/j8_control/J8_control/install/ublox_msgs/local/lib/python3.10/dist-packages/ublox_msgs/msg/_nav_clock_s.c
[119.718s] -- Installing: /home/rhobtor/PHD/j8_control/J8_control/install/ublox_msgs/local/lib/python3.10/dist-packages/ublox_msgs/msg/_cfg_ant.py
[119.718s] -- Installing: /home/rhobtor/PHD/j8_control/J8_control/install/ublox_msgs/local/lib/python3.10/dist-packages/ublox_msgs/msg/_nav_relposned9_s.c
[119.718s] -- Installing: /home/rhobtor/PHD/j8_control/J8_control/install/ublox_msgs/local/lib/python3.10/dist-packages/ublox_msgs/msg/_cfg_sbas_s.c
[119.718s] -- Installing: /home/rhobtor/PHD/j8_control/J8_control/install/ublox_msgs/local/lib/python3.10/dist-packages/ublox_msgs/msg/_cfg_msg_s.c
[119.718s] -- Installing: /home/rhobtor/PHD/j8_control/J8_control/install/ublox_msgs/local/lib/python3.10/dist-packages/ublox_msgs/msg/_nav_pvt.py
[119.718s] -- Installing: /home/rhobtor/PHD/j8_control/J8_control/install/ublox_msgs/local/lib/python3.10/dist-packages/ublox_msgs/msg/_mga_gal_s.c
[119.719s] -- Installing: /home/rhobtor/PHD/j8_control/J8_control/install/ublox_msgs/local/lib/python3.10/dist-packages/ublox_msgs/msg/_rxm_svsi.py
[119.719s] -- Installing: /home/rhobtor/PHD/j8_control/J8_control/install/ublox_msgs/local/lib/python3.10/dist-packages/ublox_msgs/msg/_esf_status_sens_s.c
[119.719s] -- Installing: /home/rhobtor/PHD/j8_control/J8_control/install/ublox_msgs/local/lib/python3.10/dist-packages/ublox_msgs/msg/_nav_cov_s.c
[119.719s] -- Installing: /home/rhobtor/PHD/j8_control/J8_control/install/ublox_msgs/local/lib/python3.10/dist-packages/ublox_msgs/msg/_cfg_prt.py
[119.719s] -- Installing: /home/rhobtor/PHD/j8_control/J8_control/install/ublox_msgs/local/lib/python3.10/dist-packages/ublox_msgs/msg/_nav_velecef.py
[119.719s] -- Installing: /home/rhobtor/PHD/j8_control/J8_control/install/ublox_msgs/local/lib/python3.10/dist-packages/ublox_msgs/msg/_rxm_rawx.py
[119.719s] -- Installing: /home/rhobtor/PHD/j8_control/J8_control/install/ublox_msgs/local/lib/python3.10/dist-packages/ublox_msgs/msg/_rxm_eph.py
[119.719s] -- Installing: /home/rhobtor/PHD/j8_control/J8_control/install/ublox_msgs/local/lib/python3.10/dist-packages/ublox_msgs/msg/_cfg_cfg.py
[119.719s] -- Installing: /home/rhobtor/PHD/j8_control/J8_control/install/ublox_msgs/local/lib/python3.10/dist-packages/ublox_msgs/msg/_nav_timeutc_s.c
[119.720s] -- Installing: /home/rhobtor/PHD/j8_control/J8_control/install/ublox_msgs/local/lib/python3.10/dist-packages/ublox_msgs/msg/_esf_status.py
[119.720s] -- Installing: /home/rhobtor/PHD/j8_control/J8_control/install/ublox_msgs/local/lib/python3.10/dist-packages/ublox_msgs/msg/_nav_sbas.py
[119.720s] -- Installing: /home/rhobtor/PHD/j8_control/J8_control/install/ublox_msgs/local/lib/python3.10/dist-packages/ublox_msgs/msg/_cfg_gnss_block_s.c
[119.720s] -- Installing: /home/rhobtor/PHD/j8_control/J8_control/install/ublox_msgs/local/lib/python3.10/dist-packages/ublox_msgs/msg/_nav_att_s.c
[119.720s] -- Installing: /home/rhobtor/PHD/j8_control/J8_control/install/ublox_msgs/local/lib/python3.10/dist-packages/ublox_msgs/msg/_mon_hw6_s.c
[119.720s] -- Installing: /home/rhobtor/PHD/j8_control/J8_control/install/ublox_msgs/local/lib/python3.10/dist-packages/ublox_msgs/msg/_nav_sbassv.py
[119.720s] -- Installing: /home/rhobtor/PHD/j8_control/J8_control/install/ublox_msgs/local/lib/python3.10/dist-packages/ublox_msgs/msg/_nav_svin.py
[119.720s] -- Installing: /home/rhobtor/PHD/j8_control/J8_control/install/ublox_msgs/local/lib/python3.10/dist-packages/ublox_msgs/msg/_esf_raw_block.py
[119.720s] -- Installing: /home/rhobtor/PHD/j8_control/J8_control/install/ublox_msgs/local/lib/python3.10/dist-packages/ublox_msgs/msg/_cfg_ant_s.c
[119.720s] -- Installing: /home/rhobtor/PHD/j8_control/J8_control/install/ublox_msgs/local/lib/python3.10/dist-packages/ublox_msgs/msg/_cfg_nmea_s.c
[119.720s] -- Installing: /home/rhobtor/PHD/j8_control/J8_control/install/ublox_msgs/local/lib/python3.10/dist-packages/ublox_msgs/msg/_cfg_prt_s.c
[119.720s] -- Installing: /home/rhobtor/PHD/j8_control/J8_control/install/ublox_msgs/local/lib/python3.10/dist-packages/ublox_msgs/msg/_cfg_usb_s.c
[119.720s] -- Installing: /home/rhobtor/PHD/j8_control/J8_control/install/ublox_msgs/local/lib/python3.10/dist-packages/ublox_msgs/msg/_nav_sol_s.c
[119.720s] -- Installing: /home/rhobtor/PHD/j8_control/J8_control/install/ublox_msgs/local/lib/python3.10/dist-packages/ublox_msgs/msg/_aid_hui_s.c
[119.720s] -- Installing: /home/rhobtor/PHD/j8_control/J8_control/install/ublox_msgs/local/lib/python3.10/dist-packages/ublox_msgs/msg/_cfg_nav5_s.c
[119.720s] -- Installing: /home/rhobtor/PHD/j8_control/J8_control/install/ublox_msgs/local/lib/python3.10/dist-packages/ublox_msgs/msg/_rxm_sfrbx_s.c
[119.720s] -- Installing: /home/rhobtor/PHD/j8_control/J8_control/install/ublox_msgs/local/lib/python3.10/dist-packages/ublox_msgs/msg/_nav_velned.py
[119.720s] -- Installing: /home/rhobtor/PHD/j8_control/J8_control/install/ublox_msgs/local/lib/python3.10/dist-packages/ublox_msgs/msg/_esf_raw.py
[119.720s] -- Installing: /home/rhobtor/PHD/j8_control/J8_control/install/ublox_msgs/local/lib/python3.10/dist-packages/ublox_msgs/msg/_rxm_eph_s.c
[119.720s] -- Installing: /home/rhobtor/PHD/j8_control/J8_control/install/ublox_msgs/local/lib/python3.10/dist-packages/ublox_msgs/msg/_rxm_rtcm.py
[119.720s] -- Installing: /home/rhobtor/PHD/j8_control/J8_control/install/ublox_msgs/local/lib/python3.10/dist-packages/ublox_msgs/msg/_nav_posllh.py
[119.721s] -- Installing: /home/rhobtor/PHD/j8_control/J8_control/install/ublox_msgs/local/lib/python3.10/dist-packages/ublox_msgs/msg/_esf_status_sens.py
[119.721s] -- Installing: /home/rhobtor/PHD/j8_control/J8_control/install/ublox_msgs/local/lib/python3.10/dist-packages/ublox_msgs/msg/_cfg_dgnss.py
[119.721s] -- Installing: /home/rhobtor/PHD/j8_control/J8_control/install/ublox_msgs/local/lib/python3.10/dist-packages/ublox_msgs/msg/_tim_tm2_s.c
[119.721s] -- Installing: /home/rhobtor/PHD/j8_control/J8_control/install/ublox_msgs/local/lib/python3.10/dist-packages/ublox_msgs/msg/_nav_relposned_s.c
[119.721s] -- Installing: /home/rhobtor/PHD/j8_control/J8_control/install/ublox_msgs/local/lib/python3.10/dist-packages/ublox_msgs/msg/_cfg_rate_s.c
[119.721s] -- Installing: /home/rhobtor/PHD/j8_control/J8_control/install/ublox_msgs/local/lib/python3.10/dist-packages/ublox_msgs/msg/_mon_ver_extension.py
[119.721s] -- Installing: /home/rhobtor/PHD/j8_control/J8_control/install/ublox_msgs/local/lib/python3.10/dist-packages/ublox_msgs/msg/_nav_pvt7.py
[119.721s] -- Installing: /home/rhobtor/PHD/j8_control/J8_control/install/ublox_msgs/local/lib/python3.10/dist-packages/ublox_msgs/msg/_rxm_rtcm_s.c
[119.721s] -- Installing: /home/rhobtor/PHD/j8_control/J8_control/install/ublox_msgs/local/lib/python3.10/dist-packages/ublox_msgs/msg/_nav_relposned.py
[119.721s] -- Installing: /home/rhobtor/PHD/j8_control/J8_control/install/ublox_msgs/local/lib/python3.10/dist-packages/ublox_msgs/msg/_rxm_raw_s.c
[119.721s] -- Installing: /home/rhobtor/PHD/j8_control/J8_control/install/ublox_msgs/local/lib/python3.10/dist-packages/ublox_msgs/msg/_esf_meas.py
[119.721s] -- Installing: /home/rhobtor/PHD/j8_control/J8_control/install/ublox_msgs/local/lib/python3.10/dist-packages/ublox_msgs/msg/_nav_att.py
[119.722s] -- Installing: /home/rhobtor/PHD/j8_control/J8_control/install/ublox_msgs/local/lib/python3.10/dist-packages/ublox_msgs/msg/_tim_tm2.py
[119.722s] -- Installing: /home/rhobtor/PHD/j8_control/J8_control/install/ublox_msgs/local/lib/python3.10/dist-packages/ublox_msgs/msg/_rxm_sfrbx.py
[119.722s] -- Installing: /home/rhobtor/PHD/j8_control/J8_control/install/ublox_msgs/local/lib/python3.10/dist-packages/ublox_msgs/msg/_hnr_pvt_s.c
[119.722s] -- Installing: /home/rhobtor/PHD/j8_control/J8_control/install/ublox_msgs/local/lib/python3.10/dist-packages/ublox_msgs/msg/_rxm_sfrb_s.c
[119.722s] -- Installing: /home/rhobtor/PHD/j8_control/J8_control/install/ublox_msgs/local/lib/python3.10/dist-packages/ublox_msgs/msg/_rxm_svsisv.py
[119.722s] -- Installing: /home/rhobtor/PHD/j8_control/J8_control/install/ublox_msgs/local/lib/python3.10/dist-packages/ublox_msgs/msg/_ack.py
[119.722s] -- Installing: /home/rhobtor/PHD/j8_control/J8_control/install/ublox_msgs/local/lib/python3.10/dist-packages/ublox_msgs/msg/_nav_timeutc.py
[119.722s] -- Installing: /home/rhobtor/PHD/j8_control/J8_control/install/ublox_msgs/local/lib/python3.10/dist-packages/ublox_msgs/msg/_rxm_raw.py
[119.723s] -- Installing: /home/rhobtor/PHD/j8_control/J8_control/install/ublox_msgs/local/lib/python3.10/dist-packages/ublox_msgs/msg/_cfg_navx5.py
[119.723s] -- Installing: /home/rhobtor/PHD/j8_control/J8_control/install/ublox_msgs/local/lib/python3.10/dist-packages/ublox_msgs/msg/_nav_dgpssv_s.c
[119.723s] -- Installing: /home/rhobtor/PHD/j8_control/J8_control/install/ublox_msgs/local/lib/python3.10/dist-packages/ublox_msgs/msg/_nav_posecef_s.c
[119.723s] -- Installing: /home/rhobtor/PHD/j8_control/J8_control/install/ublox_msgs/local/lib/python3.10/dist-packages/ublox_msgs/msg/_aid_eph_s.c
[119.723s] -- Installing: /home/rhobtor/PHD/j8_control/J8_control/install/ublox_msgs/local/lib/python3.10/dist-packages/ublox_msgs/msg/_upd_sos_ack_s.c
[119.723s] -- Installing: /home/rhobtor/PHD/j8_control/J8_control/install/ublox_msgs/local/lib/python3.10/dist-packages/ublox_msgs/msg/_cfg_inf_block_s.c
[119.723s] -- Installing: /home/rhobtor/PHD/j8_control/J8_control/install/ublox_msgs/local/lib/python3.10/dist-packages/ublox_msgs/msg/_esf_ins.py
[119.723s] -- Installing: /home/rhobtor/PHD/j8_control/J8_control/install/ublox_msgs/local/lib/python3.10/dist-packages/ublox_msgs/msg/_nav_svinfo.py
[119.723s] -- Installing: /home/rhobtor/PHD/j8_control/J8_control/install/ublox_msgs/local/lib/python3.10/dist-packages/ublox_msgs/msg/_mon_ver_s.c
[119.723s] -- Installing: /home/rhobtor/PHD/j8_control/J8_control/install/ublox_msgs/local/lib/python3.10/dist-packages/ublox_msgs/msg/_cfg_rate.py
[119.723s] -- Installing: /home/rhobtor/PHD/j8_control/J8_control/install/ublox_msgs/local/lib/python3.10/dist-packages/ublox_msgs/_ublox_msgs_s.ep.rosidl_typesupport_fastrtps_c.c
[119.723s] -- Installing: /home/rhobtor/PHD/j8_control/J8_control/install/ublox_msgs/local/lib/python3.10/dist-packages/ublox_msgs/ublox_msgs_s__rosidl_typesupport_introspection_c.cpython-310-x86_64-linux-gnu.so
[119.814s] Listing '/home/rhobtor/PHD/j8_control/J8_control/install/ublox_msgs/local/lib/python3.10/dist-packages/ublox_msgs'...
[119.814s] Compiling '/home/rhobtor/PHD/j8_control/J8_control/install/ublox_msgs/local/lib/python3.10/dist-packages/ublox_msgs/__init__.py'...
[119.814s] Listing '/home/rhobtor/PHD/j8_control/J8_control/install/ublox_msgs/local/lib/python3.10/dist-packages/ublox_msgs/msg'...
[119.814s] Compiling '/home/rhobtor/PHD/j8_control/J8_control/install/ublox_msgs/local/lib/python3.10/dist-packages/ublox_msgs/msg/__init__.py'...
[119.814s] Compiling '/home/rhobtor/PHD/j8_control/J8_control/install/ublox_msgs/local/lib/python3.10/dist-packages/ublox_msgs/msg/_ack.py'...
[119.814s] Compiling '/home/rhobtor/PHD/j8_control/J8_control/install/ublox_msgs/local/lib/python3.10/dist-packages/ublox_msgs/msg/_aid_alm.py'...
[119.814s] Compiling '/home/rhobtor/PHD/j8_control/J8_control/install/ublox_msgs/local/lib/python3.10/dist-packages/ublox_msgs/msg/_aid_eph.py'...
[119.814s] Compiling '/home/rhobtor/PHD/j8_control/J8_control/install/ublox_msgs/local/lib/python3.10/dist-packages/ublox_msgs/msg/_aid_hui.py'...
[119.814s] Compiling '/home/rhobtor/PHD/j8_control/J8_control/install/ublox_msgs/local/lib/python3.10/dist-packages/ublox_msgs/msg/_cfg_ant.py'...
[119.814s] Compiling '/home/rhobtor/PHD/j8_control/J8_control/install/ublox_msgs/local/lib/python3.10/dist-packages/ublox_msgs/msg/_cfg_cfg.py'...
[119.814s] Compiling '/home/rhobtor/PHD/j8_control/J8_control/install/ublox_msgs/local/lib/python3.10/dist-packages/ublox_msgs/msg/_cfg_dat.py'...
[119.814s] Compiling '/home/rhobtor/PHD/j8_control/J8_control/install/ublox_msgs/local/lib/python3.10/dist-packages/ublox_msgs/msg/_cfg_dgnss.py'...
[119.815s] Compiling '/home/rhobtor/PHD/j8_control/J8_control/install/ublox_msgs/local/lib/python3.10/dist-packages/ublox_msgs/msg/_cfg_gnss.py'...
[119.815s] Compiling '/home/rhobtor/PHD/j8_control/J8_control/install/ublox_msgs/local/lib/python3.10/dist-packages/ublox_msgs/msg/_cfg_gnss_block.py'...
[119.815s] Compiling '/home/rhobtor/PHD/j8_control/J8_control/install/ublox_msgs/local/lib/python3.10/dist-packages/ublox_msgs/msg/_cfg_hnr.py'...
[119.815s] Compiling '/home/rhobtor/PHD/j8_control/J8_control/install/ublox_msgs/local/lib/python3.10/dist-packages/ublox_msgs/msg/_cfg_inf.py'...
[119.815s] Compiling '/home/rhobtor/PHD/j8_control/J8_control/install/ublox_msgs/local/lib/python3.10/dist-packages/ublox_msgs/msg/_cfg_inf_block.py'...
[119.815s] Compiling '/home/rhobtor/PHD/j8_control/J8_control/install/ublox_msgs/local/lib/python3.10/dist-packages/ublox_msgs/msg/_cfg_msg.py'...
[119.815s] Compiling '/home/rhobtor/PHD/j8_control/J8_control/install/ublox_msgs/local/lib/python3.10/dist-packages/ublox_msgs/msg/_cfg_nav5.py'...
[119.815s] Compiling '/home/rhobtor/PHD/j8_control/J8_control/install/ublox_msgs/local/lib/python3.10/dist-packages/ublox_msgs/msg/_cfg_navx5.py'...
[119.815s] Compiling '/home/rhobtor/PHD/j8_control/J8_control/install/ublox_msgs/local/lib/python3.10/dist-packages/ublox_msgs/msg/_cfg_nmea.py'...
[119.815s] Compiling '/home/rhobtor/PHD/j8_control/J8_control/install/ublox_msgs/local/lib/python3.10/dist-packages/ublox_msgs/msg/_cfg_nmea6.py'...
[119.815s] Compiling '/home/rhobtor/PHD/j8_control/J8_control/install/ublox_msgs/local/lib/python3.10/dist-packages/ublox_msgs/msg/_cfg_nmea7.py'...
[119.815s] Compiling '/home/rhobtor/PHD/j8_control/J8_control/install/ublox_msgs/local/lib/python3.10/dist-packages/ublox_msgs/msg/_cfg_prt.py'...
[119.815s] Compiling '/home/rhobtor/PHD/j8_control/J8_control/install/ublox_msgs/local/lib/python3.10/dist-packages/ublox_msgs/msg/_cfg_rate.py'...
[119.815s] Compiling '/home/rhobtor/PHD/j8_control/J8_control/install/ublox_msgs/local/lib/python3.10/dist-packages/ublox_msgs/msg/_cfg_rst.py'...
[119.815s] Compiling '/home/rhobtor/PHD/j8_control/J8_control/install/ublox_msgs/local/lib/python3.10/dist-packages/ublox_msgs/msg/_cfg_sbas.py'...
[119.815s] Compiling '/home/rhobtor/PHD/j8_control/J8_control/install/ublox_msgs/local/lib/python3.10/dist-packages/ublox_msgs/msg/_cfg_tmode3.py'...
[119.815s] Compiling '/home/rhobtor/PHD/j8_control/J8_control/install/ublox_msgs/local/lib/python3.10/dist-packages/ublox_msgs/msg/_cfg_usb.py'...
[119.815s] Compiling '/home/rhobtor/PHD/j8_control/J8_control/install/ublox_msgs/local/lib/python3.10/dist-packages/ublox_msgs/msg/_esf_ins.py'...
[119.815s] Compiling '/home/rhobtor/PHD/j8_control/J8_control/install/ublox_msgs/local/lib/python3.10/dist-packages/ublox_msgs/msg/_esf_meas.py'...
[119.815s] Compiling '/home/rhobtor/PHD/j8_control/J8_control/install/ublox_msgs/local/lib/python3.10/dist-packages/ublox_msgs/msg/_esf_raw.py'...
[119.815s] Compiling '/home/rhobtor/PHD/j8_control/J8_control/install/ublox_msgs/local/lib/python3.10/dist-packages/ublox_msgs/msg/_esf_raw_block.py'...
[119.815s] Compiling '/home/rhobtor/PHD/j8_control/J8_control/install/ublox_msgs/local/lib/python3.10/dist-packages/ublox_msgs/msg/_esf_status.py'...
[119.815s] Compiling '/home/rhobtor/PHD/j8_control/J8_control/install/ublox_msgs/local/lib/python3.10/dist-packages/ublox_msgs/msg/_esf_status_sens.py'...
[119.815s] Compiling '/home/rhobtor/PHD/j8_control/J8_control/install/ublox_msgs/local/lib/python3.10/dist-packages/ublox_msgs/msg/_hnr_pvt.py'...
[119.815s] Compiling '/home/rhobtor/PHD/j8_control/J8_control/install/ublox_msgs/local/lib/python3.10/dist-packages/ublox_msgs/msg/_inf.py'...
[119.815s] Compiling '/home/rhobtor/PHD/j8_control/J8_control/install/ublox_msgs/local/lib/python3.10/dist-packages/ublox_msgs/msg/_mga_gal.py'...
[119.815s] Compiling '/home/rhobtor/PHD/j8_control/J8_control/install/ublox_msgs/local/lib/python3.10/dist-packages/ublox_msgs/msg/_mon_gnss.py'...
[119.815s] Compiling '/home/rhobtor/PHD/j8_control/J8_control/install/ublox_msgs/local/lib/python3.10/dist-packages/ublox_msgs/msg/_mon_hw.py'...
[119.815s] Compiling '/home/rhobtor/PHD/j8_control/J8_control/install/ublox_msgs/local/lib/python3.10/dist-packages/ublox_msgs/msg/_mon_hw6.py'...
[119.815s] Compiling '/home/rhobtor/PHD/j8_control/J8_control/install/ublox_msgs/local/lib/python3.10/dist-packages/ublox_msgs/msg/_mon_ver.py'...
[119.815s] Compiling '/home/rhobtor/PHD/j8_control/J8_control/install/ublox_msgs/local/lib/python3.10/dist-packages/ublox_msgs/msg/_mon_ver_extension.py'...
[119.815s] Compiling '/home/rhobtor/PHD/j8_control/J8_control/install/ublox_msgs/local/lib/python3.10/dist-packages/ublox_msgs/msg/_nav_att.py'...
[119.815s] Compiling '/home/rhobtor/PHD/j8_control/J8_control/install/ublox_msgs/local/lib/python3.10/dist-packages/ublox_msgs/msg/_nav_clock.py'...
[119.815s] Compiling '/home/rhobtor/PHD/j8_control/J8_control/install/ublox_msgs/local/lib/python3.10/dist-packages/ublox_msgs/msg/_nav_cov.py'...
[119.815s] Compiling '/home/rhobtor/PHD/j8_control/J8_control/install/ublox_msgs/local/lib/python3.10/dist-packages/ublox_msgs/msg/_nav_dgps.py'...
[119.815s] Compiling '/home/rhobtor/PHD/j8_control/J8_control/install/ublox_msgs/local/lib/python3.10/dist-packages/ublox_msgs/msg/_nav_dgpssv.py'...
[119.815s] Compiling '/home/rhobtor/PHD/j8_control/J8_control/install/ublox_msgs/local/lib/python3.10/dist-packages/ublox_msgs/msg/_nav_dop.py'...
[119.815s] Compiling '/home/rhobtor/PHD/j8_control/J8_control/install/ublox_msgs/local/lib/python3.10/dist-packages/ublox_msgs/msg/_nav_posecef.py'...
[119.815s] Compiling '/home/rhobtor/PHD/j8_control/J8_control/install/ublox_msgs/local/lib/python3.10/dist-packages/ublox_msgs/msg/_nav_posllh.py'...
[119.815s] Compiling '/home/rhobtor/PHD/j8_control/J8_control/install/ublox_msgs/local/lib/python3.10/dist-packages/ublox_msgs/msg/_nav_pvt.py'...
[119.816s] Compiling '/home/rhobtor/PHD/j8_control/J8_control/install/ublox_msgs/local/lib/python3.10/dist-packages/ublox_msgs/msg/_nav_pvt7.py'...
[119.816s] Compiling '/home/rhobtor/PHD/j8_control/J8_control/install/ublox_msgs/local/lib/python3.10/dist-packages/ublox_msgs/msg/_nav_relposned.py'...
[119.816s] Compiling '/home/rhobtor/PHD/j8_control/J8_control/install/ublox_msgs/local/lib/python3.10/dist-packages/ublox_msgs/msg/_nav_relposned9.py'...
[119.816s] Compiling '/home/rhobtor/PHD/j8_control/J8_control/install/ublox_msgs/local/lib/python3.10/dist-packages/ublox_msgs/msg/_nav_sat.py'...
[119.816s] Compiling '/home/rhobtor/PHD/j8_control/J8_control/install/ublox_msgs/local/lib/python3.10/dist-packages/ublox_msgs/msg/_nav_satsv.py'...
[119.816s] Compiling '/home/rhobtor/PHD/j8_control/J8_control/install/ublox_msgs/local/lib/python3.10/dist-packages/ublox_msgs/msg/_nav_sbas.py'...
[119.816s] Compiling '/home/rhobtor/PHD/j8_control/J8_control/install/ublox_msgs/local/lib/python3.10/dist-packages/ublox_msgs/msg/_nav_sbassv.py'...
[119.834s] Compiling '/home/rhobtor/PHD/j8_control/J8_control/install/ublox_msgs/local/lib/python3.10/dist-packages/ublox_msgs/msg/_nav_sol.py'...
[119.835s] Compiling '/home/rhobtor/PHD/j8_control/J8_control/install/ublox_msgs/local/lib/python3.10/dist-packages/ublox_msgs/msg/_nav_status.py'...
[119.835s] Compiling '/home/rhobtor/PHD/j8_control/J8_control/install/ublox_msgs/local/lib/python3.10/dist-packages/ublox_msgs/msg/_nav_svin.py'...
[119.835s] Compiling '/home/rhobtor/PHD/j8_control/J8_control/install/ublox_msgs/local/lib/python3.10/dist-packages/ublox_msgs/msg/_nav_svinfo.py'...
[119.835s] Compiling '/home/rhobtor/PHD/j8_control/J8_control/install/ublox_msgs/local/lib/python3.10/dist-packages/ublox_msgs/msg/_nav_svinfosv.py'...
[119.835s] Compiling '/home/rhobtor/PHD/j8_control/J8_control/install/ublox_msgs/local/lib/python3.10/dist-packages/ublox_msgs/msg/_nav_timegps.py'...
[119.835s] Compiling '/home/rhobtor/PHD/j8_control/J8_control/install/ublox_msgs/local/lib/python3.10/dist-packages/ublox_msgs/msg/_nav_timeutc.py'...
[119.835s] Compiling '/home/rhobtor/PHD/j8_control/J8_control/install/ublox_msgs/local/lib/python3.10/dist-packages/ublox_msgs/msg/_nav_velecef.py'...
[119.835s] Compiling '/home/rhobtor/PHD/j8_control/J8_control/install/ublox_msgs/local/lib/python3.10/dist-packages/ublox_msgs/msg/_nav_velned.py'...
[119.835s] Compiling '/home/rhobtor/PHD/j8_control/J8_control/install/ublox_msgs/local/lib/python3.10/dist-packages/ublox_msgs/msg/_rxm_alm.py'...
[119.835s] Compiling '/home/rhobtor/PHD/j8_control/J8_control/install/ublox_msgs/local/lib/python3.10/dist-packages/ublox_msgs/msg/_rxm_eph.py'...
[119.835s] Compiling '/home/rhobtor/PHD/j8_control/J8_control/install/ublox_msgs/local/lib/python3.10/dist-packages/ublox_msgs/msg/_rxm_raw.py'...
[119.835s] Compiling '/home/rhobtor/PHD/j8_control/J8_control/install/ublox_msgs/local/lib/python3.10/dist-packages/ublox_msgs/msg/_rxm_rawsv.py'...
[119.835s] Compiling '/home/rhobtor/PHD/j8_control/J8_control/install/ublox_msgs/local/lib/python3.10/dist-packages/ublox_msgs/msg/_rxm_rawx.py'...
[119.835s] Compiling '/home/rhobtor/PHD/j8_control/J8_control/install/ublox_msgs/local/lib/python3.10/dist-packages/ublox_msgs/msg/_rxm_rawx_meas.py'...
[119.835s] Compiling '/home/rhobtor/PHD/j8_control/J8_control/install/ublox_msgs/local/lib/python3.10/dist-packages/ublox_msgs/msg/_rxm_rtcm.py'...
[119.835s] Compiling '/home/rhobtor/PHD/j8_control/J8_control/install/ublox_msgs/local/lib/python3.10/dist-packages/ublox_msgs/msg/_rxm_sfrb.py'...
[119.835s] Compiling '/home/rhobtor/PHD/j8_control/J8_control/install/ublox_msgs/local/lib/python3.10/dist-packages/ublox_msgs/msg/_rxm_sfrbx.py'...
[119.835s] Compiling '/home/rhobtor/PHD/j8_control/J8_control/install/ublox_msgs/local/lib/python3.10/dist-packages/ublox_msgs/msg/_rxm_svsi.py'...
[119.835s] Compiling '/home/rhobtor/PHD/j8_control/J8_control/install/ublox_msgs/local/lib/python3.10/dist-packages/ublox_msgs/msg/_rxm_svsisv.py'...
[119.835s] Compiling '/home/rhobtor/PHD/j8_control/J8_control/install/ublox_msgs/local/lib/python3.10/dist-packages/ublox_msgs/msg/_tim_tm2.py'...
[119.835s] Compiling '/home/rhobtor/PHD/j8_control/J8_control/install/ublox_msgs/local/lib/python3.10/dist-packages/ublox_msgs/msg/_upd_sos.py'...
[119.835s] Compiling '/home/rhobtor/PHD/j8_control/J8_control/install/ublox_msgs/local/lib/python3.10/dist-packages/ublox_msgs/msg/_upd_sos_ack.py'...
[119.838s] -- Installing: /home/rhobtor/PHD/j8_control/J8_control/install/ublox_msgs/local/lib/python3.10/dist-packages/ublox_msgs/ublox_msgs_s__rosidl_typesupport_fastrtps_c.cpython-310-x86_64-linux-gnu.so
[119.839s] -- Set runtime path of "/home/rhobtor/PHD/j8_control/J8_control/install/ublox_msgs/local/lib/python3.10/dist-packages/ublox_msgs/ublox_msgs_s__rosidl_typesupport_fastrtps_c.cpython-310-x86_64-linux-gnu.so" to ""
[119.839s] -- Installing: /home/rhobtor/PHD/j8_control/J8_control/install/ublox_msgs/local/lib/python3.10/dist-packages/ublox_msgs/ublox_msgs_s__rosidl_typesupport_introspection_c.cpython-310-x86_64-linux-gnu.so
[119.839s] -- Set runtime path of "/home/rhobtor/PHD/j8_control/J8_control/install/ublox_msgs/local/lib/python3.10/dist-packages/ublox_msgs/ublox_msgs_s__rosidl_typesupport_introspection_c.cpython-310-x86_64-linux-gnu.so" to ""
[119.839s] -- Installing: /home/rhobtor/PHD/j8_control/J8_control/install/ublox_msgs/local/lib/python3.10/dist-packages/ublox_msgs/ublox_msgs_s__rosidl_typesupport_c.cpython-310-x86_64-linux-gnu.so
[119.839s] -- Set runtime path of "/home/rhobtor/PHD/j8_control/J8_control/install/ublox_msgs/local/lib/python3.10/dist-packages/ublox_msgs/ublox_msgs_s__rosidl_typesupport_c.cpython-310-x86_64-linux-gnu.so" to ""
[119.839s] -- Installing: /home/rhobtor/PHD/j8_control/J8_control/install/ublox_msgs/lib/libublox_msgs__rosidl_generator_py.so
[119.840s] -- Set runtime path of "/home/rhobtor/PHD/j8_control/J8_control/install/ublox_msgs/lib/libublox_msgs__rosidl_generator_py.so" to ""
[119.840s] -- Installing: /home/rhobtor/PHD/j8_control/J8_control/install/ublox_msgs/share/ament_index/resource_index/rust_packages/ublox_msgs
[119.840s] -- Installing: /home/rhobtor/PHD/j8_control/J8_control/install/ublox_msgs/share/ublox_msgs/rust
[119.840s] -- Installing: /home/rhobtor/PHD/j8_control/J8_control/install/ublox_msgs/share/ublox_msgs/rust/build.rs
[119.840s] -- Installing: /home/rhobtor/PHD/j8_control/J8_control/install/ublox_msgs/share/ublox_msgs/rust/src
[119.840s] -- Installing: /home/rhobtor/PHD/j8_control/J8_control/install/ublox_msgs/share/ublox_msgs/rust/src/msg.rs
[119.841s] -- Installing: /home/rhobtor/PHD/j8_control/J8_control/install/ublox_msgs/share/ublox_msgs/rust/src/msg
[119.841s] -- Installing: /home/rhobtor/PHD/j8_control/J8_control/install/ublox_msgs/share/ublox_msgs/rust/src/msg/rmw.rs
[119.841s] -- Installing: /home/rhobtor/PHD/j8_control/J8_control/install/ublox_msgs/share/ublox_msgs/rust/src/lib.rs
[119.841s] -- Installing: /home/rhobtor/PHD/j8_control/J8_control/install/ublox_msgs/share/ublox_msgs/rust/Cargo.toml
[119.841s] -- Installing: /home/rhobtor/PHD/j8_control/J8_control/install/ublox_msgs/share/ublox_msgs/msg/Ack.idl
[119.841s] -- Installing: /home/rhobtor/PHD/j8_control/J8_control/install/ublox_msgs/share/ublox_msgs/msg/AidALM.idl
[119.841s] -- Installing: /home/rhobtor/PHD/j8_control/J8_control/install/ublox_msgs/share/ublox_msgs/msg/AidEPH.idl
[119.841s] -- Installing: /home/rhobtor/PHD/j8_control/J8_control/install/ublox_msgs/share/ublox_msgs/msg/AidHUI.idl
[119.841s] -- Installing: /home/rhobtor/PHD/j8_control/J8_control/install/ublox_msgs/share/ublox_msgs/msg/CfgANT.idl
[119.842s] -- Installing: /home/rhobtor/PHD/j8_control/J8_control/install/ublox_msgs/share/ublox_msgs/msg/CfgCFG.idl
[119.842s] -- Installing: /home/rhobtor/PHD/j8_control/J8_control/install/ublox_msgs/share/ublox_msgs/msg/CfgDAT.idl
[119.842s] -- Installing: /home/rhobtor/PHD/j8_control/J8_control/install/ublox_msgs/share/ublox_msgs/msg/CfgDGNSS.idl
[119.842s] -- Installing: /home/rhobtor/PHD/j8_control/J8_control/install/ublox_msgs/share/ublox_msgs/msg/CfgGNSSBlock.idl
[119.842s] -- Installing: /home/rhobtor/PHD/j8_control/J8_control/install/ublox_msgs/share/ublox_msgs/msg/CfgGNSS.idl
[119.842s] -- Installing: /home/rhobtor/PHD/j8_control/J8_control/install/ublox_msgs/share/ublox_msgs/msg/CfgHNR.idl
[119.842s] -- Installing: /home/rhobtor/PHD/j8_control/J8_control/install/ublox_msgs/share/ublox_msgs/msg/CfgINFBlock.idl
[119.842s] -- Installing: /home/rhobtor/PHD/j8_control/J8_control/install/ublox_msgs/share/ublox_msgs/msg/CfgINF.idl
[119.842s] -- Installing: /home/rhobtor/PHD/j8_control/J8_control/install/ublox_msgs/share/ublox_msgs/msg/CfgMSG.idl
[119.843s] -- Installing: /home/rhobtor/PHD/j8_control/J8_control/install/ublox_msgs/share/ublox_msgs/msg/CfgNAV5.idl
[119.843s] -- Installing: /home/rhobtor/PHD/j8_control/J8_control/install/ublox_msgs/share/ublox_msgs/msg/CfgNAVX5.idl
[119.843s] -- Installing: /home/rhobtor/PHD/j8_control/J8_control/install/ublox_msgs/share/ublox_msgs/msg/CfgNMEA6.idl
[119.843s] -- Installing: /home/rhobtor/PHD/j8_control/J8_control/install/ublox_msgs/share/ublox_msgs/msg/CfgNMEA7.idl
[119.843s] -- Installing: /home/rhobtor/PHD/j8_control/J8_control/install/ublox_msgs/share/ublox_msgs/msg/CfgNMEA.idl
[119.843s] -- Installing: /home/rhobtor/PHD/j8_control/J8_control/install/ublox_msgs/share/ublox_msgs/msg/CfgPRT.idl
[119.843s] -- Installing: /home/rhobtor/PHD/j8_control/J8_control/install/ublox_msgs/share/ublox_msgs/msg/CfgRATE.idl
[119.843s] -- Installing: /home/rhobtor/PHD/j8_control/J8_control/install/ublox_msgs/share/ublox_msgs/msg/CfgRST.idl
[119.844s] -- Installing: /home/rhobtor/PHD/j8_control/J8_control/install/ublox_msgs/share/ublox_msgs/msg/CfgSBAS.idl
[119.844s] -- Installing: /home/rhobtor/PHD/j8_control/J8_control/install/ublox_msgs/share/ublox_msgs/msg/CfgTMODE3.idl
[119.844s] -- Installing: /home/rhobtor/PHD/j8_control/J8_control/install/ublox_msgs/share/ublox_msgs/msg/CfgUSB.idl
[119.844s] -- Installing: /home/rhobtor/PHD/j8_control/J8_control/install/ublox_msgs/share/ublox_msgs/msg/EsfINS.idl
[119.844s] -- Installing: /home/rhobtor/PHD/j8_control/J8_control/install/ublox_msgs/share/ublox_msgs/msg/EsfMEAS.idl
[119.844s] -- Installing: /home/rhobtor/PHD/j8_control/J8_control/install/ublox_msgs/share/ublox_msgs/msg/EsfRAWBlock.idl
[119.844s] -- Installing: /home/rhobtor/PHD/j8_control/J8_control/install/ublox_msgs/share/ublox_msgs/msg/EsfRAW.idl
[119.844s] -- Installing: /home/rhobtor/PHD/j8_control/J8_control/install/ublox_msgs/share/ublox_msgs/msg/EsfSTATUS.idl
[119.845s] -- Installing: /home/rhobtor/PHD/j8_control/J8_control/install/ublox_msgs/share/ublox_msgs/msg/EsfSTATUSSens.idl
[119.845s] -- Installing: /home/rhobtor/PHD/j8_control/J8_control/install/ublox_msgs/share/ublox_msgs/msg/HnrPVT.idl
[119.845s] -- Installing: /home/rhobtor/PHD/j8_control/J8_control/install/ublox_msgs/share/ublox_msgs/msg/Inf.idl
[119.845s] -- Installing: /home/rhobtor/PHD/j8_control/J8_control/install/ublox_msgs/share/ublox_msgs/msg/MgaGAL.idl
[119.845s] -- Installing: /home/rhobtor/PHD/j8_control/J8_control/install/ublox_msgs/share/ublox_msgs/msg/MonGNSS.idl
[119.845s] -- Installing: /home/rhobtor/PHD/j8_control/J8_control/install/ublox_msgs/share/ublox_msgs/msg/MonHW6.idl
[119.845s] -- Installing: /home/rhobtor/PHD/j8_control/J8_control/install/ublox_msgs/share/ublox_msgs/msg/MonHW.idl
[119.845s] -- Installing: /home/rhobtor/PHD/j8_control/J8_control/install/ublox_msgs/share/ublox_msgs/msg/MonVERExtension.idl
[119.846s] -- Installing: /home/rhobtor/PHD/j8_control/J8_control/install/ublox_msgs/share/ublox_msgs/msg/MonVER.idl
[119.846s] -- Installing: /home/rhobtor/PHD/j8_control/J8_control/install/ublox_msgs/share/ublox_msgs/msg/NavATT.idl
[119.846s] -- Installing: /home/rhobtor/PHD/j8_control/J8_control/install/ublox_msgs/share/ublox_msgs/msg/NavCLOCK.idl
[119.846s] -- Installing: /home/rhobtor/PHD/j8_control/J8_control/install/ublox_msgs/share/ublox_msgs/msg/NavCOV.idl
[119.846s] -- Installing: /home/rhobtor/PHD/j8_control/J8_control/install/ublox_msgs/share/ublox_msgs/msg/NavDGPS.idl
[119.846s] -- Installing: /home/rhobtor/PHD/j8_control/J8_control/install/ublox_msgs/share/ublox_msgs/msg/NavDGPSSV.idl
[119.846s] -- Installing: /home/rhobtor/PHD/j8_control/J8_control/install/ublox_msgs/share/ublox_msgs/msg/NavDOP.idl
[119.847s] -- Installing: /home/rhobtor/PHD/j8_control/J8_control/install/ublox_msgs/share/ublox_msgs/msg/NavPOSECEF.idl
[119.847s] -- Installing: /home/rhobtor/PHD/j8_control/J8_control/install/ublox_msgs/share/ublox_msgs/msg/NavPOSLLH.idl
[119.847s] -- Installing: /home/rhobtor/PHD/j8_control/J8_control/install/ublox_msgs/share/ublox_msgs/msg/NavPVT7.idl
[119.847s] -- Installing: /home/rhobtor/PHD/j8_control/J8_control/install/ublox_msgs/share/ublox_msgs/msg/NavPVT.idl
[119.847s] -- Installing: /home/rhobtor/PHD/j8_control/J8_control/install/ublox_msgs/share/ublox_msgs/msg/NavRELPOSNED9.idl
[119.847s] -- Installing: /home/rhobtor/PHD/j8_control/J8_control/install/ublox_msgs/share/ublox_msgs/msg/NavRELPOSNED.idl
[119.847s] -- Installing: /home/rhobtor/PHD/j8_control/J8_control/install/ublox_msgs/share/ublox_msgs/msg/NavSAT.idl
[119.847s] -- Installing: /home/rhobtor/PHD/j8_control/J8_control/install/ublox_msgs/share/ublox_msgs/msg/NavSATSV.idl
[119.847s] -- Installing: /home/rhobtor/PHD/j8_control/J8_control/install/ublox_msgs/share/ublox_msgs/msg/NavSBAS.idl
[119.847s] -- Installing: /home/rhobtor/PHD/j8_control/J8_control/install/ublox_msgs/share/ublox_msgs/msg/NavSBASSV.idl
[119.848s] -- Installing: /home/rhobtor/PHD/j8_control/J8_control/install/ublox_msgs/share/ublox_msgs/msg/NavSOL.idl
[119.848s] -- Installing: /home/rhobtor/PHD/j8_control/J8_control/install/ublox_msgs/share/ublox_msgs/msg/NavSTATUS.idl
[119.848s] -- Installing: /home/rhobtor/PHD/j8_control/J8_control/install/ublox_msgs/share/ublox_msgs/msg/NavSVINFO.idl
[119.848s] -- Installing: /home/rhobtor/PHD/j8_control/J8_control/install/ublox_msgs/share/ublox_msgs/msg/NavSVINFOSV.idl
[119.848s] -- Installing: /home/rhobtor/PHD/j8_control/J8_control/install/ublox_msgs/share/ublox_msgs/msg/NavSVIN.idl
[119.848s] -- Installing: /home/rhobtor/PHD/j8_control/J8_control/install/ublox_msgs/share/ublox_msgs/msg/NavTIMEGPS.idl
[119.848s] -- Installing: /home/rhobtor/PHD/j8_control/J8_control/install/ublox_msgs/share/ublox_msgs/msg/NavTIMEUTC.idl
[119.848s] -- Installing: /home/rhobtor/PHD/j8_control/J8_control/install/ublox_msgs/share/ublox_msgs/msg/NavVELECEF.idl
[119.849s] -- Installing: /home/rhobtor/PHD/j8_control/J8_control/install/ublox_msgs/share/ublox_msgs/msg/NavVELNED.idl
[119.849s] -- Installing: /home/rhobtor/PHD/j8_control/J8_control/install/ublox_msgs/share/ublox_msgs/msg/RxmALM.idl
[119.849s] -- Installing: /home/rhobtor/PHD/j8_control/J8_control/install/ublox_msgs/share/ublox_msgs/msg/RxmEPH.idl
[119.849s] -- Installing: /home/rhobtor/PHD/j8_control/J8_control/install/ublox_msgs/share/ublox_msgs/msg/RxmRAW.idl
[119.849s] -- Installing: /home/rhobtor/PHD/j8_control/J8_control/install/ublox_msgs/share/ublox_msgs/msg/RxmRAWSV.idl
[119.849s] -- Installing: /home/rhobtor/PHD/j8_control/J8_control/install/ublox_msgs/share/ublox_msgs/msg/RxmRAWXMeas.idl
[119.849s] -- Installing: /home/rhobtor/PHD/j8_control/J8_control/install/ublox_msgs/share/ublox_msgs/msg/RxmRAWX.idl
[119.849s] -- Installing: /home/rhobtor/PHD/j8_control/J8_control/install/ublox_msgs/share/ublox_msgs/msg/RxmRTCM.idl
[119.849s] -- Installing: /home/rhobtor/PHD/j8_control/J8_control/install/ublox_msgs/share/ublox_msgs/msg/RxmSFRB.idl
[119.850s] -- Installing: /home/rhobtor/PHD/j8_control/J8_control/install/ublox_msgs/share/ublox_msgs/msg/RxmSFRBX.idl
[119.850s] -- Installing: /home/rhobtor/PHD/j8_control/J8_control/install/ublox_msgs/share/ublox_msgs/msg/RxmSVSI.idl
[119.850s] -- Installing: /home/rhobtor/PHD/j8_control/J8_control/install/ublox_msgs/share/ublox_msgs/msg/RxmSVSISV.idl
[119.850s] -- Installing: /home/rhobtor/PHD/j8_control/J8_control/install/ublox_msgs/share/ublox_msgs/msg/TimTM2.idl
[119.850s] -- Installing: /home/rhobtor/PHD/j8_control/J8_control/install/ublox_msgs/share/ublox_msgs/msg/UpdSOSAck.idl
[119.850s] -- Installing: /home/rhobtor/PHD/j8_control/J8_control/install/ublox_msgs/share/ublox_msgs/msg/UpdSOS.idl
[119.850s] -- Installing: /home/rhobtor/PHD/j8_control/J8_control/install/ublox_msgs/share/ublox_msgs/msg/Ack.msg
[119.851s] -- Installing: /home/rhobtor/PHD/j8_control/J8_control/install/ublox_msgs/share/ublox_msgs/msg/AidALM.msg
[119.851s] -- Installing: /home/rhobtor/PHD/j8_control/J8_control/install/ublox_msgs/share/ublox_msgs/msg/AidEPH.msg
[119.851s] -- Installing: /home/rhobtor/PHD/j8_control/J8_control/install/ublox_msgs/share/ublox_msgs/msg/AidHUI.msg
[119.855s] -- Installing: /home/rhobtor/PHD/j8_control/J8_control/install/ublox_msgs/share/ublox_msgs/msg/CfgANT.msg
[119.855s] -- Installing: /home/rhobtor/PHD/j8_control/J8_control/install/ublox_msgs/share/ublox_msgs/msg/CfgCFG.msg
[119.856s] -- Installing: /home/rhobtor/PHD/j8_control/J8_control/install/ublox_msgs/share/ublox_msgs/msg/CfgDAT.msg
[119.856s] -- Installing: /home/rhobtor/PHD/j8_control/J8_control/install/ublox_msgs/share/ublox_msgs/msg/CfgDGNSS.msg
[119.856s] -- Installing: /home/rhobtor/PHD/j8_control/J8_control/install/ublox_msgs/share/ublox_msgs/msg/CfgGNSSBlock.msg
[119.856s] -- Installing: /home/rhobtor/PHD/j8_control/J8_control/install/ublox_msgs/share/ublox_msgs/msg/CfgGNSS.msg
[119.856s] -- Installing: /home/rhobtor/PHD/j8_control/J8_control/install/ublox_msgs/share/ublox_msgs/msg/CfgHNR.msg
[119.856s] -- Installing: /home/rhobtor/PHD/j8_control/J8_control/install/ublox_msgs/share/ublox_msgs/msg/CfgINFBlock.msg
[119.856s] -- Installing: /home/rhobtor/PHD/j8_control/J8_control/install/ublox_msgs/share/ublox_msgs/msg/CfgINF.msg
[119.856s] -- Installing: /home/rhobtor/PHD/j8_control/J8_control/install/ublox_msgs/share/ublox_msgs/msg/CfgMSG.msg
[119.856s] -- Installing: /home/rhobtor/PHD/j8_control/J8_control/install/ublox_msgs/share/ublox_msgs/msg/CfgNAV5.msg
[119.856s] -- Installing: /home/rhobtor/PHD/j8_control/J8_control/install/ublox_msgs/share/ublox_msgs/msg/CfgNAVX5.msg
[119.856s] -- Installing: /home/rhobtor/PHD/j8_control/J8_control/install/ublox_msgs/share/ublox_msgs/msg/CfgNMEA6.msg
[119.856s] -- Installing: /home/rhobtor/PHD/j8_control/J8_control/install/ublox_msgs/share/ublox_msgs/msg/CfgNMEA7.msg
[119.856s] -- Installing: /home/rhobtor/PHD/j8_control/J8_control/install/ublox_msgs/share/ublox_msgs/msg/CfgNMEA.msg
[119.856s] -- Installing: /home/rhobtor/PHD/j8_control/J8_control/install/ublox_msgs/share/ublox_msgs/msg/CfgPRT.msg
[119.856s] -- Installing: /home/rhobtor/PHD/j8_control/J8_control/install/ublox_msgs/share/ublox_msgs/msg/CfgRATE.msg
[119.856s] -- Installing: /home/rhobtor/PHD/j8_control/J8_control/install/ublox_msgs/share/ublox_msgs/msg/CfgRST.msg
[119.856s] -- Installing: /home/rhobtor/PHD/j8_control/J8_control/install/ublox_msgs/share/ublox_msgs/msg/CfgSBAS.msg
[119.856s] -- Installing: /home/rhobtor/PHD/j8_control/J8_control/install/ublox_msgs/share/ublox_msgs/msg/CfgTMODE3.msg
[119.856s] -- Installing: /home/rhobtor/PHD/j8_control/J8_control/install/ublox_msgs/share/ublox_msgs/msg/CfgUSB.msg
[119.856s] -- Installing: /home/rhobtor/PHD/j8_control/J8_control/install/ublox_msgs/share/ublox_msgs/msg/EsfINS.msg
[119.856s] -- Installing: /home/rhobtor/PHD/j8_control/J8_control/install/ublox_msgs/share/ublox_msgs/msg/EsfMEAS.msg
[119.856s] -- Installing: /home/rhobtor/PHD/j8_control/J8_control/install/ublox_msgs/share/ublox_msgs/msg/EsfRAWBlock.msg
[119.856s] -- Installing: /home/rhobtor/PHD/j8_control/J8_control/install/ublox_msgs/share/ublox_msgs/msg/EsfRAW.msg
[119.856s] -- Installing: /home/rhobtor/PHD/j8_control/J8_control/install/ublox_msgs/share/ublox_msgs/msg/EsfSTATUS.msg
[119.856s] -- Installing: /home/rhobtor/PHD/j8_control/J8_control/install/ublox_msgs/share/ublox_msgs/msg/EsfSTATUSSens.msg
[119.856s] -- Installing: /home/rhobtor/PHD/j8_control/J8_control/install/ublox_msgs/share/ublox_msgs/msg/HnrPVT.msg
[119.856s] -- Installing: /home/rhobtor/PHD/j8_control/J8_control/install/ublox_msgs/share/ublox_msgs/msg/Inf.msg
[119.856s] -- Installing: /home/rhobtor/PHD/j8_control/J8_control/install/ublox_msgs/share/ublox_msgs/msg/MgaGAL.msg
[119.856s] -- Installing: /home/rhobtor/PHD/j8_control/J8_control/install/ublox_msgs/share/ublox_msgs/msg/MonGNSS.msg
[119.857s] -- Installing: /home/rhobtor/PHD/j8_control/J8_control/install/ublox_msgs/share/ublox_msgs/msg/MonHW6.msg
[119.857s] -- Installing: /home/rhobtor/PHD/j8_control/J8_control/install/ublox_msgs/share/ublox_msgs/msg/MonHW.msg
[119.857s] -- Installing: /home/rhobtor/PHD/j8_control/J8_control/install/ublox_msgs/share/ublox_msgs/msg/MonVERExtension.msg
[119.857s] -- Installing: /home/rhobtor/PHD/j8_control/J8_control/install/ublox_msgs/share/ublox_msgs/msg/MonVER.msg
[119.857s] -- Installing: /home/rhobtor/PHD/j8_control/J8_control/install/ublox_msgs/share/ublox_msgs/msg/NavATT.msg
[119.857s] -- Installing: /home/rhobtor/PHD/j8_control/J8_control/install/ublox_msgs/share/ublox_msgs/msg/NavCLOCK.msg
[119.857s] -- Installing: /home/rhobtor/PHD/j8_control/J8_control/install/ublox_msgs/share/ublox_msgs/msg/NavCOV.msg
[119.857s] -- Installing: /home/rhobtor/PHD/j8_control/J8_control/install/ublox_msgs/share/ublox_msgs/msg/NavDGPS.msg
[119.858s] -- Installing: /home/rhobtor/PHD/j8_control/J8_control/install/ublox_msgs/share/ublox_msgs/msg/NavDGPSSV.msg
[119.858s] -- Installing: /home/rhobtor/PHD/j8_control/J8_control/install/ublox_msgs/share/ublox_msgs/msg/NavDOP.msg
[119.858s] -- Installing: /home/rhobtor/PHD/j8_control/J8_control/install/ublox_msgs/share/ublox_msgs/msg/NavPOSECEF.msg
[119.858s] -- Installing: /home/rhobtor/PHD/j8_control/J8_control/install/ublox_msgs/share/ublox_msgs/msg/NavPOSLLH.msg
[119.858s] -- Installing: /home/rhobtor/PHD/j8_control/J8_control/install/ublox_msgs/share/ublox_msgs/msg/NavPVT7.msg
[119.858s] -- Installing: /home/rhobtor/PHD/j8_control/J8_control/install/ublox_msgs/share/ublox_msgs/msg/NavPVT.msg
[119.859s] -- Installing: /home/rhobtor/PHD/j8_control/J8_control/install/ublox_msgs/share/ublox_msgs/msg/NavRELPOSNED9.msg
[119.859s] -- Installing: /home/rhobtor/PHD/j8_control/J8_control/install/ublox_msgs/share/ublox_msgs/msg/NavRELPOSNED.msg
[119.859s] -- Installing: /home/rhobtor/PHD/j8_control/J8_control/install/ublox_msgs/share/ublox_msgs/msg/NavSAT.msg
[119.859s] -- Installing: /home/rhobtor/PHD/j8_control/J8_control/install/ublox_msgs/share/ublox_msgs/msg/NavSATSV.msg
[119.859s] -- Installing: /home/rhobtor/PHD/j8_control/J8_control/install/ublox_msgs/share/ublox_msgs/msg/NavSBAS.msg
[119.859s] -- Installing: /home/rhobtor/PHD/j8_control/J8_control/install/ublox_msgs/share/ublox_msgs/msg/NavSBASSV.msg
[119.859s] -- Installing: /home/rhobtor/PHD/j8_control/J8_control/install/ublox_msgs/share/ublox_msgs/msg/NavSOL.msg
[119.860s] -- Installing: /home/rhobtor/PHD/j8_control/J8_control/install/ublox_msgs/share/ublox_msgs/msg/NavSTATUS.msg
[119.860s] -- Installing: /home/rhobtor/PHD/j8_control/J8_control/install/ublox_msgs/share/ublox_msgs/msg/NavSVINFO.msg
[119.860s] -- Installing: /home/rhobtor/PHD/j8_control/J8_control/install/ublox_msgs/share/ublox_msgs/msg/NavSVINFOSV.msg
[119.860s] -- Installing: /home/rhobtor/PHD/j8_control/J8_control/install/ublox_msgs/share/ublox_msgs/msg/NavSVIN.msg
[119.860s] -- Installing: /home/rhobtor/PHD/j8_control/J8_control/install/ublox_msgs/share/ublox_msgs/msg/NavTIMEGPS.msg
[119.860s] -- Installing: /home/rhobtor/PHD/j8_control/J8_control/install/ublox_msgs/share/ublox_msgs/msg/NavTIMEUTC.msg
[119.860s] -- Installing: /home/rhobtor/PHD/j8_control/J8_control/install/ublox_msgs/share/ublox_msgs/msg/NavVELECEF.msg
[119.861s] -- Installing: /home/rhobtor/PHD/j8_control/J8_control/install/ublox_msgs/share/ublox_msgs/msg/NavVELNED.msg
[119.861s] -- Installing: /home/rhobtor/PHD/j8_control/J8_control/install/ublox_msgs/share/ublox_msgs/msg/RxmALM.msg
[119.861s] -- Installing: /home/rhobtor/PHD/j8_control/J8_control/install/ublox_msgs/share/ublox_msgs/msg/RxmEPH.msg
[119.861s] -- Installing: /home/rhobtor/PHD/j8_control/J8_control/install/ublox_msgs/share/ublox_msgs/msg/RxmRAW.msg
[119.861s] -- Installing: /home/rhobtor/PHD/j8_control/J8_control/install/ublox_msgs/share/ublox_msgs/msg/RxmRAWSV.msg
[119.861s] -- Installing: /home/rhobtor/PHD/j8_control/J8_control/install/ublox_msgs/share/ublox_msgs/msg/RxmRAWXMeas.msg
[119.862s] -- Installing: /home/rhobtor/PHD/j8_control/J8_control/install/ublox_msgs/share/ublox_msgs/msg/RxmRAWX.msg
[119.862s] -- Installing: /home/rhobtor/PHD/j8_control/J8_control/install/ublox_msgs/share/ublox_msgs/msg/RxmRTCM.msg
[119.862s] -- Installing: /home/rhobtor/PHD/j8_control/J8_control/install/ublox_msgs/share/ublox_msgs/msg/RxmSFRB.msg
[119.862s] -- Installing: /home/rhobtor/PHD/j8_control/J8_control/install/ublox_msgs/share/ublox_msgs/msg/RxmSFRBX.msg
[119.862s] -- Installing: /home/rhobtor/PHD/j8_control/J8_control/install/ublox_msgs/share/ublox_msgs/msg/RxmSVSI.msg
[119.862s] -- Installing: /home/rhobtor/PHD/j8_control/J8_control/install/ublox_msgs/share/ublox_msgs/msg/RxmSVSISV.msg
[119.862s] -- Installing: /home/rhobtor/PHD/j8_control/J8_control/install/ublox_msgs/share/ublox_msgs/msg/TimTM2.msg
[119.863s] -- Installing: /home/rhobtor/PHD/j8_control/J8_control/install/ublox_msgs/share/ublox_msgs/msg/UpdSOSAck.msg
[119.863s] -- Installing: /home/rhobtor/PHD/j8_control/J8_control/install/ublox_msgs/share/ublox_msgs/msg/UpdSOS.msg
[119.863s] -- Installing: /home/rhobtor/PHD/j8_control/J8_control/install/ublox_msgs/lib/libublox_msgs_lib.so
[119.864s] -- Set runtime path of "/home/rhobtor/PHD/j8_control/J8_control/install/ublox_msgs/lib/libublox_msgs_lib.so" to ""
[119.864s] -- Up-to-date: /home/rhobtor/PHD/j8_control/J8_control/install/ublox_msgs/include/ublox_msgs
[119.864s] -- Up-to-date: /home/rhobtor/PHD/j8_control/J8_control/install/ublox_msgs/include/ublox_msgs/ublox_msgs
[119.864s] -- Installing: /home/rhobtor/PHD/j8_control/J8_control/install/ublox_msgs/include/ublox_msgs/ublox_msgs/ublox_msgs.hpp
[119.864s] -- Installing: /home/rhobtor/PHD/j8_control/J8_control/install/ublox_msgs/include/ublox_msgs/ublox_msgs/serialization.hpp
[119.864s] -- Installing: /home/rhobtor/PHD/j8_control/J8_control/install/ublox_msgs/share/ament_index/resource_index/package_run_dependencies/ublox_msgs
[119.865s] -- Installing: /home/rhobtor/PHD/j8_control/J8_control/install/ublox_msgs/share/ament_index/resource_index/parent_prefix_path/ublox_msgs
[119.865s] -- Installing: /home/rhobtor/PHD/j8_control/J8_control/install/ublox_msgs/share/ublox_msgs/environment/ament_prefix_path.sh
[119.865s] -- Installing: /home/rhobtor/PHD/j8_control/J8_control/install/ublox_msgs/share/ublox_msgs/environment/ament_prefix_path.dsv
[119.865s] -- Installing: /home/rhobtor/PHD/j8_control/J8_control/install/ublox_msgs/share/ublox_msgs/environment/path.sh
[119.865s] -- Installing: /home/rhobtor/PHD/j8_control/J8_control/install/ublox_msgs/share/ublox_msgs/environment/path.dsv
[119.866s] -- Installing: /home/rhobtor/PHD/j8_control/J8_control/install/ublox_msgs/share/ublox_msgs/local_setup.bash
[119.866s] -- Installing: /home/rhobtor/PHD/j8_control/J8_control/install/ublox_msgs/share/ublox_msgs/local_setup.sh
[119.866s] -- Installing: /home/rhobtor/PHD/j8_control/J8_control/install/ublox_msgs/share/ublox_msgs/local_setup.zsh
[119.866s] -- Installing: /home/rhobtor/PHD/j8_control/J8_control/install/ublox_msgs/share/ublox_msgs/local_setup.dsv
[119.866s] -- Installing: /home/rhobtor/PHD/j8_control/J8_control/install/ublox_msgs/share/ublox_msgs/package.dsv
[119.866s] -- Installing: /home/rhobtor/PHD/j8_control/J8_control/install/ublox_msgs/share/ament_index/resource_index/packages/ublox_msgs
[119.866s] -- Installing: /home/rhobtor/PHD/j8_control/J8_control/install/ublox_msgs/share/ublox_msgs/cmake/export_ublox_msgs__rosidl_generator_cExport.cmake
[119.867s] -- Installing: /home/rhobtor/PHD/j8_control/J8_control/install/ublox_msgs/share/ublox_msgs/cmake/export_ublox_msgs__rosidl_generator_cExport-noconfig.cmake
[119.867s] -- Installing: /home/rhobtor/PHD/j8_control/J8_control/install/ublox_msgs/share/ublox_msgs/cmake/export_ublox_msgs__rosidl_typesupport_fastrtps_cExport.cmake
[119.867s] -- Installing: /home/rhobtor/PHD/j8_control/J8_control/install/ublox_msgs/share/ublox_msgs/cmake/export_ublox_msgs__rosidl_typesupport_fastrtps_cExport-noconfig.cmake
[119.867s] -- Installing: /home/rhobtor/PHD/j8_control/J8_control/install/ublox_msgs/share/ublox_msgs/cmake/ublox_msgs__rosidl_typesupport_introspection_cExport.cmake
[119.867s] -- Installing: /home/rhobtor/PHD/j8_control/J8_control/install/ublox_msgs/share/ublox_msgs/cmake/ublox_msgs__rosidl_typesupport_introspection_cExport-noconfig.cmake
[119.867s] -- Installing: /home/rhobtor/PHD/j8_control/J8_control/install/ublox_msgs/share/ublox_msgs/cmake/ublox_msgs__rosidl_typesupport_cExport.cmake
[119.867s] -- Installing: /home/rhobtor/PHD/j8_control/J8_control/install/ublox_msgs/share/ublox_msgs/cmake/ublox_msgs__rosidl_typesupport_cExport-noconfig.cmake
[119.867s] -- Installing: /home/rhobtor/PHD/j8_control/J8_control/install/ublox_msgs/share/ublox_msgs/cmake/export_ublox_msgs__rosidl_generator_cppExport.cmake
[119.868s] -- Installing: /home/rhobtor/PHD/j8_control/J8_control/install/ublox_msgs/share/ublox_msgs/cmake/export_ublox_msgs__rosidl_typesupport_fastrtps_cppExport.cmake
[119.868s] -- Installing: /home/rhobtor/PHD/j8_control/J8_control/install/ublox_msgs/share/ublox_msgs/cmake/export_ublox_msgs__rosidl_typesupport_fastrtps_cppExport-noconfig.cmake
[119.868s] -- Installing: /home/rhobtor/PHD/j8_control/J8_control/install/ublox_msgs/share/ublox_msgs/cmake/ublox_msgs__rosidl_typesupport_introspection_cppExport.cmake
[119.868s] -- Installing: /home/rhobtor/PHD/j8_control/J8_control/install/ublox_msgs/share/ublox_msgs/cmake/ublox_msgs__rosidl_typesupport_introspection_cppExport-noconfig.cmake
[119.868s] -- Installing: /home/rhobtor/PHD/j8_control/J8_control/install/ublox_msgs/share/ublox_msgs/cmake/ublox_msgs__rosidl_typesupport_cppExport.cmake
[119.868s] -- Installing: /home/rhobtor/PHD/j8_control/J8_control/install/ublox_msgs/share/ublox_msgs/cmake/ublox_msgs__rosidl_typesupport_cppExport-noconfig.cmake
[119.868s] -- Installing: /home/rhobtor/PHD/j8_control/J8_control/install/ublox_msgs/share/ublox_msgs/cmake/export_ublox_msgs__rosidl_generator_pyExport.cmake
[119.868s] -- Installing: /home/rhobtor/PHD/j8_control/J8_control/install/ublox_msgs/share/ublox_msgs/cmake/export_ublox_msgs__rosidl_generator_pyExport-noconfig.cmake
[119.869s] -- Installing: /home/rhobtor/PHD/j8_control/J8_control/install/ublox_msgs/share/ublox_msgs/cmake/ublox_msgs_libExport.cmake
[119.869s] -- Installing: /home/rhobtor/PHD/j8_control/J8_control/install/ublox_msgs/share/ublox_msgs/cmake/ublox_msgs_libExport-noconfig.cmake
[119.869s] -- Installing: /home/rhobtor/PHD/j8_control/J8_control/install/ublox_msgs/share/ublox_msgs/cmake/rosidl_cmake-extras.cmake
[119.869s] -- Installing: /home/rhobtor/PHD/j8_control/J8_control/install/ublox_msgs/share/ublox_msgs/cmake/ament_cmake_export_dependencies-extras.cmake
[119.869s] -- Installing: /home/rhobtor/PHD/j8_control/J8_control/install/ublox_msgs/share/ublox_msgs/cmake/ament_cmake_export_include_directories-extras.cmake
[119.869s] -- Installing: /home/rhobtor/PHD/j8_control/J8_control/install/ublox_msgs/share/ublox_msgs/cmake/ament_cmake_export_libraries-extras.cmake
[119.869s] -- Installing: /home/rhobtor/PHD/j8_control/J8_control/install/ublox_msgs/share/ublox_msgs/cmake/ament_cmake_export_targets-extras.cmake
[119.869s] -- Installing: /home/rhobtor/PHD/j8_control/J8_control/install/ublox_msgs/share/ublox_msgs/cmake/rosidl_cmake_export_typesupport_targets-extras.cmake
[119.869s] -- Installing: /home/rhobtor/PHD/j8_control/J8_control/install/ublox_msgs/share/ublox_msgs/cmake/rosidl_cmake_export_typesupport_libraries-extras.cmake
[119.870s] -- Installing: /home/rhobtor/PHD/j8_control/J8_control/install/ublox_msgs/share/ublox_msgs/cmake/rosidl_cmake_aggregate_target-extras.cmake
[119.870s] -- Installing: /home/rhobtor/PHD/j8_control/J8_control/install/ublox_msgs/share/ublox_msgs/cmake/ublox_msgsConfig.cmake
[119.870s] -- Installing: /home/rhobtor/PHD/j8_control/J8_control/install/ublox_msgs/share/ublox_msgs/cmake/ublox_msgsConfig-version.cmake
[119.870s] -- Installing: /home/rhobtor/PHD/j8_control/J8_control/install/ublox_msgs/share/ublox_msgs/package.xml
[119.872s] Invoked command in '/home/rhobtor/PHD/j8_control/J8_control/build/ublox_msgs' returned '0': AMENT_PREFIX_PATH=/home/rhobtor/PHD/j8_control/J8_control/install/ublox_serialization:${AMENT_PREFIX_PATH} CMAKE_PREFIX_PATH=/home/rhobtor/PHD/j8_control/J8_control/install/ublox_serialization:/home/rhobtor/PHD/ARGOSJ8_IA/ARGOSJ8_IA_/install/wiimote_msgs:/home/rhobtor/PHD/ARGOSJ8_IA/ARGOSJ8_IA_/install/ublox:/home/rhobtor/PHD/ARGOSJ8_IA/ARGOSJ8_IA_/install/ublox_gps:/home/rhobtor/PHD/ARGOSJ8_IA/ARGOSJ8_IA_/install/security_check:/home/rhobtor/PHD/ARGOSJ8_IA/ARGOSJ8_IA_/install/ctl_mission:/home/rhobtor/PHD/ARGOSJ8_IA/ARGOSJ8_IA_/install/ublox_msgs:/home/rhobtor/PHD/ARGOSJ8_IA/ARGOSJ8_IA_/install/ublox_serialization:/home/rhobtor/PHD/ARGOSJ8_IA/ARGOSJ8_IA_/install/spacenav:/home/rhobtor/PHD/ARGOSJ8_IA/ARGOSJ8_IA_/install/laser_segmentation:/home/rhobtor/PHD/ARGOSJ8_IA/ARGOSJ8_IA_/install/slg_msgs:/home/rhobtor/PHD/ARGOSJ8_IA/ARGOSJ8_IA_/install/security_check_interfaces:/home/rhobtor/PHD/ARGOSJ8_IA/ARGOSJ8_IA_/install/joy:/home/rhobtor/PHD/ARGOSJ8_IA/ARGOSJ8_IA_/install/sdl2_vendor:/home/rhobtor/PHD/ARGOSJ8_IA/ARGOSJ8_IA_/install/path_manager:/home/rhobtor/PHD/ARGOSJ8_IA/ARGOSJ8_IA_/install/path_manager_interfaces:/home/rhobtor/PHD/ARGOSJ8_IA/ARGOSJ8_IA_/install/joy_linux:/home/rhobtor/PHD/ARGOSJ8_IA/ARGOSJ8_IA_/install/j8_xacro_model:/home/rhobtor/PHD/ARGOSJ8_IA/ARGOSJ8_IA_/install/hikmicro_thermal_camera:/home/rhobtor/PHD/ARGOSJ8_IA/ARGOSJ8_IA_/install/hector_gazebo_plugins:/home/rhobtor/PHD/ARGOSJ8_IA/ARGOSJ8_IA_/install/fixposition_sensor_pkg:/home/rhobtor/PHD/ARGOSJ8_IA/ARGOSJ8_IA_/install/fixposition_odometry_converter_ros2:/home/rhobtor/PHD/ARGOSJ8_IA/ARGOSJ8_IA_/install/fixposition_driver_ros2:/home/rhobtor/PHD/ARGOSJ8_IA/ARGOSJ8_IA_/install/fixposition_driver_lib:/home/rhobtor/PHD/ARGOSJ8_IA/ARGOSJ8_IA_/install/fixposition_gnss_tf:/home/rhobtor/PHD/ARGOSJ8_IA/ARGOSJ8_IA_/install/ctl_mission_interfaces:/home/rhobtor/PHD/ARGOSJ8_IA/ARGOSJ8_IA_/install/car_cpp:/home/rhobtor/PHD/ARGOSJ8_IA/ARGOSJ8_IA_/install/car_interfaces:/home/rhobtor/PHD/ARGOSJ8_IA/ARGOSJ8_IA_/install/argj801_setup:/home/rhobtor/PHD/ARGOSJ8_IA/ARGOSJ8_IA_/install/argj801_sensors:/home/rhobtor/PHD/ARGOSJ8_IA/ARGOSJ8_IA_/install/argj801_sensors_msgs:/home/rhobtor/PHD/ARGOSJ8_IA/ARGOSJ8_IA_/install/argj801_ctl_platform:/home/rhobtor/PHD/ARGOSJ8_IA/ARGOSJ8_IA_/install/argj801_ctl_platform_interfaces:/home/rhobtor/PHD/model_terrain_ugv/Model_terrain_ugv/install/model_terrain_cpp:/home/rhobtor/PHD/path_dem/install_navigation/path_dem:/home/rhobtor/PHD/path_dem/install/path_dem:/home/rhobtor/PHD/install_global_belief_final/path_dem:/home/rhobtor/PHD/ARGOSJ8_IA/ARGOSJ8_IA_/install/car:/home/rhobtor/PHD/ARGOSJ8_IA/ARGOSJ8_IA_/install/ntrip_client:/home/rhobtor/PHD/ARGOSJ8_IA/ARGOSJ8_IA_/install/j8_gui:/home/rhobtor/PHD/ARGOSJ8_IA/ARGOSJ8_IA_/install/gui:/home/rhobtor/PHD/ARGOSJ8_IA/ARGOSJ8_IA_/install/android_ros2_server:/home/rhobtor/PHD/ARGOSJ8_IA/ARGOSJ8_IA_/install/GUI_pkg:/home/rhobtor/PHD/model_terrain_ugv/Model_terrain_ugv/install/model_terrain:/opt/ros/humble /usr/bin/cmake --install /home/rhobtor/PHD/j8_control/J8_control/build/ublox_msgs
