[0.075s] DEBUG:colcon:Command line arguments: ['/usr/bin/colcon', 'build']
[0.075s] DEBUG:colcon:Parsed command line arguments: Namespace(log_base=None, log_level=None, verb_name='build', build_base='build', install_base='install', merge_install=False, symlink_install=False, test_result_base=None, continue_on_error=False, executor='parallel', parallel_workers=20, event_handlers=None, ignore_user_meta=False, metas=['./colcon.meta'], base_paths=['.'], packages_ignore=None, packages_ignore_regex=None, paths=None, packages_up_to=None, packages_up_to_regex=None, packages_above=None, packages_above_and_dependencies=None, packages_above_depth=None, packages_select_by_dep=None, packages_skip_by_dep=None, packages_skip_up_to=None, packages_select_build_failed=False, packages_skip_build_finished=False, packages_select_test_failures=False, packages_skip_test_passed=False, packages_select=None, packages_skip=None, packages_select_regex=None, packages_skip_regex=None, packages_start=None, packages_end=None, allow_overriding=[], cmake_args=None, cmake_target=None, cmake_target_skip_unavailable=False, cmake_clean_cache=False, cmake_clean_first=False, cmake_force_configure=False, ament_cmake_args=None, catkin_cmake_args=None, catkin_skip_building_tests=False, mixin_files=None, mixin=None, verb_parser=<colcon_mixin.mixin.mixin_argument.MixinArgumentDecorator object at 0x7180ab4a6a10>, verb_extension=<colcon_core.verb.build.BuildVerb object at 0x7180ab5f0280>, main=<bound method BuildVerb.main of <colcon_core.verb.build.BuildVerb object at 0x7180ab5f0280>>, mixin_verb=('build',))
[0.103s] Level 1:colcon.colcon_core.package_discovery:discover_packages(colcon_meta) check parameters
[0.103s] Level 1:colcon.colcon_core.package_discovery:discover_packages(recursive) check parameters
[0.103s] Level 1:colcon.colcon_core.package_discovery:discover_packages(ignore) check parameters
[0.103s] Level 1:colcon.colcon_core.package_discovery:discover_packages(path) check parameters
[0.103s] Level 1:colcon.colcon_core.package_discovery:discover_packages(colcon_meta) discover
[0.103s] Level 1:colcon.colcon_core.package_discovery:discover_packages(recursive) discover
[0.104s] INFO:colcon.colcon_core.package_discovery:Crawling recursively for packages in '/home/rhobtor/PHD/j8_control/J8_control'
[0.104s] Level 1:colcon.colcon_core.package_identification:_identify(.) by extensions ['ignore', 'ignore_ament_install']
[0.104s] Level 1:colcon.colcon_core.package_identification:_identify(.) by extension 'ignore'
[0.104s] Level 1:colcon.colcon_core.package_identification:_identify(.) by extension 'ignore_ament_install'
[0.104s] Level 1:colcon.colcon_core.package_identification:_identify(.) by extensions ['colcon_pkg']
[0.104s] Level 1:colcon.colcon_core.package_identification:_identify(.) by extension 'colcon_pkg'
[0.104s] Level 1:colcon.colcon_core.package_identification:_identify(.) by extensions ['colcon_meta']
[0.104s] Level 1:colcon.colcon_core.package_identification:_identify(.) by extension 'colcon_meta'
[0.104s] Level 1:colcon.colcon_core.package_identification:_identify(.) by extensions ['ros']
[0.104s] Level 1:colcon.colcon_core.package_identification:_identify(.) by extension 'ros'
[0.112s] Level 1:colcon.colcon_core.package_identification:_identify(.) by extensions ['cmake', 'python']
[0.112s] Level 1:colcon.colcon_core.package_identification:_identify(.) by extension 'cmake'
[0.112s] Level 1:colcon.colcon_core.package_identification:_identify(.) by extension 'python'
[0.112s] Level 1:colcon.colcon_core.package_identification:_identify(.) by extensions ['python_setup_py']
[0.112s] Level 1:colcon.colcon_core.package_identification:_identify(.) by extension 'python_setup_py'
[0.113s] Level 1:colcon.colcon_core.package_identification:_identify(build) by extensions ['ignore', 'ignore_ament_install']
[0.113s] Level 1:colcon.colcon_core.package_identification:_identify(build) by extension 'ignore'
[0.113s] Level 1:colcon.colcon_core.package_identification:_identify(build) ignored
[0.113s] Level 1:colcon.colcon_core.package_identification:_identify(docs) by extensions ['ignore', 'ignore_ament_install']
[0.113s] Level 1:colcon.colcon_core.package_identification:_identify(docs) by extension 'ignore'
[0.113s] Level 1:colcon.colcon_core.package_identification:_identify(docs) by extension 'ignore_ament_install'
[0.113s] Level 1:colcon.colcon_core.package_identification:_identify(docs) by extensions ['colcon_pkg']
[0.113s] Level 1:colcon.colcon_core.package_identification:_identify(docs) by extension 'colcon_pkg'
[0.113s] Level 1:colcon.colcon_core.package_identification:_identify(docs) by extensions ['colcon_meta']
[0.113s] Level 1:colcon.colcon_core.package_identification:_identify(docs) by extension 'colcon_meta'
[0.113s] Level 1:colcon.colcon_core.package_identification:_identify(docs) by extensions ['ros']
[0.113s] Level 1:colcon.colcon_core.package_identification:_identify(docs) by extension 'ros'
[0.113s] Level 1:colcon.colcon_core.package_identification:_identify(docs) by extensions ['cmake', 'python']
[0.113s] Level 1:colcon.colcon_core.package_identification:_identify(docs) by extension 'cmake'
[0.113s] Level 1:colcon.colcon_core.package_identification:_identify(docs) by extension 'python'
[0.113s] Level 1:colcon.colcon_core.package_identification:_identify(docs) by extensions ['python_setup_py']
[0.113s] Level 1:colcon.colcon_core.package_identification:_identify(docs) by extension 'python_setup_py'
[0.113s] Level 1:colcon.colcon_core.package_identification:_identify(install) by extensions ['ignore', 'ignore_ament_install']
[0.113s] Level 1:colcon.colcon_core.package_identification:_identify(install) by extension 'ignore'
[0.113s] Level 1:colcon.colcon_core.package_identification:_identify(install) ignored
[0.113s] Level 1:colcon.colcon_core.package_identification:_identify(log) by extensions ['ignore', 'ignore_ament_install']
[0.113s] Level 1:colcon.colcon_core.package_identification:_identify(log) by extension 'ignore'
[0.113s] Level 1:colcon.colcon_core.package_identification:_identify(log) ignored
[0.113s] Level 1:colcon.colcon_core.package_identification:_identify(maps) by extensions ['ignore', 'ignore_ament_install']
[0.113s] Level 1:colcon.colcon_core.package_identification:_identify(maps) by extension 'ignore'
[0.113s] Level 1:colcon.colcon_core.package_identification:_identify(maps) by extension 'ignore_ament_install'
[0.113s] Level 1:colcon.colcon_core.package_identification:_identify(maps) by extensions ['colcon_pkg']
[0.113s] Level 1:colcon.colcon_core.package_identification:_identify(maps) by extension 'colcon_pkg'
[0.113s] Level 1:colcon.colcon_core.package_identification:_identify(maps) by extensions ['colcon_meta']
[0.113s] Level 1:colcon.colcon_core.package_identification:_identify(maps) by extension 'colcon_meta'
[0.113s] Level 1:colcon.colcon_core.package_identification:_identify(maps) by extensions ['ros']
[0.113s] Level 1:colcon.colcon_core.package_identification:_identify(maps) by extension 'ros'
[0.114s] Level 1:colcon.colcon_core.package_identification:_identify(maps) by extensions ['cmake', 'python']
[0.114s] Level 1:colcon.colcon_core.package_identification:_identify(maps) by extension 'cmake'
[0.114s] Level 1:colcon.colcon_core.package_identification:_identify(maps) by extension 'python'
[0.114s] Level 1:colcon.colcon_core.package_identification:_identify(maps) by extensions ['python_setup_py']
[0.114s] Level 1:colcon.colcon_core.package_identification:_identify(maps) by extension 'python_setup_py'
[0.114s] Level 1:colcon.colcon_core.package_identification:_identify(maps/dem) by extensions ['ignore', 'ignore_ament_install']
[0.114s] Level 1:colcon.colcon_core.package_identification:_identify(maps/dem) by extension 'ignore'
[0.114s] Level 1:colcon.colcon_core.package_identification:_identify(maps/dem) by extension 'ignore_ament_install'
[0.114s] Level 1:colcon.colcon_core.package_identification:_identify(maps/dem) by extensions ['colcon_pkg']
[0.114s] Level 1:colcon.colcon_core.package_identification:_identify(maps/dem) by extension 'colcon_pkg'
[0.114s] Level 1:colcon.colcon_core.package_identification:_identify(maps/dem) by extensions ['colcon_meta']
[0.114s] Level 1:colcon.colcon_core.package_identification:_identify(maps/dem) by extension 'colcon_meta'
[0.114s] Level 1:colcon.colcon_core.package_identification:_identify(maps/dem) by extensions ['ros']
[0.114s] Level 1:colcon.colcon_core.package_identification:_identify(maps/dem) by extension 'ros'
[0.114s] Level 1:colcon.colcon_core.package_identification:_identify(maps/dem) by extensions ['cmake', 'python']
[0.114s] Level 1:colcon.colcon_core.package_identification:_identify(maps/dem) by extension 'cmake'
[0.114s] Level 1:colcon.colcon_core.package_identification:_identify(maps/dem) by extension 'python'
[0.114s] Level 1:colcon.colcon_core.package_identification:_identify(maps/dem) by extensions ['python_setup_py']
[0.114s] Level 1:colcon.colcon_core.package_identification:_identify(maps/dem) by extension 'python_setup_py'
[0.114s] Level 1:colcon.colcon_core.package_identification:_identify(src) by extensions ['ignore', 'ignore_ament_install']
[0.114s] Level 1:colcon.colcon_core.package_identification:_identify(src) by extension 'ignore'
[0.114s] Level 1:colcon.colcon_core.package_identification:_identify(src) by extension 'ignore_ament_install'
[0.114s] Level 1:colcon.colcon_core.package_identification:_identify(src) by extensions ['colcon_pkg']
[0.114s] Level 1:colcon.colcon_core.package_identification:_identify(src) by extension 'colcon_pkg'
[0.114s] Level 1:colcon.colcon_core.package_identification:_identify(src) by extensions ['colcon_meta']
[0.114s] Level 1:colcon.colcon_core.package_identification:_identify(src) by extension 'colcon_meta'
[0.114s] Level 1:colcon.colcon_core.package_identification:_identify(src) by extensions ['ros']
[0.114s] Level 1:colcon.colcon_core.package_identification:_identify(src) by extension 'ros'
[0.114s] Level 1:colcon.colcon_core.package_identification:_identify(src) by extensions ['cmake', 'python']
[0.114s] Level 1:colcon.colcon_core.package_identification:_identify(src) by extension 'cmake'
[0.114s] Level 1:colcon.colcon_core.package_identification:_identify(src) by extension 'python'
[0.114s] Level 1:colcon.colcon_core.package_identification:_identify(src) by extensions ['python_setup_py']
[0.114s] Level 1:colcon.colcon_core.package_identification:_identify(src) by extension 'python_setup_py'
[0.114s] Level 1:colcon.colcon_core.package_identification:_identify(src/GUI_pkg) by extensions ['ignore', 'ignore_ament_install']
[0.114s] Level 1:colcon.colcon_core.package_identification:_identify(src/GUI_pkg) by extension 'ignore'
[0.114s] Level 1:colcon.colcon_core.package_identification:_identify(src/GUI_pkg) by extension 'ignore_ament_install'
[0.114s] Level 1:colcon.colcon_core.package_identification:_identify(src/GUI_pkg) by extensions ['colcon_pkg']
[0.114s] Level 1:colcon.colcon_core.package_identification:_identify(src/GUI_pkg) by extension 'colcon_pkg'
[0.114s] Level 1:colcon.colcon_core.package_identification:_identify(src/GUI_pkg) by extensions ['colcon_meta']
[0.114s] Level 1:colcon.colcon_core.package_identification:_identify(src/GUI_pkg) by extension 'colcon_meta'
[0.114s] Level 1:colcon.colcon_core.package_identification:_identify(src/GUI_pkg) by extensions ['ros']
[0.114s] Level 1:colcon.colcon_core.package_identification:_identify(src/GUI_pkg) by extension 'ros'
[0.117s] DEBUG:colcon.colcon_core.package_identification:Package 'src/GUI_pkg' with type 'ros.ament_python' and name 'GUI_pkg'
[0.117s] Level 1:colcon.colcon_core.package_identification:_identify(src/android_ros2_server) by extensions ['ignore', 'ignore_ament_install']
[0.117s] Level 1:colcon.colcon_core.package_identification:_identify(src/android_ros2_server) by extension 'ignore'
[0.117s] Level 1:colcon.colcon_core.package_identification:_identify(src/android_ros2_server) by extension 'ignore_ament_install'
[0.117s] Level 1:colcon.colcon_core.package_identification:_identify(src/android_ros2_server) by extensions ['colcon_pkg']
[0.117s] Level 1:colcon.colcon_core.package_identification:_identify(src/android_ros2_server) by extension 'colcon_pkg'
[0.117s] Level 1:colcon.colcon_core.package_identification:_identify(src/android_ros2_server) by extensions ['colcon_meta']
[0.117s] Level 1:colcon.colcon_core.package_identification:_identify(src/android_ros2_server) by extension 'colcon_meta'
[0.117s] Level 1:colcon.colcon_core.package_identification:_identify(src/android_ros2_server) by extensions ['ros']
[0.117s] Level 1:colcon.colcon_core.package_identification:_identify(src/android_ros2_server) by extension 'ros'
[0.118s] DEBUG:colcon.colcon_core.package_identification:Package 'src/android_ros2_server' with type 'ros.ament_python' and name 'android_ros2_server'
[0.118s] Level 1:colcon.colcon_core.package_identification:_identify(src/argj801_ctl_platform) by extensions ['ignore', 'ignore_ament_install']
[0.118s] Level 1:colcon.colcon_core.package_identification:_identify(src/argj801_ctl_platform) by extension 'ignore'
[0.118s] Level 1:colcon.colcon_core.package_identification:_identify(src/argj801_ctl_platform) by extension 'ignore_ament_install'
[0.118s] Level 1:colcon.colcon_core.package_identification:_identify(src/argj801_ctl_platform) by extensions ['colcon_pkg']
[0.118s] Level 1:colcon.colcon_core.package_identification:_identify(src/argj801_ctl_platform) by extension 'colcon_pkg'
[0.118s] Level 1:colcon.colcon_core.package_identification:_identify(src/argj801_ctl_platform) by extensions ['colcon_meta']
[0.118s] Level 1:colcon.colcon_core.package_identification:_identify(src/argj801_ctl_platform) by extension 'colcon_meta'
[0.118s] Level 1:colcon.colcon_core.package_identification:_identify(src/argj801_ctl_platform) by extensions ['ros']
[0.118s] Level 1:colcon.colcon_core.package_identification:_identify(src/argj801_ctl_platform) by extension 'ros'
[0.118s] Level 1:colcon.colcon_core.package_identification:_identify(src/argj801_ctl_platform) by extensions ['cmake', 'python']
[0.118s] Level 1:colcon.colcon_core.package_identification:_identify(src/argj801_ctl_platform) by extension 'cmake'
[0.118s] Level 1:colcon.colcon_core.package_identification:_identify(src/argj801_ctl_platform) by extension 'python'
[0.118s] Level 1:colcon.colcon_core.package_identification:_identify(src/argj801_ctl_platform) by extensions ['python_setup_py']
[0.118s] Level 1:colcon.colcon_core.package_identification:_identify(src/argj801_ctl_platform) by extension 'python_setup_py'
[0.118s] Level 1:colcon.colcon_core.package_identification:_identify(src/argj801_ctl_platform/argj801_ctl_platform) by extensions ['ignore', 'ignore_ament_install']
[0.118s] Level 1:colcon.colcon_core.package_identification:_identify(src/argj801_ctl_platform/argj801_ctl_platform) by extension 'ignore'
[0.118s] Level 1:colcon.colcon_core.package_identification:_identify(src/argj801_ctl_platform/argj801_ctl_platform) by extension 'ignore_ament_install'
[0.118s] Level 1:colcon.colcon_core.package_identification:_identify(src/argj801_ctl_platform/argj801_ctl_platform) by extensions ['colcon_pkg']
[0.118s] Level 1:colcon.colcon_core.package_identification:_identify(src/argj801_ctl_platform/argj801_ctl_platform) by extension 'colcon_pkg'
[0.118s] Level 1:colcon.colcon_core.package_identification:_identify(src/argj801_ctl_platform/argj801_ctl_platform) by extensions ['colcon_meta']
[0.118s] Level 1:colcon.colcon_core.package_identification:_identify(src/argj801_ctl_platform/argj801_ctl_platform) by extension 'colcon_meta'
[0.118s] Level 1:colcon.colcon_core.package_identification:_identify(src/argj801_ctl_platform/argj801_ctl_platform) by extensions ['ros']
[0.118s] Level 1:colcon.colcon_core.package_identification:_identify(src/argj801_ctl_platform/argj801_ctl_platform) by extension 'ros'
[0.119s] DEBUG:colcon.colcon_core.package_identification:Package 'src/argj801_ctl_platform/argj801_ctl_platform' with type 'ros.ament_cmake' and name 'argj801_ctl_platform'
[0.119s] Level 1:colcon.colcon_core.package_identification:_identify(src/argj801_ctl_platform/argj801_ctl_platform_interfaces) by extensions ['ignore', 'ignore_ament_install']
[0.119s] Level 1:colcon.colcon_core.package_identification:_identify(src/argj801_ctl_platform/argj801_ctl_platform_interfaces) by extension 'ignore'
[0.119s] Level 1:colcon.colcon_core.package_identification:_identify(src/argj801_ctl_platform/argj801_ctl_platform_interfaces) by extension 'ignore_ament_install'
[0.119s] Level 1:colcon.colcon_core.package_identification:_identify(src/argj801_ctl_platform/argj801_ctl_platform_interfaces) by extensions ['colcon_pkg']
[0.119s] Level 1:colcon.colcon_core.package_identification:_identify(src/argj801_ctl_platform/argj801_ctl_platform_interfaces) by extension 'colcon_pkg'
[0.119s] Level 1:colcon.colcon_core.package_identification:_identify(src/argj801_ctl_platform/argj801_ctl_platform_interfaces) by extensions ['colcon_meta']
[0.119s] Level 1:colcon.colcon_core.package_identification:_identify(src/argj801_ctl_platform/argj801_ctl_platform_interfaces) by extension 'colcon_meta'
[0.119s] Level 1:colcon.colcon_core.package_identification:_identify(src/argj801_ctl_platform/argj801_ctl_platform_interfaces) by extensions ['ros']
[0.119s] Level 1:colcon.colcon_core.package_identification:_identify(src/argj801_ctl_platform/argj801_ctl_platform_interfaces) by extension 'ros'
[0.120s] DEBUG:colcon.colcon_core.package_identification:Package 'src/argj801_ctl_platform/argj801_ctl_platform_interfaces' with type 'ros.ament_cmake' and name 'argj801_ctl_platform_interfaces'
[0.120s] Level 1:colcon.colcon_core.package_identification:_identify(src/argj801_setup) by extensions ['ignore', 'ignore_ament_install']
[0.120s] Level 1:colcon.colcon_core.package_identification:_identify(src/argj801_setup) by extension 'ignore'
[0.120s] Level 1:colcon.colcon_core.package_identification:_identify(src/argj801_setup) by extension 'ignore_ament_install'
[0.120s] Level 1:colcon.colcon_core.package_identification:_identify(src/argj801_setup) by extensions ['colcon_pkg']
[0.120s] Level 1:colcon.colcon_core.package_identification:_identify(src/argj801_setup) by extension 'colcon_pkg'
[0.120s] Level 1:colcon.colcon_core.package_identification:_identify(src/argj801_setup) by extensions ['colcon_meta']
[0.120s] Level 1:colcon.colcon_core.package_identification:_identify(src/argj801_setup) by extension 'colcon_meta'
[0.120s] Level 1:colcon.colcon_core.package_identification:_identify(src/argj801_setup) by extensions ['ros']
[0.120s] Level 1:colcon.colcon_core.package_identification:_identify(src/argj801_setup) by extension 'ros'
[0.121s] DEBUG:colcon.colcon_core.package_identification:Package 'src/argj801_setup' with type 'ros.ament_cmake' and name 'argj801_setup'
[0.121s] Level 1:colcon.colcon_core.package_identification:_identify(src/argo_drivers_pkgs) by extensions ['ignore', 'ignore_ament_install']
[0.121s] Level 1:colcon.colcon_core.package_identification:_identify(src/argo_drivers_pkgs) by extension 'ignore'
[0.121s] Level 1:colcon.colcon_core.package_identification:_identify(src/argo_drivers_pkgs) by extension 'ignore_ament_install'
[0.121s] Level 1:colcon.colcon_core.package_identification:_identify(src/argo_drivers_pkgs) by extensions ['colcon_pkg']
[0.121s] Level 1:colcon.colcon_core.package_identification:_identify(src/argo_drivers_pkgs) by extension 'colcon_pkg'
[0.121s] Level 1:colcon.colcon_core.package_identification:_identify(src/argo_drivers_pkgs) by extensions ['colcon_meta']
[0.121s] Level 1:colcon.colcon_core.package_identification:_identify(src/argo_drivers_pkgs) by extension 'colcon_meta'
[0.121s] Level 1:colcon.colcon_core.package_identification:_identify(src/argo_drivers_pkgs) by extensions ['ros']
[0.121s] Level 1:colcon.colcon_core.package_identification:_identify(src/argo_drivers_pkgs) by extension 'ros'
[0.121s] Level 1:colcon.colcon_core.package_identification:_identify(src/argo_drivers_pkgs) by extensions ['cmake', 'python']
[0.121s] Level 1:colcon.colcon_core.package_identification:_identify(src/argo_drivers_pkgs) by extension 'cmake'
[0.121s] Level 1:colcon.colcon_core.package_identification:_identify(src/argo_drivers_pkgs) by extension 'python'
[0.121s] Level 1:colcon.colcon_core.package_identification:_identify(src/argo_drivers_pkgs) by extensions ['python_setup_py']
[0.121s] Level 1:colcon.colcon_core.package_identification:_identify(src/argo_drivers_pkgs) by extension 'python_setup_py'
[0.121s] Level 1:colcon.colcon_core.package_identification:_identify(src/argo_drivers_pkgs/Fixposition_driver_pkg) by extensions ['ignore', 'ignore_ament_install']
[0.121s] Level 1:colcon.colcon_core.package_identification:_identify(src/argo_drivers_pkgs/Fixposition_driver_pkg) by extension 'ignore'
[0.121s] Level 1:colcon.colcon_core.package_identification:_identify(src/argo_drivers_pkgs/Fixposition_driver_pkg) by extension 'ignore_ament_install'
[0.121s] Level 1:colcon.colcon_core.package_identification:_identify(src/argo_drivers_pkgs/Fixposition_driver_pkg) by extensions ['colcon_pkg']
[0.121s] Level 1:colcon.colcon_core.package_identification:_identify(src/argo_drivers_pkgs/Fixposition_driver_pkg) by extension 'colcon_pkg'
[0.121s] Level 1:colcon.colcon_core.package_identification:_identify(src/argo_drivers_pkgs/Fixposition_driver_pkg) by extensions ['colcon_meta']
[0.121s] Level 1:colcon.colcon_core.package_identification:_identify(src/argo_drivers_pkgs/Fixposition_driver_pkg) by extension 'colcon_meta'
[0.121s] Level 1:colcon.colcon_core.package_identification:_identify(src/argo_drivers_pkgs/Fixposition_driver_pkg) by extensions ['ros']
[0.121s] Level 1:colcon.colcon_core.package_identification:_identify(src/argo_drivers_pkgs/Fixposition_driver_pkg) by extension 'ros'
[0.121s] Level 1:colcon.colcon_core.package_identification:_identify(src/argo_drivers_pkgs/Fixposition_driver_pkg) by extensions ['cmake', 'python']
[0.121s] Level 1:colcon.colcon_core.package_identification:_identify(src/argo_drivers_pkgs/Fixposition_driver_pkg) by extension 'cmake'
[0.121s] Level 1:colcon.colcon_core.package_identification:_identify(src/argo_drivers_pkgs/Fixposition_driver_pkg) by extension 'python'
[0.121s] Level 1:colcon.colcon_core.package_identification:_identify(src/argo_drivers_pkgs/Fixposition_driver_pkg) by extensions ['python_setup_py']
[0.121s] Level 1:colcon.colcon_core.package_identification:_identify(src/argo_drivers_pkgs/Fixposition_driver_pkg) by extension 'python_setup_py'
[0.122s] Level 1:colcon.colcon_core.package_identification:_identify(src/argo_drivers_pkgs/Fixposition_driver_pkg/fixposition_driver-main) by extensions ['ignore', 'ignore_ament_install']
[0.122s] Level 1:colcon.colcon_core.package_identification:_identify(src/argo_drivers_pkgs/Fixposition_driver_pkg/fixposition_driver-main) by extension 'ignore'
[0.122s] Level 1:colcon.colcon_core.package_identification:_identify(src/argo_drivers_pkgs/Fixposition_driver_pkg/fixposition_driver-main) by extension 'ignore_ament_install'
[0.122s] Level 1:colcon.colcon_core.package_identification:_identify(src/argo_drivers_pkgs/Fixposition_driver_pkg/fixposition_driver-main) by extensions ['colcon_pkg']
[0.122s] Level 1:colcon.colcon_core.package_identification:_identify(src/argo_drivers_pkgs/Fixposition_driver_pkg/fixposition_driver-main) by extension 'colcon_pkg'
[0.122s] Level 1:colcon.colcon_core.package_identification:_identify(src/argo_drivers_pkgs/Fixposition_driver_pkg/fixposition_driver-main) by extensions ['colcon_meta']
[0.122s] Level 1:colcon.colcon_core.package_identification:_identify(src/argo_drivers_pkgs/Fixposition_driver_pkg/fixposition_driver-main) by extension 'colcon_meta'
[0.122s] Level 1:colcon.colcon_core.package_identification:_identify(src/argo_drivers_pkgs/Fixposition_driver_pkg/fixposition_driver-main) by extensions ['ros']
[0.122s] Level 1:colcon.colcon_core.package_identification:_identify(src/argo_drivers_pkgs/Fixposition_driver_pkg/fixposition_driver-main) by extension 'ros'
[0.122s] Level 1:colcon.colcon_core.package_identification:_identify(src/argo_drivers_pkgs/Fixposition_driver_pkg/fixposition_driver-main) by extensions ['cmake', 'python']
[0.122s] Level 1:colcon.colcon_core.package_identification:_identify(src/argo_drivers_pkgs/Fixposition_driver_pkg/fixposition_driver-main) by extension 'cmake'
[0.122s] Level 1:colcon.colcon_core.package_identification:_identify(src/argo_drivers_pkgs/Fixposition_driver_pkg/fixposition_driver-main) by extension 'python'
[0.122s] Level 1:colcon.colcon_core.package_identification:_identify(src/argo_drivers_pkgs/Fixposition_driver_pkg/fixposition_driver-main) by extensions ['python_setup_py']
[0.122s] Level 1:colcon.colcon_core.package_identification:_identify(src/argo_drivers_pkgs/Fixposition_driver_pkg/fixposition_driver-main) by extension 'python_setup_py'
[0.122s] Level 1:colcon.colcon_core.package_identification:_identify(src/argo_drivers_pkgs/Fixposition_driver_pkg/fixposition_driver-main/fixposition_driver_lib) by extensions ['ignore', 'ignore_ament_install']
[0.122s] Level 1:colcon.colcon_core.package_identification:_identify(src/argo_drivers_pkgs/Fixposition_driver_pkg/fixposition_driver-main/fixposition_driver_lib) by extension 'ignore'
[0.122s] Level 1:colcon.colcon_core.package_identification:_identify(src/argo_drivers_pkgs/Fixposition_driver_pkg/fixposition_driver-main/fixposition_driver_lib) by extension 'ignore_ament_install'
[0.122s] Level 1:colcon.colcon_core.package_identification:_identify(src/argo_drivers_pkgs/Fixposition_driver_pkg/fixposition_driver-main/fixposition_driver_lib) by extensions ['colcon_pkg']
[0.122s] Level 1:colcon.colcon_core.package_identification:_identify(src/argo_drivers_pkgs/Fixposition_driver_pkg/fixposition_driver-main/fixposition_driver_lib) by extension 'colcon_pkg'
[0.122s] Level 1:colcon.colcon_core.package_identification:_identify(src/argo_drivers_pkgs/Fixposition_driver_pkg/fixposition_driver-main/fixposition_driver_lib) by extensions ['colcon_meta']
[0.122s] Level 1:colcon.colcon_core.package_identification:_identify(src/argo_drivers_pkgs/Fixposition_driver_pkg/fixposition_driver-main/fixposition_driver_lib) by extension 'colcon_meta'
[0.122s] Level 1:colcon.colcon_core.package_identification:_identify(src/argo_drivers_pkgs/Fixposition_driver_pkg/fixposition_driver-main/fixposition_driver_lib) by extensions ['ros']
[0.122s] Level 1:colcon.colcon_core.package_identification:_identify(src/argo_drivers_pkgs/Fixposition_driver_pkg/fixposition_driver-main/fixposition_driver_lib) by extension 'ros'
[0.124s] DEBUG:colcon.colcon_core.package_identification:Package 'src/argo_drivers_pkgs/Fixposition_driver_pkg/fixposition_driver-main/fixposition_driver_lib' with type 'ros.cmake' and name 'fixposition_driver_lib'
[0.124s] Level 1:colcon.colcon_core.package_identification:_identify(src/argo_drivers_pkgs/Fixposition_driver_pkg/fixposition_driver-main/fixposition_driver_ros1) by extensions ['ignore', 'ignore_ament_install']
[0.124s] Level 1:colcon.colcon_core.package_identification:_identify(src/argo_drivers_pkgs/Fixposition_driver_pkg/fixposition_driver-main/fixposition_driver_ros1) by extension 'ignore'
[0.124s] Level 1:colcon.colcon_core.package_identification:_identify(src/argo_drivers_pkgs/Fixposition_driver_pkg/fixposition_driver-main/fixposition_driver_ros1) ignored
[0.125s] Level 1:colcon.colcon_core.package_identification:_identify(src/argo_drivers_pkgs/Fixposition_driver_pkg/fixposition_driver-main/fixposition_driver_ros2) by extensions ['ignore', 'ignore_ament_install']
[0.125s] Level 1:colcon.colcon_core.package_identification:_identify(src/argo_drivers_pkgs/Fixposition_driver_pkg/fixposition_driver-main/fixposition_driver_ros2) by extension 'ignore'
[0.125s] Level 1:colcon.colcon_core.package_identification:_identify(src/argo_drivers_pkgs/Fixposition_driver_pkg/fixposition_driver-main/fixposition_driver_ros2) by extension 'ignore_ament_install'
[0.125s] Level 1:colcon.colcon_core.package_identification:_identify(src/argo_drivers_pkgs/Fixposition_driver_pkg/fixposition_driver-main/fixposition_driver_ros2) by extensions ['colcon_pkg']
[0.125s] Level 1:colcon.colcon_core.package_identification:_identify(src/argo_drivers_pkgs/Fixposition_driver_pkg/fixposition_driver-main/fixposition_driver_ros2) by extension 'colcon_pkg'
[0.125s] Level 1:colcon.colcon_core.package_identification:_identify(src/argo_drivers_pkgs/Fixposition_driver_pkg/fixposition_driver-main/fixposition_driver_ros2) by extensions ['colcon_meta']
[0.125s] Level 1:colcon.colcon_core.package_identification:_identify(src/argo_drivers_pkgs/Fixposition_driver_pkg/fixposition_driver-main/fixposition_driver_ros2) by extension 'colcon_meta'
[0.125s] Level 1:colcon.colcon_core.package_identification:_identify(src/argo_drivers_pkgs/Fixposition_driver_pkg/fixposition_driver-main/fixposition_driver_ros2) by extensions ['ros']
[0.125s] Level 1:colcon.colcon_core.package_identification:_identify(src/argo_drivers_pkgs/Fixposition_driver_pkg/fixposition_driver-main/fixposition_driver_ros2) by extension 'ros'
[0.125s] DEBUG:colcon.colcon_core.package_identification:Package 'src/argo_drivers_pkgs/Fixposition_driver_pkg/fixposition_driver-main/fixposition_driver_ros2' with type 'ros.ament_cmake' and name 'fixposition_driver_ros2'
[0.125s] Level 1:colcon.colcon_core.package_identification:_identify(src/argo_drivers_pkgs/Fixposition_driver_pkg/fixposition_driver-main/fixposition_odometry_converter_ros2) by extensions ['ignore', 'ignore_ament_install']
[0.125s] Level 1:colcon.colcon_core.package_identification:_identify(src/argo_drivers_pkgs/Fixposition_driver_pkg/fixposition_driver-main/fixposition_odometry_converter_ros2) by extension 'ignore'
[0.126s] Level 1:colcon.colcon_core.package_identification:_identify(src/argo_drivers_pkgs/Fixposition_driver_pkg/fixposition_driver-main/fixposition_odometry_converter_ros2) by extension 'ignore_ament_install'
[0.126s] Level 1:colcon.colcon_core.package_identification:_identify(src/argo_drivers_pkgs/Fixposition_driver_pkg/fixposition_driver-main/fixposition_odometry_converter_ros2) by extensions ['colcon_pkg']
[0.126s] Level 1:colcon.colcon_core.package_identification:_identify(src/argo_drivers_pkgs/Fixposition_driver_pkg/fixposition_driver-main/fixposition_odometry_converter_ros2) by extension 'colcon_pkg'
[0.126s] Level 1:colcon.colcon_core.package_identification:_identify(src/argo_drivers_pkgs/Fixposition_driver_pkg/fixposition_driver-main/fixposition_odometry_converter_ros2) by extensions ['colcon_meta']
[0.126s] Level 1:colcon.colcon_core.package_identification:_identify(src/argo_drivers_pkgs/Fixposition_driver_pkg/fixposition_driver-main/fixposition_odometry_converter_ros2) by extension 'colcon_meta'
[0.126s] Level 1:colcon.colcon_core.package_identification:_identify(src/argo_drivers_pkgs/Fixposition_driver_pkg/fixposition_driver-main/fixposition_odometry_converter_ros2) by extensions ['ros']
[0.126s] Level 1:colcon.colcon_core.package_identification:_identify(src/argo_drivers_pkgs/Fixposition_driver_pkg/fixposition_driver-main/fixposition_odometry_converter_ros2) by extension 'ros'
[0.126s] DEBUG:colcon.colcon_core.package_identification:Package 'src/argo_drivers_pkgs/Fixposition_driver_pkg/fixposition_driver-main/fixposition_odometry_converter_ros2' with type 'ros.ament_cmake' and name 'fixposition_odometry_converter_ros2'
[0.126s] Level 1:colcon.colcon_core.package_identification:_identify(src/argo_drivers_pkgs/Fixposition_driver_pkg/fixposition_driver-main/test) by extensions ['ignore', 'ignore_ament_install']
[0.126s] Level 1:colcon.colcon_core.package_identification:_identify(src/argo_drivers_pkgs/Fixposition_driver_pkg/fixposition_driver-main/test) by extension 'ignore'
[0.126s] Level 1:colcon.colcon_core.package_identification:_identify(src/argo_drivers_pkgs/Fixposition_driver_pkg/fixposition_driver-main/test) by extension 'ignore_ament_install'
[0.126s] Level 1:colcon.colcon_core.package_identification:_identify(src/argo_drivers_pkgs/Fixposition_driver_pkg/fixposition_driver-main/test) by extensions ['colcon_pkg']
[0.126s] Level 1:colcon.colcon_core.package_identification:_identify(src/argo_drivers_pkgs/Fixposition_driver_pkg/fixposition_driver-main/test) by extension 'colcon_pkg'
[0.126s] Level 1:colcon.colcon_core.package_identification:_identify(src/argo_drivers_pkgs/Fixposition_driver_pkg/fixposition_driver-main/test) by extensions ['colcon_meta']
[0.126s] Level 1:colcon.colcon_core.package_identification:_identify(src/argo_drivers_pkgs/Fixposition_driver_pkg/fixposition_driver-main/test) by extension 'colcon_meta'
[0.126s] Level 1:colcon.colcon_core.package_identification:_identify(src/argo_drivers_pkgs/Fixposition_driver_pkg/fixposition_driver-main/test) by extensions ['ros']
[0.126s] Level 1:colcon.colcon_core.package_identification:_identify(src/argo_drivers_pkgs/Fixposition_driver_pkg/fixposition_driver-main/test) by extension 'ros'
[0.126s] Level 1:colcon.colcon_core.package_identification:_identify(src/argo_drivers_pkgs/Fixposition_driver_pkg/fixposition_driver-main/test) by extensions ['cmake', 'python']
[0.126s] Level 1:colcon.colcon_core.package_identification:_identify(src/argo_drivers_pkgs/Fixposition_driver_pkg/fixposition_driver-main/test) by extension 'cmake'
[0.126s] Level 1:colcon.colcon_core.package_identification:_identify(src/argo_drivers_pkgs/Fixposition_driver_pkg/fixposition_driver-main/test) by extension 'python'
[0.126s] Level 1:colcon.colcon_core.package_identification:_identify(src/argo_drivers_pkgs/Fixposition_driver_pkg/fixposition_driver-main/test) by extensions ['python_setup_py']
[0.126s] Level 1:colcon.colcon_core.package_identification:_identify(src/argo_drivers_pkgs/Fixposition_driver_pkg/fixposition_driver-main/test) by extension 'python_setup_py'
[0.126s] Level 1:colcon.colcon_core.package_identification:_identify(src/argo_drivers_pkgs/Fixposition_driver_pkg/fixposition_driver-main/test/data) by extensions ['ignore', 'ignore_ament_install']
[0.127s] Level 1:colcon.colcon_core.package_identification:_identify(src/argo_drivers_pkgs/Fixposition_driver_pkg/fixposition_driver-main/test/data) by extension 'ignore'
[0.127s] Level 1:colcon.colcon_core.package_identification:_identify(src/argo_drivers_pkgs/Fixposition_driver_pkg/fixposition_driver-main/test/data) by extension 'ignore_ament_install'
[0.127s] Level 1:colcon.colcon_core.package_identification:_identify(src/argo_drivers_pkgs/Fixposition_driver_pkg/fixposition_driver-main/test/data) by extensions ['colcon_pkg']
[0.127s] Level 1:colcon.colcon_core.package_identification:_identify(src/argo_drivers_pkgs/Fixposition_driver_pkg/fixposition_driver-main/test/data) by extension 'colcon_pkg'
[0.127s] Level 1:colcon.colcon_core.package_identification:_identify(src/argo_drivers_pkgs/Fixposition_driver_pkg/fixposition_driver-main/test/data) by extensions ['colcon_meta']
[0.127s] Level 1:colcon.colcon_core.package_identification:_identify(src/argo_drivers_pkgs/Fixposition_driver_pkg/fixposition_driver-main/test/data) by extension 'colcon_meta'
[0.127s] Level 1:colcon.colcon_core.package_identification:_identify(src/argo_drivers_pkgs/Fixposition_driver_pkg/fixposition_driver-main/test/data) by extensions ['ros']
[0.127s] Level 1:colcon.colcon_core.package_identification:_identify(src/argo_drivers_pkgs/Fixposition_driver_pkg/fixposition_driver-main/test/data) by extension 'ros'
[0.127s] Level 1:colcon.colcon_core.package_identification:_identify(src/argo_drivers_pkgs/Fixposition_driver_pkg/fixposition_driver-main/test/data) by extensions ['cmake', 'python']
[0.127s] Level 1:colcon.colcon_core.package_identification:_identify(src/argo_drivers_pkgs/Fixposition_driver_pkg/fixposition_driver-main/test/data) by extension 'cmake'
[0.127s] Level 1:colcon.colcon_core.package_identification:_identify(src/argo_drivers_pkgs/Fixposition_driver_pkg/fixposition_driver-main/test/data) by extension 'python'
[0.127s] Level 1:colcon.colcon_core.package_identification:_identify(src/argo_drivers_pkgs/Fixposition_driver_pkg/fixposition_driver-main/test/data) by extensions ['python_setup_py']
[0.127s] Level 1:colcon.colcon_core.package_identification:_identify(src/argo_drivers_pkgs/Fixposition_driver_pkg/fixposition_driver-main/test/data) by extension 'python_setup_py'
[0.127s] Level 1:colcon.colcon_core.package_identification:_identify(src/argo_drivers_pkgs/Fixposition_driver_pkg/fixposition_gnss_tf-main) by extensions ['ignore', 'ignore_ament_install']
[0.127s] Level 1:colcon.colcon_core.package_identification:_identify(src/argo_drivers_pkgs/Fixposition_driver_pkg/fixposition_gnss_tf-main) by extension 'ignore'
[0.127s] Level 1:colcon.colcon_core.package_identification:_identify(src/argo_drivers_pkgs/Fixposition_driver_pkg/fixposition_gnss_tf-main) by extension 'ignore_ament_install'
[0.127s] Level 1:colcon.colcon_core.package_identification:_identify(src/argo_drivers_pkgs/Fixposition_driver_pkg/fixposition_gnss_tf-main) by extensions ['colcon_pkg']
[0.127s] Level 1:colcon.colcon_core.package_identification:_identify(src/argo_drivers_pkgs/Fixposition_driver_pkg/fixposition_gnss_tf-main) by extension 'colcon_pkg'
[0.127s] Level 1:colcon.colcon_core.package_identification:_identify(src/argo_drivers_pkgs/Fixposition_driver_pkg/fixposition_gnss_tf-main) by extensions ['colcon_meta']
[0.127s] Level 1:colcon.colcon_core.package_identification:_identify(src/argo_drivers_pkgs/Fixposition_driver_pkg/fixposition_gnss_tf-main) by extension 'colcon_meta'
[0.127s] Level 1:colcon.colcon_core.package_identification:_identify(src/argo_drivers_pkgs/Fixposition_driver_pkg/fixposition_gnss_tf-main) by extensions ['ros']
[0.127s] Level 1:colcon.colcon_core.package_identification:_identify(src/argo_drivers_pkgs/Fixposition_driver_pkg/fixposition_gnss_tf-main) by extension 'ros'
[0.128s] DEBUG:colcon.colcon_core.package_identification:Package 'src/argo_drivers_pkgs/Fixposition_driver_pkg/fixposition_gnss_tf-main' with type 'ros.cmake' and name 'fixposition_gnss_tf'
[0.128s] Level 1:colcon.colcon_core.package_identification:_identify(src/argo_drivers_pkgs/argj801_sensors) by extensions ['ignore', 'ignore_ament_install']
[0.128s] Level 1:colcon.colcon_core.package_identification:_identify(src/argo_drivers_pkgs/argj801_sensors) by extension 'ignore'
[0.128s] Level 1:colcon.colcon_core.package_identification:_identify(src/argo_drivers_pkgs/argj801_sensors) by extension 'ignore_ament_install'
[0.128s] Level 1:colcon.colcon_core.package_identification:_identify(src/argo_drivers_pkgs/argj801_sensors) by extensions ['colcon_pkg']
[0.128s] Level 1:colcon.colcon_core.package_identification:_identify(src/argo_drivers_pkgs/argj801_sensors) by extension 'colcon_pkg'
[0.128s] Level 1:colcon.colcon_core.package_identification:_identify(src/argo_drivers_pkgs/argj801_sensors) by extensions ['colcon_meta']
[0.128s] Level 1:colcon.colcon_core.package_identification:_identify(src/argo_drivers_pkgs/argj801_sensors) by extension 'colcon_meta'
[0.128s] Level 1:colcon.colcon_core.package_identification:_identify(src/argo_drivers_pkgs/argj801_sensors) by extensions ['ros']
[0.128s] Level 1:colcon.colcon_core.package_identification:_identify(src/argo_drivers_pkgs/argj801_sensors) by extension 'ros'
[0.128s] Level 1:colcon.colcon_core.package_identification:_identify(src/argo_drivers_pkgs/argj801_sensors) by extensions ['cmake', 'python']
[0.128s] Level 1:colcon.colcon_core.package_identification:_identify(src/argo_drivers_pkgs/argj801_sensors) by extension 'cmake'
[0.128s] Level 1:colcon.colcon_core.package_identification:_identify(src/argo_drivers_pkgs/argj801_sensors) by extension 'python'
[0.128s] Level 1:colcon.colcon_core.package_identification:_identify(src/argo_drivers_pkgs/argj801_sensors) by extensions ['python_setup_py']
[0.128s] Level 1:colcon.colcon_core.package_identification:_identify(src/argo_drivers_pkgs/argj801_sensors) by extension 'python_setup_py'
[0.128s] Level 1:colcon.colcon_core.package_identification:_identify(src/argo_drivers_pkgs/argj801_sensors/argj801_sensors) by extensions ['ignore', 'ignore_ament_install']
[0.128s] Level 1:colcon.colcon_core.package_identification:_identify(src/argo_drivers_pkgs/argj801_sensors/argj801_sensors) by extension 'ignore'
[0.128s] Level 1:colcon.colcon_core.package_identification:_identify(src/argo_drivers_pkgs/argj801_sensors/argj801_sensors) by extension 'ignore_ament_install'
[0.128s] Level 1:colcon.colcon_core.package_identification:_identify(src/argo_drivers_pkgs/argj801_sensors/argj801_sensors) by extensions ['colcon_pkg']
[0.128s] Level 1:colcon.colcon_core.package_identification:_identify(src/argo_drivers_pkgs/argj801_sensors/argj801_sensors) by extension 'colcon_pkg'
[0.128s] Level 1:colcon.colcon_core.package_identification:_identify(src/argo_drivers_pkgs/argj801_sensors/argj801_sensors) by extensions ['colcon_meta']
[0.128s] Level 1:colcon.colcon_core.package_identification:_identify(src/argo_drivers_pkgs/argj801_sensors/argj801_sensors) by extension 'colcon_meta'
[0.128s] Level 1:colcon.colcon_core.package_identification:_identify(src/argo_drivers_pkgs/argj801_sensors/argj801_sensors) by extensions ['ros']
[0.128s] Level 1:colcon.colcon_core.package_identification:_identify(src/argo_drivers_pkgs/argj801_sensors/argj801_sensors) by extension 'ros'
[0.129s] DEBUG:colcon.colcon_core.package_identification:Package 'src/argo_drivers_pkgs/argj801_sensors/argj801_sensors' with type 'ros.ament_cmake' and name 'argj801_sensors'
[0.129s] Level 1:colcon.colcon_core.package_identification:_identify(src/argo_drivers_pkgs/argj801_sensors/argj801_sensors_msgs) by extensions ['ignore', 'ignore_ament_install']
[0.129s] Level 1:colcon.colcon_core.package_identification:_identify(src/argo_drivers_pkgs/argj801_sensors/argj801_sensors_msgs) by extension 'ignore'
[0.129s] Level 1:colcon.colcon_core.package_identification:_identify(src/argo_drivers_pkgs/argj801_sensors/argj801_sensors_msgs) by extension 'ignore_ament_install'
[0.129s] Level 1:colcon.colcon_core.package_identification:_identify(src/argo_drivers_pkgs/argj801_sensors/argj801_sensors_msgs) by extensions ['colcon_pkg']
[0.129s] Level 1:colcon.colcon_core.package_identification:_identify(src/argo_drivers_pkgs/argj801_sensors/argj801_sensors_msgs) by extension 'colcon_pkg'
[0.129s] Level 1:colcon.colcon_core.package_identification:_identify(src/argo_drivers_pkgs/argj801_sensors/argj801_sensors_msgs) by extensions ['colcon_meta']
[0.129s] Level 1:colcon.colcon_core.package_identification:_identify(src/argo_drivers_pkgs/argj801_sensors/argj801_sensors_msgs) by extension 'colcon_meta'
[0.129s] Level 1:colcon.colcon_core.package_identification:_identify(src/argo_drivers_pkgs/argj801_sensors/argj801_sensors_msgs) by extensions ['ros']
[0.129s] Level 1:colcon.colcon_core.package_identification:_identify(src/argo_drivers_pkgs/argj801_sensors/argj801_sensors_msgs) by extension 'ros'
[0.129s] DEBUG:colcon.colcon_core.package_identification:Package 'src/argo_drivers_pkgs/argj801_sensors/argj801_sensors_msgs' with type 'ros.ament_cmake' and name 'argj801_sensors_msgs'
[0.129s] Level 1:colcon.colcon_core.package_identification:_identify(src/argo_drivers_pkgs/ntrip_client) by extensions ['ignore', 'ignore_ament_install']
[0.129s] Level 1:colcon.colcon_core.package_identification:_identify(src/argo_drivers_pkgs/ntrip_client) by extension 'ignore'
[0.129s] Level 1:colcon.colcon_core.package_identification:_identify(src/argo_drivers_pkgs/ntrip_client) by extension 'ignore_ament_install'
[0.129s] Level 1:colcon.colcon_core.package_identification:_identify(src/argo_drivers_pkgs/ntrip_client) by extensions ['colcon_pkg']
[0.129s] Level 1:colcon.colcon_core.package_identification:_identify(src/argo_drivers_pkgs/ntrip_client) by extension 'colcon_pkg'
[0.130s] Level 1:colcon.colcon_core.package_identification:_identify(src/argo_drivers_pkgs/ntrip_client) by extensions ['colcon_meta']
[0.130s] Level 1:colcon.colcon_core.package_identification:_identify(src/argo_drivers_pkgs/ntrip_client) by extension 'colcon_meta'
[0.130s] Level 1:colcon.colcon_core.package_identification:_identify(src/argo_drivers_pkgs/ntrip_client) by extensions ['ros']
[0.130s] Level 1:colcon.colcon_core.package_identification:_identify(src/argo_drivers_pkgs/ntrip_client) by extension 'ros'
[0.130s] DEBUG:colcon.colcon_core.package_identification:Package 'src/argo_drivers_pkgs/ntrip_client' with type 'ros.ament_python' and name 'ntrip_client'
[0.130s] Level 1:colcon.colcon_core.package_identification:_identify(src/argo_drivers_pkgs/ublox) by extensions ['ignore', 'ignore_ament_install']
[0.130s] Level 1:colcon.colcon_core.package_identification:_identify(src/argo_drivers_pkgs/ublox) by extension 'ignore'
[0.130s] Level 1:colcon.colcon_core.package_identification:_identify(src/argo_drivers_pkgs/ublox) by extension 'ignore_ament_install'
[0.130s] Level 1:colcon.colcon_core.package_identification:_identify(src/argo_drivers_pkgs/ublox) by extensions ['colcon_pkg']
[0.130s] Level 1:colcon.colcon_core.package_identification:_identify(src/argo_drivers_pkgs/ublox) by extension 'colcon_pkg'
[0.130s] Level 1:colcon.colcon_core.package_identification:_identify(src/argo_drivers_pkgs/ublox) by extensions ['colcon_meta']
[0.130s] Level 1:colcon.colcon_core.package_identification:_identify(src/argo_drivers_pkgs/ublox) by extension 'colcon_meta'
[0.130s] Level 1:colcon.colcon_core.package_identification:_identify(src/argo_drivers_pkgs/ublox) by extensions ['ros']
[0.130s] Level 1:colcon.colcon_core.package_identification:_identify(src/argo_drivers_pkgs/ublox) by extension 'ros'
[0.130s] Level 1:colcon.colcon_core.package_identification:_identify(src/argo_drivers_pkgs/ublox) by extensions ['cmake', 'python']
[0.130s] Level 1:colcon.colcon_core.package_identification:_identify(src/argo_drivers_pkgs/ublox) by extension 'cmake'
[0.130s] Level 1:colcon.colcon_core.package_identification:_identify(src/argo_drivers_pkgs/ublox) by extension 'python'
[0.130s] Level 1:colcon.colcon_core.package_identification:_identify(src/argo_drivers_pkgs/ublox) by extensions ['python_setup_py']
[0.130s] Level 1:colcon.colcon_core.package_identification:_identify(src/argo_drivers_pkgs/ublox) by extension 'python_setup_py'
[0.130s] Level 1:colcon.colcon_core.package_identification:_identify(src/argo_drivers_pkgs/ublox/ublox) by extensions ['ignore', 'ignore_ament_install']
[0.130s] Level 1:colcon.colcon_core.package_identification:_identify(src/argo_drivers_pkgs/ublox/ublox) by extension 'ignore'
[0.130s] Level 1:colcon.colcon_core.package_identification:_identify(src/argo_drivers_pkgs/ublox/ublox) by extension 'ignore_ament_install'
[0.130s] Level 1:colcon.colcon_core.package_identification:_identify(src/argo_drivers_pkgs/ublox/ublox) by extensions ['colcon_pkg']
[0.130s] Level 1:colcon.colcon_core.package_identification:_identify(src/argo_drivers_pkgs/ublox/ublox) by extension 'colcon_pkg'
[0.130s] Level 1:colcon.colcon_core.package_identification:_identify(src/argo_drivers_pkgs/ublox/ublox) by extensions ['colcon_meta']
[0.130s] Level 1:colcon.colcon_core.package_identification:_identify(src/argo_drivers_pkgs/ublox/ublox) by extension 'colcon_meta'
[0.131s] Level 1:colcon.colcon_core.package_identification:_identify(src/argo_drivers_pkgs/ublox/ublox) by extensions ['ros']
[0.131s] Level 1:colcon.colcon_core.package_identification:_identify(src/argo_drivers_pkgs/ublox/ublox) by extension 'ros'
[0.131s] DEBUG:colcon.colcon_core.package_identification:Package 'src/argo_drivers_pkgs/ublox/ublox' with type 'ros.ament_cmake' and name 'ublox'
[0.131s] Level 1:colcon.colcon_core.package_identification:_identify(src/argo_drivers_pkgs/ublox/ublox_gps) by extensions ['ignore', 'ignore_ament_install']
[0.131s] Level 1:colcon.colcon_core.package_identification:_identify(src/argo_drivers_pkgs/ublox/ublox_gps) by extension 'ignore'
[0.131s] Level 1:colcon.colcon_core.package_identification:_identify(src/argo_drivers_pkgs/ublox/ublox_gps) by extension 'ignore_ament_install'
[0.131s] Level 1:colcon.colcon_core.package_identification:_identify(src/argo_drivers_pkgs/ublox/ublox_gps) by extensions ['colcon_pkg']
[0.131s] Level 1:colcon.colcon_core.package_identification:_identify(src/argo_drivers_pkgs/ublox/ublox_gps) by extension 'colcon_pkg'
[0.131s] Level 1:colcon.colcon_core.package_identification:_identify(src/argo_drivers_pkgs/ublox/ublox_gps) by extensions ['colcon_meta']
[0.131s] Level 1:colcon.colcon_core.package_identification:_identify(src/argo_drivers_pkgs/ublox/ublox_gps) by extension 'colcon_meta'
[0.131s] Level 1:colcon.colcon_core.package_identification:_identify(src/argo_drivers_pkgs/ublox/ublox_gps) by extensions ['ros']
[0.131s] Level 1:colcon.colcon_core.package_identification:_identify(src/argo_drivers_pkgs/ublox/ublox_gps) by extension 'ros'
[0.132s] DEBUG:colcon.colcon_core.package_identification:Package 'src/argo_drivers_pkgs/ublox/ublox_gps' with type 'ros.ament_cmake' and name 'ublox_gps'
[0.132s] Level 1:colcon.colcon_core.package_identification:_identify(src/argo_drivers_pkgs/ublox/ublox_msgs) by extensions ['ignore', 'ignore_ament_install']
[0.132s] Level 1:colcon.colcon_core.package_identification:_identify(src/argo_drivers_pkgs/ublox/ublox_msgs) by extension 'ignore'
[0.132s] Level 1:colcon.colcon_core.package_identification:_identify(src/argo_drivers_pkgs/ublox/ublox_msgs) by extension 'ignore_ament_install'
[0.132s] Level 1:colcon.colcon_core.package_identification:_identify(src/argo_drivers_pkgs/ublox/ublox_msgs) by extensions ['colcon_pkg']
[0.132s] Level 1:colcon.colcon_core.package_identification:_identify(src/argo_drivers_pkgs/ublox/ublox_msgs) by extension 'colcon_pkg'
[0.132s] Level 1:colcon.colcon_core.package_identification:_identify(src/argo_drivers_pkgs/ublox/ublox_msgs) by extensions ['colcon_meta']
[0.132s] Level 1:colcon.colcon_core.package_identification:_identify(src/argo_drivers_pkgs/ublox/ublox_msgs) by extension 'colcon_meta'
[0.132s] Level 1:colcon.colcon_core.package_identification:_identify(src/argo_drivers_pkgs/ublox/ublox_msgs) by extensions ['ros']
[0.132s] Level 1:colcon.colcon_core.package_identification:_identify(src/argo_drivers_pkgs/ublox/ublox_msgs) by extension 'ros'
[0.132s] DEBUG:colcon.colcon_core.package_identification:Package 'src/argo_drivers_pkgs/ublox/ublox_msgs' with type 'ros.ament_cmake' and name 'ublox_msgs'
[0.133s] Level 1:colcon.colcon_core.package_identification:_identify(src/argo_drivers_pkgs/ublox/ublox_serialization) by extensions ['ignore', 'ignore_ament_install']
[0.133s] Level 1:colcon.colcon_core.package_identification:_identify(src/argo_drivers_pkgs/ublox/ublox_serialization) by extension 'ignore'
[0.133s] Level 1:colcon.colcon_core.package_identification:_identify(src/argo_drivers_pkgs/ublox/ublox_serialization) by extension 'ignore_ament_install'
[0.133s] Level 1:colcon.colcon_core.package_identification:_identify(src/argo_drivers_pkgs/ublox/ublox_serialization) by extensions ['colcon_pkg']
[0.133s] Level 1:colcon.colcon_core.package_identification:_identify(src/argo_drivers_pkgs/ublox/ublox_serialization) by extension 'colcon_pkg'
[0.133s] Level 1:colcon.colcon_core.package_identification:_identify(src/argo_drivers_pkgs/ublox/ublox_serialization) by extensions ['colcon_meta']
[0.133s] Level 1:colcon.colcon_core.package_identification:_identify(src/argo_drivers_pkgs/ublox/ublox_serialization) by extension 'colcon_meta'
[0.133s] Level 1:colcon.colcon_core.package_identification:_identify(src/argo_drivers_pkgs/ublox/ublox_serialization) by extensions ['ros']
[0.133s] Level 1:colcon.colcon_core.package_identification:_identify(src/argo_drivers_pkgs/ublox/ublox_serialization) by extension 'ros'
[0.133s] DEBUG:colcon.colcon_core.package_identification:Package 'src/argo_drivers_pkgs/ublox/ublox_serialization' with type 'ros.ament_cmake' and name 'ublox_serialization'
[0.133s] Level 1:colcon.colcon_core.package_identification:_identify(src/car_cpp) by extensions ['ignore', 'ignore_ament_install']
[0.133s] Level 1:colcon.colcon_core.package_identification:_identify(src/car_cpp) by extension 'ignore'
[0.133s] Level 1:colcon.colcon_core.package_identification:_identify(src/car_cpp) by extension 'ignore_ament_install'
[0.133s] Level 1:colcon.colcon_core.package_identification:_identify(src/car_cpp) by extensions ['colcon_pkg']
[0.133s] Level 1:colcon.colcon_core.package_identification:_identify(src/car_cpp) by extension 'colcon_pkg'
[0.133s] Level 1:colcon.colcon_core.package_identification:_identify(src/car_cpp) by extensions ['colcon_meta']
[0.133s] Level 1:colcon.colcon_core.package_identification:_identify(src/car_cpp) by extension 'colcon_meta'
[0.133s] Level 1:colcon.colcon_core.package_identification:_identify(src/car_cpp) by extensions ['ros']
[0.133s] Level 1:colcon.colcon_core.package_identification:_identify(src/car_cpp) by extension 'ros'
[0.134s] DEBUG:colcon.colcon_core.package_identification:Package 'src/car_cpp' with type 'ros.ament_cmake' and name 'car_cpp'
[0.134s] Level 1:colcon.colcon_core.package_identification:_identify(src/car_interfaces) by extensions ['ignore', 'ignore_ament_install']
[0.134s] Level 1:colcon.colcon_core.package_identification:_identify(src/car_interfaces) by extension 'ignore'
[0.134s] Level 1:colcon.colcon_core.package_identification:_identify(src/car_interfaces) by extension 'ignore_ament_install'
[0.134s] Level 1:colcon.colcon_core.package_identification:_identify(src/car_interfaces) by extensions ['colcon_pkg']
[0.134s] Level 1:colcon.colcon_core.package_identification:_identify(src/car_interfaces) by extension 'colcon_pkg'
[0.134s] Level 1:colcon.colcon_core.package_identification:_identify(src/car_interfaces) by extensions ['colcon_meta']
[0.134s] Level 1:colcon.colcon_core.package_identification:_identify(src/car_interfaces) by extension 'colcon_meta'
[0.134s] Level 1:colcon.colcon_core.package_identification:_identify(src/car_interfaces) by extensions ['ros']
[0.134s] Level 1:colcon.colcon_core.package_identification:_identify(src/car_interfaces) by extension 'ros'
[0.134s] DEBUG:colcon.colcon_core.package_identification:Package 'src/car_interfaces' with type 'ros.ament_cmake' and name 'car_interfaces'
[0.134s] Level 1:colcon.colcon_core.package_identification:_identify(src/car_python) by extensions ['ignore', 'ignore_ament_install']
[0.134s] Level 1:colcon.colcon_core.package_identification:_identify(src/car_python) by extension 'ignore'
[0.134s] Level 1:colcon.colcon_core.package_identification:_identify(src/car_python) by extension 'ignore_ament_install'
[0.134s] Level 1:colcon.colcon_core.package_identification:_identify(src/car_python) by extensions ['colcon_pkg']
[0.134s] Level 1:colcon.colcon_core.package_identification:_identify(src/car_python) by extension 'colcon_pkg'
[0.135s] Level 1:colcon.colcon_core.package_identification:_identify(src/car_python) by extensions ['colcon_meta']
[0.135s] Level 1:colcon.colcon_core.package_identification:_identify(src/car_python) by extension 'colcon_meta'
[0.135s] Level 1:colcon.colcon_core.package_identification:_identify(src/car_python) by extensions ['ros']
[0.135s] Level 1:colcon.colcon_core.package_identification:_identify(src/car_python) by extension 'ros'
[0.136s] DEBUG:colcon.colcon_core.package_identification:Package 'src/car_python' with type 'ros.ament_python' and name 'car'
[0.136s] Level 1:colcon.colcon_core.package_identification:_identify(src/ctl_mission) by extensions ['ignore', 'ignore_ament_install']
[0.136s] Level 1:colcon.colcon_core.package_identification:_identify(src/ctl_mission) by extension 'ignore'
[0.136s] Level 1:colcon.colcon_core.package_identification:_identify(src/ctl_mission) by extension 'ignore_ament_install'
[0.136s] Level 1:colcon.colcon_core.package_identification:_identify(src/ctl_mission) by extensions ['colcon_pkg']
[0.136s] Level 1:colcon.colcon_core.package_identification:_identify(src/ctl_mission) by extension 'colcon_pkg'
[0.136s] Level 1:colcon.colcon_core.package_identification:_identify(src/ctl_mission) by extensions ['colcon_meta']
[0.136s] Level 1:colcon.colcon_core.package_identification:_identify(src/ctl_mission) by extension 'colcon_meta'
[0.136s] Level 1:colcon.colcon_core.package_identification:_identify(src/ctl_mission) by extensions ['ros']
[0.136s] Level 1:colcon.colcon_core.package_identification:_identify(src/ctl_mission) by extension 'ros'
[0.136s] Level 1:colcon.colcon_core.package_identification:_identify(src/ctl_mission) by extensions ['cmake', 'python']
[0.136s] Level 1:colcon.colcon_core.package_identification:_identify(src/ctl_mission) by extension 'cmake'
[0.136s] Level 1:colcon.colcon_core.package_identification:_identify(src/ctl_mission) by extension 'python'
[0.136s] Level 1:colcon.colcon_core.package_identification:_identify(src/ctl_mission) by extensions ['python_setup_py']
[0.136s] Level 1:colcon.colcon_core.package_identification:_identify(src/ctl_mission) by extension 'python_setup_py'
[0.136s] Level 1:colcon.colcon_core.package_identification:_identify(src/ctl_mission/ctl_mission) by extensions ['ignore', 'ignore_ament_install']
[0.136s] Level 1:colcon.colcon_core.package_identification:_identify(src/ctl_mission/ctl_mission) by extension 'ignore'
[0.136s] Level 1:colcon.colcon_core.package_identification:_identify(src/ctl_mission/ctl_mission) by extension 'ignore_ament_install'
[0.136s] Level 1:colcon.colcon_core.package_identification:_identify(src/ctl_mission/ctl_mission) by extensions ['colcon_pkg']
[0.136s] Level 1:colcon.colcon_core.package_identification:_identify(src/ctl_mission/ctl_mission) by extension 'colcon_pkg'
[0.136s] Level 1:colcon.colcon_core.package_identification:_identify(src/ctl_mission/ctl_mission) by extensions ['colcon_meta']
[0.137s] Level 1:colcon.colcon_core.package_identification:_identify(src/ctl_mission/ctl_mission) by extension 'colcon_meta'
[0.137s] Level 1:colcon.colcon_core.package_identification:_identify(src/ctl_mission/ctl_mission) by extensions ['ros']
[0.137s] Level 1:colcon.colcon_core.package_identification:_identify(src/ctl_mission/ctl_mission) by extension 'ros'
[0.137s] DEBUG:colcon.colcon_core.package_identification:Package 'src/ctl_mission/ctl_mission' with type 'ros.ament_cmake' and name 'ctl_mission'
[0.137s] Level 1:colcon.colcon_core.package_identification:_identify(src/ctl_mission/ctl_mission_interfaces) by extensions ['ignore', 'ignore_ament_install']
[0.137s] Level 1:colcon.colcon_core.package_identification:_identify(src/ctl_mission/ctl_mission_interfaces) by extension 'ignore'
[0.137s] Level 1:colcon.colcon_core.package_identification:_identify(src/ctl_mission/ctl_mission_interfaces) by extension 'ignore_ament_install'
[0.137s] Level 1:colcon.colcon_core.package_identification:_identify(src/ctl_mission/ctl_mission_interfaces) by extensions ['colcon_pkg']
[0.137s] Level 1:colcon.colcon_core.package_identification:_identify(src/ctl_mission/ctl_mission_interfaces) by extension 'colcon_pkg'
[0.137s] Level 1:colcon.colcon_core.package_identification:_identify(src/ctl_mission/ctl_mission_interfaces) by extensions ['colcon_meta']
[0.137s] Level 1:colcon.colcon_core.package_identification:_identify(src/ctl_mission/ctl_mission_interfaces) by extension 'colcon_meta'
[0.137s] Level 1:colcon.colcon_core.package_identification:_identify(src/ctl_mission/ctl_mission_interfaces) by extensions ['ros']
[0.137s] Level 1:colcon.colcon_core.package_identification:_identify(src/ctl_mission/ctl_mission_interfaces) by extension 'ros'
[0.138s] DEBUG:colcon.colcon_core.package_identification:Package 'src/ctl_mission/ctl_mission_interfaces' with type 'ros.ament_cmake' and name 'ctl_mission_interfaces'
[0.138s] Level 1:colcon.colcon_core.package_identification:_identify(src/ctl_mission/images) by extensions ['ignore', 'ignore_ament_install']
[0.138s] Level 1:colcon.colcon_core.package_identification:_identify(src/ctl_mission/images) by extension 'ignore'
[0.138s] Level 1:colcon.colcon_core.package_identification:_identify(src/ctl_mission/images) by extension 'ignore_ament_install'
[0.138s] Level 1:colcon.colcon_core.package_identification:_identify(src/ctl_mission/images) by extensions ['colcon_pkg']
[0.138s] Level 1:colcon.colcon_core.package_identification:_identify(src/ctl_mission/images) by extension 'colcon_pkg'
[0.138s] Level 1:colcon.colcon_core.package_identification:_identify(src/ctl_mission/images) by extensions ['colcon_meta']
[0.138s] Level 1:colcon.colcon_core.package_identification:_identify(src/ctl_mission/images) by extension 'colcon_meta'
[0.138s] Level 1:colcon.colcon_core.package_identification:_identify(src/ctl_mission/images) by extensions ['ros']
[0.138s] Level 1:colcon.colcon_core.package_identification:_identify(src/ctl_mission/images) by extension 'ros'
[0.138s] Level 1:colcon.colcon_core.package_identification:_identify(src/ctl_mission/images) by extensions ['cmake', 'python']
[0.138s] Level 1:colcon.colcon_core.package_identification:_identify(src/ctl_mission/images) by extension 'cmake'
[0.138s] Level 1:colcon.colcon_core.package_identification:_identify(src/ctl_mission/images) by extension 'python'
[0.138s] Level 1:colcon.colcon_core.package_identification:_identify(src/ctl_mission/images) by extensions ['python_setup_py']
[0.138s] Level 1:colcon.colcon_core.package_identification:_identify(src/ctl_mission/images) by extension 'python_setup_py'
[0.138s] Level 1:colcon.colcon_core.package_identification:_identify(src/gazebo_sim_pkgs) by extensions ['ignore', 'ignore_ament_install']
[0.138s] Level 1:colcon.colcon_core.package_identification:_identify(src/gazebo_sim_pkgs) by extension 'ignore'
[0.138s] Level 1:colcon.colcon_core.package_identification:_identify(src/gazebo_sim_pkgs) by extension 'ignore_ament_install'
[0.138s] Level 1:colcon.colcon_core.package_identification:_identify(src/gazebo_sim_pkgs) by extensions ['colcon_pkg']
[0.138s] Level 1:colcon.colcon_core.package_identification:_identify(src/gazebo_sim_pkgs) by extension 'colcon_pkg'
[0.138s] Level 1:colcon.colcon_core.package_identification:_identify(src/gazebo_sim_pkgs) by extensions ['colcon_meta']
[0.138s] Level 1:colcon.colcon_core.package_identification:_identify(src/gazebo_sim_pkgs) by extension 'colcon_meta'
[0.138s] Level 1:colcon.colcon_core.package_identification:_identify(src/gazebo_sim_pkgs) by extensions ['ros']
[0.138s] Level 1:colcon.colcon_core.package_identification:_identify(src/gazebo_sim_pkgs) by extension 'ros'
[0.138s] Level 1:colcon.colcon_core.package_identification:_identify(src/gazebo_sim_pkgs) by extensions ['cmake', 'python']
[0.138s] Level 1:colcon.colcon_core.package_identification:_identify(src/gazebo_sim_pkgs) by extension 'cmake'
[0.138s] Level 1:colcon.colcon_core.package_identification:_identify(src/gazebo_sim_pkgs) by extension 'python'
[0.138s] Level 1:colcon.colcon_core.package_identification:_identify(src/gazebo_sim_pkgs) by extensions ['python_setup_py']
[0.138s] Level 1:colcon.colcon_core.package_identification:_identify(src/gazebo_sim_pkgs) by extension 'python_setup_py'
[0.138s] Level 1:colcon.colcon_core.package_identification:_identify(src/gazebo_sim_pkgs/fix_position_pkg) by extensions ['ignore', 'ignore_ament_install']
[0.138s] Level 1:colcon.colcon_core.package_identification:_identify(src/gazebo_sim_pkgs/fix_position_pkg) by extension 'ignore'
[0.138s] Level 1:colcon.colcon_core.package_identification:_identify(src/gazebo_sim_pkgs/fix_position_pkg) by extension 'ignore_ament_install'
[0.138s] Level 1:colcon.colcon_core.package_identification:_identify(src/gazebo_sim_pkgs/fix_position_pkg) by extensions ['colcon_pkg']
[0.138s] Level 1:colcon.colcon_core.package_identification:_identify(src/gazebo_sim_pkgs/fix_position_pkg) by extension 'colcon_pkg'
[0.138s] Level 1:colcon.colcon_core.package_identification:_identify(src/gazebo_sim_pkgs/fix_position_pkg) by extensions ['colcon_meta']
[0.139s] Level 1:colcon.colcon_core.package_identification:_identify(src/gazebo_sim_pkgs/fix_position_pkg) by extension 'colcon_meta'
[0.139s] Level 1:colcon.colcon_core.package_identification:_identify(src/gazebo_sim_pkgs/fix_position_pkg) by extensions ['ros']
[0.139s] Level 1:colcon.colcon_core.package_identification:_identify(src/gazebo_sim_pkgs/fix_position_pkg) by extension 'ros'
[0.139s] DEBUG:colcon.colcon_core.package_identification:Package 'src/gazebo_sim_pkgs/fix_position_pkg' with type 'ros.ament_cmake' and name 'fixposition_sensor_pkg'
[0.139s] Level 1:colcon.colcon_core.package_identification:_identify(src/gazebo_sim_pkgs/j8_xacro_model) by extensions ['ignore', 'ignore_ament_install']
[0.139s] Level 1:colcon.colcon_core.package_identification:_identify(src/gazebo_sim_pkgs/j8_xacro_model) by extension 'ignore'
[0.139s] Level 1:colcon.colcon_core.package_identification:_identify(src/gazebo_sim_pkgs/j8_xacro_model) by extension 'ignore_ament_install'
[0.140s] Level 1:colcon.colcon_core.package_identification:_identify(src/gazebo_sim_pkgs/j8_xacro_model) by extensions ['colcon_pkg']
[0.140s] Level 1:colcon.colcon_core.package_identification:_identify(src/gazebo_sim_pkgs/j8_xacro_model) by extension 'colcon_pkg'
[0.140s] Level 1:colcon.colcon_core.package_identification:_identify(src/gazebo_sim_pkgs/j8_xacro_model) by extensions ['colcon_meta']
[0.140s] Level 1:colcon.colcon_core.package_identification:_identify(src/gazebo_sim_pkgs/j8_xacro_model) by extension 'colcon_meta'
[0.140s] Level 1:colcon.colcon_core.package_identification:_identify(src/gazebo_sim_pkgs/j8_xacro_model) by extensions ['ros']
[0.140s] Level 1:colcon.colcon_core.package_identification:_identify(src/gazebo_sim_pkgs/j8_xacro_model) by extension 'ros'
[0.140s] DEBUG:colcon.colcon_core.package_identification:Package 'src/gazebo_sim_pkgs/j8_xacro_model' with type 'ros.ament_cmake' and name 'j8_xacro_model'
[0.140s] Level 1:colcon.colcon_core.package_identification:_identify(src/gazebo_sim_pkgs/j8_xacro_model_sim) by extensions ['ignore', 'ignore_ament_install']
[0.140s] Level 1:colcon.colcon_core.package_identification:_identify(src/gazebo_sim_pkgs/j8_xacro_model_sim) by extension 'ignore'
[0.140s] Level 1:colcon.colcon_core.package_identification:_identify(src/gazebo_sim_pkgs/j8_xacro_model_sim) ignored
[0.140s] Level 1:colcon.colcon_core.package_identification:_identify(src/gui) by extensions ['ignore', 'ignore_ament_install']
[0.140s] Level 1:colcon.colcon_core.package_identification:_identify(src/gui) by extension 'ignore'
[0.140s] Level 1:colcon.colcon_core.package_identification:_identify(src/gui) by extension 'ignore_ament_install'
[0.140s] Level 1:colcon.colcon_core.package_identification:_identify(src/gui) by extensions ['colcon_pkg']
[0.140s] Level 1:colcon.colcon_core.package_identification:_identify(src/gui) by extension 'colcon_pkg'
[0.140s] Level 1:colcon.colcon_core.package_identification:_identify(src/gui) by extensions ['colcon_meta']
[0.140s] Level 1:colcon.colcon_core.package_identification:_identify(src/gui) by extension 'colcon_meta'
[0.140s] Level 1:colcon.colcon_core.package_identification:_identify(src/gui) by extensions ['ros']
[0.140s] Level 1:colcon.colcon_core.package_identification:_identify(src/gui) by extension 'ros'
[0.141s] DEBUG:colcon.colcon_core.package_identification:Package 'src/gui' with type 'ros.ament_python' and name 'gui'
[0.141s] Level 1:colcon.colcon_core.package_identification:_identify(src/hector_gazebo) by extensions ['ignore', 'ignore_ament_install']
[0.141s] Level 1:colcon.colcon_core.package_identification:_identify(src/hector_gazebo) by extension 'ignore'
[0.141s] Level 1:colcon.colcon_core.package_identification:_identify(src/hector_gazebo) by extension 'ignore_ament_install'
[0.141s] Level 1:colcon.colcon_core.package_identification:_identify(src/hector_gazebo) by extensions ['colcon_pkg']
[0.141s] Level 1:colcon.colcon_core.package_identification:_identify(src/hector_gazebo) by extension 'colcon_pkg'
[0.141s] Level 1:colcon.colcon_core.package_identification:_identify(src/hector_gazebo) by extensions ['colcon_meta']
[0.141s] Level 1:colcon.colcon_core.package_identification:_identify(src/hector_gazebo) by extension 'colcon_meta'
[0.141s] Level 1:colcon.colcon_core.package_identification:_identify(src/hector_gazebo) by extensions ['ros']
[0.141s] Level 1:colcon.colcon_core.package_identification:_identify(src/hector_gazebo) by extension 'ros'
[0.142s] DEBUG:colcon.colcon_core.package_identification:Package 'src/hector_gazebo' with type 'ros.ament_cmake' and name 'hector_gazebo_plugins'
[0.142s] Level 1:colcon.colcon_core.package_identification:_identify(src/hikmicro_thermal_camera) by extensions ['ignore', 'ignore_ament_install']
[0.142s] Level 1:colcon.colcon_core.package_identification:_identify(src/hikmicro_thermal_camera) by extension 'ignore'
[0.142s] Level 1:colcon.colcon_core.package_identification:_identify(src/hikmicro_thermal_camera) by extension 'ignore_ament_install'
[0.142s] Level 1:colcon.colcon_core.package_identification:_identify(src/hikmicro_thermal_camera) by extensions ['colcon_pkg']
[0.142s] Level 1:colcon.colcon_core.package_identification:_identify(src/hikmicro_thermal_camera) by extension 'colcon_pkg'
[0.142s] Level 1:colcon.colcon_core.package_identification:_identify(src/hikmicro_thermal_camera) by extensions ['colcon_meta']
[0.142s] Level 1:colcon.colcon_core.package_identification:_identify(src/hikmicro_thermal_camera) by extension 'colcon_meta'
[0.142s] Level 1:colcon.colcon_core.package_identification:_identify(src/hikmicro_thermal_camera) by extensions ['ros']
[0.142s] Level 1:colcon.colcon_core.package_identification:_identify(src/hikmicro_thermal_camera) by extension 'ros'
[0.142s] DEBUG:colcon.colcon_core.package_identification:Package 'src/hikmicro_thermal_camera' with type 'ros.ament_cmake' and name 'hikmicro_thermal_camera'
[0.142s] Level 1:colcon.colcon_core.package_identification:_identify(src/j8_joystick) by extensions ['ignore', 'ignore_ament_install']
[0.142s] Level 1:colcon.colcon_core.package_identification:_identify(src/j8_joystick) by extension 'ignore'
[0.142s] Level 1:colcon.colcon_core.package_identification:_identify(src/j8_joystick) by extension 'ignore_ament_install'
[0.142s] Level 1:colcon.colcon_core.package_identification:_identify(src/j8_joystick) by extensions ['colcon_pkg']
[0.142s] Level 1:colcon.colcon_core.package_identification:_identify(src/j8_joystick) by extension 'colcon_pkg'
[0.142s] Level 1:colcon.colcon_core.package_identification:_identify(src/j8_joystick) by extensions ['colcon_meta']
[0.142s] Level 1:colcon.colcon_core.package_identification:_identify(src/j8_joystick) by extension 'colcon_meta'
[0.142s] Level 1:colcon.colcon_core.package_identification:_identify(src/j8_joystick) by extensions ['ros']
[0.142s] Level 1:colcon.colcon_core.package_identification:_identify(src/j8_joystick) by extension 'ros'
[0.142s] Level 1:colcon.colcon_core.package_identification:_identify(src/j8_joystick) by extensions ['cmake', 'python']
[0.142s] Level 1:colcon.colcon_core.package_identification:_identify(src/j8_joystick) by extension 'cmake'
[0.143s] Level 1:colcon.colcon_core.package_identification:_identify(src/j8_joystick) by extension 'python'
[0.143s] Level 1:colcon.colcon_core.package_identification:_identify(src/j8_joystick) by extensions ['python_setup_py']
[0.143s] Level 1:colcon.colcon_core.package_identification:_identify(src/j8_joystick) by extension 'python_setup_py'
[0.143s] Level 1:colcon.colcon_core.package_identification:_identify(src/j8_joystick/joy) by extensions ['ignore', 'ignore_ament_install']
[0.143s] Level 1:colcon.colcon_core.package_identification:_identify(src/j8_joystick/joy) by extension 'ignore'
[0.143s] Level 1:colcon.colcon_core.package_identification:_identify(src/j8_joystick/joy) by extension 'ignore_ament_install'
[0.143s] Level 1:colcon.colcon_core.package_identification:_identify(src/j8_joystick/joy) by extensions ['colcon_pkg']
[0.143s] Level 1:colcon.colcon_core.package_identification:_identify(src/j8_joystick/joy) by extension 'colcon_pkg'
[0.143s] Level 1:colcon.colcon_core.package_identification:_identify(src/j8_joystick/joy) by extensions ['colcon_meta']
[0.143s] Level 1:colcon.colcon_core.package_identification:_identify(src/j8_joystick/joy) by extension 'colcon_meta'
[0.143s] Level 1:colcon.colcon_core.package_identification:_identify(src/j8_joystick/joy) by extensions ['ros']
[0.143s] Level 1:colcon.colcon_core.package_identification:_identify(src/j8_joystick/joy) by extension 'ros'
[0.143s] DEBUG:colcon.colcon_core.package_identification:Package 'src/j8_joystick/joy' with type 'ros.ament_cmake' and name 'joy'
[0.143s] Level 1:colcon.colcon_core.package_identification:_identify(src/j8_joystick/joy_linux) by extensions ['ignore', 'ignore_ament_install']
[0.143s] Level 1:colcon.colcon_core.package_identification:_identify(src/j8_joystick/joy_linux) by extension 'ignore'
[0.143s] Level 1:colcon.colcon_core.package_identification:_identify(src/j8_joystick/joy_linux) by extension 'ignore_ament_install'
[0.143s] Level 1:colcon.colcon_core.package_identification:_identify(src/j8_joystick/joy_linux) by extensions ['colcon_pkg']
[0.143s] Level 1:colcon.colcon_core.package_identification:_identify(src/j8_joystick/joy_linux) by extension 'colcon_pkg'
[0.143s] Level 1:colcon.colcon_core.package_identification:_identify(src/j8_joystick/joy_linux) by extensions ['colcon_meta']
[0.143s] Level 1:colcon.colcon_core.package_identification:_identify(src/j8_joystick/joy_linux) by extension 'colcon_meta'
[0.143s] Level 1:colcon.colcon_core.package_identification:_identify(src/j8_joystick/joy_linux) by extensions ['ros']
[0.143s] Level 1:colcon.colcon_core.package_identification:_identify(src/j8_joystick/joy_linux) by extension 'ros'
[0.144s] DEBUG:colcon.colcon_core.package_identification:Package 'src/j8_joystick/joy_linux' with type 'ros.ament_cmake' and name 'joy_linux'
[0.144s] Level 1:colcon.colcon_core.package_identification:_identify(src/j8_joystick/joystick_drivers) by extensions ['ignore', 'ignore_ament_install']
[0.144s] Level 1:colcon.colcon_core.package_identification:_identify(src/j8_joystick/joystick_drivers) by extension 'ignore'
[0.144s] Level 1:colcon.colcon_core.package_identification:_identify(src/j8_joystick/joystick_drivers) by extension 'ignore_ament_install'
[0.144s] Level 1:colcon.colcon_core.package_identification:_identify(src/j8_joystick/joystick_drivers) by extensions ['colcon_pkg']
[0.144s] Level 1:colcon.colcon_core.package_identification:_identify(src/j8_joystick/joystick_drivers) by extension 'colcon_pkg'
[0.144s] Level 1:colcon.colcon_core.package_identification:_identify(src/j8_joystick/joystick_drivers) by extensions ['colcon_meta']
[0.144s] Level 1:colcon.colcon_core.package_identification:_identify(src/j8_joystick/joystick_drivers) by extension 'colcon_meta'
[0.144s] Level 1:colcon.colcon_core.package_identification:_identify(src/j8_joystick/joystick_drivers) by extensions ['ros']
[0.144s] Level 1:colcon.colcon_core.package_identification:_identify(src/j8_joystick/joystick_drivers) by extension 'ros'
[0.144s] Level 1:colcon.colcon_core.package_identification:_identify(src/j8_joystick/joystick_drivers) ignored
[0.144s] Level 1:colcon.colcon_core.package_identification:_identify(src/j8_joystick/ps3joy) by extensions ['ignore', 'ignore_ament_install']
[0.144s] Level 1:colcon.colcon_core.package_identification:_identify(src/j8_joystick/ps3joy) by extension 'ignore'
[0.144s] Level 1:colcon.colcon_core.package_identification:_identify(src/j8_joystick/ps3joy) by extension 'ignore_ament_install'
[0.144s] Level 1:colcon.colcon_core.package_identification:_identify(src/j8_joystick/ps3joy) by extensions ['colcon_pkg']
[0.144s] Level 1:colcon.colcon_core.package_identification:_identify(src/j8_joystick/ps3joy) by extension 'colcon_pkg'
[0.144s] Level 1:colcon.colcon_core.package_identification:_identify(src/j8_joystick/ps3joy) by extensions ['colcon_meta']
[0.144s] Level 1:colcon.colcon_core.package_identification:_identify(src/j8_joystick/ps3joy) by extension 'colcon_meta'
[0.144s] Level 1:colcon.colcon_core.package_identification:_identify(src/j8_joystick/ps3joy) by extensions ['ros']
[0.144s] Level 1:colcon.colcon_core.package_identification:_identify(src/j8_joystick/ps3joy) by extension 'ros'
[0.144s] Level 1:colcon.colcon_core.package_identification:_identify(src/j8_joystick/ps3joy) ignored
[0.144s] Level 1:colcon.colcon_core.package_identification:_identify(src/j8_joystick/sdl2_vendor) by extensions ['ignore', 'ignore_ament_install']
[0.145s] Level 1:colcon.colcon_core.package_identification:_identify(src/j8_joystick/sdl2_vendor) by extension 'ignore'
[0.145s] Level 1:colcon.colcon_core.package_identification:_identify(src/j8_joystick/sdl2_vendor) by extension 'ignore_ament_install'
[0.145s] Level 1:colcon.colcon_core.package_identification:_identify(src/j8_joystick/sdl2_vendor) by extensions ['colcon_pkg']
[0.145s] Level 1:colcon.colcon_core.package_identification:_identify(src/j8_joystick/sdl2_vendor) by extension 'colcon_pkg'
[0.145s] Level 1:colcon.colcon_core.package_identification:_identify(src/j8_joystick/sdl2_vendor) by extensions ['colcon_meta']
[0.145s] Level 1:colcon.colcon_core.package_identification:_identify(src/j8_joystick/sdl2_vendor) by extension 'colcon_meta'
[0.145s] Level 1:colcon.colcon_core.package_identification:_identify(src/j8_joystick/sdl2_vendor) by extensions ['ros']
[0.145s] Level 1:colcon.colcon_core.package_identification:_identify(src/j8_joystick/sdl2_vendor) by extension 'ros'
[0.145s] DEBUG:colcon.colcon_core.package_identification:Package 'src/j8_joystick/sdl2_vendor' with type 'ros.ament_cmake' and name 'sdl2_vendor'
[0.145s] Level 1:colcon.colcon_core.package_identification:_identify(src/j8_joystick/spacenav) by extensions ['ignore', 'ignore_ament_install']
[0.145s] Level 1:colcon.colcon_core.package_identification:_identify(src/j8_joystick/spacenav) by extension 'ignore'
[0.145s] Level 1:colcon.colcon_core.package_identification:_identify(src/j8_joystick/spacenav) by extension 'ignore_ament_install'
[0.145s] Level 1:colcon.colcon_core.package_identification:_identify(src/j8_joystick/spacenav) by extensions ['colcon_pkg']
[0.145s] Level 1:colcon.colcon_core.package_identification:_identify(src/j8_joystick/spacenav) by extension 'colcon_pkg'
[0.145s] Level 1:colcon.colcon_core.package_identification:_identify(src/j8_joystick/spacenav) by extensions ['colcon_meta']
[0.145s] Level 1:colcon.colcon_core.package_identification:_identify(src/j8_joystick/spacenav) by extension 'colcon_meta'
[0.145s] Level 1:colcon.colcon_core.package_identification:_identify(src/j8_joystick/spacenav) by extensions ['ros']
[0.145s] Level 1:colcon.colcon_core.package_identification:_identify(src/j8_joystick/spacenav) by extension 'ros'
[0.146s] DEBUG:colcon.colcon_core.package_identification:Package 'src/j8_joystick/spacenav' with type 'ros.ament_cmake' and name 'spacenav'
[0.146s] Level 1:colcon.colcon_core.package_identification:_identify(src/j8_joystick/wiimote_msgs) by extensions ['ignore', 'ignore_ament_install']
[0.146s] Level 1:colcon.colcon_core.package_identification:_identify(src/j8_joystick/wiimote_msgs) by extension 'ignore'
[0.146s] Level 1:colcon.colcon_core.package_identification:_identify(src/j8_joystick/wiimote_msgs) by extension 'ignore_ament_install'
[0.146s] Level 1:colcon.colcon_core.package_identification:_identify(src/j8_joystick/wiimote_msgs) by extensions ['colcon_pkg']
[0.146s] Level 1:colcon.colcon_core.package_identification:_identify(src/j8_joystick/wiimote_msgs) by extension 'colcon_pkg'
[0.146s] Level 1:colcon.colcon_core.package_identification:_identify(src/j8_joystick/wiimote_msgs) by extensions ['colcon_meta']
[0.146s] Level 1:colcon.colcon_core.package_identification:_identify(src/j8_joystick/wiimote_msgs) by extension 'colcon_meta'
[0.146s] Level 1:colcon.colcon_core.package_identification:_identify(src/j8_joystick/wiimote_msgs) by extensions ['ros']
[0.146s] Level 1:colcon.colcon_core.package_identification:_identify(src/j8_joystick/wiimote_msgs) by extension 'ros'
[0.146s] DEBUG:colcon.colcon_core.package_identification:Package 'src/j8_joystick/wiimote_msgs' with type 'ros.ament_cmake' and name 'wiimote_msgs'
[0.146s] Level 1:colcon.colcon_core.package_identification:_identify(src/lidar_process_pkgs) by extensions ['ignore', 'ignore_ament_install']
[0.146s] Level 1:colcon.colcon_core.package_identification:_identify(src/lidar_process_pkgs) by extension 'ignore'
[0.146s] Level 1:colcon.colcon_core.package_identification:_identify(src/lidar_process_pkgs) by extension 'ignore_ament_install'
[0.146s] Level 1:colcon.colcon_core.package_identification:_identify(src/lidar_process_pkgs) by extensions ['colcon_pkg']
[0.146s] Level 1:colcon.colcon_core.package_identification:_identify(src/lidar_process_pkgs) by extension 'colcon_pkg'
[0.146s] Level 1:colcon.colcon_core.package_identification:_identify(src/lidar_process_pkgs) by extensions ['colcon_meta']
[0.146s] Level 1:colcon.colcon_core.package_identification:_identify(src/lidar_process_pkgs) by extension 'colcon_meta'
[0.146s] Level 1:colcon.colcon_core.package_identification:_identify(src/lidar_process_pkgs) by extensions ['ros']
[0.146s] Level 1:colcon.colcon_core.package_identification:_identify(src/lidar_process_pkgs) by extension 'ros'
[0.147s] Level 1:colcon.colcon_core.package_identification:_identify(src/lidar_process_pkgs) by extensions ['cmake', 'python']
[0.147s] Level 1:colcon.colcon_core.package_identification:_identify(src/lidar_process_pkgs) by extension 'cmake'
[0.147s] Level 1:colcon.colcon_core.package_identification:_identify(src/lidar_process_pkgs) by extension 'python'
[0.147s] Level 1:colcon.colcon_core.package_identification:_identify(src/lidar_process_pkgs) by extensions ['python_setup_py']
[0.147s] Level 1:colcon.colcon_core.package_identification:_identify(src/lidar_process_pkgs) by extension 'python_setup_py'
[0.147s] Level 1:colcon.colcon_core.package_identification:_identify(src/lidar_process_pkgs/laser_segmentation) by extensions ['ignore', 'ignore_ament_install']
[0.147s] Level 1:colcon.colcon_core.package_identification:_identify(src/lidar_process_pkgs/laser_segmentation) by extension 'ignore'
[0.147s] Level 1:colcon.colcon_core.package_identification:_identify(src/lidar_process_pkgs/laser_segmentation) by extension 'ignore_ament_install'
[0.147s] Level 1:colcon.colcon_core.package_identification:_identify(src/lidar_process_pkgs/laser_segmentation) by extensions ['colcon_pkg']
[0.147s] Level 1:colcon.colcon_core.package_identification:_identify(src/lidar_process_pkgs/laser_segmentation) by extension 'colcon_pkg'
[0.147s] Level 1:colcon.colcon_core.package_identification:_identify(src/lidar_process_pkgs/laser_segmentation) by extensions ['colcon_meta']
[0.147s] Level 1:colcon.colcon_core.package_identification:_identify(src/lidar_process_pkgs/laser_segmentation) by extension 'colcon_meta'
[0.147s] Level 1:colcon.colcon_core.package_identification:_identify(src/lidar_process_pkgs/laser_segmentation) by extensions ['ros']
[0.147s] Level 1:colcon.colcon_core.package_identification:_identify(src/lidar_process_pkgs/laser_segmentation) by extension 'ros'
[0.147s] DEBUG:colcon.colcon_core.package_identification:Package 'src/lidar_process_pkgs/laser_segmentation' with type 'ros.ament_cmake' and name 'laser_segmentation'
[0.147s] Level 1:colcon.colcon_core.package_identification:_identify(src/lidar_process_pkgs/slg_msgs) by extensions ['ignore', 'ignore_ament_install']
[0.147s] Level 1:colcon.colcon_core.package_identification:_identify(src/lidar_process_pkgs/slg_msgs) by extension 'ignore'
[0.148s] Level 1:colcon.colcon_core.package_identification:_identify(src/lidar_process_pkgs/slg_msgs) by extension 'ignore_ament_install'
[0.148s] Level 1:colcon.colcon_core.package_identification:_identify(src/lidar_process_pkgs/slg_msgs) by extensions ['colcon_pkg']
[0.148s] Level 1:colcon.colcon_core.package_identification:_identify(src/lidar_process_pkgs/slg_msgs) by extension 'colcon_pkg'
[0.148s] Level 1:colcon.colcon_core.package_identification:_identify(src/lidar_process_pkgs/slg_msgs) by extensions ['colcon_meta']
[0.148s] Level 1:colcon.colcon_core.package_identification:_identify(src/lidar_process_pkgs/slg_msgs) by extension 'colcon_meta'
[0.148s] Level 1:colcon.colcon_core.package_identification:_identify(src/lidar_process_pkgs/slg_msgs) by extensions ['ros']
[0.148s] Level 1:colcon.colcon_core.package_identification:_identify(src/lidar_process_pkgs/slg_msgs) by extension 'ros'
[0.148s] DEBUG:colcon.colcon_core.package_identification:Package 'src/lidar_process_pkgs/slg_msgs' with type 'ros.ament_cmake' and name 'slg_msgs'
[0.148s] Level 1:colcon.colcon_core.package_identification:_identify(src/path_manager) by extensions ['ignore', 'ignore_ament_install']
[0.148s] Level 1:colcon.colcon_core.package_identification:_identify(src/path_manager) by extension 'ignore'
[0.148s] Level 1:colcon.colcon_core.package_identification:_identify(src/path_manager) by extension 'ignore_ament_install'
[0.148s] Level 1:colcon.colcon_core.package_identification:_identify(src/path_manager) by extensions ['colcon_pkg']
[0.148s] Level 1:colcon.colcon_core.package_identification:_identify(src/path_manager) by extension 'colcon_pkg'
[0.148s] Level 1:colcon.colcon_core.package_identification:_identify(src/path_manager) by extensions ['colcon_meta']
[0.148s] Level 1:colcon.colcon_core.package_identification:_identify(src/path_manager) by extension 'colcon_meta'
[0.148s] Level 1:colcon.colcon_core.package_identification:_identify(src/path_manager) by extensions ['ros']
[0.148s] Level 1:colcon.colcon_core.package_identification:_identify(src/path_manager) by extension 'ros'
[0.148s] Level 1:colcon.colcon_core.package_identification:_identify(src/path_manager) by extensions ['cmake', 'python']
[0.148s] Level 1:colcon.colcon_core.package_identification:_identify(src/path_manager) by extension 'cmake'
[0.148s] Level 1:colcon.colcon_core.package_identification:_identify(src/path_manager) by extension 'python'
[0.148s] Level 1:colcon.colcon_core.package_identification:_identify(src/path_manager) by extensions ['python_setup_py']
[0.148s] Level 1:colcon.colcon_core.package_identification:_identify(src/path_manager) by extension 'python_setup_py'
[0.148s] Level 1:colcon.colcon_core.package_identification:_identify(src/path_manager/path_manager) by extensions ['ignore', 'ignore_ament_install']
[0.148s] Level 1:colcon.colcon_core.package_identification:_identify(src/path_manager/path_manager) by extension 'ignore'
[0.148s] Level 1:colcon.colcon_core.package_identification:_identify(src/path_manager/path_manager) by extension 'ignore_ament_install'
[0.149s] Level 1:colcon.colcon_core.package_identification:_identify(src/path_manager/path_manager) by extensions ['colcon_pkg']
[0.149s] Level 1:colcon.colcon_core.package_identification:_identify(src/path_manager/path_manager) by extension 'colcon_pkg'
[0.149s] Level 1:colcon.colcon_core.package_identification:_identify(src/path_manager/path_manager) by extensions ['colcon_meta']
[0.149s] Level 1:colcon.colcon_core.package_identification:_identify(src/path_manager/path_manager) by extension 'colcon_meta'
[0.149s] Level 1:colcon.colcon_core.package_identification:_identify(src/path_manager/path_manager) by extensions ['ros']
[0.149s] Level 1:colcon.colcon_core.package_identification:_identify(src/path_manager/path_manager) by extension 'ros'
[0.149s] DEBUG:colcon.colcon_core.package_identification:Package 'src/path_manager/path_manager' with type 'ros.ament_cmake' and name 'path_manager'
[0.149s] Level 1:colcon.colcon_core.package_identification:_identify(src/path_manager/path_manager_interfaces) by extensions ['ignore', 'ignore_ament_install']
[0.149s] Level 1:colcon.colcon_core.package_identification:_identify(src/path_manager/path_manager_interfaces) by extension 'ignore'
[0.149s] Level 1:colcon.colcon_core.package_identification:_identify(src/path_manager/path_manager_interfaces) by extension 'ignore_ament_install'
[0.149s] Level 1:colcon.colcon_core.package_identification:_identify(src/path_manager/path_manager_interfaces) by extensions ['colcon_pkg']
[0.149s] Level 1:colcon.colcon_core.package_identification:_identify(src/path_manager/path_manager_interfaces) by extension 'colcon_pkg'
[0.149s] Level 1:colcon.colcon_core.package_identification:_identify(src/path_manager/path_manager_interfaces) by extensions ['colcon_meta']
[0.149s] Level 1:colcon.colcon_core.package_identification:_identify(src/path_manager/path_manager_interfaces) by extension 'colcon_meta'
[0.149s] Level 1:colcon.colcon_core.package_identification:_identify(src/path_manager/path_manager_interfaces) by extensions ['ros']
[0.149s] Level 1:colcon.colcon_core.package_identification:_identify(src/path_manager/path_manager_interfaces) by extension 'ros'
[0.150s] DEBUG:colcon.colcon_core.package_identification:Package 'src/path_manager/path_manager_interfaces' with type 'ros.ament_cmake' and name 'path_manager_interfaces'
[0.150s] Level 1:colcon.colcon_core.package_identification:_identify(src/security_check) by extensions ['ignore', 'ignore_ament_install']
[0.150s] Level 1:colcon.colcon_core.package_identification:_identify(src/security_check) by extension 'ignore'
[0.150s] Level 1:colcon.colcon_core.package_identification:_identify(src/security_check) by extension 'ignore_ament_install'
[0.150s] Level 1:colcon.colcon_core.package_identification:_identify(src/security_check) by extensions ['colcon_pkg']
[0.150s] Level 1:colcon.colcon_core.package_identification:_identify(src/security_check) by extension 'colcon_pkg'
[0.150s] Level 1:colcon.colcon_core.package_identification:_identify(src/security_check) by extensions ['colcon_meta']
[0.150s] Level 1:colcon.colcon_core.package_identification:_identify(src/security_check) by extension 'colcon_meta'
[0.150s] Level 1:colcon.colcon_core.package_identification:_identify(src/security_check) by extensions ['ros']
[0.150s] Level 1:colcon.colcon_core.package_identification:_identify(src/security_check) by extension 'ros'
[0.150s] Level 1:colcon.colcon_core.package_identification:_identify(src/security_check) by extensions ['cmake', 'python']
[0.150s] Level 1:colcon.colcon_core.package_identification:_identify(src/security_check) by extension 'cmake'
[0.150s] Level 1:colcon.colcon_core.package_identification:_identify(src/security_check) by extension 'python'
[0.150s] Level 1:colcon.colcon_core.package_identification:_identify(src/security_check) by extensions ['python_setup_py']
[0.150s] Level 1:colcon.colcon_core.package_identification:_identify(src/security_check) by extension 'python_setup_py'
[0.150s] Level 1:colcon.colcon_core.package_identification:_identify(src/security_check/security_check) by extensions ['ignore', 'ignore_ament_install']
[0.150s] Level 1:colcon.colcon_core.package_identification:_identify(src/security_check/security_check) by extension 'ignore'
[0.150s] Level 1:colcon.colcon_core.package_identification:_identify(src/security_check/security_check) by extension 'ignore_ament_install'
[0.150s] Level 1:colcon.colcon_core.package_identification:_identify(src/security_check/security_check) by extensions ['colcon_pkg']
[0.150s] Level 1:colcon.colcon_core.package_identification:_identify(src/security_check/security_check) by extension 'colcon_pkg'
[0.150s] Level 1:colcon.colcon_core.package_identification:_identify(src/security_check/security_check) by extensions ['colcon_meta']
[0.150s] Level 1:colcon.colcon_core.package_identification:_identify(src/security_check/security_check) by extension 'colcon_meta'
[0.150s] Level 1:colcon.colcon_core.package_identification:_identify(src/security_check/security_check) by extensions ['ros']
[0.150s] Level 1:colcon.colcon_core.package_identification:_identify(src/security_check/security_check) by extension 'ros'
[0.151s] DEBUG:colcon.colcon_core.package_identification:Package 'src/security_check/security_check' with type 'ros.ament_cmake' and name 'security_check'
[0.151s] Level 1:colcon.colcon_core.package_identification:_identify(src/security_check/security_check_interfaces) by extensions ['ignore', 'ignore_ament_install']
[0.151s] Level 1:colcon.colcon_core.package_identification:_identify(src/security_check/security_check_interfaces) by extension 'ignore'
[0.151s] Level 1:colcon.colcon_core.package_identification:_identify(src/security_check/security_check_interfaces) by extension 'ignore_ament_install'
[0.151s] Level 1:colcon.colcon_core.package_identification:_identify(src/security_check/security_check_interfaces) by extensions ['colcon_pkg']
[0.151s] Level 1:colcon.colcon_core.package_identification:_identify(src/security_check/security_check_interfaces) by extension 'colcon_pkg'
[0.151s] Level 1:colcon.colcon_core.package_identification:_identify(src/security_check/security_check_interfaces) by extensions ['colcon_meta']
[0.151s] Level 1:colcon.colcon_core.package_identification:_identify(src/security_check/security_check_interfaces) by extension 'colcon_meta'
[0.151s] Level 1:colcon.colcon_core.package_identification:_identify(src/security_check/security_check_interfaces) by extensions ['ros']
[0.151s] Level 1:colcon.colcon_core.package_identification:_identify(src/security_check/security_check_interfaces) by extension 'ros'
[0.151s] DEBUG:colcon.colcon_core.package_identification:Package 'src/security_check/security_check_interfaces' with type 'ros.ament_cmake' and name 'security_check_interfaces'
[0.151s] Level 1:colcon.colcon_core.package_identification:_identify(src/test_gui_j8) by extensions ['ignore', 'ignore_ament_install']
[0.152s] Level 1:colcon.colcon_core.package_identification:_identify(src/test_gui_j8) by extension 'ignore'
[0.152s] Level 1:colcon.colcon_core.package_identification:_identify(src/test_gui_j8) by extension 'ignore_ament_install'
[0.152s] Level 1:colcon.colcon_core.package_identification:_identify(src/test_gui_j8) by extensions ['colcon_pkg']
[0.152s] Level 1:colcon.colcon_core.package_identification:_identify(src/test_gui_j8) by extension 'colcon_pkg'
[0.152s] Level 1:colcon.colcon_core.package_identification:_identify(src/test_gui_j8) by extensions ['colcon_meta']
[0.152s] Level 1:colcon.colcon_core.package_identification:_identify(src/test_gui_j8) by extension 'colcon_meta'
[0.152s] Level 1:colcon.colcon_core.package_identification:_identify(src/test_gui_j8) by extensions ['ros']
[0.152s] Level 1:colcon.colcon_core.package_identification:_identify(src/test_gui_j8) by extension 'ros'
[0.152s] Level 1:colcon.colcon_core.package_identification:_identify(src/test_gui_j8) by extensions ['cmake', 'python']
[0.152s] Level 1:colcon.colcon_core.package_identification:_identify(src/test_gui_j8) by extension 'cmake'
[0.152s] Level 1:colcon.colcon_core.package_identification:_identify(src/test_gui_j8) by extension 'python'
[0.152s] Level 1:colcon.colcon_core.package_identification:_identify(src/test_gui_j8) by extensions ['python_setup_py']
[0.152s] Level 1:colcon.colcon_core.package_identification:_identify(src/test_gui_j8) by extension 'python_setup_py'
[0.152s] Level 1:colcon.colcon_core.package_identification:_identify(src/test_gui_j8/src) by extensions ['ignore', 'ignore_ament_install']
[0.152s] Level 1:colcon.colcon_core.package_identification:_identify(src/test_gui_j8/src) by extension 'ignore'
[0.152s] Level 1:colcon.colcon_core.package_identification:_identify(src/test_gui_j8/src) by extension 'ignore_ament_install'
[0.152s] Level 1:colcon.colcon_core.package_identification:_identify(src/test_gui_j8/src) by extensions ['colcon_pkg']
[0.152s] Level 1:colcon.colcon_core.package_identification:_identify(src/test_gui_j8/src) by extension 'colcon_pkg'
[0.152s] Level 1:colcon.colcon_core.package_identification:_identify(src/test_gui_j8/src) by extensions ['colcon_meta']
[0.152s] Level 1:colcon.colcon_core.package_identification:_identify(src/test_gui_j8/src) by extension 'colcon_meta'
[0.152s] Level 1:colcon.colcon_core.package_identification:_identify(src/test_gui_j8/src) by extensions ['ros']
[0.152s] Level 1:colcon.colcon_core.package_identification:_identify(src/test_gui_j8/src) by extension 'ros'
[0.152s] Level 1:colcon.colcon_core.package_identification:_identify(src/test_gui_j8/src) by extensions ['cmake', 'python']
[0.152s] Level 1:colcon.colcon_core.package_identification:_identify(src/test_gui_j8/src) by extension 'cmake'
[0.152s] Level 1:colcon.colcon_core.package_identification:_identify(src/test_gui_j8/src) by extension 'python'
[0.152s] Level 1:colcon.colcon_core.package_identification:_identify(src/test_gui_j8/src) by extensions ['python_setup_py']
[0.152s] Level 1:colcon.colcon_core.package_identification:_identify(src/test_gui_j8/src) by extension 'python_setup_py'
[0.152s] Level 1:colcon.colcon_core.package_identification:_identify(src/test_gui_j8/src/j8_gui) by extensions ['ignore', 'ignore_ament_install']
[0.152s] Level 1:colcon.colcon_core.package_identification:_identify(src/test_gui_j8/src/j8_gui) by extension 'ignore'
[0.152s] Level 1:colcon.colcon_core.package_identification:_identify(src/test_gui_j8/src/j8_gui) by extension 'ignore_ament_install'
[0.152s] Level 1:colcon.colcon_core.package_identification:_identify(src/test_gui_j8/src/j8_gui) by extensions ['colcon_pkg']
[0.152s] Level 1:colcon.colcon_core.package_identification:_identify(src/test_gui_j8/src/j8_gui) by extension 'colcon_pkg'
[0.152s] Level 1:colcon.colcon_core.package_identification:_identify(src/test_gui_j8/src/j8_gui) by extensions ['colcon_meta']
[0.152s] Level 1:colcon.colcon_core.package_identification:_identify(src/test_gui_j8/src/j8_gui) by extension 'colcon_meta'
[0.152s] Level 1:colcon.colcon_core.package_identification:_identify(src/test_gui_j8/src/j8_gui) by extensions ['ros']
[0.152s] Level 1:colcon.colcon_core.package_identification:_identify(src/test_gui_j8/src/j8_gui) by extension 'ros'
[0.153s] DEBUG:colcon.colcon_core.package_identification:Package 'src/test_gui_j8/src/j8_gui' with type 'ros.ament_python' and name 'j8_gui'
[0.153s] Level 1:colcon.colcon_core.package_discovery:discover_packages(recursive) using defaults
[0.153s] Level 1:colcon.colcon_core.package_discovery:discover_packages(ignore) discover
[0.153s] Level 1:colcon.colcon_core.package_discovery:discover_packages(ignore) using defaults
[0.153s] Level 1:colcon.colcon_core.package_discovery:discover_packages(path) discover
[0.153s] Level 1:colcon.colcon_core.package_discovery:discover_packages(path) using defaults
[0.212s] Level 1:colcon.colcon_core.package_discovery:discover_packages(prefix_path) check parameters
[0.212s] Level 1:colcon.colcon_core.package_discovery:discover_packages(prefix_path) discover
[0.214s] DEBUG:colcon.colcon_installed_package_information.package_discovery:Found 1 installed packages in /home/rhobtor/PHD/path_dem/install_navigation
[0.214s] DEBUG:colcon.colcon_installed_package_information.package_discovery:Found 1 installed packages in /home/rhobtor/PHD/path_dem/install
[0.214s] DEBUG:colcon.colcon_installed_package_information.package_discovery:Found 1 installed packages in /home/rhobtor/PHD/install_global_belief_final
[0.215s] DEBUG:colcon.colcon_installed_package_information.package_discovery:Found 38 installed packages in /home/rhobtor/PHD/ARGOSJ8_IA/ARGOSJ8_IA_/install
[0.215s] DEBUG:colcon.colcon_installed_package_information.package_discovery:Found 2 installed packages in /home/rhobtor/PHD/model_terrain_ugv/Model_terrain_ugv/install
[0.216s] DEBUG:colcon.colcon_installed_package_information.package_discovery:Found 325 installed packages in /opt/ros/humble
[0.217s] Level 1:colcon.colcon_core.package_discovery:discover_packages(prefix_path) using defaults
[0.241s] WARNING:colcon.colcon_core.package_selection:Some selected packages are already built in one or more underlay workspaces:
	'joy' is in: /home/rhobtor/PHD/ARGOSJ8_IA/ARGOSJ8_IA_/install/joy, /opt/ros/humble
	'argj801_ctl_platform_interfaces' is in: /home/rhobtor/PHD/ARGOSJ8_IA/ARGOSJ8_IA_/install/argj801_ctl_platform_interfaces
If a package in a merged underlay workspace is overridden and it installs headers, then all packages in the overlay must sort their include directories by workspace order. Failure to do so may result in build failures or undefined behavior at run time.
If the overridden package is used by another package in any underlay, then the overriding package in the overlay must be API and ABI compatible or undefined behavior at run time may occur.

If you understand the risks and want to override a package anyways, add the following to the command line:
	--allow-overriding argj801_ctl_platform_interfaces joy

This may be promoted to an error in a future release of colcon-override-check.
[0.242s] Level 5:colcon.colcon_core.verb:set package 'GUI_pkg' build argument 'cmake_args' from command line to 'None'
[0.242s] Level 5:colcon.colcon_core.verb:set package 'GUI_pkg' build argument 'cmake_target' from command line to 'None'
[0.242s] Level 5:colcon.colcon_core.verb:set package 'GUI_pkg' build argument 'cmake_target_skip_unavailable' from command line to 'False'
[0.242s] Level 5:colcon.colcon_core.verb:set package 'GUI_pkg' build argument 'cmake_clean_cache' from command line to 'False'
[0.242s] Level 5:colcon.colcon_core.verb:set package 'GUI_pkg' build argument 'cmake_clean_first' from command line to 'False'
[0.242s] Level 5:colcon.colcon_core.verb:set package 'GUI_pkg' build argument 'cmake_force_configure' from command line to 'False'
[0.242s] Level 5:colcon.colcon_core.verb:set package 'GUI_pkg' build argument 'ament_cmake_args' from command line to 'None'
[0.242s] Level 5:colcon.colcon_core.verb:set package 'GUI_pkg' build argument 'catkin_cmake_args' from command line to 'None'
[0.242s] Level 5:colcon.colcon_core.verb:set package 'GUI_pkg' build argument 'catkin_skip_building_tests' from command line to 'False'
[0.242s] DEBUG:colcon.colcon_core.verb:Building package 'GUI_pkg' with the following arguments: {'ament_cmake_args': None, 'build_base': '/home/rhobtor/PHD/j8_control/J8_control/build/GUI_pkg', 'catkin_cmake_args': None, 'catkin_skip_building_tests': False, 'cmake_args': None, 'cmake_clean_cache': False, 'cmake_clean_first': False, 'cmake_force_configure': False, 'cmake_target': None, 'cmake_target_skip_unavailable': False, 'install_base': '/home/rhobtor/PHD/j8_control/J8_control/install/GUI_pkg', 'merge_install': False, 'path': '/home/rhobtor/PHD/j8_control/J8_control/src/GUI_pkg', 'symlink_install': False, 'test_result_base': None}
[0.242s] Level 5:colcon.colcon_core.verb:set package 'android_ros2_server' build argument 'cmake_args' from command line to 'None'
[0.242s] Level 5:colcon.colcon_core.verb:set package 'android_ros2_server' build argument 'cmake_target' from command line to 'None'
[0.242s] Level 5:colcon.colcon_core.verb:set package 'android_ros2_server' build argument 'cmake_target_skip_unavailable' from command line to 'False'
[0.242s] Level 5:colcon.colcon_core.verb:set package 'android_ros2_server' build argument 'cmake_clean_cache' from command line to 'False'
[0.242s] Level 5:colcon.colcon_core.verb:set package 'android_ros2_server' build argument 'cmake_clean_first' from command line to 'False'
[0.242s] Level 5:colcon.colcon_core.verb:set package 'android_ros2_server' build argument 'cmake_force_configure' from command line to 'False'
[0.242s] Level 5:colcon.colcon_core.verb:set package 'android_ros2_server' build argument 'ament_cmake_args' from command line to 'None'
[0.242s] Level 5:colcon.colcon_core.verb:set package 'android_ros2_server' build argument 'catkin_cmake_args' from command line to 'None'
[0.242s] Level 5:colcon.colcon_core.verb:set package 'android_ros2_server' build argument 'catkin_skip_building_tests' from command line to 'False'
[0.242s] DEBUG:colcon.colcon_core.verb:Building package 'android_ros2_server' with the following arguments: {'ament_cmake_args': None, 'build_base': '/home/rhobtor/PHD/j8_control/J8_control/build/android_ros2_server', 'catkin_cmake_args': None, 'catkin_skip_building_tests': False, 'cmake_args': None, 'cmake_clean_cache': False, 'cmake_clean_first': False, 'cmake_force_configure': False, 'cmake_target': None, 'cmake_target_skip_unavailable': False, 'install_base': '/home/rhobtor/PHD/j8_control/J8_control/install/android_ros2_server', 'merge_install': False, 'path': '/home/rhobtor/PHD/j8_control/J8_control/src/android_ros2_server', 'symlink_install': False, 'test_result_base': None}
[0.242s] Level 5:colcon.colcon_core.verb:set package 'argj801_ctl_platform_interfaces' build argument 'cmake_args' from command line to 'None'
[0.242s] Level 5:colcon.colcon_core.verb:set package 'argj801_ctl_platform_interfaces' build argument 'cmake_target' from command line to 'None'
[0.242s] Level 5:colcon.colcon_core.verb:set package 'argj801_ctl_platform_interfaces' build argument 'cmake_target_skip_unavailable' from command line to 'False'
[0.242s] Level 5:colcon.colcon_core.verb:set package 'argj801_ctl_platform_interfaces' build argument 'cmake_clean_cache' from command line to 'False'
[0.242s] Level 5:colcon.colcon_core.verb:set package 'argj801_ctl_platform_interfaces' build argument 'cmake_clean_first' from command line to 'False'
[0.242s] Level 5:colcon.colcon_core.verb:set package 'argj801_ctl_platform_interfaces' build argument 'cmake_force_configure' from command line to 'False'
[0.242s] Level 5:colcon.colcon_core.verb:set package 'argj801_ctl_platform_interfaces' build argument 'ament_cmake_args' from command line to 'None'
[0.242s] Level 5:colcon.colcon_core.verb:set package 'argj801_ctl_platform_interfaces' build argument 'catkin_cmake_args' from command line to 'None'
[0.243s] Level 5:colcon.colcon_core.verb:set package 'argj801_ctl_platform_interfaces' build argument 'catkin_skip_building_tests' from command line to 'False'
[0.243s] DEBUG:colcon.colcon_core.verb:Building package 'argj801_ctl_platform_interfaces' with the following arguments: {'ament_cmake_args': None, 'build_base': '/home/rhobtor/PHD/j8_control/J8_control/build/argj801_ctl_platform_interfaces', 'catkin_cmake_args': None, 'catkin_skip_building_tests': False, 'cmake_args': None, 'cmake_clean_cache': False, 'cmake_clean_first': False, 'cmake_force_configure': False, 'cmake_target': None, 'cmake_target_skip_unavailable': False, 'install_base': '/home/rhobtor/PHD/j8_control/J8_control/install/argj801_ctl_platform_interfaces', 'merge_install': False, 'path': '/home/rhobtor/PHD/j8_control/J8_control/src/argj801_ctl_platform/argj801_ctl_platform_interfaces', 'symlink_install': False, 'test_result_base': None}
[0.243s] Level 5:colcon.colcon_core.verb:set package 'argj801_sensors_msgs' build argument 'cmake_args' from command line to 'None'
[0.243s] Level 5:colcon.colcon_core.verb:set package 'argj801_sensors_msgs' build argument 'cmake_target' from command line to 'None'
[0.243s] Level 5:colcon.colcon_core.verb:set package 'argj801_sensors_msgs' build argument 'cmake_target_skip_unavailable' from command line to 'False'
[0.243s] Level 5:colcon.colcon_core.verb:set package 'argj801_sensors_msgs' build argument 'cmake_clean_cache' from command line to 'False'
[0.243s] Level 5:colcon.colcon_core.verb:set package 'argj801_sensors_msgs' build argument 'cmake_clean_first' from command line to 'False'
[0.243s] Level 5:colcon.colcon_core.verb:set package 'argj801_sensors_msgs' build argument 'cmake_force_configure' from command line to 'False'
[0.243s] Level 5:colcon.colcon_core.verb:set package 'argj801_sensors_msgs' build argument 'ament_cmake_args' from command line to 'None'
[0.243s] Level 5:colcon.colcon_core.verb:set package 'argj801_sensors_msgs' build argument 'catkin_cmake_args' from command line to 'None'
[0.243s] Level 5:colcon.colcon_core.verb:set package 'argj801_sensors_msgs' build argument 'catkin_skip_building_tests' from command line to 'False'
[0.243s] DEBUG:colcon.colcon_core.verb:Building package 'argj801_sensors_msgs' with the following arguments: {'ament_cmake_args': None, 'build_base': '/home/rhobtor/PHD/j8_control/J8_control/build/argj801_sensors_msgs', 'catkin_cmake_args': None, 'catkin_skip_building_tests': False, 'cmake_args': None, 'cmake_clean_cache': False, 'cmake_clean_first': False, 'cmake_force_configure': False, 'cmake_target': None, 'cmake_target_skip_unavailable': False, 'install_base': '/home/rhobtor/PHD/j8_control/J8_control/install/argj801_sensors_msgs', 'merge_install': False, 'path': '/home/rhobtor/PHD/j8_control/J8_control/src/argo_drivers_pkgs/argj801_sensors/argj801_sensors_msgs', 'symlink_install': False, 'test_result_base': None}
[0.243s] Level 5:colcon.colcon_core.verb:set package 'argj801_setup' build argument 'cmake_args' from command line to 'None'
[0.243s] Level 5:colcon.colcon_core.verb:set package 'argj801_setup' build argument 'cmake_target' from command line to 'None'
[0.243s] Level 5:colcon.colcon_core.verb:set package 'argj801_setup' build argument 'cmake_target_skip_unavailable' from command line to 'False'
[0.243s] Level 5:colcon.colcon_core.verb:set package 'argj801_setup' build argument 'cmake_clean_cache' from command line to 'False'
[0.243s] Level 5:colcon.colcon_core.verb:set package 'argj801_setup' build argument 'cmake_clean_first' from command line to 'False'
[0.243s] Level 5:colcon.colcon_core.verb:set package 'argj801_setup' build argument 'cmake_force_configure' from command line to 'False'
[0.243s] Level 5:colcon.colcon_core.verb:set package 'argj801_setup' build argument 'ament_cmake_args' from command line to 'None'
[0.243s] Level 5:colcon.colcon_core.verb:set package 'argj801_setup' build argument 'catkin_cmake_args' from command line to 'None'
[0.243s] Level 5:colcon.colcon_core.verb:set package 'argj801_setup' build argument 'catkin_skip_building_tests' from command line to 'False'
[0.243s] DEBUG:colcon.colcon_core.verb:Building package 'argj801_setup' with the following arguments: {'ament_cmake_args': None, 'build_base': '/home/rhobtor/PHD/j8_control/J8_control/build/argj801_setup', 'catkin_cmake_args': None, 'catkin_skip_building_tests': False, 'cmake_args': None, 'cmake_clean_cache': False, 'cmake_clean_first': False, 'cmake_force_configure': False, 'cmake_target': None, 'cmake_target_skip_unavailable': False, 'install_base': '/home/rhobtor/PHD/j8_control/J8_control/install/argj801_setup', 'merge_install': False, 'path': '/home/rhobtor/PHD/j8_control/J8_control/src/argj801_setup', 'symlink_install': False, 'test_result_base': None}
[0.243s] Level 5:colcon.colcon_core.verb:set package 'car_interfaces' build argument 'cmake_args' from command line to 'None'
[0.243s] Level 5:colcon.colcon_core.verb:set package 'car_interfaces' build argument 'cmake_target' from command line to 'None'
[0.243s] Level 5:colcon.colcon_core.verb:set package 'car_interfaces' build argument 'cmake_target_skip_unavailable' from command line to 'False'
[0.243s] Level 5:colcon.colcon_core.verb:set package 'car_interfaces' build argument 'cmake_clean_cache' from command line to 'False'
[0.243s] Level 5:colcon.colcon_core.verb:set package 'car_interfaces' build argument 'cmake_clean_first' from command line to 'False'
[0.243s] Level 5:colcon.colcon_core.verb:set package 'car_interfaces' build argument 'cmake_force_configure' from command line to 'False'
[0.243s] Level 5:colcon.colcon_core.verb:set package 'car_interfaces' build argument 'ament_cmake_args' from command line to 'None'
[0.243s] Level 5:colcon.colcon_core.verb:set package 'car_interfaces' build argument 'catkin_cmake_args' from command line to 'None'
[0.243s] Level 5:colcon.colcon_core.verb:set package 'car_interfaces' build argument 'catkin_skip_building_tests' from command line to 'False'
[0.243s] DEBUG:colcon.colcon_core.verb:Building package 'car_interfaces' with the following arguments: {'ament_cmake_args': None, 'build_base': '/home/rhobtor/PHD/j8_control/J8_control/build/car_interfaces', 'catkin_cmake_args': None, 'catkin_skip_building_tests': False, 'cmake_args': None, 'cmake_clean_cache': False, 'cmake_clean_first': False, 'cmake_force_configure': False, 'cmake_target': None, 'cmake_target_skip_unavailable': False, 'install_base': '/home/rhobtor/PHD/j8_control/J8_control/install/car_interfaces', 'merge_install': False, 'path': '/home/rhobtor/PHD/j8_control/J8_control/src/car_interfaces', 'symlink_install': False, 'test_result_base': None}
[0.244s] Level 5:colcon.colcon_core.verb:set package 'ctl_mission_interfaces' build argument 'cmake_args' from command line to 'None'
[0.244s] Level 5:colcon.colcon_core.verb:set package 'ctl_mission_interfaces' build argument 'cmake_target' from command line to 'None'
[0.244s] Level 5:colcon.colcon_core.verb:set package 'ctl_mission_interfaces' build argument 'cmake_target_skip_unavailable' from command line to 'False'
[0.244s] Level 5:colcon.colcon_core.verb:set package 'ctl_mission_interfaces' build argument 'cmake_clean_cache' from command line to 'False'
[0.244s] Level 5:colcon.colcon_core.verb:set package 'ctl_mission_interfaces' build argument 'cmake_clean_first' from command line to 'False'
[0.244s] Level 5:colcon.colcon_core.verb:set package 'ctl_mission_interfaces' build argument 'cmake_force_configure' from command line to 'False'
[0.244s] Level 5:colcon.colcon_core.verb:set package 'ctl_mission_interfaces' build argument 'ament_cmake_args' from command line to 'None'
[0.244s] Level 5:colcon.colcon_core.verb:set package 'ctl_mission_interfaces' build argument 'catkin_cmake_args' from command line to 'None'
[0.244s] Level 5:colcon.colcon_core.verb:set package 'ctl_mission_interfaces' build argument 'catkin_skip_building_tests' from command line to 'False'
[0.244s] DEBUG:colcon.colcon_core.verb:Building package 'ctl_mission_interfaces' with the following arguments: {'ament_cmake_args': None, 'build_base': '/home/rhobtor/PHD/j8_control/J8_control/build/ctl_mission_interfaces', 'catkin_cmake_args': None, 'catkin_skip_building_tests': False, 'cmake_args': None, 'cmake_clean_cache': False, 'cmake_clean_first': False, 'cmake_force_configure': False, 'cmake_target': None, 'cmake_target_skip_unavailable': False, 'install_base': '/home/rhobtor/PHD/j8_control/J8_control/install/ctl_mission_interfaces', 'merge_install': False, 'path': '/home/rhobtor/PHD/j8_control/J8_control/src/ctl_mission/ctl_mission_interfaces', 'symlink_install': False, 'test_result_base': None}
[0.244s] Level 5:colcon.colcon_core.verb:set package 'fixposition_gnss_tf' build argument 'cmake_args' from command line to 'None'
[0.244s] Level 5:colcon.colcon_core.verb:set package 'fixposition_gnss_tf' build argument 'cmake_target' from command line to 'None'
[0.244s] Level 5:colcon.colcon_core.verb:set package 'fixposition_gnss_tf' build argument 'cmake_target_skip_unavailable' from command line to 'False'
[0.244s] Level 5:colcon.colcon_core.verb:set package 'fixposition_gnss_tf' build argument 'cmake_clean_cache' from command line to 'False'
[0.244s] Level 5:colcon.colcon_core.verb:set package 'fixposition_gnss_tf' build argument 'cmake_clean_first' from command line to 'False'
[0.244s] Level 5:colcon.colcon_core.verb:set package 'fixposition_gnss_tf' build argument 'cmake_force_configure' from command line to 'False'
[0.244s] Level 5:colcon.colcon_core.verb:set package 'fixposition_gnss_tf' build argument 'ament_cmake_args' from command line to 'None'
[0.244s] Level 5:colcon.colcon_core.verb:set package 'fixposition_gnss_tf' build argument 'catkin_cmake_args' from command line to 'None'
[0.244s] Level 5:colcon.colcon_core.verb:set package 'fixposition_gnss_tf' build argument 'catkin_skip_building_tests' from command line to 'False'
[0.244s] DEBUG:colcon.colcon_core.verb:Building package 'fixposition_gnss_tf' with the following arguments: {'ament_cmake_args': None, 'build_base': '/home/rhobtor/PHD/j8_control/J8_control/build/fixposition_gnss_tf', 'catkin_cmake_args': None, 'catkin_skip_building_tests': False, 'cmake_args': None, 'cmake_clean_cache': False, 'cmake_clean_first': False, 'cmake_force_configure': False, 'cmake_target': None, 'cmake_target_skip_unavailable': False, 'install_base': '/home/rhobtor/PHD/j8_control/J8_control/install/fixposition_gnss_tf', 'merge_install': False, 'path': '/home/rhobtor/PHD/j8_control/J8_control/src/argo_drivers_pkgs/Fixposition_driver_pkg/fixposition_gnss_tf-main', 'symlink_install': False, 'test_result_base': None}
[0.244s] Level 5:colcon.colcon_core.verb:set package 'fixposition_sensor_pkg' build argument 'cmake_args' from command line to 'None'
[0.244s] Level 5:colcon.colcon_core.verb:set package 'fixposition_sensor_pkg' build argument 'cmake_target' from command line to 'None'
[0.244s] Level 5:colcon.colcon_core.verb:set package 'fixposition_sensor_pkg' build argument 'cmake_target_skip_unavailable' from command line to 'False'
[0.244s] Level 5:colcon.colcon_core.verb:set package 'fixposition_sensor_pkg' build argument 'cmake_clean_cache' from command line to 'False'
[0.244s] Level 5:colcon.colcon_core.verb:set package 'fixposition_sensor_pkg' build argument 'cmake_clean_first' from command line to 'False'
[0.244s] Level 5:colcon.colcon_core.verb:set package 'fixposition_sensor_pkg' build argument 'cmake_force_configure' from command line to 'False'
[0.244s] Level 5:colcon.colcon_core.verb:set package 'fixposition_sensor_pkg' build argument 'ament_cmake_args' from command line to 'None'
[0.244s] Level 5:colcon.colcon_core.verb:set package 'fixposition_sensor_pkg' build argument 'catkin_cmake_args' from command line to 'None'
[0.244s] Level 5:colcon.colcon_core.verb:set package 'fixposition_sensor_pkg' build argument 'catkin_skip_building_tests' from command line to 'False'
[0.244s] DEBUG:colcon.colcon_core.verb:Building package 'fixposition_sensor_pkg' with the following arguments: {'ament_cmake_args': None, 'build_base': '/home/rhobtor/PHD/j8_control/J8_control/build/fixposition_sensor_pkg', 'catkin_cmake_args': None, 'catkin_skip_building_tests': False, 'cmake_args': None, 'cmake_clean_cache': False, 'cmake_clean_first': False, 'cmake_force_configure': False, 'cmake_target': None, 'cmake_target_skip_unavailable': False, 'install_base': '/home/rhobtor/PHD/j8_control/J8_control/install/fixposition_sensor_pkg', 'merge_install': False, 'path': '/home/rhobtor/PHD/j8_control/J8_control/src/gazebo_sim_pkgs/fix_position_pkg', 'symlink_install': False, 'test_result_base': None}
[0.244s] Level 5:colcon.colcon_core.verb:set package 'gui' build argument 'cmake_args' from command line to 'None'
[0.244s] Level 5:colcon.colcon_core.verb:set package 'gui' build argument 'cmake_target' from command line to 'None'
[0.244s] Level 5:colcon.colcon_core.verb:set package 'gui' build argument 'cmake_target_skip_unavailable' from command line to 'False'
[0.244s] Level 5:colcon.colcon_core.verb:set package 'gui' build argument 'cmake_clean_cache' from command line to 'False'
[0.244s] Level 5:colcon.colcon_core.verb:set package 'gui' build argument 'cmake_clean_first' from command line to 'False'
[0.244s] Level 5:colcon.colcon_core.verb:set package 'gui' build argument 'cmake_force_configure' from command line to 'False'
[0.244s] Level 5:colcon.colcon_core.verb:set package 'gui' build argument 'ament_cmake_args' from command line to 'None'
[0.244s] Level 5:colcon.colcon_core.verb:set package 'gui' build argument 'catkin_cmake_args' from command line to 'None'
[0.244s] Level 5:colcon.colcon_core.verb:set package 'gui' build argument 'catkin_skip_building_tests' from command line to 'False'
[0.244s] DEBUG:colcon.colcon_core.verb:Building package 'gui' with the following arguments: {'ament_cmake_args': None, 'build_base': '/home/rhobtor/PHD/j8_control/J8_control/build/gui', 'catkin_cmake_args': None, 'catkin_skip_building_tests': False, 'cmake_args': None, 'cmake_clean_cache': False, 'cmake_clean_first': False, 'cmake_force_configure': False, 'cmake_target': None, 'cmake_target_skip_unavailable': False, 'install_base': '/home/rhobtor/PHD/j8_control/J8_control/install/gui', 'merge_install': False, 'path': '/home/rhobtor/PHD/j8_control/J8_control/src/gui', 'symlink_install': False, 'test_result_base': None}
[0.245s] Level 5:colcon.colcon_core.verb:set package 'hector_gazebo_plugins' build argument 'cmake_args' from command line to 'None'
[0.245s] Level 5:colcon.colcon_core.verb:set package 'hector_gazebo_plugins' build argument 'cmake_target' from command line to 'None'
[0.245s] Level 5:colcon.colcon_core.verb:set package 'hector_gazebo_plugins' build argument 'cmake_target_skip_unavailable' from command line to 'False'
[0.245s] Level 5:colcon.colcon_core.verb:set package 'hector_gazebo_plugins' build argument 'cmake_clean_cache' from command line to 'False'
[0.245s] Level 5:colcon.colcon_core.verb:set package 'hector_gazebo_plugins' build argument 'cmake_clean_first' from command line to 'False'
[0.245s] Level 5:colcon.colcon_core.verb:set package 'hector_gazebo_plugins' build argument 'cmake_force_configure' from command line to 'False'
[0.245s] Level 5:colcon.colcon_core.verb:set package 'hector_gazebo_plugins' build argument 'ament_cmake_args' from command line to 'None'
[0.245s] Level 5:colcon.colcon_core.verb:set package 'hector_gazebo_plugins' build argument 'catkin_cmake_args' from command line to 'None'
[0.245s] Level 5:colcon.colcon_core.verb:set package 'hector_gazebo_plugins' build argument 'catkin_skip_building_tests' from command line to 'False'
[0.245s] DEBUG:colcon.colcon_core.verb:Building package 'hector_gazebo_plugins' with the following arguments: {'ament_cmake_args': None, 'build_base': '/home/rhobtor/PHD/j8_control/J8_control/build/hector_gazebo_plugins', 'catkin_cmake_args': None, 'catkin_skip_building_tests': False, 'cmake_args': None, 'cmake_clean_cache': False, 'cmake_clean_first': False, 'cmake_force_configure': False, 'cmake_target': None, 'cmake_target_skip_unavailable': False, 'install_base': '/home/rhobtor/PHD/j8_control/J8_control/install/hector_gazebo_plugins', 'merge_install': False, 'path': '/home/rhobtor/PHD/j8_control/J8_control/src/hector_gazebo', 'symlink_install': False, 'test_result_base': None}
[0.245s] Level 5:colcon.colcon_core.verb:set package 'hikmicro_thermal_camera' build argument 'cmake_args' from command line to 'None'
[0.245s] Level 5:colcon.colcon_core.verb:set package 'hikmicro_thermal_camera' build argument 'cmake_target' from command line to 'None'
[0.245s] Level 5:colcon.colcon_core.verb:set package 'hikmicro_thermal_camera' build argument 'cmake_target_skip_unavailable' from command line to 'False'
[0.245s] Level 5:colcon.colcon_core.verb:set package 'hikmicro_thermal_camera' build argument 'cmake_clean_cache' from command line to 'False'
[0.245s] Level 5:colcon.colcon_core.verb:set package 'hikmicro_thermal_camera' build argument 'cmake_clean_first' from command line to 'False'
[0.245s] Level 5:colcon.colcon_core.verb:set package 'hikmicro_thermal_camera' build argument 'cmake_force_configure' from command line to 'False'
[0.245s] Level 5:colcon.colcon_core.verb:set package 'hikmicro_thermal_camera' build argument 'ament_cmake_args' from command line to 'None'
[0.245s] Level 5:colcon.colcon_core.verb:set package 'hikmicro_thermal_camera' build argument 'catkin_cmake_args' from command line to 'None'
[0.245s] Level 5:colcon.colcon_core.verb:set package 'hikmicro_thermal_camera' build argument 'catkin_skip_building_tests' from command line to 'False'
[0.245s] DEBUG:colcon.colcon_core.verb:Building package 'hikmicro_thermal_camera' with the following arguments: {'ament_cmake_args': None, 'build_base': '/home/rhobtor/PHD/j8_control/J8_control/build/hikmicro_thermal_camera', 'catkin_cmake_args': None, 'catkin_skip_building_tests': False, 'cmake_args': None, 'cmake_clean_cache': False, 'cmake_clean_first': False, 'cmake_force_configure': False, 'cmake_target': None, 'cmake_target_skip_unavailable': False, 'install_base': '/home/rhobtor/PHD/j8_control/J8_control/install/hikmicro_thermal_camera', 'merge_install': False, 'path': '/home/rhobtor/PHD/j8_control/J8_control/src/hikmicro_thermal_camera', 'symlink_install': False, 'test_result_base': None}
[0.245s] Level 5:colcon.colcon_core.verb:set package 'j8_gui' build argument 'cmake_args' from command line to 'None'
[0.245s] Level 5:colcon.colcon_core.verb:set package 'j8_gui' build argument 'cmake_target' from command line to 'None'
[0.245s] Level 5:colcon.colcon_core.verb:set package 'j8_gui' build argument 'cmake_target_skip_unavailable' from command line to 'False'
[0.245s] Level 5:colcon.colcon_core.verb:set package 'j8_gui' build argument 'cmake_clean_cache' from command line to 'False'
[0.245s] Level 5:colcon.colcon_core.verb:set package 'j8_gui' build argument 'cmake_clean_first' from command line to 'False'
[0.245s] Level 5:colcon.colcon_core.verb:set package 'j8_gui' build argument 'cmake_force_configure' from command line to 'False'
[0.245s] Level 5:colcon.colcon_core.verb:set package 'j8_gui' build argument 'ament_cmake_args' from command line to 'None'
[0.245s] Level 5:colcon.colcon_core.verb:set package 'j8_gui' build argument 'catkin_cmake_args' from command line to 'None'
[0.245s] Level 5:colcon.colcon_core.verb:set package 'j8_gui' build argument 'catkin_skip_building_tests' from command line to 'False'
[0.245s] DEBUG:colcon.colcon_core.verb:Building package 'j8_gui' with the following arguments: {'ament_cmake_args': None, 'build_base': '/home/rhobtor/PHD/j8_control/J8_control/build/j8_gui', 'catkin_cmake_args': None, 'catkin_skip_building_tests': False, 'cmake_args': None, 'cmake_clean_cache': False, 'cmake_clean_first': False, 'cmake_force_configure': False, 'cmake_target': None, 'cmake_target_skip_unavailable': False, 'install_base': '/home/rhobtor/PHD/j8_control/J8_control/install/j8_gui', 'merge_install': False, 'path': '/home/rhobtor/PHD/j8_control/J8_control/src/test_gui_j8/src/j8_gui', 'symlink_install': False, 'test_result_base': None}
[0.245s] Level 5:colcon.colcon_core.verb:set package 'joy_linux' build argument 'cmake_args' from command line to 'None'
[0.246s] Level 5:colcon.colcon_core.verb:set package 'joy_linux' build argument 'cmake_target' from command line to 'None'
[0.246s] Level 5:colcon.colcon_core.verb:set package 'joy_linux' build argument 'cmake_target_skip_unavailable' from command line to 'False'
[0.246s] Level 5:colcon.colcon_core.verb:set package 'joy_linux' build argument 'cmake_clean_cache' from command line to 'False'
[0.246s] Level 5:colcon.colcon_core.verb:set package 'joy_linux' build argument 'cmake_clean_first' from command line to 'False'
[0.246s] Level 5:colcon.colcon_core.verb:set package 'joy_linux' build argument 'cmake_force_configure' from command line to 'False'
[0.246s] Level 5:colcon.colcon_core.verb:set package 'joy_linux' build argument 'ament_cmake_args' from command line to 'None'
[0.246s] Level 5:colcon.colcon_core.verb:set package 'joy_linux' build argument 'catkin_cmake_args' from command line to 'None'
[0.246s] Level 5:colcon.colcon_core.verb:set package 'joy_linux' build argument 'catkin_skip_building_tests' from command line to 'False'
[0.246s] DEBUG:colcon.colcon_core.verb:Building package 'joy_linux' with the following arguments: {'ament_cmake_args': None, 'build_base': '/home/rhobtor/PHD/j8_control/J8_control/build/joy_linux', 'catkin_cmake_args': None, 'catkin_skip_building_tests': False, 'cmake_args': None, 'cmake_clean_cache': False, 'cmake_clean_first': False, 'cmake_force_configure': False, 'cmake_target': None, 'cmake_target_skip_unavailable': False, 'install_base': '/home/rhobtor/PHD/j8_control/J8_control/install/joy_linux', 'merge_install': False, 'path': '/home/rhobtor/PHD/j8_control/J8_control/src/j8_joystick/joy_linux', 'symlink_install': False, 'test_result_base': None}
[0.246s] Level 5:colcon.colcon_core.verb:set package 'ntrip_client' build argument 'cmake_args' from command line to 'None'
[0.246s] Level 5:colcon.colcon_core.verb:set package 'ntrip_client' build argument 'cmake_target' from command line to 'None'
[0.246s] Level 5:colcon.colcon_core.verb:set package 'ntrip_client' build argument 'cmake_target_skip_unavailable' from command line to 'False'
[0.246s] Level 5:colcon.colcon_core.verb:set package 'ntrip_client' build argument 'cmake_clean_cache' from command line to 'False'
[0.246s] Level 5:colcon.colcon_core.verb:set package 'ntrip_client' build argument 'cmake_clean_first' from command line to 'False'
[0.246s] Level 5:colcon.colcon_core.verb:set package 'ntrip_client' build argument 'cmake_force_configure' from command line to 'False'
[0.246s] Level 5:colcon.colcon_core.verb:set package 'ntrip_client' build argument 'ament_cmake_args' from command line to 'None'
[0.246s] Level 5:colcon.colcon_core.verb:set package 'ntrip_client' build argument 'catkin_cmake_args' from command line to 'None'
[0.246s] Level 5:colcon.colcon_core.verb:set package 'ntrip_client' build argument 'catkin_skip_building_tests' from command line to 'False'
[0.246s] DEBUG:colcon.colcon_core.verb:Building package 'ntrip_client' with the following arguments: {'ament_cmake_args': None, 'build_base': '/home/rhobtor/PHD/j8_control/J8_control/build/ntrip_client', 'catkin_cmake_args': None, 'catkin_skip_building_tests': False, 'cmake_args': None, 'cmake_clean_cache': False, 'cmake_clean_first': False, 'cmake_force_configure': False, 'cmake_target': None, 'cmake_target_skip_unavailable': False, 'install_base': '/home/rhobtor/PHD/j8_control/J8_control/install/ntrip_client', 'merge_install': False, 'path': '/home/rhobtor/PHD/j8_control/J8_control/src/argo_drivers_pkgs/ntrip_client', 'symlink_install': False, 'test_result_base': None}
[0.246s] Level 5:colcon.colcon_core.verb:set package 'path_manager_interfaces' build argument 'cmake_args' from command line to 'None'
[0.246s] Level 5:colcon.colcon_core.verb:set package 'path_manager_interfaces' build argument 'cmake_target' from command line to 'None'
[0.246s] Level 5:colcon.colcon_core.verb:set package 'path_manager_interfaces' build argument 'cmake_target_skip_unavailable' from command line to 'False'
[0.246s] Level 5:colcon.colcon_core.verb:set package 'path_manager_interfaces' build argument 'cmake_clean_cache' from command line to 'False'
[0.246s] Level 5:colcon.colcon_core.verb:set package 'path_manager_interfaces' build argument 'cmake_clean_first' from command line to 'False'
[0.246s] Level 5:colcon.colcon_core.verb:set package 'path_manager_interfaces' build argument 'cmake_force_configure' from command line to 'False'
[0.246s] Level 5:colcon.colcon_core.verb:set package 'path_manager_interfaces' build argument 'ament_cmake_args' from command line to 'None'
[0.246s] Level 5:colcon.colcon_core.verb:set package 'path_manager_interfaces' build argument 'catkin_cmake_args' from command line to 'None'
[0.246s] Level 5:colcon.colcon_core.verb:set package 'path_manager_interfaces' build argument 'catkin_skip_building_tests' from command line to 'False'
[0.246s] DEBUG:colcon.colcon_core.verb:Building package 'path_manager_interfaces' with the following arguments: {'ament_cmake_args': None, 'build_base': '/home/rhobtor/PHD/j8_control/J8_control/build/path_manager_interfaces', 'catkin_cmake_args': None, 'catkin_skip_building_tests': False, 'cmake_args': None, 'cmake_clean_cache': False, 'cmake_clean_first': False, 'cmake_force_configure': False, 'cmake_target': None, 'cmake_target_skip_unavailable': False, 'install_base': '/home/rhobtor/PHD/j8_control/J8_control/install/path_manager_interfaces', 'merge_install': False, 'path': '/home/rhobtor/PHD/j8_control/J8_control/src/path_manager/path_manager_interfaces', 'symlink_install': False, 'test_result_base': None}
[0.246s] Level 5:colcon.colcon_core.verb:set package 'sdl2_vendor' build argument 'cmake_args' from command line to 'None'
[0.246s] Level 5:colcon.colcon_core.verb:set package 'sdl2_vendor' build argument 'cmake_target' from command line to 'None'
[0.246s] Level 5:colcon.colcon_core.verb:set package 'sdl2_vendor' build argument 'cmake_target_skip_unavailable' from command line to 'False'
[0.246s] Level 5:colcon.colcon_core.verb:set package 'sdl2_vendor' build argument 'cmake_clean_cache' from command line to 'False'
[0.246s] Level 5:colcon.colcon_core.verb:set package 'sdl2_vendor' build argument 'cmake_clean_first' from command line to 'False'
[0.246s] Level 5:colcon.colcon_core.verb:set package 'sdl2_vendor' build argument 'cmake_force_configure' from command line to 'False'
[0.246s] Level 5:colcon.colcon_core.verb:set package 'sdl2_vendor' build argument 'ament_cmake_args' from command line to 'None'
[0.246s] Level 5:colcon.colcon_core.verb:set package 'sdl2_vendor' build argument 'catkin_cmake_args' from command line to 'None'
[0.246s] Level 5:colcon.colcon_core.verb:set package 'sdl2_vendor' build argument 'catkin_skip_building_tests' from command line to 'False'
[0.246s] DEBUG:colcon.colcon_core.verb:Building package 'sdl2_vendor' with the following arguments: {'ament_cmake_args': None, 'build_base': '/home/rhobtor/PHD/j8_control/J8_control/build/sdl2_vendor', 'catkin_cmake_args': None, 'catkin_skip_building_tests': False, 'cmake_args': None, 'cmake_clean_cache': False, 'cmake_clean_first': False, 'cmake_force_configure': False, 'cmake_target': None, 'cmake_target_skip_unavailable': False, 'install_base': '/home/rhobtor/PHD/j8_control/J8_control/install/sdl2_vendor', 'merge_install': False, 'path': '/home/rhobtor/PHD/j8_control/J8_control/src/j8_joystick/sdl2_vendor', 'symlink_install': False, 'test_result_base': None}
[0.247s] Level 5:colcon.colcon_core.verb:set package 'security_check_interfaces' build argument 'cmake_args' from command line to 'None'
[0.247s] Level 5:colcon.colcon_core.verb:set package 'security_check_interfaces' build argument 'cmake_target' from command line to 'None'
[0.247s] Level 5:colcon.colcon_core.verb:set package 'security_check_interfaces' build argument 'cmake_target_skip_unavailable' from command line to 'False'
[0.247s] Level 5:colcon.colcon_core.verb:set package 'security_check_interfaces' build argument 'cmake_clean_cache' from command line to 'False'
[0.247s] Level 5:colcon.colcon_core.verb:set package 'security_check_interfaces' build argument 'cmake_clean_first' from command line to 'False'
[0.247s] Level 5:colcon.colcon_core.verb:set package 'security_check_interfaces' build argument 'cmake_force_configure' from command line to 'False'
[0.247s] Level 5:colcon.colcon_core.verb:set package 'security_check_interfaces' build argument 'ament_cmake_args' from command line to 'None'
[0.247s] Level 5:colcon.colcon_core.verb:set package 'security_check_interfaces' build argument 'catkin_cmake_args' from command line to 'None'
[0.247s] Level 5:colcon.colcon_core.verb:set package 'security_check_interfaces' build argument 'catkin_skip_building_tests' from command line to 'False'
[0.247s] DEBUG:colcon.colcon_core.verb:Building package 'security_check_interfaces' with the following arguments: {'ament_cmake_args': None, 'build_base': '/home/rhobtor/PHD/j8_control/J8_control/build/security_check_interfaces', 'catkin_cmake_args': None, 'catkin_skip_building_tests': False, 'cmake_args': None, 'cmake_clean_cache': False, 'cmake_clean_first': False, 'cmake_force_configure': False, 'cmake_target': None, 'cmake_target_skip_unavailable': False, 'install_base': '/home/rhobtor/PHD/j8_control/J8_control/install/security_check_interfaces', 'merge_install': False, 'path': '/home/rhobtor/PHD/j8_control/J8_control/src/security_check/security_check_interfaces', 'symlink_install': False, 'test_result_base': None}
[0.247s] Level 5:colcon.colcon_core.verb:set package 'slg_msgs' build argument 'cmake_args' from command line to 'None'
[0.247s] Level 5:colcon.colcon_core.verb:set package 'slg_msgs' build argument 'cmake_target' from command line to 'None'
[0.247s] Level 5:colcon.colcon_core.verb:set package 'slg_msgs' build argument 'cmake_target_skip_unavailable' from command line to 'False'
[0.247s] Level 5:colcon.colcon_core.verb:set package 'slg_msgs' build argument 'cmake_clean_cache' from command line to 'False'
[0.247s] Level 5:colcon.colcon_core.verb:set package 'slg_msgs' build argument 'cmake_clean_first' from command line to 'False'
[0.247s] Level 5:colcon.colcon_core.verb:set package 'slg_msgs' build argument 'cmake_force_configure' from command line to 'False'
[0.247s] Level 5:colcon.colcon_core.verb:set package 'slg_msgs' build argument 'ament_cmake_args' from command line to 'None'
[0.247s] Level 5:colcon.colcon_core.verb:set package 'slg_msgs' build argument 'catkin_cmake_args' from command line to 'None'
[0.247s] Level 5:colcon.colcon_core.verb:set package 'slg_msgs' build argument 'catkin_skip_building_tests' from command line to 'False'
[0.247s] DEBUG:colcon.colcon_core.verb:Building package 'slg_msgs' with the following arguments: {'ament_cmake_args': None, 'build_base': '/home/rhobtor/PHD/j8_control/J8_control/build/slg_msgs', 'catkin_cmake_args': None, 'catkin_skip_building_tests': False, 'cmake_args': None, 'cmake_clean_cache': False, 'cmake_clean_first': False, 'cmake_force_configure': False, 'cmake_target': None, 'cmake_target_skip_unavailable': False, 'install_base': '/home/rhobtor/PHD/j8_control/J8_control/install/slg_msgs', 'merge_install': False, 'path': '/home/rhobtor/PHD/j8_control/J8_control/src/lidar_process_pkgs/slg_msgs', 'symlink_install': False, 'test_result_base': None}
[0.247s] Level 5:colcon.colcon_core.verb:set package 'spacenav' build argument 'cmake_args' from command line to 'None'
[0.247s] Level 5:colcon.colcon_core.verb:set package 'spacenav' build argument 'cmake_target' from command line to 'None'
[0.247s] Level 5:colcon.colcon_core.verb:set package 'spacenav' build argument 'cmake_target_skip_unavailable' from command line to 'False'
[0.247s] Level 5:colcon.colcon_core.verb:set package 'spacenav' build argument 'cmake_clean_cache' from command line to 'False'
[0.247s] Level 5:colcon.colcon_core.verb:set package 'spacenav' build argument 'cmake_clean_first' from command line to 'False'
[0.247s] Level 5:colcon.colcon_core.verb:set package 'spacenav' build argument 'cmake_force_configure' from command line to 'False'
[0.247s] Level 5:colcon.colcon_core.verb:set package 'spacenav' build argument 'ament_cmake_args' from command line to 'None'
[0.247s] Level 5:colcon.colcon_core.verb:set package 'spacenav' build argument 'catkin_cmake_args' from command line to 'None'
[0.247s] Level 5:colcon.colcon_core.verb:set package 'spacenav' build argument 'catkin_skip_building_tests' from command line to 'False'
[0.247s] DEBUG:colcon.colcon_core.verb:Building package 'spacenav' with the following arguments: {'ament_cmake_args': None, 'build_base': '/home/rhobtor/PHD/j8_control/J8_control/build/spacenav', 'catkin_cmake_args': None, 'catkin_skip_building_tests': False, 'cmake_args': None, 'cmake_clean_cache': False, 'cmake_clean_first': False, 'cmake_force_configure': False, 'cmake_target': None, 'cmake_target_skip_unavailable': False, 'install_base': '/home/rhobtor/PHD/j8_control/J8_control/install/spacenav', 'merge_install': False, 'path': '/home/rhobtor/PHD/j8_control/J8_control/src/j8_joystick/spacenav', 'symlink_install': False, 'test_result_base': None}
[0.247s] Level 5:colcon.colcon_core.verb:set package 'ublox_serialization' build argument 'cmake_args' from command line to 'None'
[0.247s] Level 5:colcon.colcon_core.verb:set package 'ublox_serialization' build argument 'cmake_target' from command line to 'None'
[0.247s] Level 5:colcon.colcon_core.verb:set package 'ublox_serialization' build argument 'cmake_target_skip_unavailable' from command line to 'False'
[0.248s] Level 5:colcon.colcon_core.verb:set package 'ublox_serialization' build argument 'cmake_clean_cache' from command line to 'False'
[0.248s] Level 5:colcon.colcon_core.verb:set package 'ublox_serialization' build argument 'cmake_clean_first' from command line to 'False'
[0.248s] Level 5:colcon.colcon_core.verb:set package 'ublox_serialization' build argument 'cmake_force_configure' from command line to 'False'
[0.248s] Level 5:colcon.colcon_core.verb:set package 'ublox_serialization' build argument 'ament_cmake_args' from command line to 'None'
[0.248s] Level 5:colcon.colcon_core.verb:set package 'ublox_serialization' build argument 'catkin_cmake_args' from command line to 'None'
[0.248s] Level 5:colcon.colcon_core.verb:set package 'ublox_serialization' build argument 'catkin_skip_building_tests' from command line to 'False'
[0.248s] DEBUG:colcon.colcon_core.verb:Building package 'ublox_serialization' with the following arguments: {'ament_cmake_args': None, 'build_base': '/home/rhobtor/PHD/j8_control/J8_control/build/ublox_serialization', 'catkin_cmake_args': None, 'catkin_skip_building_tests': False, 'cmake_args': None, 'cmake_clean_cache': False, 'cmake_clean_first': False, 'cmake_force_configure': False, 'cmake_target': None, 'cmake_target_skip_unavailable': False, 'install_base': '/home/rhobtor/PHD/j8_control/J8_control/install/ublox_serialization', 'merge_install': False, 'path': '/home/rhobtor/PHD/j8_control/J8_control/src/argo_drivers_pkgs/ublox/ublox_serialization', 'symlink_install': False, 'test_result_base': None}
[0.248s] Level 5:colcon.colcon_core.verb:set package 'wiimote_msgs' build argument 'cmake_args' from command line to 'None'
[0.248s] Level 5:colcon.colcon_core.verb:set package 'wiimote_msgs' build argument 'cmake_target' from command line to 'None'
[0.248s] Level 5:colcon.colcon_core.verb:set package 'wiimote_msgs' build argument 'cmake_target_skip_unavailable' from command line to 'False'
[0.248s] Level 5:colcon.colcon_core.verb:set package 'wiimote_msgs' build argument 'cmake_clean_cache' from command line to 'False'
[0.248s] Level 5:colcon.colcon_core.verb:set package 'wiimote_msgs' build argument 'cmake_clean_first' from command line to 'False'
[0.248s] Level 5:colcon.colcon_core.verb:set package 'wiimote_msgs' build argument 'cmake_force_configure' from command line to 'False'
[0.248s] Level 5:colcon.colcon_core.verb:set package 'wiimote_msgs' build argument 'ament_cmake_args' from command line to 'None'
[0.248s] Level 5:colcon.colcon_core.verb:set package 'wiimote_msgs' build argument 'catkin_cmake_args' from command line to 'None'
[0.248s] Level 5:colcon.colcon_core.verb:set package 'wiimote_msgs' build argument 'catkin_skip_building_tests' from command line to 'False'
[0.248s] DEBUG:colcon.colcon_core.verb:Building package 'wiimote_msgs' with the following arguments: {'ament_cmake_args': None, 'build_base': '/home/rhobtor/PHD/j8_control/J8_control/build/wiimote_msgs', 'catkin_cmake_args': None, 'catkin_skip_building_tests': False, 'cmake_args': None, 'cmake_clean_cache': False, 'cmake_clean_first': False, 'cmake_force_configure': False, 'cmake_target': None, 'cmake_target_skip_unavailable': False, 'install_base': '/home/rhobtor/PHD/j8_control/J8_control/install/wiimote_msgs', 'merge_install': False, 'path': '/home/rhobtor/PHD/j8_control/J8_control/src/j8_joystick/wiimote_msgs', 'symlink_install': False, 'test_result_base': None}
[0.248s] Level 5:colcon.colcon_core.verb:set package 'argj801_ctl_platform' build argument 'cmake_args' from command line to 'None'
[0.248s] Level 5:colcon.colcon_core.verb:set package 'argj801_ctl_platform' build argument 'cmake_target' from command line to 'None'
[0.248s] Level 5:colcon.colcon_core.verb:set package 'argj801_ctl_platform' build argument 'cmake_target_skip_unavailable' from command line to 'False'
[0.248s] Level 5:colcon.colcon_core.verb:set package 'argj801_ctl_platform' build argument 'cmake_clean_cache' from command line to 'False'
[0.248s] Level 5:colcon.colcon_core.verb:set package 'argj801_ctl_platform' build argument 'cmake_clean_first' from command line to 'False'
[0.248s] Level 5:colcon.colcon_core.verb:set package 'argj801_ctl_platform' build argument 'cmake_force_configure' from command line to 'False'
[0.248s] Level 5:colcon.colcon_core.verb:set package 'argj801_ctl_platform' build argument 'ament_cmake_args' from command line to 'None'
[0.248s] Level 5:colcon.colcon_core.verb:set package 'argj801_ctl_platform' build argument 'catkin_cmake_args' from command line to 'None'
[0.248s] Level 5:colcon.colcon_core.verb:set package 'argj801_ctl_platform' build argument 'catkin_skip_building_tests' from command line to 'False'
[0.248s] DEBUG:colcon.colcon_core.verb:Building package 'argj801_ctl_platform' with the following arguments: {'ament_cmake_args': None, 'build_base': '/home/rhobtor/PHD/j8_control/J8_control/build/argj801_ctl_platform', 'catkin_cmake_args': None, 'catkin_skip_building_tests': False, 'cmake_args': None, 'cmake_clean_cache': False, 'cmake_clean_first': False, 'cmake_force_configure': False, 'cmake_target': None, 'cmake_target_skip_unavailable': False, 'install_base': '/home/rhobtor/PHD/j8_control/J8_control/install/argj801_ctl_platform', 'merge_install': False, 'path': '/home/rhobtor/PHD/j8_control/J8_control/src/argj801_ctl_platform/argj801_ctl_platform', 'symlink_install': False, 'test_result_base': None}
[0.248s] Level 5:colcon.colcon_core.verb:set package 'argj801_sensors' build argument 'cmake_args' from command line to 'None'
[0.248s] Level 5:colcon.colcon_core.verb:set package 'argj801_sensors' build argument 'cmake_target' from command line to 'None'
[0.248s] Level 5:colcon.colcon_core.verb:set package 'argj801_sensors' build argument 'cmake_target_skip_unavailable' from command line to 'False'
[0.248s] Level 5:colcon.colcon_core.verb:set package 'argj801_sensors' build argument 'cmake_clean_cache' from command line to 'False'
[0.248s] Level 5:colcon.colcon_core.verb:set package 'argj801_sensors' build argument 'cmake_clean_first' from command line to 'False'
[0.248s] Level 5:colcon.colcon_core.verb:set package 'argj801_sensors' build argument 'cmake_force_configure' from command line to 'False'
[0.248s] Level 5:colcon.colcon_core.verb:set package 'argj801_sensors' build argument 'ament_cmake_args' from command line to 'None'
[0.248s] Level 5:colcon.colcon_core.verb:set package 'argj801_sensors' build argument 'catkin_cmake_args' from command line to 'None'
[0.248s] Level 5:colcon.colcon_core.verb:set package 'argj801_sensors' build argument 'catkin_skip_building_tests' from command line to 'False'
[0.248s] DEBUG:colcon.colcon_core.verb:Building package 'argj801_sensors' with the following arguments: {'ament_cmake_args': None, 'build_base': '/home/rhobtor/PHD/j8_control/J8_control/build/argj801_sensors', 'catkin_cmake_args': None, 'catkin_skip_building_tests': False, 'cmake_args': None, 'cmake_clean_cache': False, 'cmake_clean_first': False, 'cmake_force_configure': False, 'cmake_target': None, 'cmake_target_skip_unavailable': False, 'install_base': '/home/rhobtor/PHD/j8_control/J8_control/install/argj801_sensors', 'merge_install': False, 'path': '/home/rhobtor/PHD/j8_control/J8_control/src/argo_drivers_pkgs/argj801_sensors/argj801_sensors', 'symlink_install': False, 'test_result_base': None}
[0.249s] Level 5:colcon.colcon_core.verb:set package 'car' build argument 'cmake_args' from command line to 'None'
[0.249s] Level 5:colcon.colcon_core.verb:set package 'car' build argument 'cmake_target' from command line to 'None'
[0.249s] Level 5:colcon.colcon_core.verb:set package 'car' build argument 'cmake_target_skip_unavailable' from command line to 'False'
[0.249s] Level 5:colcon.colcon_core.verb:set package 'car' build argument 'cmake_clean_cache' from command line to 'False'
[0.249s] Level 5:colcon.colcon_core.verb:set package 'car' build argument 'cmake_clean_first' from command line to 'False'
[0.249s] Level 5:colcon.colcon_core.verb:set package 'car' build argument 'cmake_force_configure' from command line to 'False'
[0.249s] Level 5:colcon.colcon_core.verb:set package 'car' build argument 'ament_cmake_args' from command line to 'None'
[0.249s] Level 5:colcon.colcon_core.verb:set package 'car' build argument 'catkin_cmake_args' from command line to 'None'
[0.249s] Level 5:colcon.colcon_core.verb:set package 'car' build argument 'catkin_skip_building_tests' from command line to 'False'
[0.249s] DEBUG:colcon.colcon_core.verb:Building package 'car' with the following arguments: {'ament_cmake_args': None, 'build_base': '/home/rhobtor/PHD/j8_control/J8_control/build/car', 'catkin_cmake_args': None, 'catkin_skip_building_tests': False, 'cmake_args': None, 'cmake_clean_cache': False, 'cmake_clean_first': False, 'cmake_force_configure': False, 'cmake_target': None, 'cmake_target_skip_unavailable': False, 'install_base': '/home/rhobtor/PHD/j8_control/J8_control/install/car', 'merge_install': False, 'path': '/home/rhobtor/PHD/j8_control/J8_control/src/car_python', 'symlink_install': False, 'test_result_base': None}
[0.249s] Level 5:colcon.colcon_core.verb:set package 'car_cpp' build argument 'cmake_args' from command line to 'None'
[0.249s] Level 5:colcon.colcon_core.verb:set package 'car_cpp' build argument 'cmake_target' from command line to 'None'
[0.249s] Level 5:colcon.colcon_core.verb:set package 'car_cpp' build argument 'cmake_target_skip_unavailable' from command line to 'False'
[0.249s] Level 5:colcon.colcon_core.verb:set package 'car_cpp' build argument 'cmake_clean_cache' from command line to 'False'
[0.249s] Level 5:colcon.colcon_core.verb:set package 'car_cpp' build argument 'cmake_clean_first' from command line to 'False'
[0.249s] Level 5:colcon.colcon_core.verb:set package 'car_cpp' build argument 'cmake_force_configure' from command line to 'False'
[0.249s] Level 5:colcon.colcon_core.verb:set package 'car_cpp' build argument 'ament_cmake_args' from command line to 'None'
[0.249s] Level 5:colcon.colcon_core.verb:set package 'car_cpp' build argument 'catkin_cmake_args' from command line to 'None'
[0.249s] Level 5:colcon.colcon_core.verb:set package 'car_cpp' build argument 'catkin_skip_building_tests' from command line to 'False'
[0.249s] DEBUG:colcon.colcon_core.verb:Building package 'car_cpp' with the following arguments: {'ament_cmake_args': None, 'build_base': '/home/rhobtor/PHD/j8_control/J8_control/build/car_cpp', 'catkin_cmake_args': None, 'catkin_skip_building_tests': False, 'cmake_args': None, 'cmake_clean_cache': False, 'cmake_clean_first': False, 'cmake_force_configure': False, 'cmake_target': None, 'cmake_target_skip_unavailable': False, 'install_base': '/home/rhobtor/PHD/j8_control/J8_control/install/car_cpp', 'merge_install': False, 'path': '/home/rhobtor/PHD/j8_control/J8_control/src/car_cpp', 'symlink_install': False, 'test_result_base': None}
[0.249s] Level 5:colcon.colcon_core.verb:set package 'fixposition_driver_lib' build argument 'cmake_args' from command line to 'None'
[0.249s] Level 5:colcon.colcon_core.verb:set package 'fixposition_driver_lib' build argument 'cmake_target' from command line to 'None'
[0.249s] Level 5:colcon.colcon_core.verb:set package 'fixposition_driver_lib' build argument 'cmake_target_skip_unavailable' from command line to 'False'
[0.249s] Level 5:colcon.colcon_core.verb:set package 'fixposition_driver_lib' build argument 'cmake_clean_cache' from command line to 'False'
[0.249s] Level 5:colcon.colcon_core.verb:set package 'fixposition_driver_lib' build argument 'cmake_clean_first' from command line to 'False'
[0.249s] Level 5:colcon.colcon_core.verb:set package 'fixposition_driver_lib' build argument 'cmake_force_configure' from command line to 'False'
[0.249s] Level 5:colcon.colcon_core.verb:set package 'fixposition_driver_lib' build argument 'ament_cmake_args' from command line to 'None'
[0.249s] Level 5:colcon.colcon_core.verb:set package 'fixposition_driver_lib' build argument 'catkin_cmake_args' from command line to 'None'
[0.249s] Level 5:colcon.colcon_core.verb:set package 'fixposition_driver_lib' build argument 'catkin_skip_building_tests' from command line to 'False'
[0.249s] DEBUG:colcon.colcon_core.verb:Building package 'fixposition_driver_lib' with the following arguments: {'ament_cmake_args': None, 'build_base': '/home/rhobtor/PHD/j8_control/J8_control/build/fixposition_driver_lib', 'catkin_cmake_args': None, 'catkin_skip_building_tests': False, 'cmake_args': None, 'cmake_clean_cache': False, 'cmake_clean_first': False, 'cmake_force_configure': False, 'cmake_target': None, 'cmake_target_skip_unavailable': False, 'install_base': '/home/rhobtor/PHD/j8_control/J8_control/install/fixposition_driver_lib', 'merge_install': False, 'path': '/home/rhobtor/PHD/j8_control/J8_control/src/argo_drivers_pkgs/Fixposition_driver_pkg/fixposition_driver-main/fixposition_driver_lib', 'symlink_install': False, 'test_result_base': None}
[0.249s] Level 5:colcon.colcon_core.verb:set package 'joy' build argument 'cmake_args' from command line to 'None'
[0.249s] Level 5:colcon.colcon_core.verb:set package 'joy' build argument 'cmake_target' from command line to 'None'
[0.249s] Level 5:colcon.colcon_core.verb:set package 'joy' build argument 'cmake_target_skip_unavailable' from command line to 'False'
[0.249s] Level 5:colcon.colcon_core.verb:set package 'joy' build argument 'cmake_clean_cache' from command line to 'False'
[0.249s] Level 5:colcon.colcon_core.verb:set package 'joy' build argument 'cmake_clean_first' from command line to 'False'
[0.249s] Level 5:colcon.colcon_core.verb:set package 'joy' build argument 'cmake_force_configure' from command line to 'False'
[0.249s] Level 5:colcon.colcon_core.verb:set package 'joy' build argument 'ament_cmake_args' from command line to 'None'
[0.249s] Level 5:colcon.colcon_core.verb:set package 'joy' build argument 'catkin_cmake_args' from command line to 'None'
[0.249s] Level 5:colcon.colcon_core.verb:set package 'joy' build argument 'catkin_skip_building_tests' from command line to 'False'
[0.250s] DEBUG:colcon.colcon_core.verb:Building package 'joy' with the following arguments: {'ament_cmake_args': None, 'build_base': '/home/rhobtor/PHD/j8_control/J8_control/build/joy', 'catkin_cmake_args': None, 'catkin_skip_building_tests': False, 'cmake_args': None, 'cmake_clean_cache': False, 'cmake_clean_first': False, 'cmake_force_configure': False, 'cmake_target': None, 'cmake_target_skip_unavailable': False, 'install_base': '/home/rhobtor/PHD/j8_control/J8_control/install/joy', 'merge_install': False, 'path': '/home/rhobtor/PHD/j8_control/J8_control/src/j8_joystick/joy', 'symlink_install': False, 'test_result_base': None}
[0.250s] Level 5:colcon.colcon_core.verb:set package 'laser_segmentation' build argument 'cmake_args' from command line to 'None'
[0.250s] Level 5:colcon.colcon_core.verb:set package 'laser_segmentation' build argument 'cmake_target' from command line to 'None'
[0.250s] Level 5:colcon.colcon_core.verb:set package 'laser_segmentation' build argument 'cmake_target_skip_unavailable' from command line to 'False'
[0.250s] Level 5:colcon.colcon_core.verb:set package 'laser_segmentation' build argument 'cmake_clean_cache' from command line to 'False'
[0.250s] Level 5:colcon.colcon_core.verb:set package 'laser_segmentation' build argument 'cmake_clean_first' from command line to 'False'
[0.250s] Level 5:colcon.colcon_core.verb:set package 'laser_segmentation' build argument 'cmake_force_configure' from command line to 'False'
[0.250s] Level 5:colcon.colcon_core.verb:set package 'laser_segmentation' build argument 'ament_cmake_args' from command line to 'None'
[0.250s] Level 5:colcon.colcon_core.verb:set package 'laser_segmentation' build argument 'catkin_cmake_args' from command line to 'None'
[0.250s] Level 5:colcon.colcon_core.verb:set package 'laser_segmentation' build argument 'catkin_skip_building_tests' from command line to 'False'
[0.250s] DEBUG:colcon.colcon_core.verb:Building package 'laser_segmentation' with the following arguments: {'ament_cmake_args': None, 'build_base': '/home/rhobtor/PHD/j8_control/J8_control/build/laser_segmentation', 'catkin_cmake_args': None, 'catkin_skip_building_tests': False, 'cmake_args': None, 'cmake_clean_cache': False, 'cmake_clean_first': False, 'cmake_force_configure': False, 'cmake_target': None, 'cmake_target_skip_unavailable': False, 'install_base': '/home/rhobtor/PHD/j8_control/J8_control/install/laser_segmentation', 'merge_install': False, 'path': '/home/rhobtor/PHD/j8_control/J8_control/src/lidar_process_pkgs/laser_segmentation', 'symlink_install': False, 'test_result_base': None}
[0.250s] Level 5:colcon.colcon_core.verb:set package 'path_manager' build argument 'cmake_args' from command line to 'None'
[0.250s] Level 5:colcon.colcon_core.verb:set package 'path_manager' build argument 'cmake_target' from command line to 'None'
[0.250s] Level 5:colcon.colcon_core.verb:set package 'path_manager' build argument 'cmake_target_skip_unavailable' from command line to 'False'
[0.250s] Level 5:colcon.colcon_core.verb:set package 'path_manager' build argument 'cmake_clean_cache' from command line to 'False'
[0.250s] Level 5:colcon.colcon_core.verb:set package 'path_manager' build argument 'cmake_clean_first' from command line to 'False'
[0.250s] Level 5:colcon.colcon_core.verb:set package 'path_manager' build argument 'cmake_force_configure' from command line to 'False'
[0.250s] Level 5:colcon.colcon_core.verb:set package 'path_manager' build argument 'ament_cmake_args' from command line to 'None'
[0.250s] Level 5:colcon.colcon_core.verb:set package 'path_manager' build argument 'catkin_cmake_args' from command line to 'None'
[0.250s] Level 5:colcon.colcon_core.verb:set package 'path_manager' build argument 'catkin_skip_building_tests' from command line to 'False'
[0.250s] DEBUG:colcon.colcon_core.verb:Building package 'path_manager' with the following arguments: {'ament_cmake_args': None, 'build_base': '/home/rhobtor/PHD/j8_control/J8_control/build/path_manager', 'catkin_cmake_args': None, 'catkin_skip_building_tests': False, 'cmake_args': None, 'cmake_clean_cache': False, 'cmake_clean_first': False, 'cmake_force_configure': False, 'cmake_target': None, 'cmake_target_skip_unavailable': False, 'install_base': '/home/rhobtor/PHD/j8_control/J8_control/install/path_manager', 'merge_install': False, 'path': '/home/rhobtor/PHD/j8_control/J8_control/src/path_manager/path_manager', 'symlink_install': False, 'test_result_base': None}
[0.250s] Level 5:colcon.colcon_core.verb:set package 'ublox_msgs' build argument 'cmake_args' from command line to 'None'
[0.250s] Level 5:colcon.colcon_core.verb:set package 'ublox_msgs' build argument 'cmake_target' from command line to 'None'
[0.250s] Level 5:colcon.colcon_core.verb:set package 'ublox_msgs' build argument 'cmake_target_skip_unavailable' from command line to 'False'
[0.250s] Level 5:colcon.colcon_core.verb:set package 'ublox_msgs' build argument 'cmake_clean_cache' from command line to 'False'
[0.250s] Level 5:colcon.colcon_core.verb:set package 'ublox_msgs' build argument 'cmake_clean_first' from command line to 'False'
[0.250s] Level 5:colcon.colcon_core.verb:set package 'ublox_msgs' build argument 'cmake_force_configure' from command line to 'False'
[0.250s] Level 5:colcon.colcon_core.verb:set package 'ublox_msgs' build argument 'ament_cmake_args' from command line to 'None'
[0.250s] Level 5:colcon.colcon_core.verb:set package 'ublox_msgs' build argument 'catkin_cmake_args' from command line to 'None'
[0.250s] Level 5:colcon.colcon_core.verb:set package 'ublox_msgs' build argument 'catkin_skip_building_tests' from command line to 'False'
[0.250s] DEBUG:colcon.colcon_core.verb:Building package 'ublox_msgs' with the following arguments: {'ament_cmake_args': None, 'build_base': '/home/rhobtor/PHD/j8_control/J8_control/build/ublox_msgs', 'catkin_cmake_args': None, 'catkin_skip_building_tests': False, 'cmake_args': None, 'cmake_clean_cache': False, 'cmake_clean_first': False, 'cmake_force_configure': False, 'cmake_target': None, 'cmake_target_skip_unavailable': False, 'install_base': '/home/rhobtor/PHD/j8_control/J8_control/install/ublox_msgs', 'merge_install': False, 'path': '/home/rhobtor/PHD/j8_control/J8_control/src/argo_drivers_pkgs/ublox/ublox_msgs', 'symlink_install': False, 'test_result_base': None}
[0.251s] Level 5:colcon.colcon_core.verb:set package 'ctl_mission' build argument 'cmake_args' from command line to 'None'
[0.251s] Level 5:colcon.colcon_core.verb:set package 'ctl_mission' build argument 'cmake_target' from command line to 'None'
[0.251s] Level 5:colcon.colcon_core.verb:set package 'ctl_mission' build argument 'cmake_target_skip_unavailable' from command line to 'False'
[0.251s] Level 5:colcon.colcon_core.verb:set package 'ctl_mission' build argument 'cmake_clean_cache' from command line to 'False'
[0.251s] Level 5:colcon.colcon_core.verb:set package 'ctl_mission' build argument 'cmake_clean_first' from command line to 'False'
[0.251s] Level 5:colcon.colcon_core.verb:set package 'ctl_mission' build argument 'cmake_force_configure' from command line to 'False'
[0.251s] Level 5:colcon.colcon_core.verb:set package 'ctl_mission' build argument 'ament_cmake_args' from command line to 'None'
[0.251s] Level 5:colcon.colcon_core.verb:set package 'ctl_mission' build argument 'catkin_cmake_args' from command line to 'None'
[0.251s] Level 5:colcon.colcon_core.verb:set package 'ctl_mission' build argument 'catkin_skip_building_tests' from command line to 'False'
[0.251s] DEBUG:colcon.colcon_core.verb:Building package 'ctl_mission' with the following arguments: {'ament_cmake_args': None, 'build_base': '/home/rhobtor/PHD/j8_control/J8_control/build/ctl_mission', 'catkin_cmake_args': None, 'catkin_skip_building_tests': False, 'cmake_args': None, 'cmake_clean_cache': False, 'cmake_clean_first': False, 'cmake_force_configure': False, 'cmake_target': None, 'cmake_target_skip_unavailable': False, 'install_base': '/home/rhobtor/PHD/j8_control/J8_control/install/ctl_mission', 'merge_install': False, 'path': '/home/rhobtor/PHD/j8_control/J8_control/src/ctl_mission/ctl_mission', 'symlink_install': False, 'test_result_base': None}
[0.251s] Level 5:colcon.colcon_core.verb:set package 'fixposition_driver_ros2' build argument 'cmake_args' from command line to 'None'
[0.251s] Level 5:colcon.colcon_core.verb:set package 'fixposition_driver_ros2' build argument 'cmake_target' from command line to 'None'
[0.251s] Level 5:colcon.colcon_core.verb:set package 'fixposition_driver_ros2' build argument 'cmake_target_skip_unavailable' from command line to 'False'
[0.251s] Level 5:colcon.colcon_core.verb:set package 'fixposition_driver_ros2' build argument 'cmake_clean_cache' from command line to 'False'
[0.251s] Level 5:colcon.colcon_core.verb:set package 'fixposition_driver_ros2' build argument 'cmake_clean_first' from command line to 'False'
[0.251s] Level 5:colcon.colcon_core.verb:set package 'fixposition_driver_ros2' build argument 'cmake_force_configure' from command line to 'False'
[0.251s] Level 5:colcon.colcon_core.verb:set package 'fixposition_driver_ros2' build argument 'ament_cmake_args' from command line to 'None'
[0.251s] Level 5:colcon.colcon_core.verb:set package 'fixposition_driver_ros2' build argument 'catkin_cmake_args' from command line to 'None'
[0.251s] Level 5:colcon.colcon_core.verb:set package 'fixposition_driver_ros2' build argument 'catkin_skip_building_tests' from command line to 'False'
[0.251s] DEBUG:colcon.colcon_core.verb:Building package 'fixposition_driver_ros2' with the following arguments: {'ament_cmake_args': None, 'build_base': '/home/rhobtor/PHD/j8_control/J8_control/build/fixposition_driver_ros2', 'catkin_cmake_args': None, 'catkin_skip_building_tests': False, 'cmake_args': None, 'cmake_clean_cache': False, 'cmake_clean_first': False, 'cmake_force_configure': False, 'cmake_target': None, 'cmake_target_skip_unavailable': False, 'install_base': '/home/rhobtor/PHD/j8_control/J8_control/install/fixposition_driver_ros2', 'merge_install': False, 'path': '/home/rhobtor/PHD/j8_control/J8_control/src/argo_drivers_pkgs/Fixposition_driver_pkg/fixposition_driver-main/fixposition_driver_ros2', 'symlink_install': False, 'test_result_base': None}
[0.251s] Level 5:colcon.colcon_core.verb:set package 'j8_xacro_model' build argument 'cmake_args' from command line to 'None'
[0.251s] Level 5:colcon.colcon_core.verb:set package 'j8_xacro_model' build argument 'cmake_target' from command line to 'None'
[0.251s] Level 5:colcon.colcon_core.verb:set package 'j8_xacro_model' build argument 'cmake_target_skip_unavailable' from command line to 'False'
[0.251s] Level 5:colcon.colcon_core.verb:set package 'j8_xacro_model' build argument 'cmake_clean_cache' from command line to 'False'
[0.251s] Level 5:colcon.colcon_core.verb:set package 'j8_xacro_model' build argument 'cmake_clean_first' from command line to 'False'
[0.251s] Level 5:colcon.colcon_core.verb:set package 'j8_xacro_model' build argument 'cmake_force_configure' from command line to 'False'
[0.251s] Level 5:colcon.colcon_core.verb:set package 'j8_xacro_model' build argument 'ament_cmake_args' from command line to 'None'
[0.251s] Level 5:colcon.colcon_core.verb:set package 'j8_xacro_model' build argument 'catkin_cmake_args' from command line to 'None'
[0.251s] Level 5:colcon.colcon_core.verb:set package 'j8_xacro_model' build argument 'catkin_skip_building_tests' from command line to 'False'
[0.251s] DEBUG:colcon.colcon_core.verb:Building package 'j8_xacro_model' with the following arguments: {'ament_cmake_args': None, 'build_base': '/home/rhobtor/PHD/j8_control/J8_control/build/j8_xacro_model', 'catkin_cmake_args': None, 'catkin_skip_building_tests': False, 'cmake_args': None, 'cmake_clean_cache': False, 'cmake_clean_first': False, 'cmake_force_configure': False, 'cmake_target': None, 'cmake_target_skip_unavailable': False, 'install_base': '/home/rhobtor/PHD/j8_control/J8_control/install/j8_xacro_model', 'merge_install': False, 'path': '/home/rhobtor/PHD/j8_control/J8_control/src/gazebo_sim_pkgs/j8_xacro_model', 'symlink_install': False, 'test_result_base': None}
[0.251s] Level 5:colcon.colcon_core.verb:set package 'ublox_gps' build argument 'cmake_args' from command line to 'None'
[0.251s] Level 5:colcon.colcon_core.verb:set package 'ublox_gps' build argument 'cmake_target' from command line to 'None'
[0.251s] Level 5:colcon.colcon_core.verb:set package 'ublox_gps' build argument 'cmake_target_skip_unavailable' from command line to 'False'
[0.251s] Level 5:colcon.colcon_core.verb:set package 'ublox_gps' build argument 'cmake_clean_cache' from command line to 'False'
[0.251s] Level 5:colcon.colcon_core.verb:set package 'ublox_gps' build argument 'cmake_clean_first' from command line to 'False'
[0.251s] Level 5:colcon.colcon_core.verb:set package 'ublox_gps' build argument 'cmake_force_configure' from command line to 'False'
[0.251s] Level 5:colcon.colcon_core.verb:set package 'ublox_gps' build argument 'ament_cmake_args' from command line to 'None'
[0.251s] Level 5:colcon.colcon_core.verb:set package 'ublox_gps' build argument 'catkin_cmake_args' from command line to 'None'
[0.251s] Level 5:colcon.colcon_core.verb:set package 'ublox_gps' build argument 'catkin_skip_building_tests' from command line to 'False'
[0.251s] DEBUG:colcon.colcon_core.verb:Building package 'ublox_gps' with the following arguments: {'ament_cmake_args': None, 'build_base': '/home/rhobtor/PHD/j8_control/J8_control/build/ublox_gps', 'catkin_cmake_args': None, 'catkin_skip_building_tests': False, 'cmake_args': None, 'cmake_clean_cache': False, 'cmake_clean_first': False, 'cmake_force_configure': False, 'cmake_target': None, 'cmake_target_skip_unavailable': False, 'install_base': '/home/rhobtor/PHD/j8_control/J8_control/install/ublox_gps', 'merge_install': False, 'path': '/home/rhobtor/PHD/j8_control/J8_control/src/argo_drivers_pkgs/ublox/ublox_gps', 'symlink_install': False, 'test_result_base': None}
[0.252s] Level 5:colcon.colcon_core.verb:set package 'fixposition_odometry_converter_ros2' build argument 'cmake_args' from command line to 'None'
[0.252s] Level 5:colcon.colcon_core.verb:set package 'fixposition_odometry_converter_ros2' build argument 'cmake_target' from command line to 'None'
[0.252s] Level 5:colcon.colcon_core.verb:set package 'fixposition_odometry_converter_ros2' build argument 'cmake_target_skip_unavailable' from command line to 'False'
[0.252s] Level 5:colcon.colcon_core.verb:set package 'fixposition_odometry_converter_ros2' build argument 'cmake_clean_cache' from command line to 'False'
[0.252s] Level 5:colcon.colcon_core.verb:set package 'fixposition_odometry_converter_ros2' build argument 'cmake_clean_first' from command line to 'False'
[0.252s] Level 5:colcon.colcon_core.verb:set package 'fixposition_odometry_converter_ros2' build argument 'cmake_force_configure' from command line to 'False'
[0.252s] Level 5:colcon.colcon_core.verb:set package 'fixposition_odometry_converter_ros2' build argument 'ament_cmake_args' from command line to 'None'
[0.252s] Level 5:colcon.colcon_core.verb:set package 'fixposition_odometry_converter_ros2' build argument 'catkin_cmake_args' from command line to 'None'
[0.252s] Level 5:colcon.colcon_core.verb:set package 'fixposition_odometry_converter_ros2' build argument 'catkin_skip_building_tests' from command line to 'False'
[0.252s] DEBUG:colcon.colcon_core.verb:Building package 'fixposition_odometry_converter_ros2' with the following arguments: {'ament_cmake_args': None, 'build_base': '/home/rhobtor/PHD/j8_control/J8_control/build/fixposition_odometry_converter_ros2', 'catkin_cmake_args': None, 'catkin_skip_building_tests': False, 'cmake_args': None, 'cmake_clean_cache': False, 'cmake_clean_first': False, 'cmake_force_configure': False, 'cmake_target': None, 'cmake_target_skip_unavailable': False, 'install_base': '/home/rhobtor/PHD/j8_control/J8_control/install/fixposition_odometry_converter_ros2', 'merge_install': False, 'path': '/home/rhobtor/PHD/j8_control/J8_control/src/argo_drivers_pkgs/Fixposition_driver_pkg/fixposition_driver-main/fixposition_odometry_converter_ros2', 'symlink_install': False, 'test_result_base': None}
[0.252s] Level 5:colcon.colcon_core.verb:set package 'security_check' build argument 'cmake_args' from command line to 'None'
[0.252s] Level 5:colcon.colcon_core.verb:set package 'security_check' build argument 'cmake_target' from command line to 'None'
[0.252s] Level 5:colcon.colcon_core.verb:set package 'security_check' build argument 'cmake_target_skip_unavailable' from command line to 'False'
[0.252s] Level 5:colcon.colcon_core.verb:set package 'security_check' build argument 'cmake_clean_cache' from command line to 'False'
[0.252s] Level 5:colcon.colcon_core.verb:set package 'security_check' build argument 'cmake_clean_first' from command line to 'False'
[0.252s] Level 5:colcon.colcon_core.verb:set package 'security_check' build argument 'cmake_force_configure' from command line to 'False'
[0.252s] Level 5:colcon.colcon_core.verb:set package 'security_check' build argument 'ament_cmake_args' from command line to 'None'
[0.252s] Level 5:colcon.colcon_core.verb:set package 'security_check' build argument 'catkin_cmake_args' from command line to 'None'
[0.252s] Level 5:colcon.colcon_core.verb:set package 'security_check' build argument 'catkin_skip_building_tests' from command line to 'False'
[0.252s] DEBUG:colcon.colcon_core.verb:Building package 'security_check' with the following arguments: {'ament_cmake_args': None, 'build_base': '/home/rhobtor/PHD/j8_control/J8_control/build/security_check', 'catkin_cmake_args': None, 'catkin_skip_building_tests': False, 'cmake_args': None, 'cmake_clean_cache': False, 'cmake_clean_first': False, 'cmake_force_configure': False, 'cmake_target': None, 'cmake_target_skip_unavailable': False, 'install_base': '/home/rhobtor/PHD/j8_control/J8_control/install/security_check', 'merge_install': False, 'path': '/home/rhobtor/PHD/j8_control/J8_control/src/security_check/security_check', 'symlink_install': False, 'test_result_base': None}
[0.252s] Level 5:colcon.colcon_core.verb:set package 'ublox' build argument 'cmake_args' from command line to 'None'
[0.252s] Level 5:colcon.colcon_core.verb:set package 'ublox' build argument 'cmake_target' from command line to 'None'
[0.252s] Level 5:colcon.colcon_core.verb:set package 'ublox' build argument 'cmake_target_skip_unavailable' from command line to 'False'
[0.252s] Level 5:colcon.colcon_core.verb:set package 'ublox' build argument 'cmake_clean_cache' from command line to 'False'
[0.252s] Level 5:colcon.colcon_core.verb:set package 'ublox' build argument 'cmake_clean_first' from command line to 'False'
[0.252s] Level 5:colcon.colcon_core.verb:set package 'ublox' build argument 'cmake_force_configure' from command line to 'False'
[0.252s] Level 5:colcon.colcon_core.verb:set package 'ublox' build argument 'ament_cmake_args' from command line to 'None'
[0.252s] Level 5:colcon.colcon_core.verb:set package 'ublox' build argument 'catkin_cmake_args' from command line to 'None'
[0.252s] Level 5:colcon.colcon_core.verb:set package 'ublox' build argument 'catkin_skip_building_tests' from command line to 'False'
[0.252s] DEBUG:colcon.colcon_core.verb:Building package 'ublox' with the following arguments: {'ament_cmake_args': None, 'build_base': '/home/rhobtor/PHD/j8_control/J8_control/build/ublox', 'catkin_cmake_args': None, 'catkin_skip_building_tests': False, 'cmake_args': None, 'cmake_clean_cache': False, 'cmake_clean_first': False, 'cmake_force_configure': False, 'cmake_target': None, 'cmake_target_skip_unavailable': False, 'install_base': '/home/rhobtor/PHD/j8_control/J8_control/install/ublox', 'merge_install': False, 'path': '/home/rhobtor/PHD/j8_control/J8_control/src/argo_drivers_pkgs/ublox/ublox', 'symlink_install': False, 'test_result_base': None}
[0.252s] INFO:colcon.colcon_core.executor:Executing jobs using 'parallel' executor
[0.253s] DEBUG:colcon.colcon_parallel_executor.executor.parallel:run_until_complete
[0.254s] INFO:colcon.colcon_ros.task.ament_cmake.build:Building ROS package in '/home/rhobtor/PHD/j8_control/J8_control/src/argo_drivers_pkgs/ublox/ublox_serialization' with build type 'ament_cmake'
[0.254s] INFO:colcon.colcon_cmake.task.cmake.build:Building CMake package in '/home/rhobtor/PHD/j8_control/J8_control/src/argo_drivers_pkgs/ublox/ublox_serialization'
[0.256s] INFO:colcon.colcon_core.plugin_system:Skipping extension 'colcon_core.shell.bat': Not used on non-Windows systems
[0.256s] INFO:colcon.colcon_core.shell:Skip shell extension 'powershell' for command environment: Not usable outside of PowerShell
[0.256s] DEBUG:colcon.colcon_core.shell:Skip shell extension 'dsv' for command environment
[0.260s] INFO:colcon.colcon_ros.task.ament_cmake.build:Building ROS package in '/home/rhobtor/PHD/j8_control/J8_control/src/argj801_ctl_platform/argj801_ctl_platform_interfaces' with build type 'ament_cmake'
[0.260s] INFO:colcon.colcon_cmake.task.cmake.build:Building CMake package in '/home/rhobtor/PHD/j8_control/J8_control/src/argj801_ctl_platform/argj801_ctl_platform_interfaces'
[0.260s] INFO:colcon.colcon_core.shell:Skip shell extension 'powershell' for command environment: Not usable outside of PowerShell
[0.260s] DEBUG:colcon.colcon_core.shell:Skip shell extension 'dsv' for command environment
[0.264s] INFO:colcon.colcon_ros.task.ament_cmake.build:Building ROS package in '/home/rhobtor/PHD/j8_control/J8_control/src/path_manager/path_manager_interfaces' with build type 'ament_cmake'
[0.264s] INFO:colcon.colcon_cmake.task.cmake.build:Building CMake package in '/home/rhobtor/PHD/j8_control/J8_control/src/path_manager/path_manager_interfaces'
[0.264s] INFO:colcon.colcon_core.shell:Skip shell extension 'powershell' for command environment: Not usable outside of PowerShell
[0.264s] DEBUG:colcon.colcon_core.shell:Skip shell extension 'dsv' for command environment
[0.268s] INFO:colcon.colcon_ros.task.cmake.build:Building ROS package in '/home/rhobtor/PHD/j8_control/J8_control/src/argo_drivers_pkgs/Fixposition_driver_pkg/fixposition_gnss_tf-main' with build type 'cmake'
[0.268s] INFO:colcon.colcon_cmake.task.cmake.build:Building CMake package in '/home/rhobtor/PHD/j8_control/J8_control/src/argo_drivers_pkgs/Fixposition_driver_pkg/fixposition_gnss_tf-main'
[0.268s] INFO:colcon.colcon_core.shell:Skip shell extension 'powershell' for command environment: Not usable outside of PowerShell
[0.268s] DEBUG:colcon.colcon_core.shell:Skip shell extension 'dsv' for command environment
[0.271s] INFO:colcon.colcon_ros.task.ament_cmake.build:Building ROS package in '/home/rhobtor/PHD/j8_control/J8_control/src/car_interfaces' with build type 'ament_cmake'
[0.272s] INFO:colcon.colcon_cmake.task.cmake.build:Building CMake package in '/home/rhobtor/PHD/j8_control/J8_control/src/car_interfaces'
[0.272s] INFO:colcon.colcon_core.shell:Skip shell extension 'powershell' for command environment: Not usable outside of PowerShell
[0.272s] DEBUG:colcon.colcon_core.shell:Skip shell extension 'dsv' for command environment
[0.275s] INFO:colcon.colcon_ros.task.ament_cmake.build:Building ROS package in '/home/rhobtor/PHD/j8_control/J8_control/src/ctl_mission/ctl_mission_interfaces' with build type 'ament_cmake'
[0.275s] INFO:colcon.colcon_cmake.task.cmake.build:Building CMake package in '/home/rhobtor/PHD/j8_control/J8_control/src/ctl_mission/ctl_mission_interfaces'
[0.275s] INFO:colcon.colcon_core.shell:Skip shell extension 'powershell' for command environment: Not usable outside of PowerShell
[0.275s] DEBUG:colcon.colcon_core.shell:Skip shell extension 'dsv' for command environment
[0.279s] INFO:colcon.colcon_ros.task.ament_cmake.build:Building ROS package in '/home/rhobtor/PHD/j8_control/J8_control/src/argo_drivers_pkgs/argj801_sensors/argj801_sensors_msgs' with build type 'ament_cmake'
[0.279s] INFO:colcon.colcon_cmake.task.cmake.build:Building CMake package in '/home/rhobtor/PHD/j8_control/J8_control/src/argo_drivers_pkgs/argj801_sensors/argj801_sensors_msgs'
[0.279s] INFO:colcon.colcon_core.shell:Skip shell extension 'powershell' for command environment: Not usable outside of PowerShell
[0.279s] DEBUG:colcon.colcon_core.shell:Skip shell extension 'dsv' for command environment
[0.282s] INFO:colcon.colcon_ros.task.ament_cmake.build:Building ROS package in '/home/rhobtor/PHD/j8_control/J8_control/src/j8_joystick/sdl2_vendor' with build type 'ament_cmake'
[0.283s] INFO:colcon.colcon_cmake.task.cmake.build:Building CMake package in '/home/rhobtor/PHD/j8_control/J8_control/src/j8_joystick/sdl2_vendor'
[0.283s] INFO:colcon.colcon_core.shell:Skip shell extension 'powershell' for command environment: Not usable outside of PowerShell
[0.283s] DEBUG:colcon.colcon_core.shell:Skip shell extension 'dsv' for command environment
[0.287s] INFO:colcon.colcon_ros.task.ament_cmake.build:Building ROS package in '/home/rhobtor/PHD/j8_control/J8_control/src/security_check/security_check_interfaces' with build type 'ament_cmake'
[0.287s] INFO:colcon.colcon_cmake.task.cmake.build:Building CMake package in '/home/rhobtor/PHD/j8_control/J8_control/src/security_check/security_check_interfaces'
[0.287s] INFO:colcon.colcon_core.shell:Skip shell extension 'powershell' for command environment: Not usable outside of PowerShell
[0.287s] DEBUG:colcon.colcon_core.shell:Skip shell extension 'dsv' for command environment
[0.292s] INFO:colcon.colcon_ros.task.ament_cmake.build:Building ROS package in '/home/rhobtor/PHD/j8_control/J8_control/src/lidar_process_pkgs/slg_msgs' with build type 'ament_cmake'
[0.292s] INFO:colcon.colcon_cmake.task.cmake.build:Building CMake package in '/home/rhobtor/PHD/j8_control/J8_control/src/lidar_process_pkgs/slg_msgs'
[0.292s] INFO:colcon.colcon_core.shell:Skip shell extension 'powershell' for command environment: Not usable outside of PowerShell
[0.292s] DEBUG:colcon.colcon_core.shell:Skip shell extension 'dsv' for command environment
[0.295s] INFO:colcon.colcon_ros.task.ament_python.build:Building ROS package in '/home/rhobtor/PHD/j8_control/J8_control/src/GUI_pkg' with build type 'ament_python'
[0.295s] Level 1:colcon.colcon_core.shell:create_environment_hook('GUI_pkg', 'ament_prefix_path')
[0.296s] INFO:colcon.colcon_core.shell:Creating environment hook '/home/rhobtor/PHD/j8_control/J8_control/install/GUI_pkg/share/GUI_pkg/hook/ament_prefix_path.ps1'
[0.296s] INFO:colcon.colcon_core.shell:Creating environment descriptor '/home/rhobtor/PHD/j8_control/J8_control/install/GUI_pkg/share/GUI_pkg/hook/ament_prefix_path.dsv'
[0.296s] INFO:colcon.colcon_core.shell:Creating environment hook '/home/rhobtor/PHD/j8_control/J8_control/install/GUI_pkg/share/GUI_pkg/hook/ament_prefix_path.sh'
[0.297s] INFO:colcon.colcon_core.shell:Skip shell extension 'powershell' for command environment: Not usable outside of PowerShell
[0.297s] DEBUG:colcon.colcon_core.shell:Skip shell extension 'dsv' for command environment
[0.302s] INFO:colcon.colcon_ros.task.ament_python.build:Building ROS package in '/home/rhobtor/PHD/j8_control/J8_control/src/android_ros2_server' with build type 'ament_python'
[0.302s] Level 1:colcon.colcon_core.shell:create_environment_hook('android_ros2_server', 'ament_prefix_path')
[0.303s] INFO:colcon.colcon_core.shell:Creating environment hook '/home/rhobtor/PHD/j8_control/J8_control/install/android_ros2_server/share/android_ros2_server/hook/ament_prefix_path.ps1'
[0.303s] INFO:colcon.colcon_core.shell:Creating environment descriptor '/home/rhobtor/PHD/j8_control/J8_control/install/android_ros2_server/share/android_ros2_server/hook/ament_prefix_path.dsv'
[0.304s] INFO:colcon.colcon_core.shell:Creating environment hook '/home/rhobtor/PHD/j8_control/J8_control/install/android_ros2_server/share/android_ros2_server/hook/ament_prefix_path.sh'
[0.304s] INFO:colcon.colcon_core.shell:Skip shell extension 'powershell' for command environment: Not usable outside of PowerShell
[0.304s] DEBUG:colcon.colcon_core.shell:Skip shell extension 'dsv' for command environment
[0.310s] INFO:colcon.colcon_ros.task.ament_cmake.build:Building ROS package in '/home/rhobtor/PHD/j8_control/J8_control/src/argj801_setup' with build type 'ament_cmake'
[0.310s] INFO:colcon.colcon_cmake.task.cmake.build:Building CMake package in '/home/rhobtor/PHD/j8_control/J8_control/src/argj801_setup'
[0.310s] INFO:colcon.colcon_core.shell:Skip shell extension 'powershell' for command environment: Not usable outside of PowerShell
[0.310s] DEBUG:colcon.colcon_core.shell:Skip shell extension 'dsv' for command environment
[0.314s] INFO:colcon.colcon_ros.task.ament_cmake.build:Building ROS package in '/home/rhobtor/PHD/j8_control/J8_control/src/gazebo_sim_pkgs/fix_position_pkg' with build type 'ament_cmake'
[0.314s] INFO:colcon.colcon_cmake.task.cmake.build:Building CMake package in '/home/rhobtor/PHD/j8_control/J8_control/src/gazebo_sim_pkgs/fix_position_pkg'
[0.314s] INFO:colcon.colcon_core.shell:Skip shell extension 'powershell' for command environment: Not usable outside of PowerShell
[0.314s] DEBUG:colcon.colcon_core.shell:Skip shell extension 'dsv' for command environment
[0.321s] INFO:colcon.colcon_ros.task.ament_python.build:Building ROS package in '/home/rhobtor/PHD/j8_control/J8_control/src/gui' with build type 'ament_python'
[0.321s] Level 1:colcon.colcon_core.shell:create_environment_hook('gui', 'ament_prefix_path')
[0.321s] INFO:colcon.colcon_core.shell:Creating environment hook '/home/rhobtor/PHD/j8_control/J8_control/install/gui/share/gui/hook/ament_prefix_path.ps1'
[0.321s] INFO:colcon.colcon_core.shell:Creating environment descriptor '/home/rhobtor/PHD/j8_control/J8_control/install/gui/share/gui/hook/ament_prefix_path.dsv'
[0.322s] INFO:colcon.colcon_core.shell:Creating environment hook '/home/rhobtor/PHD/j8_control/J8_control/install/gui/share/gui/hook/ament_prefix_path.sh'
[0.322s] INFO:colcon.colcon_core.shell:Skip shell extension 'powershell' for command environment: Not usable outside of PowerShell
[0.322s] DEBUG:colcon.colcon_core.shell:Skip shell extension 'dsv' for command environment
[0.325s] INFO:colcon.colcon_ros.task.ament_cmake.build:Building ROS package in '/home/rhobtor/PHD/j8_control/J8_control/src/hector_gazebo' with build type 'ament_cmake'
[0.325s] INFO:colcon.colcon_cmake.task.cmake.build:Building CMake package in '/home/rhobtor/PHD/j8_control/J8_control/src/hector_gazebo'
[0.325s] INFO:colcon.colcon_core.shell:Skip shell extension 'powershell' for command environment: Not usable outside of PowerShell
[0.325s] DEBUG:colcon.colcon_core.shell:Skip shell extension 'dsv' for command environment
[0.330s] INFO:colcon.colcon_ros.task.ament_cmake.build:Building ROS package in '/home/rhobtor/PHD/j8_control/J8_control/src/hikmicro_thermal_camera' with build type 'ament_cmake'
[0.330s] INFO:colcon.colcon_cmake.task.cmake.build:Building CMake package in '/home/rhobtor/PHD/j8_control/J8_control/src/hikmicro_thermal_camera'
[0.330s] INFO:colcon.colcon_core.shell:Skip shell extension 'powershell' for command environment: Not usable outside of PowerShell
[0.330s] DEBUG:colcon.colcon_core.shell:Skip shell extension 'dsv' for command environment
[0.334s] INFO:colcon.colcon_ros.task.ament_python.build:Building ROS package in '/home/rhobtor/PHD/j8_control/J8_control/src/test_gui_j8/src/j8_gui' with build type 'ament_python'
[0.334s] Level 1:colcon.colcon_core.shell:create_environment_hook('j8_gui', 'ament_prefix_path')
[0.334s] INFO:colcon.colcon_core.shell:Creating environment hook '/home/rhobtor/PHD/j8_control/J8_control/install/j8_gui/share/j8_gui/hook/ament_prefix_path.ps1'
[0.335s] INFO:colcon.colcon_core.shell:Creating environment descriptor '/home/rhobtor/PHD/j8_control/J8_control/install/j8_gui/share/j8_gui/hook/ament_prefix_path.dsv'
[0.335s] INFO:colcon.colcon_core.shell:Creating environment hook '/home/rhobtor/PHD/j8_control/J8_control/install/j8_gui/share/j8_gui/hook/ament_prefix_path.sh'
[0.335s] INFO:colcon.colcon_core.shell:Skip shell extension 'powershell' for command environment: Not usable outside of PowerShell
[0.335s] DEBUG:colcon.colcon_core.shell:Skip shell extension 'dsv' for command environment
[0.340s] INFO:colcon.colcon_ros.task.ament_cmake.build:Building ROS package in '/home/rhobtor/PHD/j8_control/J8_control/src/j8_joystick/joy_linux' with build type 'ament_cmake'
[0.340s] INFO:colcon.colcon_cmake.task.cmake.build:Building CMake package in '/home/rhobtor/PHD/j8_control/J8_control/src/j8_joystick/joy_linux'
[0.340s] INFO:colcon.colcon_core.shell:Skip shell extension 'powershell' for command environment: Not usable outside of PowerShell
[0.340s] DEBUG:colcon.colcon_core.shell:Skip shell extension 'dsv' for command environment
[0.344s] INFO:colcon.colcon_ros.task.ament_python.build:Building ROS package in '/home/rhobtor/PHD/j8_control/J8_control/src/argo_drivers_pkgs/ntrip_client' with build type 'ament_python'
[0.344s] Level 1:colcon.colcon_core.shell:create_environment_hook('ntrip_client', 'ament_prefix_path')
[0.344s] INFO:colcon.colcon_core.shell:Creating environment hook '/home/rhobtor/PHD/j8_control/J8_control/install/ntrip_client/share/ntrip_client/hook/ament_prefix_path.ps1'
[0.344s] INFO:colcon.colcon_core.shell:Creating environment descriptor '/home/rhobtor/PHD/j8_control/J8_control/install/ntrip_client/share/ntrip_client/hook/ament_prefix_path.dsv'
[0.344s] INFO:colcon.colcon_core.shell:Creating environment hook '/home/rhobtor/PHD/j8_control/J8_control/install/ntrip_client/share/ntrip_client/hook/ament_prefix_path.sh'
[0.344s] INFO:colcon.colcon_core.shell:Skip shell extension 'powershell' for command environment: Not usable outside of PowerShell
[0.344s] DEBUG:colcon.colcon_core.shell:Skip shell extension 'dsv' for command environment
[0.354s] DEBUG:colcon.colcon_core.event_handler.log_command:Invoking command in '/home/rhobtor/PHD/j8_control/J8_control/build/ublox_serialization': CMAKE_PREFIX_PATH=${CMAKE_PREFIX_PATH}:/home/rhobtor/PHD/path_dem/install_navigation/path_dem:/home/rhobtor/PHD/path_dem/install/path_dem:/home/rhobtor/PHD/install_global_belief_final/path_dem:/home/rhobtor/PHD/ARGOSJ8_IA/ARGOSJ8_IA_/install/car:/home/rhobtor/PHD/ARGOSJ8_IA/ARGOSJ8_IA_/install/ntrip_client:/home/rhobtor/PHD/ARGOSJ8_IA/ARGOSJ8_IA_/install/j8_gui:/home/rhobtor/PHD/ARGOSJ8_IA/ARGOSJ8_IA_/install/gui:/home/rhobtor/PHD/ARGOSJ8_IA/ARGOSJ8_IA_/install/android_ros2_server:/home/rhobtor/PHD/ARGOSJ8_IA/ARGOSJ8_IA_/install/GUI_pkg:/home/rhobtor/PHD/model_terrain_ugv/Model_terrain_ugv/install/model_terrain:/opt/ros/humble /usr/bin/cmake /home/rhobtor/PHD/j8_control/J8_control/src/argo_drivers_pkgs/ublox/ublox_serialization -DCMAKE_INSTALL_PREFIX=/home/rhobtor/PHD/j8_control/J8_control/install/ublox_serialization
[0.356s] DEBUG:colcon.colcon_core.event_handler.log_command:Invoking command in '/home/rhobtor/PHD/j8_control/J8_control/build/argj801_ctl_platform_interfaces': CMAKE_PREFIX_PATH=${CMAKE_PREFIX_PATH}:/home/rhobtor/PHD/path_dem/install_navigation/path_dem:/home/rhobtor/PHD/path_dem/install/path_dem:/home/rhobtor/PHD/install_global_belief_final/path_dem:/home/rhobtor/PHD/ARGOSJ8_IA/ARGOSJ8_IA_/install/car:/home/rhobtor/PHD/ARGOSJ8_IA/ARGOSJ8_IA_/install/ntrip_client:/home/rhobtor/PHD/ARGOSJ8_IA/ARGOSJ8_IA_/install/j8_gui:/home/rhobtor/PHD/ARGOSJ8_IA/ARGOSJ8_IA_/install/gui:/home/rhobtor/PHD/ARGOSJ8_IA/ARGOSJ8_IA_/install/android_ros2_server:/home/rhobtor/PHD/ARGOSJ8_IA/ARGOSJ8_IA_/install/GUI_pkg:/home/rhobtor/PHD/model_terrain_ugv/Model_terrain_ugv/install/model_terrain:/opt/ros/humble /usr/bin/cmake /home/rhobtor/PHD/j8_control/J8_control/src/argj801_ctl_platform/argj801_ctl_platform_interfaces -DCMAKE_INSTALL_PREFIX=/home/rhobtor/PHD/j8_control/J8_control/install/argj801_ctl_platform_interfaces
[0.357s] DEBUG:colcon.colcon_core.event_handler.log_command:Invoking command in '/home/rhobtor/PHD/j8_control/J8_control/build/path_manager_interfaces': CMAKE_PREFIX_PATH=${CMAKE_PREFIX_PATH}:/home/rhobtor/PHD/path_dem/install_navigation/path_dem:/home/rhobtor/PHD/path_dem/install/path_dem:/home/rhobtor/PHD/install_global_belief_final/path_dem:/home/rhobtor/PHD/ARGOSJ8_IA/ARGOSJ8_IA_/install/car:/home/rhobtor/PHD/ARGOSJ8_IA/ARGOSJ8_IA_/install/ntrip_client:/home/rhobtor/PHD/ARGOSJ8_IA/ARGOSJ8_IA_/install/j8_gui:/home/rhobtor/PHD/ARGOSJ8_IA/ARGOSJ8_IA_/install/gui:/home/rhobtor/PHD/ARGOSJ8_IA/ARGOSJ8_IA_/install/android_ros2_server:/home/rhobtor/PHD/ARGOSJ8_IA/ARGOSJ8_IA_/install/GUI_pkg:/home/rhobtor/PHD/model_terrain_ugv/Model_terrain_ugv/install/model_terrain:/opt/ros/humble /usr/bin/cmake /home/rhobtor/PHD/j8_control/J8_control/src/path_manager/path_manager_interfaces -DCMAKE_INSTALL_PREFIX=/home/rhobtor/PHD/j8_control/J8_control/install/path_manager_interfaces
[0.359s] DEBUG:colcon.colcon_core.event_handler.log_command:Invoking command in '/home/rhobtor/PHD/j8_control/J8_control/build/fixposition_gnss_tf': CMAKE_PREFIX_PATH=${CMAKE_PREFIX_PATH}:/home/rhobtor/PHD/path_dem/install_navigation/path_dem:/home/rhobtor/PHD/path_dem/install/path_dem:/home/rhobtor/PHD/install_global_belief_final/path_dem:/home/rhobtor/PHD/ARGOSJ8_IA/ARGOSJ8_IA_/install/car:/home/rhobtor/PHD/ARGOSJ8_IA/ARGOSJ8_IA_/install/ntrip_client:/home/rhobtor/PHD/ARGOSJ8_IA/ARGOSJ8_IA_/install/j8_gui:/home/rhobtor/PHD/ARGOSJ8_IA/ARGOSJ8_IA_/install/gui:/home/rhobtor/PHD/ARGOSJ8_IA/ARGOSJ8_IA_/install/android_ros2_server:/home/rhobtor/PHD/ARGOSJ8_IA/ARGOSJ8_IA_/install/GUI_pkg:/home/rhobtor/PHD/model_terrain_ugv/Model_terrain_ugv/install/model_terrain:/opt/ros/humble /usr/bin/cmake /home/rhobtor/PHD/j8_control/J8_control/src/argo_drivers_pkgs/Fixposition_driver_pkg/fixposition_gnss_tf-main -DCMAKE_INSTALL_PREFIX=/home/rhobtor/PHD/j8_control/J8_control/install/fixposition_gnss_tf
[0.361s] DEBUG:colcon.colcon_core.event_handler.log_command:Invoking command in '/home/rhobtor/PHD/j8_control/J8_control/build/car_interfaces': CMAKE_PREFIX_PATH=${CMAKE_PREFIX_PATH}:/home/rhobtor/PHD/path_dem/install_navigation/path_dem:/home/rhobtor/PHD/path_dem/install/path_dem:/home/rhobtor/PHD/install_global_belief_final/path_dem:/home/rhobtor/PHD/ARGOSJ8_IA/ARGOSJ8_IA_/install/car:/home/rhobtor/PHD/ARGOSJ8_IA/ARGOSJ8_IA_/install/ntrip_client:/home/rhobtor/PHD/ARGOSJ8_IA/ARGOSJ8_IA_/install/j8_gui:/home/rhobtor/PHD/ARGOSJ8_IA/ARGOSJ8_IA_/install/gui:/home/rhobtor/PHD/ARGOSJ8_IA/ARGOSJ8_IA_/install/android_ros2_server:/home/rhobtor/PHD/ARGOSJ8_IA/ARGOSJ8_IA_/install/GUI_pkg:/home/rhobtor/PHD/model_terrain_ugv/Model_terrain_ugv/install/model_terrain:/opt/ros/humble /usr/bin/cmake /home/rhobtor/PHD/j8_control/J8_control/src/car_interfaces -DCMAKE_INSTALL_PREFIX=/home/rhobtor/PHD/j8_control/J8_control/install/car_interfaces
[0.363s] DEBUG:colcon.colcon_core.event_handler.log_command:Invoking command in '/home/rhobtor/PHD/j8_control/J8_control/build/ctl_mission_interfaces': CMAKE_PREFIX_PATH=${CMAKE_PREFIX_PATH}:/home/rhobtor/PHD/path_dem/install_navigation/path_dem:/home/rhobtor/PHD/path_dem/install/path_dem:/home/rhobtor/PHD/install_global_belief_final/path_dem:/home/rhobtor/PHD/ARGOSJ8_IA/ARGOSJ8_IA_/install/car:/home/rhobtor/PHD/ARGOSJ8_IA/ARGOSJ8_IA_/install/ntrip_client:/home/rhobtor/PHD/ARGOSJ8_IA/ARGOSJ8_IA_/install/j8_gui:/home/rhobtor/PHD/ARGOSJ8_IA/ARGOSJ8_IA_/install/gui:/home/rhobtor/PHD/ARGOSJ8_IA/ARGOSJ8_IA_/install/android_ros2_server:/home/rhobtor/PHD/ARGOSJ8_IA/ARGOSJ8_IA_/install/GUI_pkg:/home/rhobtor/PHD/model_terrain_ugv/Model_terrain_ugv/install/model_terrain:/opt/ros/humble /usr/bin/cmake /home/rhobtor/PHD/j8_control/J8_control/src/ctl_mission/ctl_mission_interfaces -DCMAKE_INSTALL_PREFIX=/home/rhobtor/PHD/j8_control/J8_control/install/ctl_mission_interfaces
[0.365s] DEBUG:colcon.colcon_core.event_handler.log_command:Invoking command in '/home/rhobtor/PHD/j8_control/J8_control/build/argj801_sensors_msgs': CMAKE_PREFIX_PATH=${CMAKE_PREFIX_PATH}:/home/rhobtor/PHD/path_dem/install_navigation/path_dem:/home/rhobtor/PHD/path_dem/install/path_dem:/home/rhobtor/PHD/install_global_belief_final/path_dem:/home/rhobtor/PHD/ARGOSJ8_IA/ARGOSJ8_IA_/install/car:/home/rhobtor/PHD/ARGOSJ8_IA/ARGOSJ8_IA_/install/ntrip_client:/home/rhobtor/PHD/ARGOSJ8_IA/ARGOSJ8_IA_/install/j8_gui:/home/rhobtor/PHD/ARGOSJ8_IA/ARGOSJ8_IA_/install/gui:/home/rhobtor/PHD/ARGOSJ8_IA/ARGOSJ8_IA_/install/android_ros2_server:/home/rhobtor/PHD/ARGOSJ8_IA/ARGOSJ8_IA_/install/GUI_pkg:/home/rhobtor/PHD/model_terrain_ugv/Model_terrain_ugv/install/model_terrain:/opt/ros/humble /usr/bin/cmake /home/rhobtor/PHD/j8_control/J8_control/src/argo_drivers_pkgs/argj801_sensors/argj801_sensors_msgs -DCMAKE_INSTALL_PREFIX=/home/rhobtor/PHD/j8_control/J8_control/install/argj801_sensors_msgs
[0.369s] DEBUG:colcon.colcon_core.event_handler.log_command:Invoking command in '/home/rhobtor/PHD/j8_control/J8_control/build/sdl2_vendor': CMAKE_PREFIX_PATH=${CMAKE_PREFIX_PATH}:/home/rhobtor/PHD/path_dem/install_navigation/path_dem:/home/rhobtor/PHD/path_dem/install/path_dem:/home/rhobtor/PHD/install_global_belief_final/path_dem:/home/rhobtor/PHD/ARGOSJ8_IA/ARGOSJ8_IA_/install/car:/home/rhobtor/PHD/ARGOSJ8_IA/ARGOSJ8_IA_/install/ntrip_client:/home/rhobtor/PHD/ARGOSJ8_IA/ARGOSJ8_IA_/install/j8_gui:/home/rhobtor/PHD/ARGOSJ8_IA/ARGOSJ8_IA_/install/gui:/home/rhobtor/PHD/ARGOSJ8_IA/ARGOSJ8_IA_/install/android_ros2_server:/home/rhobtor/PHD/ARGOSJ8_IA/ARGOSJ8_IA_/install/GUI_pkg:/home/rhobtor/PHD/model_terrain_ugv/Model_terrain_ugv/install/model_terrain:/opt/ros/humble /usr/bin/cmake /home/rhobtor/PHD/j8_control/J8_control/src/j8_joystick/sdl2_vendor -DCMAKE_INSTALL_PREFIX=/home/rhobtor/PHD/j8_control/J8_control/install/sdl2_vendor
[0.371s] DEBUG:colcon.colcon_core.event_handler.log_command:Invoking command in '/home/rhobtor/PHD/j8_control/J8_control/build/security_check_interfaces': CMAKE_PREFIX_PATH=${CMAKE_PREFIX_PATH}:/home/rhobtor/PHD/path_dem/install_navigation/path_dem:/home/rhobtor/PHD/path_dem/install/path_dem:/home/rhobtor/PHD/install_global_belief_final/path_dem:/home/rhobtor/PHD/ARGOSJ8_IA/ARGOSJ8_IA_/install/car:/home/rhobtor/PHD/ARGOSJ8_IA/ARGOSJ8_IA_/install/ntrip_client:/home/rhobtor/PHD/ARGOSJ8_IA/ARGOSJ8_IA_/install/j8_gui:/home/rhobtor/PHD/ARGOSJ8_IA/ARGOSJ8_IA_/install/gui:/home/rhobtor/PHD/ARGOSJ8_IA/ARGOSJ8_IA_/install/android_ros2_server:/home/rhobtor/PHD/ARGOSJ8_IA/ARGOSJ8_IA_/install/GUI_pkg:/home/rhobtor/PHD/model_terrain_ugv/Model_terrain_ugv/install/model_terrain:/opt/ros/humble /usr/bin/cmake /home/rhobtor/PHD/j8_control/J8_control/src/security_check/security_check_interfaces -DCMAKE_INSTALL_PREFIX=/home/rhobtor/PHD/j8_control/J8_control/install/security_check_interfaces
[0.373s] DEBUG:colcon.colcon_core.event_handler.log_command:Invoking command in '/home/rhobtor/PHD/j8_control/J8_control/build/slg_msgs': CMAKE_PREFIX_PATH=${CMAKE_PREFIX_PATH}:/home/rhobtor/PHD/path_dem/install_navigation/path_dem:/home/rhobtor/PHD/path_dem/install/path_dem:/home/rhobtor/PHD/install_global_belief_final/path_dem:/home/rhobtor/PHD/ARGOSJ8_IA/ARGOSJ8_IA_/install/car:/home/rhobtor/PHD/ARGOSJ8_IA/ARGOSJ8_IA_/install/ntrip_client:/home/rhobtor/PHD/ARGOSJ8_IA/ARGOSJ8_IA_/install/j8_gui:/home/rhobtor/PHD/ARGOSJ8_IA/ARGOSJ8_IA_/install/gui:/home/rhobtor/PHD/ARGOSJ8_IA/ARGOSJ8_IA_/install/android_ros2_server:/home/rhobtor/PHD/ARGOSJ8_IA/ARGOSJ8_IA_/install/GUI_pkg:/home/rhobtor/PHD/model_terrain_ugv/Model_terrain_ugv/install/model_terrain:/opt/ros/humble /usr/bin/cmake /home/rhobtor/PHD/j8_control/J8_control/src/lidar_process_pkgs/slg_msgs -DCMAKE_INSTALL_PREFIX=/home/rhobtor/PHD/j8_control/J8_control/install/slg_msgs
[0.614s] WARNING:colcon.colcon_ros.task.ament_python.build:Package 'GUI_pkg' doesn't explicitly install a marker in the package index (colcon-ros currently does it implicitly but that fallback will be removed in the future)
[0.614s] WARNING:colcon.colcon_ros.task.ament_python.build:Package 'GUI_pkg' doesn't explicitly install the 'package.xml' file (colcon-ros currently does it implicitly but that fallback will be removed in the future)
[0.615s] INFO:colcon.colcon_core.task.python.build:Building Python package in '/home/rhobtor/PHD/j8_control/J8_control/src/GUI_pkg'
[0.615s] INFO:colcon.colcon_core.shell:Skip shell extension 'powershell' for command environment: Not usable outside of PowerShell
[0.615s] DEBUG:colcon.colcon_core.shell:Skip shell extension 'dsv' for command environment
[0.823s] INFO:colcon.colcon_core.task.python.build:Building Python package in '/home/rhobtor/PHD/j8_control/J8_control/src/android_ros2_server'
[0.823s] INFO:colcon.colcon_core.shell:Skip shell extension 'powershell' for command environment: Not usable outside of PowerShell
[0.823s] DEBUG:colcon.colcon_core.shell:Skip shell extension 'dsv' for command environment
[0.834s] DEBUG:colcon.colcon_core.event_handler.log_command:Invoking command in '/home/rhobtor/PHD/j8_control/J8_control/build/argj801_setup': CMAKE_PREFIX_PATH=${CMAKE_PREFIX_PATH}:/home/rhobtor/PHD/path_dem/install_navigation/path_dem:/home/rhobtor/PHD/path_dem/install/path_dem:/home/rhobtor/PHD/install_global_belief_final/path_dem:/home/rhobtor/PHD/ARGOSJ8_IA/ARGOSJ8_IA_/install/car:/home/rhobtor/PHD/ARGOSJ8_IA/ARGOSJ8_IA_/install/ntrip_client:/home/rhobtor/PHD/ARGOSJ8_IA/ARGOSJ8_IA_/install/j8_gui:/home/rhobtor/PHD/ARGOSJ8_IA/ARGOSJ8_IA_/install/gui:/home/rhobtor/PHD/ARGOSJ8_IA/ARGOSJ8_IA_/install/android_ros2_server:/home/rhobtor/PHD/ARGOSJ8_IA/ARGOSJ8_IA_/install/GUI_pkg:/home/rhobtor/PHD/model_terrain_ugv/Model_terrain_ugv/install/model_terrain:/opt/ros/humble /usr/bin/cmake /home/rhobtor/PHD/j8_control/J8_control/src/argj801_setup -DCMAKE_INSTALL_PREFIX=/home/rhobtor/PHD/j8_control/J8_control/install/argj801_setup
[0.841s] DEBUG:colcon.colcon_core.event_handler.log_command:Invoking command in '/home/rhobtor/PHD/j8_control/J8_control/build/fixposition_sensor_pkg': CMAKE_PREFIX_PATH=${CMAKE_PREFIX_PATH}:/home/rhobtor/PHD/path_dem/install_navigation/path_dem:/home/rhobtor/PHD/path_dem/install/path_dem:/home/rhobtor/PHD/install_global_belief_final/path_dem:/home/rhobtor/PHD/ARGOSJ8_IA/ARGOSJ8_IA_/install/car:/home/rhobtor/PHD/ARGOSJ8_IA/ARGOSJ8_IA_/install/ntrip_client:/home/rhobtor/PHD/ARGOSJ8_IA/ARGOSJ8_IA_/install/j8_gui:/home/rhobtor/PHD/ARGOSJ8_IA/ARGOSJ8_IA_/install/gui:/home/rhobtor/PHD/ARGOSJ8_IA/ARGOSJ8_IA_/install/android_ros2_server:/home/rhobtor/PHD/ARGOSJ8_IA/ARGOSJ8_IA_/install/GUI_pkg:/home/rhobtor/PHD/model_terrain_ugv/Model_terrain_ugv/install/model_terrain:/opt/ros/humble /usr/bin/cmake /home/rhobtor/PHD/j8_control/J8_control/src/gazebo_sim_pkgs/fix_position_pkg -DCMAKE_INSTALL_PREFIX=/home/rhobtor/PHD/j8_control/J8_control/install/fixposition_sensor_pkg
[1.075s] INFO:colcon.colcon_core.task.python.build:Building Python package in '/home/rhobtor/PHD/j8_control/J8_control/src/gui'
[1.075s] INFO:colcon.colcon_core.shell:Skip shell extension 'powershell' for command environment: Not usable outside of PowerShell
[1.075s] DEBUG:colcon.colcon_core.shell:Skip shell extension 'dsv' for command environment
[1.088s] DEBUG:colcon.colcon_core.event_handler.log_command:Invoking command in '/home/rhobtor/PHD/j8_control/J8_control/build/hector_gazebo_plugins': CMAKE_PREFIX_PATH=${CMAKE_PREFIX_PATH}:/home/rhobtor/PHD/path_dem/install_navigation/path_dem:/home/rhobtor/PHD/path_dem/install/path_dem:/home/rhobtor/PHD/install_global_belief_final/path_dem:/home/rhobtor/PHD/ARGOSJ8_IA/ARGOSJ8_IA_/install/car:/home/rhobtor/PHD/ARGOSJ8_IA/ARGOSJ8_IA_/install/ntrip_client:/home/rhobtor/PHD/ARGOSJ8_IA/ARGOSJ8_IA_/install/j8_gui:/home/rhobtor/PHD/ARGOSJ8_IA/ARGOSJ8_IA_/install/gui:/home/rhobtor/PHD/ARGOSJ8_IA/ARGOSJ8_IA_/install/android_ros2_server:/home/rhobtor/PHD/ARGOSJ8_IA/ARGOSJ8_IA_/install/GUI_pkg:/home/rhobtor/PHD/model_terrain_ugv/Model_terrain_ugv/install/model_terrain:/opt/ros/humble /usr/bin/cmake /home/rhobtor/PHD/j8_control/J8_control/src/hector_gazebo -DCMAKE_INSTALL_PREFIX=/home/rhobtor/PHD/j8_control/J8_control/install/hector_gazebo_plugins
[1.089s] DEBUG:colcon.colcon_core.event_handler.log_command:Invoking command in '/home/rhobtor/PHD/j8_control/J8_control/build/hikmicro_thermal_camera': CMAKE_PREFIX_PATH=${CMAKE_PREFIX_PATH}:/home/rhobtor/PHD/path_dem/install_navigation/path_dem:/home/rhobtor/PHD/path_dem/install/path_dem:/home/rhobtor/PHD/install_global_belief_final/path_dem:/home/rhobtor/PHD/ARGOSJ8_IA/ARGOSJ8_IA_/install/car:/home/rhobtor/PHD/ARGOSJ8_IA/ARGOSJ8_IA_/install/ntrip_client:/home/rhobtor/PHD/ARGOSJ8_IA/ARGOSJ8_IA_/install/j8_gui:/home/rhobtor/PHD/ARGOSJ8_IA/ARGOSJ8_IA_/install/gui:/home/rhobtor/PHD/ARGOSJ8_IA/ARGOSJ8_IA_/install/android_ros2_server:/home/rhobtor/PHD/ARGOSJ8_IA/ARGOSJ8_IA_/install/GUI_pkg:/home/rhobtor/PHD/model_terrain_ugv/Model_terrain_ugv/install/model_terrain:/opt/ros/humble /usr/bin/cmake /home/rhobtor/PHD/j8_control/J8_control/src/hikmicro_thermal_camera -DCMAKE_INSTALL_PREFIX=/home/rhobtor/PHD/j8_control/J8_control/install/hikmicro_thermal_camera
[1.334s] INFO:colcon.colcon_core.task.python.build:Building Python package in '/home/rhobtor/PHD/j8_control/J8_control/src/test_gui_j8/src/j8_gui'
[1.335s] INFO:colcon.colcon_core.shell:Skip shell extension 'powershell' for command environment: Not usable outside of PowerShell
[1.335s] DEBUG:colcon.colcon_core.shell:Skip shell extension 'dsv' for command environment
[1.352s] DEBUG:colcon.colcon_core.event_handler.log_command:Invoking command in '/home/rhobtor/PHD/j8_control/J8_control/build/joy_linux': CMAKE_PREFIX_PATH=${CMAKE_PREFIX_PATH}:/home/rhobtor/PHD/path_dem/install_navigation/path_dem:/home/rhobtor/PHD/path_dem/install/path_dem:/home/rhobtor/PHD/install_global_belief_final/path_dem:/home/rhobtor/PHD/ARGOSJ8_IA/ARGOSJ8_IA_/install/car:/home/rhobtor/PHD/ARGOSJ8_IA/ARGOSJ8_IA_/install/ntrip_client:/home/rhobtor/PHD/ARGOSJ8_IA/ARGOSJ8_IA_/install/j8_gui:/home/rhobtor/PHD/ARGOSJ8_IA/ARGOSJ8_IA_/install/gui:/home/rhobtor/PHD/ARGOSJ8_IA/ARGOSJ8_IA_/install/android_ros2_server:/home/rhobtor/PHD/ARGOSJ8_IA/ARGOSJ8_IA_/install/GUI_pkg:/home/rhobtor/PHD/model_terrain_ugv/Model_terrain_ugv/install/model_terrain:/opt/ros/humble /usr/bin/cmake /home/rhobtor/PHD/j8_control/J8_control/src/j8_joystick/joy_linux -DCMAKE_INSTALL_PREFIX=/home/rhobtor/PHD/j8_control/J8_control/install/joy_linux
[1.591s] INFO:colcon.colcon_core.task.python.build:Building Python package in '/home/rhobtor/PHD/j8_control/J8_control/src/argo_drivers_pkgs/ntrip_client'
[1.592s] INFO:colcon.colcon_core.shell:Skip shell extension 'powershell' for command environment: Not usable outside of PowerShell
[1.592s] DEBUG:colcon.colcon_core.shell:Skip shell extension 'dsv' for command environment
[1.632s] DEBUG:colcon.colcon_core.event_handler.log_command:Invoked command in '/home/rhobtor/PHD/j8_control/J8_control/build/fixposition_gnss_tf' returned '0': CMAKE_PREFIX_PATH=${CMAKE_PREFIX_PATH}:/home/rhobtor/PHD/path_dem/install_navigation/path_dem:/home/rhobtor/PHD/path_dem/install/path_dem:/home/rhobtor/PHD/install_global_belief_final/path_dem:/home/rhobtor/PHD/ARGOSJ8_IA/ARGOSJ8_IA_/install/car:/home/rhobtor/PHD/ARGOSJ8_IA/ARGOSJ8_IA_/install/ntrip_client:/home/rhobtor/PHD/ARGOSJ8_IA/ARGOSJ8_IA_/install/j8_gui:/home/rhobtor/PHD/ARGOSJ8_IA/ARGOSJ8_IA_/install/gui:/home/rhobtor/PHD/ARGOSJ8_IA/ARGOSJ8_IA_/install/android_ros2_server:/home/rhobtor/PHD/ARGOSJ8_IA/ARGOSJ8_IA_/install/GUI_pkg:/home/rhobtor/PHD/model_terrain_ugv/Model_terrain_ugv/install/model_terrain:/opt/ros/humble /usr/bin/cmake /home/rhobtor/PHD/j8_control/J8_control/src/argo_drivers_pkgs/Fixposition_driver_pkg/fixposition_gnss_tf-main -DCMAKE_INSTALL_PREFIX=/home/rhobtor/PHD/j8_control/J8_control/install/fixposition_gnss_tf
[1.633s] DEBUG:colcon.colcon_core.event_handler.log_command:Invoking command in '/home/rhobtor/PHD/j8_control/J8_control/build/fixposition_gnss_tf': CMAKE_PREFIX_PATH=${CMAKE_PREFIX_PATH}:/home/rhobtor/PHD/path_dem/install_navigation/path_dem:/home/rhobtor/PHD/path_dem/install/path_dem:/home/rhobtor/PHD/install_global_belief_final/path_dem:/home/rhobtor/PHD/ARGOSJ8_IA/ARGOSJ8_IA_/install/car:/home/rhobtor/PHD/ARGOSJ8_IA/ARGOSJ8_IA_/install/ntrip_client:/home/rhobtor/PHD/ARGOSJ8_IA/ARGOSJ8_IA_/install/j8_gui:/home/rhobtor/PHD/ARGOSJ8_IA/ARGOSJ8_IA_/install/gui:/home/rhobtor/PHD/ARGOSJ8_IA/ARGOSJ8_IA_/install/android_ros2_server:/home/rhobtor/PHD/ARGOSJ8_IA/ARGOSJ8_IA_/install/GUI_pkg:/home/rhobtor/PHD/model_terrain_ugv/Model_terrain_ugv/install/model_terrain:/opt/ros/humble /usr/bin/cmake --build /home/rhobtor/PHD/j8_control/J8_control/build/fixposition_gnss_tf -- -j20 -l20
[1.633s] DEBUG:colcon.colcon_core.event_handler.log_command:Invoked command in '/home/rhobtor/PHD/j8_control/J8_control/build/ublox_serialization' returned '0': CMAKE_PREFIX_PATH=${CMAKE_PREFIX_PATH}:/home/rhobtor/PHD/path_dem/install_navigation/path_dem:/home/rhobtor/PHD/path_dem/install/path_dem:/home/rhobtor/PHD/install_global_belief_final/path_dem:/home/rhobtor/PHD/ARGOSJ8_IA/ARGOSJ8_IA_/install/car:/home/rhobtor/PHD/ARGOSJ8_IA/ARGOSJ8_IA_/install/ntrip_client:/home/rhobtor/PHD/ARGOSJ8_IA/ARGOSJ8_IA_/install/j8_gui:/home/rhobtor/PHD/ARGOSJ8_IA/ARGOSJ8_IA_/install/gui:/home/rhobtor/PHD/ARGOSJ8_IA/ARGOSJ8_IA_/install/android_ros2_server:/home/rhobtor/PHD/ARGOSJ8_IA/ARGOSJ8_IA_/install/GUI_pkg:/home/rhobtor/PHD/model_terrain_ugv/Model_terrain_ugv/install/model_terrain:/opt/ros/humble /usr/bin/cmake /home/rhobtor/PHD/j8_control/J8_control/src/argo_drivers_pkgs/ublox/ublox_serialization -DCMAKE_INSTALL_PREFIX=/home/rhobtor/PHD/j8_control/J8_control/install/ublox_serialization
[1.634s] DEBUG:colcon.colcon_core.event_handler.log_command:Invoking command in '/home/rhobtor/PHD/j8_control/J8_control/build/ublox_serialization': CMAKE_PREFIX_PATH=${CMAKE_PREFIX_PATH}:/home/rhobtor/PHD/path_dem/install_navigation/path_dem:/home/rhobtor/PHD/path_dem/install/path_dem:/home/rhobtor/PHD/install_global_belief_final/path_dem:/home/rhobtor/PHD/ARGOSJ8_IA/ARGOSJ8_IA_/install/car:/home/rhobtor/PHD/ARGOSJ8_IA/ARGOSJ8_IA_/install/ntrip_client:/home/rhobtor/PHD/ARGOSJ8_IA/ARGOSJ8_IA_/install/j8_gui:/home/rhobtor/PHD/ARGOSJ8_IA/ARGOSJ8_IA_/install/gui:/home/rhobtor/PHD/ARGOSJ8_IA/ARGOSJ8_IA_/install/android_ros2_server:/home/rhobtor/PHD/ARGOSJ8_IA/ARGOSJ8_IA_/install/GUI_pkg:/home/rhobtor/PHD/model_terrain_ugv/Model_terrain_ugv/install/model_terrain:/opt/ros/humble /usr/bin/cmake --build /home/rhobtor/PHD/j8_control/J8_control/build/ublox_serialization -- -j20 -l20
[1.634s] DEBUG:colcon.colcon_core.event_handler.log_command:Invoked command in '/home/rhobtor/PHD/j8_control/J8_control/build/sdl2_vendor' returned '0': CMAKE_PREFIX_PATH=${CMAKE_PREFIX_PATH}:/home/rhobtor/PHD/path_dem/install_navigation/path_dem:/home/rhobtor/PHD/path_dem/install/path_dem:/home/rhobtor/PHD/install_global_belief_final/path_dem:/home/rhobtor/PHD/ARGOSJ8_IA/ARGOSJ8_IA_/install/car:/home/rhobtor/PHD/ARGOSJ8_IA/ARGOSJ8_IA_/install/ntrip_client:/home/rhobtor/PHD/ARGOSJ8_IA/ARGOSJ8_IA_/install/j8_gui:/home/rhobtor/PHD/ARGOSJ8_IA/ARGOSJ8_IA_/install/gui:/home/rhobtor/PHD/ARGOSJ8_IA/ARGOSJ8_IA_/install/android_ros2_server:/home/rhobtor/PHD/ARGOSJ8_IA/ARGOSJ8_IA_/install/GUI_pkg:/home/rhobtor/PHD/model_terrain_ugv/Model_terrain_ugv/install/model_terrain:/opt/ros/humble /usr/bin/cmake /home/rhobtor/PHD/j8_control/J8_control/src/j8_joystick/sdl2_vendor -DCMAKE_INSTALL_PREFIX=/home/rhobtor/PHD/j8_control/J8_control/install/sdl2_vendor
[1.635s] DEBUG:colcon.colcon_core.event_handler.log_command:Invoking command in '/home/rhobtor/PHD/j8_control/J8_control/build/sdl2_vendor': CMAKE_PREFIX_PATH=${CMAKE_PREFIX_PATH}:/home/rhobtor/PHD/path_dem/install_navigation/path_dem:/home/rhobtor/PHD/path_dem/install/path_dem:/home/rhobtor/PHD/install_global_belief_final/path_dem:/home/rhobtor/PHD/ARGOSJ8_IA/ARGOSJ8_IA_/install/car:/home/rhobtor/PHD/ARGOSJ8_IA/ARGOSJ8_IA_/install/ntrip_client:/home/rhobtor/PHD/ARGOSJ8_IA/ARGOSJ8_IA_/install/j8_gui:/home/rhobtor/PHD/ARGOSJ8_IA/ARGOSJ8_IA_/install/gui:/home/rhobtor/PHD/ARGOSJ8_IA/ARGOSJ8_IA_/install/android_ros2_server:/home/rhobtor/PHD/ARGOSJ8_IA/ARGOSJ8_IA_/install/GUI_pkg:/home/rhobtor/PHD/model_terrain_ugv/Model_terrain_ugv/install/model_terrain:/opt/ros/humble /usr/bin/cmake --build /home/rhobtor/PHD/j8_control/J8_control/build/sdl2_vendor -- -j20 -l20
[1.994s] DEBUG:colcon.colcon_core.event_handler.log_command:Invoked command in '/home/rhobtor/PHD/j8_control/J8_control/build/argj801_setup' returned '0': CMAKE_PREFIX_PATH=${CMAKE_PREFIX_PATH}:/home/rhobtor/PHD/path_dem/install_navigation/path_dem:/home/rhobtor/PHD/path_dem/install/path_dem:/home/rhobtor/PHD/install_global_belief_final/path_dem:/home/rhobtor/PHD/ARGOSJ8_IA/ARGOSJ8_IA_/install/car:/home/rhobtor/PHD/ARGOSJ8_IA/ARGOSJ8_IA_/install/ntrip_client:/home/rhobtor/PHD/ARGOSJ8_IA/ARGOSJ8_IA_/install/j8_gui:/home/rhobtor/PHD/ARGOSJ8_IA/ARGOSJ8_IA_/install/gui:/home/rhobtor/PHD/ARGOSJ8_IA/ARGOSJ8_IA_/install/android_ros2_server:/home/rhobtor/PHD/ARGOSJ8_IA/ARGOSJ8_IA_/install/GUI_pkg:/home/rhobtor/PHD/model_terrain_ugv/Model_terrain_ugv/install/model_terrain:/opt/ros/humble /usr/bin/cmake /home/rhobtor/PHD/j8_control/J8_control/src/argj801_setup -DCMAKE_INSTALL_PREFIX=/home/rhobtor/PHD/j8_control/J8_control/install/argj801_setup
[1.999s] DEBUG:colcon.colcon_core.event_handler.log_command:Invoking command in '/home/rhobtor/PHD/j8_control/J8_control/build/argj801_setup': CMAKE_PREFIX_PATH=${CMAKE_PREFIX_PATH}:/home/rhobtor/PHD/path_dem/install_navigation/path_dem:/home/rhobtor/PHD/path_dem/install/path_dem:/home/rhobtor/PHD/install_global_belief_final/path_dem:/home/rhobtor/PHD/ARGOSJ8_IA/ARGOSJ8_IA_/install/car:/home/rhobtor/PHD/ARGOSJ8_IA/ARGOSJ8_IA_/install/ntrip_client:/home/rhobtor/PHD/ARGOSJ8_IA/ARGOSJ8_IA_/install/j8_gui:/home/rhobtor/PHD/ARGOSJ8_IA/ARGOSJ8_IA_/install/gui:/home/rhobtor/PHD/ARGOSJ8_IA/ARGOSJ8_IA_/install/android_ros2_server:/home/rhobtor/PHD/ARGOSJ8_IA/ARGOSJ8_IA_/install/GUI_pkg:/home/rhobtor/PHD/model_terrain_ugv/Model_terrain_ugv/install/model_terrain:/opt/ros/humble /usr/bin/cmake --build /home/rhobtor/PHD/j8_control/J8_control/build/argj801_setup -- -j20 -l20
[2.264s] DEBUG:colcon.colcon_core.task.python.build:Available setuptools commands: check, editable_wheel, bdist_wheel, build_scripts, install, develop, build_ext, install_egg_info, bdist, bdist_rpm, sdist, install_scripts, symlink_data, install_headers, build_clib, build_py, saveopts, compile_catalog, easy_install, bdist_dumb, update_catalog, dist_info, setopt, bdist_egg, egg_info, clean, extract_messages, rotate, install_data, init_catalog, install_lib, alias, build
[2.272s] DEBUG:colcon.colcon_core.event_handler.log_command:Invoking command in '/home/rhobtor/PHD/j8_control/J8_control/src/gui': PYTHONPATH=/home/rhobtor/PHD/j8_control/J8_control/build/gui/prefix_override:/usr/lib/python3/dist-packages/colcon_core/task/python/colcon_distutils_commands:/home/rhobtor/PHD/j8_control/J8_control/install/gui/lib/python3.10/site-packages:${PYTHONPATH} /usr/bin/python3 -W ignore:setup.py install is deprecated -W ignore:easy_install command is deprecated setup.py egg_info --egg-base ../../build/gui build --build-base /home/rhobtor/PHD/j8_control/J8_control/build/gui/build install --record /home/rhobtor/PHD/j8_control/J8_control/build/gui/install.log --install-scripts $base/lib/gui --single-version-externally-managed install_data
[2.353s] DEBUG:colcon.colcon_core.task.python.build:Available setuptools commands: check, editable_wheel, bdist_wheel, build_scripts, install, develop, build_ext, install_egg_info, bdist, bdist_rpm, sdist, install_scripts, symlink_data, install_headers, build_clib, build_py, saveopts, compile_catalog, easy_install, bdist_dumb, update_catalog, dist_info, setopt, bdist_egg, egg_info, clean, extract_messages, rotate, install_data, init_catalog, install_lib, alias, build
[2.356s] DEBUG:colcon.colcon_core.task.python.build:Available setuptools commands: check, editable_wheel, bdist_wheel, build_scripts, install, develop, build_ext, install_egg_info, bdist, bdist_rpm, sdist, install_scripts, symlink_data, install_headers, build_clib, build_py, saveopts, compile_catalog, easy_install, bdist_dumb, update_catalog, dist_info, setopt, bdist_egg, egg_info, clean, extract_messages, rotate, install_data, init_catalog, install_lib, alias, build
[2.356s] DEBUG:colcon.colcon_core.event_handler.log_command:Invoking command in '/home/rhobtor/PHD/j8_control/J8_control/src/GUI_pkg': PYTHONPATH=/home/rhobtor/PHD/j8_control/J8_control/build/GUI_pkg/prefix_override:/usr/lib/python3/dist-packages/colcon_core/task/python/colcon_distutils_commands:/home/rhobtor/PHD/j8_control/J8_control/install/GUI_pkg/lib/python3.10/site-packages:${PYTHONPATH} /usr/bin/python3 -W ignore:setup.py install is deprecated -W ignore:easy_install command is deprecated setup.py egg_info --egg-base ../../build/GUI_pkg build --build-base /home/rhobtor/PHD/j8_control/J8_control/build/GUI_pkg/build install --record /home/rhobtor/PHD/j8_control/J8_control/build/GUI_pkg/install.log --install-scripts $base/lib/GUI_pkg --single-version-externally-managed
[2.363s] DEBUG:colcon.colcon_core.task.python.build:Available setuptools commands: check, editable_wheel, bdist_wheel, build_scripts, install, develop, build_ext, install_egg_info, bdist, bdist_rpm, sdist, install_scripts, symlink_data, install_headers, build_clib, build_py, saveopts, compile_catalog, easy_install, bdist_dumb, update_catalog, dist_info, setopt, bdist_egg, egg_info, clean, extract_messages, rotate, install_data, init_catalog, install_lib, alias, build
[2.363s] DEBUG:colcon.colcon_core.event_handler.log_command:Invoking command in '/home/rhobtor/PHD/j8_control/J8_control/src/argo_drivers_pkgs/ntrip_client': PYTHONPATH=/home/rhobtor/PHD/j8_control/J8_control/build/ntrip_client/prefix_override:/usr/lib/python3/dist-packages/colcon_core/task/python/colcon_distutils_commands:/home/rhobtor/PHD/j8_control/J8_control/install/ntrip_client/lib/python3.10/site-packages:${PYTHONPATH} /usr/bin/python3 -W ignore:setup.py install is deprecated -W ignore:easy_install command is deprecated setup.py egg_info --egg-base ../../../build/ntrip_client build --build-base /home/rhobtor/PHD/j8_control/J8_control/build/ntrip_client/build install --record /home/rhobtor/PHD/j8_control/J8_control/build/ntrip_client/install.log --install-scripts $base/lib/ntrip_client --single-version-externally-managed install_data
[2.375s] DEBUG:colcon.colcon_core.event_handler.log_command:Invoking command in '/home/rhobtor/PHD/j8_control/J8_control/src/android_ros2_server': PYTHONPATH=/home/rhobtor/PHD/j8_control/J8_control/build/android_ros2_server/prefix_override:/usr/lib/python3/dist-packages/colcon_core/task/python/colcon_distutils_commands:/home/rhobtor/PHD/j8_control/J8_control/install/android_ros2_server/lib/python3.10/site-packages:${PYTHONPATH} /usr/bin/python3 -W ignore:setup.py install is deprecated -W ignore:easy_install command is deprecated setup.py egg_info --egg-base ../../build/android_ros2_server build --build-base /home/rhobtor/PHD/j8_control/J8_control/build/android_ros2_server/build install --record /home/rhobtor/PHD/j8_control/J8_control/build/android_ros2_server/install.log --install-scripts $base/lib/android_ros2_server --single-version-externally-managed install_data
[2.385s] DEBUG:colcon.colcon_core.task.python.build:Available setuptools commands: check, editable_wheel, bdist_wheel, build_scripts, install, develop, build_ext, install_egg_info, bdist, bdist_rpm, sdist, install_scripts, symlink_data, install_headers, build_clib, build_py, saveopts, compile_catalog, easy_install, bdist_dumb, update_catalog, dist_info, setopt, bdist_egg, egg_info, clean, extract_messages, rotate, install_data, init_catalog, install_lib, alias, build
[2.386s] DEBUG:colcon.colcon_core.event_handler.log_command:Invoking command in '/home/rhobtor/PHD/j8_control/J8_control/src/test_gui_j8/src/j8_gui': PYTHONPATH=/home/rhobtor/PHD/j8_control/J8_control/build/j8_gui/prefix_override:/usr/lib/python3/dist-packages/colcon_core/task/python/colcon_distutils_commands:/home/rhobtor/PHD/j8_control/J8_control/install/j8_gui/lib/python3.10/site-packages:${PYTHONPATH} /usr/bin/python3 -W ignore:setup.py install is deprecated -W ignore:easy_install command is deprecated setup.py egg_info --egg-base ../../../../build/j8_gui build --build-base /home/rhobtor/PHD/j8_control/J8_control/build/j8_gui/build install --record /home/rhobtor/PHD/j8_control/J8_control/build/j8_gui/install.log --install-scripts $base/lib/j8_gui --single-version-externally-managed install_data
[2.874s] DEBUG:colcon.colcon_core.event_handler.log_command:Invoked command in '/home/rhobtor/PHD/j8_control/J8_control/build/ublox_serialization' returned '0': CMAKE_PREFIX_PATH=${CMAKE_PREFIX_PATH}:/home/rhobtor/PHD/path_dem/install_navigation/path_dem:/home/rhobtor/PHD/path_dem/install/path_dem:/home/rhobtor/PHD/install_global_belief_final/path_dem:/home/rhobtor/PHD/ARGOSJ8_IA/ARGOSJ8_IA_/install/car:/home/rhobtor/PHD/ARGOSJ8_IA/ARGOSJ8_IA_/install/ntrip_client:/home/rhobtor/PHD/ARGOSJ8_IA/ARGOSJ8_IA_/install/j8_gui:/home/rhobtor/PHD/ARGOSJ8_IA/ARGOSJ8_IA_/install/gui:/home/rhobtor/PHD/ARGOSJ8_IA/ARGOSJ8_IA_/install/android_ros2_server:/home/rhobtor/PHD/ARGOSJ8_IA/ARGOSJ8_IA_/install/GUI_pkg:/home/rhobtor/PHD/model_terrain_ugv/Model_terrain_ugv/install/model_terrain:/opt/ros/humble /usr/bin/cmake --build /home/rhobtor/PHD/j8_control/J8_control/build/ublox_serialization -- -j20 -l20
[2.884s] DEBUG:colcon.colcon_core.event_handler.log_command:Invoking command in '/home/rhobtor/PHD/j8_control/J8_control/build/ublox_serialization': CMAKE_PREFIX_PATH=${CMAKE_PREFIX_PATH}:/home/rhobtor/PHD/path_dem/install_navigation/path_dem:/home/rhobtor/PHD/path_dem/install/path_dem:/home/rhobtor/PHD/install_global_belief_final/path_dem:/home/rhobtor/PHD/ARGOSJ8_IA/ARGOSJ8_IA_/install/car:/home/rhobtor/PHD/ARGOSJ8_IA/ARGOSJ8_IA_/install/ntrip_client:/home/rhobtor/PHD/ARGOSJ8_IA/ARGOSJ8_IA_/install/j8_gui:/home/rhobtor/PHD/ARGOSJ8_IA/ARGOSJ8_IA_/install/gui:/home/rhobtor/PHD/ARGOSJ8_IA/ARGOSJ8_IA_/install/android_ros2_server:/home/rhobtor/PHD/ARGOSJ8_IA/ARGOSJ8_IA_/install/GUI_pkg:/home/rhobtor/PHD/model_terrain_ugv/Model_terrain_ugv/install/model_terrain:/opt/ros/humble /usr/bin/cmake --install /home/rhobtor/PHD/j8_control/J8_control/build/ublox_serialization
[2.888s] DEBUG:colcon.colcon_core.event_handler.log_command:Invoked command in '/home/rhobtor/PHD/j8_control/J8_control/build/sdl2_vendor' returned '0': CMAKE_PREFIX_PATH=${CMAKE_PREFIX_PATH}:/home/rhobtor/PHD/path_dem/install_navigation/path_dem:/home/rhobtor/PHD/path_dem/install/path_dem:/home/rhobtor/PHD/install_global_belief_final/path_dem:/home/rhobtor/PHD/ARGOSJ8_IA/ARGOSJ8_IA_/install/car:/home/rhobtor/PHD/ARGOSJ8_IA/ARGOSJ8_IA_/install/ntrip_client:/home/rhobtor/PHD/ARGOSJ8_IA/ARGOSJ8_IA_/install/j8_gui:/home/rhobtor/PHD/ARGOSJ8_IA/ARGOSJ8_IA_/install/gui:/home/rhobtor/PHD/ARGOSJ8_IA/ARGOSJ8_IA_/install/android_ros2_server:/home/rhobtor/PHD/ARGOSJ8_IA/ARGOSJ8_IA_/install/GUI_pkg:/home/rhobtor/PHD/model_terrain_ugv/Model_terrain_ugv/install/model_terrain:/opt/ros/humble /usr/bin/cmake --build /home/rhobtor/PHD/j8_control/J8_control/build/sdl2_vendor -- -j20 -l20
[2.894s] DEBUG:colcon.colcon_core.event_handler.log_command:Invoking command in '/home/rhobtor/PHD/j8_control/J8_control/build/sdl2_vendor': CMAKE_PREFIX_PATH=${CMAKE_PREFIX_PATH}:/home/rhobtor/PHD/path_dem/install_navigation/path_dem:/home/rhobtor/PHD/path_dem/install/path_dem:/home/rhobtor/PHD/install_global_belief_final/path_dem:/home/rhobtor/PHD/ARGOSJ8_IA/ARGOSJ8_IA_/install/car:/home/rhobtor/PHD/ARGOSJ8_IA/ARGOSJ8_IA_/install/ntrip_client:/home/rhobtor/PHD/ARGOSJ8_IA/ARGOSJ8_IA_/install/j8_gui:/home/rhobtor/PHD/ARGOSJ8_IA/ARGOSJ8_IA_/install/gui:/home/rhobtor/PHD/ARGOSJ8_IA/ARGOSJ8_IA_/install/android_ros2_server:/home/rhobtor/PHD/ARGOSJ8_IA/ARGOSJ8_IA_/install/GUI_pkg:/home/rhobtor/PHD/model_terrain_ugv/Model_terrain_ugv/install/model_terrain:/opt/ros/humble /usr/bin/cmake --install /home/rhobtor/PHD/j8_control/J8_control/build/sdl2_vendor
[2.895s] DEBUG:colcon.colcon_core.event_handler.log_command:Invoked command in '/home/rhobtor/PHD/j8_control/J8_control/build/argj801_ctl_platform_interfaces' returned '0': CMAKE_PREFIX_PATH=${CMAKE_PREFIX_PATH}:/home/rhobtor/PHD/path_dem/install_navigation/path_dem:/home/rhobtor/PHD/path_dem/install/path_dem:/home/rhobtor/PHD/install_global_belief_final/path_dem:/home/rhobtor/PHD/ARGOSJ8_IA/ARGOSJ8_IA_/install/car:/home/rhobtor/PHD/ARGOSJ8_IA/ARGOSJ8_IA_/install/ntrip_client:/home/rhobtor/PHD/ARGOSJ8_IA/ARGOSJ8_IA_/install/j8_gui:/home/rhobtor/PHD/ARGOSJ8_IA/ARGOSJ8_IA_/install/gui:/home/rhobtor/PHD/ARGOSJ8_IA/ARGOSJ8_IA_/install/android_ros2_server:/home/rhobtor/PHD/ARGOSJ8_IA/ARGOSJ8_IA_/install/GUI_pkg:/home/rhobtor/PHD/model_terrain_ugv/Model_terrain_ugv/install/model_terrain:/opt/ros/humble /usr/bin/cmake /home/rhobtor/PHD/j8_control/J8_control/src/argj801_ctl_platform/argj801_ctl_platform_interfaces -DCMAKE_INSTALL_PREFIX=/home/rhobtor/PHD/j8_control/J8_control/install/argj801_ctl_platform_interfaces
[2.901s] DEBUG:colcon.colcon_core.event_handler.log_command:Invoking command in '/home/rhobtor/PHD/j8_control/J8_control/build/argj801_ctl_platform_interfaces': CMAKE_PREFIX_PATH=${CMAKE_PREFIX_PATH}:/home/rhobtor/PHD/path_dem/install_navigation/path_dem:/home/rhobtor/PHD/path_dem/install/path_dem:/home/rhobtor/PHD/install_global_belief_final/path_dem:/home/rhobtor/PHD/ARGOSJ8_IA/ARGOSJ8_IA_/install/car:/home/rhobtor/PHD/ARGOSJ8_IA/ARGOSJ8_IA_/install/ntrip_client:/home/rhobtor/PHD/ARGOSJ8_IA/ARGOSJ8_IA_/install/j8_gui:/home/rhobtor/PHD/ARGOSJ8_IA/ARGOSJ8_IA_/install/gui:/home/rhobtor/PHD/ARGOSJ8_IA/ARGOSJ8_IA_/install/android_ros2_server:/home/rhobtor/PHD/ARGOSJ8_IA/ARGOSJ8_IA_/install/GUI_pkg:/home/rhobtor/PHD/model_terrain_ugv/Model_terrain_ugv/install/model_terrain:/opt/ros/humble /usr/bin/cmake --build /home/rhobtor/PHD/j8_control/J8_control/build/argj801_ctl_platform_interfaces -- -j20 -l20
[2.902s] DEBUG:colcon.colcon_core.event_handler.log_command:Invoked command in '/home/rhobtor/PHD/j8_control/J8_control/build/argj801_setup' returned '0': CMAKE_PREFIX_PATH=${CMAKE_PREFIX_PATH}:/home/rhobtor/PHD/path_dem/install_navigation/path_dem:/home/rhobtor/PHD/path_dem/install/path_dem:/home/rhobtor/PHD/install_global_belief_final/path_dem:/home/rhobtor/PHD/ARGOSJ8_IA/ARGOSJ8_IA_/install/car:/home/rhobtor/PHD/ARGOSJ8_IA/ARGOSJ8_IA_/install/ntrip_client:/home/rhobtor/PHD/ARGOSJ8_IA/ARGOSJ8_IA_/install/j8_gui:/home/rhobtor/PHD/ARGOSJ8_IA/ARGOSJ8_IA_/install/gui:/home/rhobtor/PHD/ARGOSJ8_IA/ARGOSJ8_IA_/install/android_ros2_server:/home/rhobtor/PHD/ARGOSJ8_IA/ARGOSJ8_IA_/install/GUI_pkg:/home/rhobtor/PHD/model_terrain_ugv/Model_terrain_ugv/install/model_terrain:/opt/ros/humble /usr/bin/cmake --build /home/rhobtor/PHD/j8_control/J8_control/build/argj801_setup -- -j20 -l20
[2.914s] DEBUG:colcon.colcon_core.event_handler.log_command:Invoking command in '/home/rhobtor/PHD/j8_control/J8_control/build/argj801_setup': CMAKE_PREFIX_PATH=${CMAKE_PREFIX_PATH}:/home/rhobtor/PHD/path_dem/install_navigation/path_dem:/home/rhobtor/PHD/path_dem/install/path_dem:/home/rhobtor/PHD/install_global_belief_final/path_dem:/home/rhobtor/PHD/ARGOSJ8_IA/ARGOSJ8_IA_/install/car:/home/rhobtor/PHD/ARGOSJ8_IA/ARGOSJ8_IA_/install/ntrip_client:/home/rhobtor/PHD/ARGOSJ8_IA/ARGOSJ8_IA_/install/j8_gui:/home/rhobtor/PHD/ARGOSJ8_IA/ARGOSJ8_IA_/install/gui:/home/rhobtor/PHD/ARGOSJ8_IA/ARGOSJ8_IA_/install/android_ros2_server:/home/rhobtor/PHD/ARGOSJ8_IA/ARGOSJ8_IA_/install/GUI_pkg:/home/rhobtor/PHD/model_terrain_ugv/Model_terrain_ugv/install/model_terrain:/opt/ros/humble /usr/bin/cmake --install /home/rhobtor/PHD/j8_control/J8_control/build/argj801_setup
[2.974s] Level 1:colcon.colcon_core.environment:checking '/home/rhobtor/PHD/j8_control/J8_control/install/gui' for CMake module files
[2.978s] Level 1:colcon.colcon_core.environment:checking '/home/rhobtor/PHD/j8_control/J8_control/install/gui' for CMake config files
[2.984s] Level 1:colcon.colcon_core.environment:checking '/home/rhobtor/PHD/j8_control/J8_control/install/gui/lib'
[2.985s] Level 1:colcon.colcon_core.environment:checking '/home/rhobtor/PHD/j8_control/J8_control/install/gui/bin'
[2.985s] Level 1:colcon.colcon_core.environment:checking '/home/rhobtor/PHD/j8_control/J8_control/install/gui/lib/pkgconfig/gui.pc'
[2.986s] Level 1:colcon.colcon_core.environment:checking '/home/rhobtor/PHD/j8_control/J8_control/install/gui/lib/python3.10/site-packages'
[2.986s] Level 1:colcon.colcon_core.shell:create_environment_hook('gui', 'pythonpath')
[2.987s] INFO:colcon.colcon_core.shell:Creating environment hook '/home/rhobtor/PHD/j8_control/J8_control/install/gui/share/gui/hook/pythonpath.ps1'
[2.988s] DEBUG:colcon.colcon_core.event_handler.log_command:Invoked command in '/home/rhobtor/PHD/j8_control/J8_control/src/gui' returned '0': PYTHONPATH=/home/rhobtor/PHD/j8_control/J8_control/build/gui/prefix_override:/usr/lib/python3/dist-packages/colcon_core/task/python/colcon_distutils_commands:/home/rhobtor/PHD/j8_control/J8_control/install/gui/lib/python3.10/site-packages:${PYTHONPATH} /usr/bin/python3 -W ignore:setup.py install is deprecated -W ignore:easy_install command is deprecated setup.py egg_info --egg-base ../../build/gui build --build-base /home/rhobtor/PHD/j8_control/J8_control/build/gui/build install --record /home/rhobtor/PHD/j8_control/J8_control/build/gui/install.log --install-scripts $base/lib/gui --single-version-externally-managed install_data
[2.988s] INFO:colcon.colcon_core.shell:Creating environment descriptor '/home/rhobtor/PHD/j8_control/J8_control/install/gui/share/gui/hook/pythonpath.dsv'
[2.989s] INFO:colcon.colcon_core.shell:Creating environment hook '/home/rhobtor/PHD/j8_control/J8_control/install/gui/share/gui/hook/pythonpath.sh'
[2.989s] Level 1:colcon.colcon_core.environment:checking '/home/rhobtor/PHD/j8_control/J8_control/install/gui/bin'
[2.989s] Level 1:colcon.colcon_core.environment:create_environment_scripts_only(gui)
[2.990s] INFO:colcon.colcon_core.shell:Creating package script '/home/rhobtor/PHD/j8_control/J8_control/install/gui/share/gui/package.ps1'
[2.991s] INFO:colcon.colcon_core.shell:Creating package descriptor '/home/rhobtor/PHD/j8_control/J8_control/install/gui/share/gui/package.dsv'
[2.991s] INFO:colcon.colcon_core.shell:Creating package script '/home/rhobtor/PHD/j8_control/J8_control/install/gui/share/gui/package.sh'
[2.992s] INFO:colcon.colcon_core.shell:Creating package script '/home/rhobtor/PHD/j8_control/J8_control/install/gui/share/gui/package.bash'
[2.992s] INFO:colcon.colcon_core.shell:Creating package script '/home/rhobtor/PHD/j8_control/J8_control/install/gui/share/gui/package.zsh'
[2.994s] Level 1:colcon.colcon_core.environment:create_file_with_runtime_dependencies(/home/rhobtor/PHD/j8_control/J8_control/install/gui/share/colcon-core/packages/gui)
[2.995s] INFO:colcon.colcon_ros.task.ament_cmake.build:Building ROS package in '/home/rhobtor/PHD/j8_control/J8_control/src/j8_joystick/spacenav' with build type 'ament_cmake'
[2.996s] INFO:colcon.colcon_cmake.task.cmake.build:Building CMake package in '/home/rhobtor/PHD/j8_control/J8_control/src/j8_joystick/spacenav'
[2.996s] INFO:colcon.colcon_core.shell:Skip shell extension 'powershell' for command environment: Not usable outside of PowerShell
[2.996s] DEBUG:colcon.colcon_core.shell:Skip shell extension 'dsv' for command environment
[3.016s] Level 1:colcon.colcon_core.environment:checking '/home/rhobtor/PHD/j8_control/J8_control/install/GUI_pkg' for CMake module files
[3.016s] Level 1:colcon.colcon_core.environment:checking '/home/rhobtor/PHD/j8_control/J8_control/install/GUI_pkg' for CMake config files
[3.017s] Level 1:colcon.colcon_core.environment:checking '/home/rhobtor/PHD/j8_control/J8_control/install/GUI_pkg/lib'
[3.017s] Level 1:colcon.colcon_core.environment:checking '/home/rhobtor/PHD/j8_control/J8_control/install/GUI_pkg/bin'
[3.017s] Level 1:colcon.colcon_core.environment:checking '/home/rhobtor/PHD/j8_control/J8_control/install/GUI_pkg/lib/pkgconfig/GUI_pkg.pc'
[3.017s] Level 1:colcon.colcon_core.environment:checking '/home/rhobtor/PHD/j8_control/J8_control/install/GUI_pkg/lib/python3.10/site-packages'
[3.019s] Level 1:colcon.colcon_core.shell:create_environment_hook('GUI_pkg', 'pythonpath')
[3.020s] INFO:colcon.colcon_core.shell:Creating environment hook '/home/rhobtor/PHD/j8_control/J8_control/install/GUI_pkg/share/GUI_pkg/hook/pythonpath.ps1'
[3.020s] INFO:colcon.colcon_core.shell:Creating environment descriptor '/home/rhobtor/PHD/j8_control/J8_control/install/GUI_pkg/share/GUI_pkg/hook/pythonpath.dsv'
[3.021s] INFO:colcon.colcon_core.shell:Creating environment hook '/home/rhobtor/PHD/j8_control/J8_control/install/GUI_pkg/share/GUI_pkg/hook/pythonpath.sh'
[3.021s] Level 1:colcon.colcon_core.environment:checking '/home/rhobtor/PHD/j8_control/J8_control/install/GUI_pkg/bin'
[3.021s] Level 1:colcon.colcon_core.environment:create_environment_scripts_only(GUI_pkg)
[3.022s] INFO:colcon.colcon_core.shell:Creating package script '/home/rhobtor/PHD/j8_control/J8_control/install/GUI_pkg/share/GUI_pkg/package.ps1'
[3.019s] DEBUG:colcon.colcon_core.event_handler.log_command:Invoked command in '/home/rhobtor/PHD/j8_control/J8_control/src/GUI_pkg' returned '0': PYTHONPATH=/home/rhobtor/PHD/j8_control/J8_control/build/GUI_pkg/prefix_override:/usr/lib/python3/dist-packages/colcon_core/task/python/colcon_distutils_commands:/home/rhobtor/PHD/j8_control/J8_control/install/GUI_pkg/lib/python3.10/site-packages:${PYTHONPATH} /usr/bin/python3 -W ignore:setup.py install is deprecated -W ignore:easy_install command is deprecated setup.py egg_info --egg-base ../../build/GUI_pkg build --build-base /home/rhobtor/PHD/j8_control/J8_control/build/GUI_pkg/build install --record /home/rhobtor/PHD/j8_control/J8_control/build/GUI_pkg/install.log --install-scripts $base/lib/GUI_pkg --single-version-externally-managed
[3.024s] INFO:colcon.colcon_core.shell:Creating package descriptor '/home/rhobtor/PHD/j8_control/J8_control/install/GUI_pkg/share/GUI_pkg/package.dsv'
[3.025s] INFO:colcon.colcon_core.shell:Creating package script '/home/rhobtor/PHD/j8_control/J8_control/install/GUI_pkg/share/GUI_pkg/package.sh'
[3.025s] INFO:colcon.colcon_core.shell:Creating package script '/home/rhobtor/PHD/j8_control/J8_control/install/GUI_pkg/share/GUI_pkg/package.bash'
[3.025s] INFO:colcon.colcon_core.shell:Creating package script '/home/rhobtor/PHD/j8_control/J8_control/install/GUI_pkg/share/GUI_pkg/package.zsh'
[3.025s] Level 1:colcon.colcon_core.environment:create_file_with_runtime_dependencies(/home/rhobtor/PHD/j8_control/J8_control/install/GUI_pkg/share/colcon-core/packages/GUI_pkg)
[3.027s] INFO:colcon.colcon_ros.task.ament_cmake.build:Building ROS package in '/home/rhobtor/PHD/j8_control/J8_control/src/j8_joystick/wiimote_msgs' with build type 'ament_cmake'
[3.027s] INFO:colcon.colcon_cmake.task.cmake.build:Building CMake package in '/home/rhobtor/PHD/j8_control/J8_control/src/j8_joystick/wiimote_msgs'
[3.027s] INFO:colcon.colcon_core.shell:Skip shell extension 'powershell' for command environment: Not usable outside of PowerShell
[3.028s] DEBUG:colcon.colcon_core.shell:Skip shell extension 'dsv' for command environment
[3.056s] DEBUG:colcon.colcon_core.event_handler.log_command:Invoking command in '/home/rhobtor/PHD/j8_control/J8_control/build/spacenav': CMAKE_PREFIX_PATH=${CMAKE_PREFIX_PATH}:/home/rhobtor/PHD/path_dem/install_navigation/path_dem:/home/rhobtor/PHD/path_dem/install/path_dem:/home/rhobtor/PHD/install_global_belief_final/path_dem:/home/rhobtor/PHD/ARGOSJ8_IA/ARGOSJ8_IA_/install/car:/home/rhobtor/PHD/ARGOSJ8_IA/ARGOSJ8_IA_/install/ntrip_client:/home/rhobtor/PHD/ARGOSJ8_IA/ARGOSJ8_IA_/install/j8_gui:/home/rhobtor/PHD/ARGOSJ8_IA/ARGOSJ8_IA_/install/gui:/home/rhobtor/PHD/ARGOSJ8_IA/ARGOSJ8_IA_/install/android_ros2_server:/home/rhobtor/PHD/ARGOSJ8_IA/ARGOSJ8_IA_/install/GUI_pkg:/home/rhobtor/PHD/model_terrain_ugv/Model_terrain_ugv/install/model_terrain:/opt/ros/humble /usr/bin/cmake /home/rhobtor/PHD/j8_control/J8_control/src/j8_joystick/spacenav -DCMAKE_INSTALL_PREFIX=/home/rhobtor/PHD/j8_control/J8_control/install/spacenav
[3.069s] DEBUG:colcon.colcon_core.event_handler.log_command:Invoking command in '/home/rhobtor/PHD/j8_control/J8_control/build/wiimote_msgs': CMAKE_PREFIX_PATH=${CMAKE_PREFIX_PATH}:/home/rhobtor/PHD/path_dem/install_navigation/path_dem:/home/rhobtor/PHD/path_dem/install/path_dem:/home/rhobtor/PHD/install_global_belief_final/path_dem:/home/rhobtor/PHD/ARGOSJ8_IA/ARGOSJ8_IA_/install/car:/home/rhobtor/PHD/ARGOSJ8_IA/ARGOSJ8_IA_/install/ntrip_client:/home/rhobtor/PHD/ARGOSJ8_IA/ARGOSJ8_IA_/install/j8_gui:/home/rhobtor/PHD/ARGOSJ8_IA/ARGOSJ8_IA_/install/gui:/home/rhobtor/PHD/ARGOSJ8_IA/ARGOSJ8_IA_/install/android_ros2_server:/home/rhobtor/PHD/ARGOSJ8_IA/ARGOSJ8_IA_/install/GUI_pkg:/home/rhobtor/PHD/model_terrain_ugv/Model_terrain_ugv/install/model_terrain:/opt/ros/humble /usr/bin/cmake /home/rhobtor/PHD/j8_control/J8_control/src/j8_joystick/wiimote_msgs -DCMAKE_INSTALL_PREFIX=/home/rhobtor/PHD/j8_control/J8_control/install/wiimote_msgs
[3.071s] Level 1:colcon.colcon_core.environment:checking '/home/rhobtor/PHD/j8_control/J8_control/install/android_ros2_server' for CMake module files
[3.071s] Level 1:colcon.colcon_core.environment:checking '/home/rhobtor/PHD/j8_control/J8_control/install/android_ros2_server' for CMake config files
[3.073s] DEBUG:colcon.colcon_core.event_handler.log_command:Invoked command in '/home/rhobtor/PHD/j8_control/J8_control/build/security_check_interfaces' returned '0': CMAKE_PREFIX_PATH=${CMAKE_PREFIX_PATH}:/home/rhobtor/PHD/path_dem/install_navigation/path_dem:/home/rhobtor/PHD/path_dem/install/path_dem:/home/rhobtor/PHD/install_global_belief_final/path_dem:/home/rhobtor/PHD/ARGOSJ8_IA/ARGOSJ8_IA_/install/car:/home/rhobtor/PHD/ARGOSJ8_IA/ARGOSJ8_IA_/install/ntrip_client:/home/rhobtor/PHD/ARGOSJ8_IA/ARGOSJ8_IA_/install/j8_gui:/home/rhobtor/PHD/ARGOSJ8_IA/ARGOSJ8_IA_/install/gui:/home/rhobtor/PHD/ARGOSJ8_IA/ARGOSJ8_IA_/install/android_ros2_server:/home/rhobtor/PHD/ARGOSJ8_IA/ARGOSJ8_IA_/install/GUI_pkg:/home/rhobtor/PHD/model_terrain_ugv/Model_terrain_ugv/install/model_terrain:/opt/ros/humble /usr/bin/cmake /home/rhobtor/PHD/j8_control/J8_control/src/security_check/security_check_interfaces -DCMAKE_INSTALL_PREFIX=/home/rhobtor/PHD/j8_control/J8_control/install/security_check_interfaces
[3.074s] DEBUG:colcon.colcon_core.event_handler.log_command:Invoking command in '/home/rhobtor/PHD/j8_control/J8_control/build/security_check_interfaces': CMAKE_PREFIX_PATH=${CMAKE_PREFIX_PATH}:/home/rhobtor/PHD/path_dem/install_navigation/path_dem:/home/rhobtor/PHD/path_dem/install/path_dem:/home/rhobtor/PHD/install_global_belief_final/path_dem:/home/rhobtor/PHD/ARGOSJ8_IA/ARGOSJ8_IA_/install/car:/home/rhobtor/PHD/ARGOSJ8_IA/ARGOSJ8_IA_/install/ntrip_client:/home/rhobtor/PHD/ARGOSJ8_IA/ARGOSJ8_IA_/install/j8_gui:/home/rhobtor/PHD/ARGOSJ8_IA/ARGOSJ8_IA_/install/gui:/home/rhobtor/PHD/ARGOSJ8_IA/ARGOSJ8_IA_/install/android_ros2_server:/home/rhobtor/PHD/ARGOSJ8_IA/ARGOSJ8_IA_/install/GUI_pkg:/home/rhobtor/PHD/model_terrain_ugv/Model_terrain_ugv/install/model_terrain:/opt/ros/humble /usr/bin/cmake --build /home/rhobtor/PHD/j8_control/J8_control/build/security_check_interfaces -- -j20 -l20
[3.083s] Level 1:colcon.colcon_core.environment:checking '/home/rhobtor/PHD/j8_control/J8_control/install/android_ros2_server/lib'
[3.083s] Level 1:colcon.colcon_core.environment:checking '/home/rhobtor/PHD/j8_control/J8_control/install/android_ros2_server/bin'
[3.084s] Level 1:colcon.colcon_core.environment:checking '/home/rhobtor/PHD/j8_control/J8_control/install/android_ros2_server/lib/pkgconfig/android_ros2_server.pc'
[3.084s] Level 1:colcon.colcon_core.environment:checking '/home/rhobtor/PHD/j8_control/J8_control/install/android_ros2_server/lib/python3.10/site-packages'
[3.084s] Level 1:colcon.colcon_core.shell:create_environment_hook('android_ros2_server', 'pythonpath')
[3.084s] INFO:colcon.colcon_core.shell:Creating environment hook '/home/rhobtor/PHD/j8_control/J8_control/install/android_ros2_server/share/android_ros2_server/hook/pythonpath.ps1'
[3.085s] INFO:colcon.colcon_core.shell:Creating environment descriptor '/home/rhobtor/PHD/j8_control/J8_control/install/android_ros2_server/share/android_ros2_server/hook/pythonpath.dsv'
[3.085s] INFO:colcon.colcon_core.shell:Creating environment hook '/home/rhobtor/PHD/j8_control/J8_control/install/android_ros2_server/share/android_ros2_server/hook/pythonpath.sh'
[3.086s] Level 1:colcon.colcon_core.environment:checking '/home/rhobtor/PHD/j8_control/J8_control/install/android_ros2_server/bin'
[3.086s] Level 1:colcon.colcon_core.environment:create_environment_scripts_only(android_ros2_server)
[3.087s] INFO:colcon.colcon_core.shell:Creating package script '/home/rhobtor/PHD/j8_control/J8_control/install/android_ros2_server/share/android_ros2_server/package.ps1'
[3.088s] DEBUG:colcon.colcon_core.event_handler.log_command:Invoked command in '/home/rhobtor/PHD/j8_control/J8_control/src/android_ros2_server' returned '0': PYTHONPATH=/home/rhobtor/PHD/j8_control/J8_control/build/android_ros2_server/prefix_override:/usr/lib/python3/dist-packages/colcon_core/task/python/colcon_distutils_commands:/home/rhobtor/PHD/j8_control/J8_control/install/android_ros2_server/lib/python3.10/site-packages:${PYTHONPATH} /usr/bin/python3 -W ignore:setup.py install is deprecated -W ignore:easy_install command is deprecated setup.py egg_info --egg-base ../../build/android_ros2_server build --build-base /home/rhobtor/PHD/j8_control/J8_control/build/android_ros2_server/build install --record /home/rhobtor/PHD/j8_control/J8_control/build/android_ros2_server/install.log --install-scripts $base/lib/android_ros2_server --single-version-externally-managed install_data
[3.089s] INFO:colcon.colcon_core.shell:Creating package descriptor '/home/rhobtor/PHD/j8_control/J8_control/install/android_ros2_server/share/android_ros2_server/package.dsv'
[3.089s] INFO:colcon.colcon_core.shell:Creating package script '/home/rhobtor/PHD/j8_control/J8_control/install/android_ros2_server/share/android_ros2_server/package.sh'
[3.089s] INFO:colcon.colcon_core.shell:Creating package script '/home/rhobtor/PHD/j8_control/J8_control/install/android_ros2_server/share/android_ros2_server/package.bash'
[3.090s] INFO:colcon.colcon_core.shell:Creating package script '/home/rhobtor/PHD/j8_control/J8_control/install/android_ros2_server/share/android_ros2_server/package.zsh'
[3.090s] Level 1:colcon.colcon_core.environment:create_file_with_runtime_dependencies(/home/rhobtor/PHD/j8_control/J8_control/install/android_ros2_server/share/colcon-core/packages/android_ros2_server)
[3.118s] Level 1:colcon.colcon_core.environment:create_environment_scripts_only(ublox_serialization)
[3.119s] Level 1:colcon.colcon_core.environment:checking '/home/rhobtor/PHD/j8_control/J8_control/install/ublox_serialization' for CMake module files
[3.127s] Level 1:colcon.colcon_core.environment:checking '/home/rhobtor/PHD/j8_control/J8_control/install/ublox_serialization' for CMake config files
[3.127s] Level 1:colcon.colcon_core.shell:create_environment_hook('ublox_serialization', 'cmake_prefix_path')
[3.127s] INFO:colcon.colcon_core.shell:Creating environment hook '/home/rhobtor/PHD/j8_control/J8_control/install/ublox_serialization/share/ublox_serialization/hook/cmake_prefix_path.ps1'
[3.129s] DEBUG:colcon.colcon_core.event_handler.log_command:Invoked command in '/home/rhobtor/PHD/j8_control/J8_control/build/ublox_serialization' returned '0': CMAKE_PREFIX_PATH=${CMAKE_PREFIX_PATH}:/home/rhobtor/PHD/path_dem/install_navigation/path_dem:/home/rhobtor/PHD/path_dem/install/path_dem:/home/rhobtor/PHD/install_global_belief_final/path_dem:/home/rhobtor/PHD/ARGOSJ8_IA/ARGOSJ8_IA_/install/car:/home/rhobtor/PHD/ARGOSJ8_IA/ARGOSJ8_IA_/install/ntrip_client:/home/rhobtor/PHD/ARGOSJ8_IA/ARGOSJ8_IA_/install/j8_gui:/home/rhobtor/PHD/ARGOSJ8_IA/ARGOSJ8_IA_/install/gui:/home/rhobtor/PHD/ARGOSJ8_IA/ARGOSJ8_IA_/install/android_ros2_server:/home/rhobtor/PHD/ARGOSJ8_IA/ARGOSJ8_IA_/install/GUI_pkg:/home/rhobtor/PHD/model_terrain_ugv/Model_terrain_ugv/install/model_terrain:/opt/ros/humble /usr/bin/cmake --install /home/rhobtor/PHD/j8_control/J8_control/build/ublox_serialization
[3.131s] INFO:colcon.colcon_core.shell:Creating environment descriptor '/home/rhobtor/PHD/j8_control/J8_control/install/ublox_serialization/share/ublox_serialization/hook/cmake_prefix_path.dsv'
[3.137s] INFO:colcon.colcon_core.shell:Creating environment hook '/home/rhobtor/PHD/j8_control/J8_control/install/ublox_serialization/share/ublox_serialization/hook/cmake_prefix_path.sh'
[3.138s] Level 1:colcon.colcon_core.environment:checking '/home/rhobtor/PHD/j8_control/J8_control/install/ublox_serialization/bin'
[3.138s] Level 1:colcon.colcon_core.environment:checking '/home/rhobtor/PHD/j8_control/J8_control/install/ublox_serialization/lib/pkgconfig/ublox_serialization.pc'
[3.138s] Level 1:colcon.colcon_core.environment:checking '/home/rhobtor/PHD/j8_control/J8_control/install/ublox_serialization/lib/python3.10/site-packages'
[3.139s] Level 1:colcon.colcon_core.environment:checking '/home/rhobtor/PHD/j8_control/J8_control/install/ublox_serialization/bin'
[3.139s] INFO:colcon.colcon_core.shell:Creating package script '/home/rhobtor/PHD/j8_control/J8_control/install/ublox_serialization/share/ublox_serialization/package.ps1'
[3.140s] INFO:colcon.colcon_core.shell:Creating package descriptor '/home/rhobtor/PHD/j8_control/J8_control/install/ublox_serialization/share/ublox_serialization/package.dsv'
[3.141s] INFO:colcon.colcon_core.shell:Creating package script '/home/rhobtor/PHD/j8_control/J8_control/install/ublox_serialization/share/ublox_serialization/package.sh'
[3.141s] INFO:colcon.colcon_core.shell:Creating package script '/home/rhobtor/PHD/j8_control/J8_control/install/ublox_serialization/share/ublox_serialization/package.bash'
[3.142s] INFO:colcon.colcon_core.shell:Creating package script '/home/rhobtor/PHD/j8_control/J8_control/install/ublox_serialization/share/ublox_serialization/package.zsh'
[3.143s] Level 1:colcon.colcon_core.environment:create_file_with_runtime_dependencies(/home/rhobtor/PHD/j8_control/J8_control/install/ublox_serialization/share/colcon-core/packages/ublox_serialization)
[3.144s] Level 1:colcon.colcon_core.environment:create_environment_scripts_only(ublox_serialization)
[3.144s] Level 1:colcon.colcon_core.environment:checking '/home/rhobtor/PHD/j8_control/J8_control/install/ublox_serialization' for CMake module files
[3.145s] Level 1:colcon.colcon_core.environment:checking '/home/rhobtor/PHD/j8_control/J8_control/install/ublox_serialization' for CMake config files
[3.145s] Level 1:colcon.colcon_core.shell:create_environment_hook('ublox_serialization', 'cmake_prefix_path')
[3.145s] INFO:colcon.colcon_core.shell:Creating environment hook '/home/rhobtor/PHD/j8_control/J8_control/install/ublox_serialization/share/ublox_serialization/hook/cmake_prefix_path.ps1'
[3.146s] INFO:colcon.colcon_core.shell:Creating environment descriptor '/home/rhobtor/PHD/j8_control/J8_control/install/ublox_serialization/share/ublox_serialization/hook/cmake_prefix_path.dsv'
[3.146s] INFO:colcon.colcon_core.shell:Creating environment hook '/home/rhobtor/PHD/j8_control/J8_control/install/ublox_serialization/share/ublox_serialization/hook/cmake_prefix_path.sh'
[3.147s] Level 1:colcon.colcon_core.environment:checking '/home/rhobtor/PHD/j8_control/J8_control/install/ublox_serialization/bin'
[3.147s] Level 1:colcon.colcon_core.environment:checking '/home/rhobtor/PHD/j8_control/J8_control/install/ublox_serialization/lib/pkgconfig/ublox_serialization.pc'
[3.148s] Level 1:colcon.colcon_core.environment:checking '/home/rhobtor/PHD/j8_control/J8_control/install/ublox_serialization/lib/python3.10/site-packages'
[3.148s] Level 1:colcon.colcon_core.environment:checking '/home/rhobtor/PHD/j8_control/J8_control/install/ublox_serialization/bin'
[3.150s] INFO:colcon.colcon_core.shell:Creating package script '/home/rhobtor/PHD/j8_control/J8_control/install/ublox_serialization/share/ublox_serialization/package.ps1'
[3.152s] INFO:colcon.colcon_core.shell:Creating package descriptor '/home/rhobtor/PHD/j8_control/J8_control/install/ublox_serialization/share/ublox_serialization/package.dsv'
[3.152s] INFO:colcon.colcon_core.shell:Creating package script '/home/rhobtor/PHD/j8_control/J8_control/install/ublox_serialization/share/ublox_serialization/package.sh'
[3.153s] INFO:colcon.colcon_core.shell:Creating package script '/home/rhobtor/PHD/j8_control/J8_control/install/ublox_serialization/share/ublox_serialization/package.bash'
[3.153s] INFO:colcon.colcon_core.shell:Creating package script '/home/rhobtor/PHD/j8_control/J8_control/install/ublox_serialization/share/ublox_serialization/package.zsh'
[3.154s] Level 1:colcon.colcon_core.environment:create_file_with_runtime_dependencies(/home/rhobtor/PHD/j8_control/J8_control/install/ublox_serialization/share/colcon-core/packages/ublox_serialization)
[3.155s] INFO:colcon.colcon_ros.task.ament_cmake.build:Building ROS package in '/home/rhobtor/PHD/j8_control/J8_control/src/argo_drivers_pkgs/ublox/ublox_msgs' with build type 'ament_cmake'
[3.156s] INFO:colcon.colcon_cmake.task.cmake.build:Building CMake package in '/home/rhobtor/PHD/j8_control/J8_control/src/argo_drivers_pkgs/ublox/ublox_msgs'
[3.156s] INFO:colcon.colcon_core.shell:Skip shell extension 'powershell' for command environment: Not usable outside of PowerShell
[3.156s] DEBUG:colcon.colcon_core.shell:Skip shell extension 'dsv' for command environment
[3.178s] DEBUG:colcon.colcon_core.event_handler.log_command:Invoked command in '/home/rhobtor/PHD/j8_control/J8_control/build/argj801_sensors_msgs' returned '0': CMAKE_PREFIX_PATH=${CMAKE_PREFIX_PATH}:/home/rhobtor/PHD/path_dem/install_navigation/path_dem:/home/rhobtor/PHD/path_dem/install/path_dem:/home/rhobtor/PHD/install_global_belief_final/path_dem:/home/rhobtor/PHD/ARGOSJ8_IA/ARGOSJ8_IA_/install/car:/home/rhobtor/PHD/ARGOSJ8_IA/ARGOSJ8_IA_/install/ntrip_client:/home/rhobtor/PHD/ARGOSJ8_IA/ARGOSJ8_IA_/install/j8_gui:/home/rhobtor/PHD/ARGOSJ8_IA/ARGOSJ8_IA_/install/gui:/home/rhobtor/PHD/ARGOSJ8_IA/ARGOSJ8_IA_/install/android_ros2_server:/home/rhobtor/PHD/ARGOSJ8_IA/ARGOSJ8_IA_/install/GUI_pkg:/home/rhobtor/PHD/model_terrain_ugv/Model_terrain_ugv/install/model_terrain:/opt/ros/humble /usr/bin/cmake /home/rhobtor/PHD/j8_control/J8_control/src/argo_drivers_pkgs/argj801_sensors/argj801_sensors_msgs -DCMAKE_INSTALL_PREFIX=/home/rhobtor/PHD/j8_control/J8_control/install/argj801_sensors_msgs
[3.181s] DEBUG:colcon.colcon_core.event_handler.log_command:Invoking command in '/home/rhobtor/PHD/j8_control/J8_control/build/argj801_sensors_msgs': CMAKE_PREFIX_PATH=${CMAKE_PREFIX_PATH}:/home/rhobtor/PHD/path_dem/install_navigation/path_dem:/home/rhobtor/PHD/path_dem/install/path_dem:/home/rhobtor/PHD/install_global_belief_final/path_dem:/home/rhobtor/PHD/ARGOSJ8_IA/ARGOSJ8_IA_/install/car:/home/rhobtor/PHD/ARGOSJ8_IA/ARGOSJ8_IA_/install/ntrip_client:/home/rhobtor/PHD/ARGOSJ8_IA/ARGOSJ8_IA_/install/j8_gui:/home/rhobtor/PHD/ARGOSJ8_IA/ARGOSJ8_IA_/install/gui:/home/rhobtor/PHD/ARGOSJ8_IA/ARGOSJ8_IA_/install/android_ros2_server:/home/rhobtor/PHD/ARGOSJ8_IA/ARGOSJ8_IA_/install/GUI_pkg:/home/rhobtor/PHD/model_terrain_ugv/Model_terrain_ugv/install/model_terrain:/opt/ros/humble /usr/bin/cmake --build /home/rhobtor/PHD/j8_control/J8_control/build/argj801_sensors_msgs -- -j20 -l20
[3.188s] Level 1:colcon.colcon_core.environment:create_environment_scripts_only(sdl2_vendor)
[3.188s] Level 1:colcon.colcon_core.environment:checking '/home/rhobtor/PHD/j8_control/J8_control/install/sdl2_vendor' for CMake module files
[3.189s] Level 1:colcon.colcon_core.environment:checking '/home/rhobtor/PHD/j8_control/J8_control/install/sdl2_vendor' for CMake config files
[3.190s] DEBUG:colcon.colcon_core.event_handler.log_command:Invoked command in '/home/rhobtor/PHD/j8_control/J8_control/build/sdl2_vendor' returned '0': CMAKE_PREFIX_PATH=${CMAKE_PREFIX_PATH}:/home/rhobtor/PHD/path_dem/install_navigation/path_dem:/home/rhobtor/PHD/path_dem/install/path_dem:/home/rhobtor/PHD/install_global_belief_final/path_dem:/home/rhobtor/PHD/ARGOSJ8_IA/ARGOSJ8_IA_/install/car:/home/rhobtor/PHD/ARGOSJ8_IA/ARGOSJ8_IA_/install/ntrip_client:/home/rhobtor/PHD/ARGOSJ8_IA/ARGOSJ8_IA_/install/j8_gui:/home/rhobtor/PHD/ARGOSJ8_IA/ARGOSJ8_IA_/install/gui:/home/rhobtor/PHD/ARGOSJ8_IA/ARGOSJ8_IA_/install/android_ros2_server:/home/rhobtor/PHD/ARGOSJ8_IA/ARGOSJ8_IA_/install/GUI_pkg:/home/rhobtor/PHD/model_terrain_ugv/Model_terrain_ugv/install/model_terrain:/opt/ros/humble /usr/bin/cmake --install /home/rhobtor/PHD/j8_control/J8_control/build/sdl2_vendor
[3.191s] Level 1:colcon.colcon_core.shell:create_environment_hook('sdl2_vendor', 'cmake_prefix_path')
[3.191s] INFO:colcon.colcon_core.shell:Creating environment hook '/home/rhobtor/PHD/j8_control/J8_control/install/sdl2_vendor/share/sdl2_vendor/hook/cmake_prefix_path.ps1'
[3.192s] INFO:colcon.colcon_core.shell:Creating environment descriptor '/home/rhobtor/PHD/j8_control/J8_control/install/sdl2_vendor/share/sdl2_vendor/hook/cmake_prefix_path.dsv'
[3.192s] INFO:colcon.colcon_core.shell:Creating environment hook '/home/rhobtor/PHD/j8_control/J8_control/install/sdl2_vendor/share/sdl2_vendor/hook/cmake_prefix_path.sh'
[3.196s] Level 1:colcon.colcon_core.environment:checking '/home/rhobtor/PHD/j8_control/J8_control/install/sdl2_vendor/bin'
[3.196s] Level 1:colcon.colcon_core.environment:checking '/home/rhobtor/PHD/j8_control/J8_control/install/sdl2_vendor/lib/pkgconfig/sdl2_vendor.pc'
[3.196s] Level 1:colcon.colcon_core.environment:checking '/home/rhobtor/PHD/j8_control/J8_control/install/sdl2_vendor/lib/python3.10/site-packages'
[3.197s] Level 1:colcon.colcon_core.environment:checking '/home/rhobtor/PHD/j8_control/J8_control/install/sdl2_vendor/bin'
[3.197s] INFO:colcon.colcon_core.shell:Creating package script '/home/rhobtor/PHD/j8_control/J8_control/install/sdl2_vendor/share/sdl2_vendor/package.ps1'
[3.198s] INFO:colcon.colcon_core.shell:Creating package descriptor '/home/rhobtor/PHD/j8_control/J8_control/install/sdl2_vendor/share/sdl2_vendor/package.dsv'
[3.202s] INFO:colcon.colcon_core.shell:Creating package script '/home/rhobtor/PHD/j8_control/J8_control/install/sdl2_vendor/share/sdl2_vendor/package.sh'
[3.203s] INFO:colcon.colcon_core.shell:Creating package script '/home/rhobtor/PHD/j8_control/J8_control/install/sdl2_vendor/share/sdl2_vendor/package.bash'
[3.207s] INFO:colcon.colcon_core.shell:Creating package script '/home/rhobtor/PHD/j8_control/J8_control/install/sdl2_vendor/share/sdl2_vendor/package.zsh'
[3.207s] Level 1:colcon.colcon_core.environment:create_file_with_runtime_dependencies(/home/rhobtor/PHD/j8_control/J8_control/install/sdl2_vendor/share/colcon-core/packages/sdl2_vendor)
[3.208s] Level 1:colcon.colcon_core.environment:create_environment_scripts_only(sdl2_vendor)
[3.208s] Level 1:colcon.colcon_core.environment:checking '/home/rhobtor/PHD/j8_control/J8_control/install/sdl2_vendor' for CMake module files
[3.210s] Level 1:colcon.colcon_core.environment:checking '/home/rhobtor/PHD/j8_control/J8_control/install/sdl2_vendor' for CMake config files
[3.211s] Level 1:colcon.colcon_core.shell:create_environment_hook('sdl2_vendor', 'cmake_prefix_path')
[3.211s] INFO:colcon.colcon_core.shell:Creating environment hook '/home/rhobtor/PHD/j8_control/J8_control/install/sdl2_vendor/share/sdl2_vendor/hook/cmake_prefix_path.ps1'
[3.212s] INFO:colcon.colcon_core.shell:Creating environment descriptor '/home/rhobtor/PHD/j8_control/J8_control/install/sdl2_vendor/share/sdl2_vendor/hook/cmake_prefix_path.dsv'
[3.212s] INFO:colcon.colcon_core.shell:Creating environment hook '/home/rhobtor/PHD/j8_control/J8_control/install/sdl2_vendor/share/sdl2_vendor/hook/cmake_prefix_path.sh'
[3.213s] Level 1:colcon.colcon_core.environment:checking '/home/rhobtor/PHD/j8_control/J8_control/install/sdl2_vendor/bin'
[3.213s] Level 1:colcon.colcon_core.environment:checking '/home/rhobtor/PHD/j8_control/J8_control/install/sdl2_vendor/lib/pkgconfig/sdl2_vendor.pc'
[3.214s] Level 1:colcon.colcon_core.environment:checking '/home/rhobtor/PHD/j8_control/J8_control/install/sdl2_vendor/lib/python3.10/site-packages'
[3.214s] Level 1:colcon.colcon_core.environment:checking '/home/rhobtor/PHD/j8_control/J8_control/install/sdl2_vendor/bin'
[3.215s] INFO:colcon.colcon_core.shell:Creating package script '/home/rhobtor/PHD/j8_control/J8_control/install/sdl2_vendor/share/sdl2_vendor/package.ps1'
[3.216s] INFO:colcon.colcon_core.shell:Creating package descriptor '/home/rhobtor/PHD/j8_control/J8_control/install/sdl2_vendor/share/sdl2_vendor/package.dsv'
[3.216s] INFO:colcon.colcon_core.shell:Creating package script '/home/rhobtor/PHD/j8_control/J8_control/install/sdl2_vendor/share/sdl2_vendor/package.sh'
[3.218s] INFO:colcon.colcon_core.shell:Creating package script '/home/rhobtor/PHD/j8_control/J8_control/install/sdl2_vendor/share/sdl2_vendor/package.bash'
[3.218s] INFO:colcon.colcon_core.shell:Creating package script '/home/rhobtor/PHD/j8_control/J8_control/install/sdl2_vendor/share/sdl2_vendor/package.zsh'
[3.235s] Level 1:colcon.colcon_core.environment:create_file_with_runtime_dependencies(/home/rhobtor/PHD/j8_control/J8_control/install/sdl2_vendor/share/colcon-core/packages/sdl2_vendor)
[3.239s] INFO:colcon.colcon_ros.task.ament_cmake.build:Building ROS package in '/home/rhobtor/PHD/j8_control/J8_control/src/j8_joystick/joy' with build type 'ament_cmake'
[3.240s] INFO:colcon.colcon_cmake.task.cmake.build:Building CMake package in '/home/rhobtor/PHD/j8_control/J8_control/src/j8_joystick/joy'
[3.240s] INFO:colcon.colcon_core.shell:Skip shell extension 'powershell' for command environment: Not usable outside of PowerShell
[3.240s] DEBUG:colcon.colcon_core.shell:Skip shell extension 'dsv' for command environment
[3.265s] Level 1:colcon.colcon_core.environment:create_environment_scripts_only(argj801_setup)
[3.266s] DEBUG:colcon.colcon_core.event_handler.log_command:Invoked command in '/home/rhobtor/PHD/j8_control/J8_control/build/argj801_setup' returned '0': CMAKE_PREFIX_PATH=${CMAKE_PREFIX_PATH}:/home/rhobtor/PHD/path_dem/install_navigation/path_dem:/home/rhobtor/PHD/path_dem/install/path_dem:/home/rhobtor/PHD/install_global_belief_final/path_dem:/home/rhobtor/PHD/ARGOSJ8_IA/ARGOSJ8_IA_/install/car:/home/rhobtor/PHD/ARGOSJ8_IA/ARGOSJ8_IA_/install/ntrip_client:/home/rhobtor/PHD/ARGOSJ8_IA/ARGOSJ8_IA_/install/j8_gui:/home/rhobtor/PHD/ARGOSJ8_IA/ARGOSJ8_IA_/install/gui:/home/rhobtor/PHD/ARGOSJ8_IA/ARGOSJ8_IA_/install/android_ros2_server:/home/rhobtor/PHD/ARGOSJ8_IA/ARGOSJ8_IA_/install/GUI_pkg:/home/rhobtor/PHD/model_terrain_ugv/Model_terrain_ugv/install/model_terrain:/opt/ros/humble /usr/bin/cmake --install /home/rhobtor/PHD/j8_control/J8_control/build/argj801_setup
[3.266s] Level 1:colcon.colcon_core.environment:checking '/home/rhobtor/PHD/j8_control/J8_control/install/argj801_setup' for CMake module files
[3.267s] Level 1:colcon.colcon_core.environment:checking '/home/rhobtor/PHD/j8_control/J8_control/install/argj801_setup' for CMake config files
[3.269s] Level 1:colcon.colcon_core.shell:create_environment_hook('argj801_setup', 'cmake_prefix_path')
[3.269s] INFO:colcon.colcon_core.shell:Creating environment hook '/home/rhobtor/PHD/j8_control/J8_control/install/argj801_setup/share/argj801_setup/hook/cmake_prefix_path.ps1'
[3.270s] INFO:colcon.colcon_core.shell:Creating environment descriptor '/home/rhobtor/PHD/j8_control/J8_control/install/argj801_setup/share/argj801_setup/hook/cmake_prefix_path.dsv'
[3.270s] INFO:colcon.colcon_core.shell:Creating environment hook '/home/rhobtor/PHD/j8_control/J8_control/install/argj801_setup/share/argj801_setup/hook/cmake_prefix_path.sh'
[3.270s] Level 1:colcon.colcon_core.environment:checking '/home/rhobtor/PHD/j8_control/J8_control/install/argj801_setup/bin'
[3.274s] Level 1:colcon.colcon_core.environment:checking '/home/rhobtor/PHD/j8_control/J8_control/install/argj801_setup/lib/pkgconfig/argj801_setup.pc'
[3.274s] Level 1:colcon.colcon_core.environment:checking '/home/rhobtor/PHD/j8_control/J8_control/install/argj801_setup/lib/python3.10/site-packages'
[3.274s] Level 1:colcon.colcon_core.environment:checking '/home/rhobtor/PHD/j8_control/J8_control/install/argj801_setup/bin'
[3.275s] INFO:colcon.colcon_core.shell:Creating package script '/home/rhobtor/PHD/j8_control/J8_control/install/argj801_setup/share/argj801_setup/package.ps1'
[3.275s] INFO:colcon.colcon_core.shell:Creating package descriptor '/home/rhobtor/PHD/j8_control/J8_control/install/argj801_setup/share/argj801_setup/package.dsv'
[3.276s] INFO:colcon.colcon_core.shell:Creating package script '/home/rhobtor/PHD/j8_control/J8_control/install/argj801_setup/share/argj801_setup/package.sh'
[3.276s] INFO:colcon.colcon_core.shell:Creating package script '/home/rhobtor/PHD/j8_control/J8_control/install/argj801_setup/share/argj801_setup/package.bash'
[3.291s] INFO:colcon.colcon_core.shell:Creating package script '/home/rhobtor/PHD/j8_control/J8_control/install/argj801_setup/share/argj801_setup/package.zsh'
[3.291s] Level 1:colcon.colcon_core.environment:create_file_with_runtime_dependencies(/home/rhobtor/PHD/j8_control/J8_control/install/argj801_setup/share/colcon-core/packages/argj801_setup)
[3.292s] Level 1:colcon.colcon_core.environment:create_environment_scripts_only(argj801_setup)
[3.292s] Level 1:colcon.colcon_core.environment:checking '/home/rhobtor/PHD/j8_control/J8_control/install/argj801_setup' for CMake module files
[3.293s] Level 1:colcon.colcon_core.environment:checking '/home/rhobtor/PHD/j8_control/J8_control/install/argj801_setup' for CMake config files
[3.293s] Level 1:colcon.colcon_core.shell:create_environment_hook('argj801_setup', 'cmake_prefix_path')
[3.293s] INFO:colcon.colcon_core.shell:Creating environment hook '/home/rhobtor/PHD/j8_control/J8_control/install/argj801_setup/share/argj801_setup/hook/cmake_prefix_path.ps1'
[3.294s] INFO:colcon.colcon_core.shell:Creating environment descriptor '/home/rhobtor/PHD/j8_control/J8_control/install/argj801_setup/share/argj801_setup/hook/cmake_prefix_path.dsv'
[3.294s] INFO:colcon.colcon_core.shell:Creating environment hook '/home/rhobtor/PHD/j8_control/J8_control/install/argj801_setup/share/argj801_setup/hook/cmake_prefix_path.sh'
[3.295s] Level 1:colcon.colcon_core.environment:checking '/home/rhobtor/PHD/j8_control/J8_control/install/argj801_setup/bin'
[3.295s] Level 1:colcon.colcon_core.environment:checking '/home/rhobtor/PHD/j8_control/J8_control/install/argj801_setup/lib/pkgconfig/argj801_setup.pc'
[3.295s] Level 1:colcon.colcon_core.environment:checking '/home/rhobtor/PHD/j8_control/J8_control/install/argj801_setup/lib/python3.10/site-packages'
[3.297s] Level 1:colcon.colcon_core.environment:checking '/home/rhobtor/PHD/j8_control/J8_control/install/argj801_setup/bin'
[3.297s] INFO:colcon.colcon_core.shell:Creating package script '/home/rhobtor/PHD/j8_control/J8_control/install/argj801_setup/share/argj801_setup/package.ps1'
[3.298s] INFO:colcon.colcon_core.shell:Creating package descriptor '/home/rhobtor/PHD/j8_control/J8_control/install/argj801_setup/share/argj801_setup/package.dsv'
[3.303s] INFO:colcon.colcon_core.shell:Creating package script '/home/rhobtor/PHD/j8_control/J8_control/install/argj801_setup/share/argj801_setup/package.sh'
[3.304s] INFO:colcon.colcon_core.shell:Creating package script '/home/rhobtor/PHD/j8_control/J8_control/install/argj801_setup/share/argj801_setup/package.bash'
[3.305s] INFO:colcon.colcon_core.shell:Creating package script '/home/rhobtor/PHD/j8_control/J8_control/install/argj801_setup/share/argj801_setup/package.zsh'
[3.305s] Level 1:colcon.colcon_core.environment:create_file_with_runtime_dependencies(/home/rhobtor/PHD/j8_control/J8_control/install/argj801_setup/share/colcon-core/packages/argj801_setup)
[3.306s] Level 1:colcon.colcon_core.environment:checking '/home/rhobtor/PHD/j8_control/J8_control/install/j8_gui' for CMake module files
[3.311s] Level 1:colcon.colcon_core.environment:checking '/home/rhobtor/PHD/j8_control/J8_control/install/j8_gui' for CMake config files
[3.312s] Level 1:colcon.colcon_core.environment:checking '/home/rhobtor/PHD/j8_control/J8_control/install/j8_gui/lib'
[3.312s] Level 1:colcon.colcon_core.environment:checking '/home/rhobtor/PHD/j8_control/J8_control/install/j8_gui/bin'
[3.312s] Level 1:colcon.colcon_core.environment:checking '/home/rhobtor/PHD/j8_control/J8_control/install/j8_gui/lib/pkgconfig/j8_gui.pc'
[3.312s] Level 1:colcon.colcon_core.environment:checking '/home/rhobtor/PHD/j8_control/J8_control/install/j8_gui/lib/python3.10/site-packages'
[3.312s] Level 1:colcon.colcon_core.shell:create_environment_hook('j8_gui', 'pythonpath')
[3.313s] INFO:colcon.colcon_core.shell:Creating environment hook '/home/rhobtor/PHD/j8_control/J8_control/install/j8_gui/share/j8_gui/hook/pythonpath.ps1'
[3.313s] INFO:colcon.colcon_core.shell:Creating environment descriptor '/home/rhobtor/PHD/j8_control/J8_control/install/j8_gui/share/j8_gui/hook/pythonpath.dsv'
[3.306s] DEBUG:colcon.colcon_core.event_handler.log_command:Invoked command in '/home/rhobtor/PHD/j8_control/J8_control/src/test_gui_j8/src/j8_gui' returned '0': PYTHONPATH=/home/rhobtor/PHD/j8_control/J8_control/build/j8_gui/prefix_override:/usr/lib/python3/dist-packages/colcon_core/task/python/colcon_distutils_commands:/home/rhobtor/PHD/j8_control/J8_control/install/j8_gui/lib/python3.10/site-packages:${PYTHONPATH} /usr/bin/python3 -W ignore:setup.py install is deprecated -W ignore:easy_install command is deprecated setup.py egg_info --egg-base ../../../../build/j8_gui build --build-base /home/rhobtor/PHD/j8_control/J8_control/build/j8_gui/build install --record /home/rhobtor/PHD/j8_control/J8_control/build/j8_gui/install.log --install-scripts $base/lib/j8_gui --single-version-externally-managed install_data
[3.317s] INFO:colcon.colcon_core.shell:Creating environment hook '/home/rhobtor/PHD/j8_control/J8_control/install/j8_gui/share/j8_gui/hook/pythonpath.sh'
[3.318s] Level 1:colcon.colcon_core.environment:checking '/home/rhobtor/PHD/j8_control/J8_control/install/j8_gui/bin'
[3.318s] Level 1:colcon.colcon_core.environment:create_environment_scripts_only(j8_gui)
[3.318s] INFO:colcon.colcon_core.shell:Creating package script '/home/rhobtor/PHD/j8_control/J8_control/install/j8_gui/share/j8_gui/package.ps1'
[3.331s] INFO:colcon.colcon_core.shell:Creating package descriptor '/home/rhobtor/PHD/j8_control/J8_control/install/j8_gui/share/j8_gui/package.dsv'
[3.332s] INFO:colcon.colcon_core.shell:Creating package script '/home/rhobtor/PHD/j8_control/J8_control/install/j8_gui/share/j8_gui/package.sh'
[3.332s] INFO:colcon.colcon_core.shell:Creating package script '/home/rhobtor/PHD/j8_control/J8_control/install/j8_gui/share/j8_gui/package.bash'
[3.333s] INFO:colcon.colcon_core.shell:Creating package script '/home/rhobtor/PHD/j8_control/J8_control/install/j8_gui/share/j8_gui/package.zsh'
[3.333s] Level 1:colcon.colcon_core.environment:create_file_with_runtime_dependencies(/home/rhobtor/PHD/j8_control/J8_control/install/j8_gui/share/colcon-core/packages/j8_gui)
[3.337s] Level 1:colcon.colcon_core.environment:checking '/home/rhobtor/PHD/j8_control/J8_control/install/ntrip_client' for CMake module files
[3.340s] DEBUG:colcon.colcon_core.event_handler.log_command:Invoked command in '/home/rhobtor/PHD/j8_control/J8_control/src/argo_drivers_pkgs/ntrip_client' returned '0': PYTHONPATH=/home/rhobtor/PHD/j8_control/J8_control/build/ntrip_client/prefix_override:/usr/lib/python3/dist-packages/colcon_core/task/python/colcon_distutils_commands:/home/rhobtor/PHD/j8_control/J8_control/install/ntrip_client/lib/python3.10/site-packages:${PYTHONPATH} /usr/bin/python3 -W ignore:setup.py install is deprecated -W ignore:easy_install command is deprecated setup.py egg_info --egg-base ../../../build/ntrip_client build --build-base /home/rhobtor/PHD/j8_control/J8_control/build/ntrip_client/build install --record /home/rhobtor/PHD/j8_control/J8_control/build/ntrip_client/install.log --install-scripts $base/lib/ntrip_client --single-version-externally-managed install_data
[3.345s] Level 1:colcon.colcon_core.environment:checking '/home/rhobtor/PHD/j8_control/J8_control/install/ntrip_client' for CMake config files
[3.346s] Level 1:colcon.colcon_core.environment:checking '/home/rhobtor/PHD/j8_control/J8_control/install/ntrip_client/lib'
[3.346s] Level 1:colcon.colcon_core.environment:checking '/home/rhobtor/PHD/j8_control/J8_control/install/ntrip_client/bin'
[3.346s] Level 1:colcon.colcon_core.environment:checking '/home/rhobtor/PHD/j8_control/J8_control/install/ntrip_client/lib/pkgconfig/ntrip_client.pc'
[3.346s] Level 1:colcon.colcon_core.environment:checking '/home/rhobtor/PHD/j8_control/J8_control/install/ntrip_client/lib/python3.10/site-packages'
[3.346s] Level 1:colcon.colcon_core.shell:create_environment_hook('ntrip_client', 'pythonpath')
[3.346s] INFO:colcon.colcon_core.shell:Creating environment hook '/home/rhobtor/PHD/j8_control/J8_control/install/ntrip_client/share/ntrip_client/hook/pythonpath.ps1'
[3.347s] INFO:colcon.colcon_core.shell:Creating environment descriptor '/home/rhobtor/PHD/j8_control/J8_control/install/ntrip_client/share/ntrip_client/hook/pythonpath.dsv'
[3.347s] INFO:colcon.colcon_core.shell:Creating environment hook '/home/rhobtor/PHD/j8_control/J8_control/install/ntrip_client/share/ntrip_client/hook/pythonpath.sh'
[3.348s] Level 1:colcon.colcon_core.environment:checking '/home/rhobtor/PHD/j8_control/J8_control/install/ntrip_client/bin'
[3.348s] Level 1:colcon.colcon_core.environment:create_environment_scripts_only(ntrip_client)
[3.348s] INFO:colcon.colcon_core.shell:Creating package script '/home/rhobtor/PHD/j8_control/J8_control/install/ntrip_client/share/ntrip_client/package.ps1'
[3.350s] INFO:colcon.colcon_core.shell:Creating package descriptor '/home/rhobtor/PHD/j8_control/J8_control/install/ntrip_client/share/ntrip_client/package.dsv'
[3.352s] INFO:colcon.colcon_core.shell:Creating package script '/home/rhobtor/PHD/j8_control/J8_control/install/ntrip_client/share/ntrip_client/package.sh'
[3.352s] INFO:colcon.colcon_core.shell:Creating package script '/home/rhobtor/PHD/j8_control/J8_control/install/ntrip_client/share/ntrip_client/package.bash'
[3.353s] INFO:colcon.colcon_core.shell:Creating package script '/home/rhobtor/PHD/j8_control/J8_control/install/ntrip_client/share/ntrip_client/package.zsh'
[3.354s] Level 1:colcon.colcon_core.environment:create_file_with_runtime_dependencies(/home/rhobtor/PHD/j8_control/J8_control/install/ntrip_client/share/colcon-core/packages/ntrip_client)
[3.368s] DEBUG:colcon.colcon_core.event_handler.log_command:Invoking command in '/home/rhobtor/PHD/j8_control/J8_control/build/ublox_msgs': AMENT_PREFIX_PATH=/home/rhobtor/PHD/j8_control/J8_control/install/ublox_serialization:${AMENT_PREFIX_PATH} CMAKE_PREFIX_PATH=/home/rhobtor/PHD/j8_control/J8_control/install/ublox_serialization:/home/rhobtor/PHD/ARGOSJ8_IA/ARGOSJ8_IA_/install/wiimote_msgs:/home/rhobtor/PHD/ARGOSJ8_IA/ARGOSJ8_IA_/install/ublox:/home/rhobtor/PHD/ARGOSJ8_IA/ARGOSJ8_IA_/install/ublox_gps:/home/rhobtor/PHD/ARGOSJ8_IA/ARGOSJ8_IA_/install/security_check:/home/rhobtor/PHD/ARGOSJ8_IA/ARGOSJ8_IA_/install/ctl_mission:/home/rhobtor/PHD/ARGOSJ8_IA/ARGOSJ8_IA_/install/ublox_msgs:/home/rhobtor/PHD/ARGOSJ8_IA/ARGOSJ8_IA_/install/ublox_serialization:/home/rhobtor/PHD/ARGOSJ8_IA/ARGOSJ8_IA_/install/spacenav:/home/rhobtor/PHD/ARGOSJ8_IA/ARGOSJ8_IA_/install/laser_segmentation:/home/rhobtor/PHD/ARGOSJ8_IA/ARGOSJ8_IA_/install/slg_msgs:/home/rhobtor/PHD/ARGOSJ8_IA/ARGOSJ8_IA_/install/security_check_interfaces:/home/rhobtor/PHD/ARGOSJ8_IA/ARGOSJ8_IA_/install/joy:/home/rhobtor/PHD/ARGOSJ8_IA/ARGOSJ8_IA_/install/sdl2_vendor:/home/rhobtor/PHD/ARGOSJ8_IA/ARGOSJ8_IA_/install/path_manager:/home/rhobtor/PHD/ARGOSJ8_IA/ARGOSJ8_IA_/install/path_manager_interfaces:/home/rhobtor/PHD/ARGOSJ8_IA/ARGOSJ8_IA_/install/joy_linux:/home/rhobtor/PHD/ARGOSJ8_IA/ARGOSJ8_IA_/install/j8_xacro_model:/home/rhobtor/PHD/ARGOSJ8_IA/ARGOSJ8_IA_/install/hikmicro_thermal_camera:/home/rhobtor/PHD/ARGOSJ8_IA/ARGOSJ8_IA_/install/hector_gazebo_plugins:/home/rhobtor/PHD/ARGOSJ8_IA/ARGOSJ8_IA_/install/fixposition_sensor_pkg:/home/rhobtor/PHD/ARGOSJ8_IA/ARGOSJ8_IA_/install/fixposition_odometry_converter_ros2:/home/rhobtor/PHD/ARGOSJ8_IA/ARGOSJ8_IA_/install/fixposition_driver_ros2:/home/rhobtor/PHD/ARGOSJ8_IA/ARGOSJ8_IA_/install/fixposition_driver_lib:/home/rhobtor/PHD/ARGOSJ8_IA/ARGOSJ8_IA_/install/fixposition_gnss_tf:/home/rhobtor/PHD/ARGOSJ8_IA/ARGOSJ8_IA_/install/ctl_mission_interfaces:/home/rhobtor/PHD/ARGOSJ8_IA/ARGOSJ8_IA_/install/car_cpp:/home/rhobtor/PHD/ARGOSJ8_IA/ARGOSJ8_IA_/install/car_interfaces:/home/rhobtor/PHD/ARGOSJ8_IA/ARGOSJ8_IA_/install/argj801_setup:/home/rhobtor/PHD/ARGOSJ8_IA/ARGOSJ8_IA_/install/argj801_sensors:/home/rhobtor/PHD/ARGOSJ8_IA/ARGOSJ8_IA_/install/argj801_sensors_msgs:/home/rhobtor/PHD/ARGOSJ8_IA/ARGOSJ8_IA_/install/argj801_ctl_platform:/home/rhobtor/PHD/ARGOSJ8_IA/ARGOSJ8_IA_/install/argj801_ctl_platform_interfaces:/home/rhobtor/PHD/model_terrain_ugv/Model_terrain_ugv/install/model_terrain_cpp:/home/rhobtor/PHD/path_dem/install_navigation/path_dem:/home/rhobtor/PHD/path_dem/install/path_dem:/home/rhobtor/PHD/install_global_belief_final/path_dem:/home/rhobtor/PHD/ARGOSJ8_IA/ARGOSJ8_IA_/install/car:/home/rhobtor/PHD/ARGOSJ8_IA/ARGOSJ8_IA_/install/ntrip_client:/home/rhobtor/PHD/ARGOSJ8_IA/ARGOSJ8_IA_/install/j8_gui:/home/rhobtor/PHD/ARGOSJ8_IA/ARGOSJ8_IA_/install/gui:/home/rhobtor/PHD/ARGOSJ8_IA/ARGOSJ8_IA_/install/android_ros2_server:/home/rhobtor/PHD/ARGOSJ8_IA/ARGOSJ8_IA_/install/GUI_pkg:/home/rhobtor/PHD/model_terrain_ugv/Model_terrain_ugv/install/model_terrain:/opt/ros/humble /usr/bin/cmake /home/rhobtor/PHD/j8_control/J8_control/src/argo_drivers_pkgs/ublox/ublox_msgs -DCMAKE_INSTALL_PREFIX=/home/rhobtor/PHD/j8_control/J8_control/install/ublox_msgs
[3.373s] DEBUG:colcon.colcon_core.event_handler.log_command:Invoked command in '/home/rhobtor/PHD/j8_control/J8_control/build/hikmicro_thermal_camera' returned '0': CMAKE_PREFIX_PATH=${CMAKE_PREFIX_PATH}:/home/rhobtor/PHD/path_dem/install_navigation/path_dem:/home/rhobtor/PHD/path_dem/install/path_dem:/home/rhobtor/PHD/install_global_belief_final/path_dem:/home/rhobtor/PHD/ARGOSJ8_IA/ARGOSJ8_IA_/install/car:/home/rhobtor/PHD/ARGOSJ8_IA/ARGOSJ8_IA_/install/ntrip_client:/home/rhobtor/PHD/ARGOSJ8_IA/ARGOSJ8_IA_/install/j8_gui:/home/rhobtor/PHD/ARGOSJ8_IA/ARGOSJ8_IA_/install/gui:/home/rhobtor/PHD/ARGOSJ8_IA/ARGOSJ8_IA_/install/android_ros2_server:/home/rhobtor/PHD/ARGOSJ8_IA/ARGOSJ8_IA_/install/GUI_pkg:/home/rhobtor/PHD/model_terrain_ugv/Model_terrain_ugv/install/model_terrain:/opt/ros/humble /usr/bin/cmake /home/rhobtor/PHD/j8_control/J8_control/src/hikmicro_thermal_camera -DCMAKE_INSTALL_PREFIX=/home/rhobtor/PHD/j8_control/J8_control/install/hikmicro_thermal_camera
[3.374s] DEBUG:colcon.colcon_core.event_handler.log_command:Invoking command in '/home/rhobtor/PHD/j8_control/J8_control/build/hikmicro_thermal_camera': CMAKE_PREFIX_PATH=${CMAKE_PREFIX_PATH}:/home/rhobtor/PHD/path_dem/install_navigation/path_dem:/home/rhobtor/PHD/path_dem/install/path_dem:/home/rhobtor/PHD/install_global_belief_final/path_dem:/home/rhobtor/PHD/ARGOSJ8_IA/ARGOSJ8_IA_/install/car:/home/rhobtor/PHD/ARGOSJ8_IA/ARGOSJ8_IA_/install/ntrip_client:/home/rhobtor/PHD/ARGOSJ8_IA/ARGOSJ8_IA_/install/j8_gui:/home/rhobtor/PHD/ARGOSJ8_IA/ARGOSJ8_IA_/install/gui:/home/rhobtor/PHD/ARGOSJ8_IA/ARGOSJ8_IA_/install/android_ros2_server:/home/rhobtor/PHD/ARGOSJ8_IA/ARGOSJ8_IA_/install/GUI_pkg:/home/rhobtor/PHD/model_terrain_ugv/Model_terrain_ugv/install/model_terrain:/opt/ros/humble /usr/bin/cmake --build /home/rhobtor/PHD/j8_control/J8_control/build/hikmicro_thermal_camera -- -j20 -l20
[3.382s] DEBUG:colcon.colcon_core.event_handler.log_command:Invoking command in '/home/rhobtor/PHD/j8_control/J8_control/build/joy': AMENT_PREFIX_PATH=/home/rhobtor/PHD/j8_control/J8_control/install/sdl2_vendor:${AMENT_PREFIX_PATH} CMAKE_PREFIX_PATH=/home/rhobtor/PHD/j8_control/J8_control/install/sdl2_vendor:/home/rhobtor/PHD/ARGOSJ8_IA/ARGOSJ8_IA_/install/wiimote_msgs:/home/rhobtor/PHD/ARGOSJ8_IA/ARGOSJ8_IA_/install/ublox:/home/rhobtor/PHD/ARGOSJ8_IA/ARGOSJ8_IA_/install/ublox_gps:/home/rhobtor/PHD/ARGOSJ8_IA/ARGOSJ8_IA_/install/security_check:/home/rhobtor/PHD/ARGOSJ8_IA/ARGOSJ8_IA_/install/ctl_mission:/home/rhobtor/PHD/ARGOSJ8_IA/ARGOSJ8_IA_/install/ublox_msgs:/home/rhobtor/PHD/ARGOSJ8_IA/ARGOSJ8_IA_/install/ublox_serialization:/home/rhobtor/PHD/ARGOSJ8_IA/ARGOSJ8_IA_/install/spacenav:/home/rhobtor/PHD/ARGOSJ8_IA/ARGOSJ8_IA_/install/laser_segmentation:/home/rhobtor/PHD/ARGOSJ8_IA/ARGOSJ8_IA_/install/slg_msgs:/home/rhobtor/PHD/ARGOSJ8_IA/ARGOSJ8_IA_/install/security_check_interfaces:/home/rhobtor/PHD/ARGOSJ8_IA/ARGOSJ8_IA_/install/joy:/home/rhobtor/PHD/ARGOSJ8_IA/ARGOSJ8_IA_/install/sdl2_vendor:/home/rhobtor/PHD/ARGOSJ8_IA/ARGOSJ8_IA_/install/path_manager:/home/rhobtor/PHD/ARGOSJ8_IA/ARGOSJ8_IA_/install/path_manager_interfaces:/home/rhobtor/PHD/ARGOSJ8_IA/ARGOSJ8_IA_/install/joy_linux:/home/rhobtor/PHD/ARGOSJ8_IA/ARGOSJ8_IA_/install/j8_xacro_model:/home/rhobtor/PHD/ARGOSJ8_IA/ARGOSJ8_IA_/install/hikmicro_thermal_camera:/home/rhobtor/PHD/ARGOSJ8_IA/ARGOSJ8_IA_/install/hector_gazebo_plugins:/home/rhobtor/PHD/ARGOSJ8_IA/ARGOSJ8_IA_/install/fixposition_sensor_pkg:/home/rhobtor/PHD/ARGOSJ8_IA/ARGOSJ8_IA_/install/fixposition_odometry_converter_ros2:/home/rhobtor/PHD/ARGOSJ8_IA/ARGOSJ8_IA_/install/fixposition_driver_ros2:/home/rhobtor/PHD/ARGOSJ8_IA/ARGOSJ8_IA_/install/fixposition_driver_lib:/home/rhobtor/PHD/ARGOSJ8_IA/ARGOSJ8_IA_/install/fixposition_gnss_tf:/home/rhobtor/PHD/ARGOSJ8_IA/ARGOSJ8_IA_/install/ctl_mission_interfaces:/home/rhobtor/PHD/ARGOSJ8_IA/ARGOSJ8_IA_/install/car_cpp:/home/rhobtor/PHD/ARGOSJ8_IA/ARGOSJ8_IA_/install/car_interfaces:/home/rhobtor/PHD/ARGOSJ8_IA/ARGOSJ8_IA_/install/argj801_setup:/home/rhobtor/PHD/ARGOSJ8_IA/ARGOSJ8_IA_/install/argj801_sensors:/home/rhobtor/PHD/ARGOSJ8_IA/ARGOSJ8_IA_/install/argj801_sensors_msgs:/home/rhobtor/PHD/ARGOSJ8_IA/ARGOSJ8_IA_/install/argj801_ctl_platform:/home/rhobtor/PHD/ARGOSJ8_IA/ARGOSJ8_IA_/install/argj801_ctl_platform_interfaces:/home/rhobtor/PHD/model_terrain_ugv/Model_terrain_ugv/install/model_terrain_cpp:/home/rhobtor/PHD/path_dem/install_navigation/path_dem:/home/rhobtor/PHD/path_dem/install/path_dem:/home/rhobtor/PHD/install_global_belief_final/path_dem:/home/rhobtor/PHD/ARGOSJ8_IA/ARGOSJ8_IA_/install/car:/home/rhobtor/PHD/ARGOSJ8_IA/ARGOSJ8_IA_/install/ntrip_client:/home/rhobtor/PHD/ARGOSJ8_IA/ARGOSJ8_IA_/install/j8_gui:/home/rhobtor/PHD/ARGOSJ8_IA/ARGOSJ8_IA_/install/gui:/home/rhobtor/PHD/ARGOSJ8_IA/ARGOSJ8_IA_/install/android_ros2_server:/home/rhobtor/PHD/ARGOSJ8_IA/ARGOSJ8_IA_/install/GUI_pkg:/home/rhobtor/PHD/model_terrain_ugv/Model_terrain_ugv/install/model_terrain:/opt/ros/humble /usr/bin/cmake /home/rhobtor/PHD/j8_control/J8_control/src/j8_joystick/joy -DCMAKE_INSTALL_PREFIX=/home/rhobtor/PHD/j8_control/J8_control/install/joy
[3.385s] DEBUG:colcon.colcon_core.event_handler.log_command:Invoked command in '/home/rhobtor/PHD/j8_control/J8_control/build/path_manager_interfaces' returned '0': CMAKE_PREFIX_PATH=${CMAKE_PREFIX_PATH}:/home/rhobtor/PHD/path_dem/install_navigation/path_dem:/home/rhobtor/PHD/path_dem/install/path_dem:/home/rhobtor/PHD/install_global_belief_final/path_dem:/home/rhobtor/PHD/ARGOSJ8_IA/ARGOSJ8_IA_/install/car:/home/rhobtor/PHD/ARGOSJ8_IA/ARGOSJ8_IA_/install/ntrip_client:/home/rhobtor/PHD/ARGOSJ8_IA/ARGOSJ8_IA_/install/j8_gui:/home/rhobtor/PHD/ARGOSJ8_IA/ARGOSJ8_IA_/install/gui:/home/rhobtor/PHD/ARGOSJ8_IA/ARGOSJ8_IA_/install/android_ros2_server:/home/rhobtor/PHD/ARGOSJ8_IA/ARGOSJ8_IA_/install/GUI_pkg:/home/rhobtor/PHD/model_terrain_ugv/Model_terrain_ugv/install/model_terrain:/opt/ros/humble /usr/bin/cmake /home/rhobtor/PHD/j8_control/J8_control/src/path_manager/path_manager_interfaces -DCMAKE_INSTALL_PREFIX=/home/rhobtor/PHD/j8_control/J8_control/install/path_manager_interfaces
[3.386s] DEBUG:colcon.colcon_core.event_handler.log_command:Invoking command in '/home/rhobtor/PHD/j8_control/J8_control/build/path_manager_interfaces': CMAKE_PREFIX_PATH=${CMAKE_PREFIX_PATH}:/home/rhobtor/PHD/path_dem/install_navigation/path_dem:/home/rhobtor/PHD/path_dem/install/path_dem:/home/rhobtor/PHD/install_global_belief_final/path_dem:/home/rhobtor/PHD/ARGOSJ8_IA/ARGOSJ8_IA_/install/car:/home/rhobtor/PHD/ARGOSJ8_IA/ARGOSJ8_IA_/install/ntrip_client:/home/rhobtor/PHD/ARGOSJ8_IA/ARGOSJ8_IA_/install/j8_gui:/home/rhobtor/PHD/ARGOSJ8_IA/ARGOSJ8_IA_/install/gui:/home/rhobtor/PHD/ARGOSJ8_IA/ARGOSJ8_IA_/install/android_ros2_server:/home/rhobtor/PHD/ARGOSJ8_IA/ARGOSJ8_IA_/install/GUI_pkg:/home/rhobtor/PHD/model_terrain_ugv/Model_terrain_ugv/install/model_terrain:/opt/ros/humble /usr/bin/cmake --build /home/rhobtor/PHD/j8_control/J8_control/build/path_manager_interfaces -- -j20 -l20
[3.694s] DEBUG:colcon.colcon_core.event_handler.log_command:Invoked command in '/home/rhobtor/PHD/j8_control/J8_control/build/car_interfaces' returned '0': CMAKE_PREFIX_PATH=${CMAKE_PREFIX_PATH}:/home/rhobtor/PHD/path_dem/install_navigation/path_dem:/home/rhobtor/PHD/path_dem/install/path_dem:/home/rhobtor/PHD/install_global_belief_final/path_dem:/home/rhobtor/PHD/ARGOSJ8_IA/ARGOSJ8_IA_/install/car:/home/rhobtor/PHD/ARGOSJ8_IA/ARGOSJ8_IA_/install/ntrip_client:/home/rhobtor/PHD/ARGOSJ8_IA/ARGOSJ8_IA_/install/j8_gui:/home/rhobtor/PHD/ARGOSJ8_IA/ARGOSJ8_IA_/install/gui:/home/rhobtor/PHD/ARGOSJ8_IA/ARGOSJ8_IA_/install/android_ros2_server:/home/rhobtor/PHD/ARGOSJ8_IA/ARGOSJ8_IA_/install/GUI_pkg:/home/rhobtor/PHD/model_terrain_ugv/Model_terrain_ugv/install/model_terrain:/opt/ros/humble /usr/bin/cmake /home/rhobtor/PHD/j8_control/J8_control/src/car_interfaces -DCMAKE_INSTALL_PREFIX=/home/rhobtor/PHD/j8_control/J8_control/install/car_interfaces
[3.695s] DEBUG:colcon.colcon_core.event_handler.log_command:Invoking command in '/home/rhobtor/PHD/j8_control/J8_control/build/car_interfaces': CMAKE_PREFIX_PATH=${CMAKE_PREFIX_PATH}:/home/rhobtor/PHD/path_dem/install_navigation/path_dem:/home/rhobtor/PHD/path_dem/install/path_dem:/home/rhobtor/PHD/install_global_belief_final/path_dem:/home/rhobtor/PHD/ARGOSJ8_IA/ARGOSJ8_IA_/install/car:/home/rhobtor/PHD/ARGOSJ8_IA/ARGOSJ8_IA_/install/ntrip_client:/home/rhobtor/PHD/ARGOSJ8_IA/ARGOSJ8_IA_/install/j8_gui:/home/rhobtor/PHD/ARGOSJ8_IA/ARGOSJ8_IA_/install/gui:/home/rhobtor/PHD/ARGOSJ8_IA/ARGOSJ8_IA_/install/android_ros2_server:/home/rhobtor/PHD/ARGOSJ8_IA/ARGOSJ8_IA_/install/GUI_pkg:/home/rhobtor/PHD/model_terrain_ugv/Model_terrain_ugv/install/model_terrain:/opt/ros/humble /usr/bin/cmake --build /home/rhobtor/PHD/j8_control/J8_control/build/car_interfaces -- -j20 -l20
[3.714s] DEBUG:colcon.colcon_core.event_handler.log_command:Invoked command in '/home/rhobtor/PHD/j8_control/J8_control/build/ctl_mission_interfaces' returned '0': CMAKE_PREFIX_PATH=${CMAKE_PREFIX_PATH}:/home/rhobtor/PHD/path_dem/install_navigation/path_dem:/home/rhobtor/PHD/path_dem/install/path_dem:/home/rhobtor/PHD/install_global_belief_final/path_dem:/home/rhobtor/PHD/ARGOSJ8_IA/ARGOSJ8_IA_/install/car:/home/rhobtor/PHD/ARGOSJ8_IA/ARGOSJ8_IA_/install/ntrip_client:/home/rhobtor/PHD/ARGOSJ8_IA/ARGOSJ8_IA_/install/j8_gui:/home/rhobtor/PHD/ARGOSJ8_IA/ARGOSJ8_IA_/install/gui:/home/rhobtor/PHD/ARGOSJ8_IA/ARGOSJ8_IA_/install/android_ros2_server:/home/rhobtor/PHD/ARGOSJ8_IA/ARGOSJ8_IA_/install/GUI_pkg:/home/rhobtor/PHD/model_terrain_ugv/Model_terrain_ugv/install/model_terrain:/opt/ros/humble /usr/bin/cmake /home/rhobtor/PHD/j8_control/J8_control/src/ctl_mission/ctl_mission_interfaces -DCMAKE_INSTALL_PREFIX=/home/rhobtor/PHD/j8_control/J8_control/install/ctl_mission_interfaces
[3.718s] DEBUG:colcon.colcon_core.event_handler.log_command:Invoking command in '/home/rhobtor/PHD/j8_control/J8_control/build/ctl_mission_interfaces': CMAKE_PREFIX_PATH=${CMAKE_PREFIX_PATH}:/home/rhobtor/PHD/path_dem/install_navigation/path_dem:/home/rhobtor/PHD/path_dem/install/path_dem:/home/rhobtor/PHD/install_global_belief_final/path_dem:/home/rhobtor/PHD/ARGOSJ8_IA/ARGOSJ8_IA_/install/car:/home/rhobtor/PHD/ARGOSJ8_IA/ARGOSJ8_IA_/install/ntrip_client:/home/rhobtor/PHD/ARGOSJ8_IA/ARGOSJ8_IA_/install/j8_gui:/home/rhobtor/PHD/ARGOSJ8_IA/ARGOSJ8_IA_/install/gui:/home/rhobtor/PHD/ARGOSJ8_IA/ARGOSJ8_IA_/install/android_ros2_server:/home/rhobtor/PHD/ARGOSJ8_IA/ARGOSJ8_IA_/install/GUI_pkg:/home/rhobtor/PHD/model_terrain_ugv/Model_terrain_ugv/install/model_terrain:/opt/ros/humble /usr/bin/cmake --build /home/rhobtor/PHD/j8_control/J8_control/build/ctl_mission_interfaces -- -j20 -l20
[3.964s] DEBUG:colcon.colcon_core.event_handler.log_command:Invoked command in '/home/rhobtor/PHD/j8_control/J8_control/build/slg_msgs' returned '0': CMAKE_PREFIX_PATH=${CMAKE_PREFIX_PATH}:/home/rhobtor/PHD/path_dem/install_navigation/path_dem:/home/rhobtor/PHD/path_dem/install/path_dem:/home/rhobtor/PHD/install_global_belief_final/path_dem:/home/rhobtor/PHD/ARGOSJ8_IA/ARGOSJ8_IA_/install/car:/home/rhobtor/PHD/ARGOSJ8_IA/ARGOSJ8_IA_/install/ntrip_client:/home/rhobtor/PHD/ARGOSJ8_IA/ARGOSJ8_IA_/install/j8_gui:/home/rhobtor/PHD/ARGOSJ8_IA/ARGOSJ8_IA_/install/gui:/home/rhobtor/PHD/ARGOSJ8_IA/ARGOSJ8_IA_/install/android_ros2_server:/home/rhobtor/PHD/ARGOSJ8_IA/ARGOSJ8_IA_/install/GUI_pkg:/home/rhobtor/PHD/model_terrain_ugv/Model_terrain_ugv/install/model_terrain:/opt/ros/humble /usr/bin/cmake /home/rhobtor/PHD/j8_control/J8_control/src/lidar_process_pkgs/slg_msgs -DCMAKE_INSTALL_PREFIX=/home/rhobtor/PHD/j8_control/J8_control/install/slg_msgs
[3.965s] DEBUG:colcon.colcon_core.event_handler.log_command:Invoking command in '/home/rhobtor/PHD/j8_control/J8_control/build/slg_msgs': CMAKE_PREFIX_PATH=${CMAKE_PREFIX_PATH}:/home/rhobtor/PHD/path_dem/install_navigation/path_dem:/home/rhobtor/PHD/path_dem/install/path_dem:/home/rhobtor/PHD/install_global_belief_final/path_dem:/home/rhobtor/PHD/ARGOSJ8_IA/ARGOSJ8_IA_/install/car:/home/rhobtor/PHD/ARGOSJ8_IA/ARGOSJ8_IA_/install/ntrip_client:/home/rhobtor/PHD/ARGOSJ8_IA/ARGOSJ8_IA_/install/j8_gui:/home/rhobtor/PHD/ARGOSJ8_IA/ARGOSJ8_IA_/install/gui:/home/rhobtor/PHD/ARGOSJ8_IA/ARGOSJ8_IA_/install/android_ros2_server:/home/rhobtor/PHD/ARGOSJ8_IA/ARGOSJ8_IA_/install/GUI_pkg:/home/rhobtor/PHD/model_terrain_ugv/Model_terrain_ugv/install/model_terrain:/opt/ros/humble /usr/bin/cmake --build /home/rhobtor/PHD/j8_control/J8_control/build/slg_msgs -- -j20 -l20
[4.156s] DEBUG:colcon.colcon_core.event_handler.log_command:Invoked command in '/home/rhobtor/PHD/j8_control/J8_control/build/fixposition_gnss_tf' returned '0': CMAKE_PREFIX_PATH=${CMAKE_PREFIX_PATH}:/home/rhobtor/PHD/path_dem/install_navigation/path_dem:/home/rhobtor/PHD/path_dem/install/path_dem:/home/rhobtor/PHD/install_global_belief_final/path_dem:/home/rhobtor/PHD/ARGOSJ8_IA/ARGOSJ8_IA_/install/car:/home/rhobtor/PHD/ARGOSJ8_IA/ARGOSJ8_IA_/install/ntrip_client:/home/rhobtor/PHD/ARGOSJ8_IA/ARGOSJ8_IA_/install/j8_gui:/home/rhobtor/PHD/ARGOSJ8_IA/ARGOSJ8_IA_/install/gui:/home/rhobtor/PHD/ARGOSJ8_IA/ARGOSJ8_IA_/install/android_ros2_server:/home/rhobtor/PHD/ARGOSJ8_IA/ARGOSJ8_IA_/install/GUI_pkg:/home/rhobtor/PHD/model_terrain_ugv/Model_terrain_ugv/install/model_terrain:/opt/ros/humble /usr/bin/cmake --build /home/rhobtor/PHD/j8_control/J8_control/build/fixposition_gnss_tf -- -j20 -l20
[4.156s] DEBUG:colcon.colcon_core.event_handler.log_command:Invoking command in '/home/rhobtor/PHD/j8_control/J8_control/build/fixposition_gnss_tf': CMAKE_PREFIX_PATH=${CMAKE_PREFIX_PATH}:/home/rhobtor/PHD/path_dem/install_navigation/path_dem:/home/rhobtor/PHD/path_dem/install/path_dem:/home/rhobtor/PHD/install_global_belief_final/path_dem:/home/rhobtor/PHD/ARGOSJ8_IA/ARGOSJ8_IA_/install/car:/home/rhobtor/PHD/ARGOSJ8_IA/ARGOSJ8_IA_/install/ntrip_client:/home/rhobtor/PHD/ARGOSJ8_IA/ARGOSJ8_IA_/install/j8_gui:/home/rhobtor/PHD/ARGOSJ8_IA/ARGOSJ8_IA_/install/gui:/home/rhobtor/PHD/ARGOSJ8_IA/ARGOSJ8_IA_/install/android_ros2_server:/home/rhobtor/PHD/ARGOSJ8_IA/ARGOSJ8_IA_/install/GUI_pkg:/home/rhobtor/PHD/model_terrain_ugv/Model_terrain_ugv/install/model_terrain:/opt/ros/humble /usr/bin/cmake --install /home/rhobtor/PHD/j8_control/J8_control/build/fixposition_gnss_tf
[4.413s] DEBUG:colcon.colcon_core.event_handler.log_command:Invoked command in '/home/rhobtor/PHD/j8_control/J8_control/build/joy_linux' returned '0': CMAKE_PREFIX_PATH=${CMAKE_PREFIX_PATH}:/home/rhobtor/PHD/path_dem/install_navigation/path_dem:/home/rhobtor/PHD/path_dem/install/path_dem:/home/rhobtor/PHD/install_global_belief_final/path_dem:/home/rhobtor/PHD/ARGOSJ8_IA/ARGOSJ8_IA_/install/car:/home/rhobtor/PHD/ARGOSJ8_IA/ARGOSJ8_IA_/install/ntrip_client:/home/rhobtor/PHD/ARGOSJ8_IA/ARGOSJ8_IA_/install/j8_gui:/home/rhobtor/PHD/ARGOSJ8_IA/ARGOSJ8_IA_/install/gui:/home/rhobtor/PHD/ARGOSJ8_IA/ARGOSJ8_IA_/install/android_ros2_server:/home/rhobtor/PHD/ARGOSJ8_IA/ARGOSJ8_IA_/install/GUI_pkg:/home/rhobtor/PHD/model_terrain_ugv/Model_terrain_ugv/install/model_terrain:/opt/ros/humble /usr/bin/cmake /home/rhobtor/PHD/j8_control/J8_control/src/j8_joystick/joy_linux -DCMAKE_INSTALL_PREFIX=/home/rhobtor/PHD/j8_control/J8_control/install/joy_linux
[4.414s] DEBUG:colcon.colcon_core.event_handler.log_command:Invoking command in '/home/rhobtor/PHD/j8_control/J8_control/build/joy_linux': CMAKE_PREFIX_PATH=${CMAKE_PREFIX_PATH}:/home/rhobtor/PHD/path_dem/install_navigation/path_dem:/home/rhobtor/PHD/path_dem/install/path_dem:/home/rhobtor/PHD/install_global_belief_final/path_dem:/home/rhobtor/PHD/ARGOSJ8_IA/ARGOSJ8_IA_/install/car:/home/rhobtor/PHD/ARGOSJ8_IA/ARGOSJ8_IA_/install/ntrip_client:/home/rhobtor/PHD/ARGOSJ8_IA/ARGOSJ8_IA_/install/j8_gui:/home/rhobtor/PHD/ARGOSJ8_IA/ARGOSJ8_IA_/install/gui:/home/rhobtor/PHD/ARGOSJ8_IA/ARGOSJ8_IA_/install/android_ros2_server:/home/rhobtor/PHD/ARGOSJ8_IA/ARGOSJ8_IA_/install/GUI_pkg:/home/rhobtor/PHD/model_terrain_ugv/Model_terrain_ugv/install/model_terrain:/opt/ros/humble /usr/bin/cmake --build /home/rhobtor/PHD/j8_control/J8_control/build/joy_linux -- -j20 -l20
[8.014s] DEBUG:colcon.colcon_core.event_handler.log_command:Invoked command in '/home/rhobtor/PHD/j8_control/J8_control/build/spacenav' returned '0': CMAKE_PREFIX_PATH=${CMAKE_PREFIX_PATH}:/home/rhobtor/PHD/path_dem/install_navigation/path_dem:/home/rhobtor/PHD/path_dem/install/path_dem:/home/rhobtor/PHD/install_global_belief_final/path_dem:/home/rhobtor/PHD/ARGOSJ8_IA/ARGOSJ8_IA_/install/car:/home/rhobtor/PHD/ARGOSJ8_IA/ARGOSJ8_IA_/install/ntrip_client:/home/rhobtor/PHD/ARGOSJ8_IA/ARGOSJ8_IA_/install/j8_gui:/home/rhobtor/PHD/ARGOSJ8_IA/ARGOSJ8_IA_/install/gui:/home/rhobtor/PHD/ARGOSJ8_IA/ARGOSJ8_IA_/install/android_ros2_server:/home/rhobtor/PHD/ARGOSJ8_IA/ARGOSJ8_IA_/install/GUI_pkg:/home/rhobtor/PHD/model_terrain_ugv/Model_terrain_ugv/install/model_terrain:/opt/ros/humble /usr/bin/cmake /home/rhobtor/PHD/j8_control/J8_control/src/j8_joystick/spacenav -DCMAKE_INSTALL_PREFIX=/home/rhobtor/PHD/j8_control/J8_control/install/spacenav
[8.015s] DEBUG:colcon.colcon_core.event_handler.log_command:Invoking command in '/home/rhobtor/PHD/j8_control/J8_control/build/spacenav': CMAKE_PREFIX_PATH=${CMAKE_PREFIX_PATH}:/home/rhobtor/PHD/path_dem/install_navigation/path_dem:/home/rhobtor/PHD/path_dem/install/path_dem:/home/rhobtor/PHD/install_global_belief_final/path_dem:/home/rhobtor/PHD/ARGOSJ8_IA/ARGOSJ8_IA_/install/car:/home/rhobtor/PHD/ARGOSJ8_IA/ARGOSJ8_IA_/install/ntrip_client:/home/rhobtor/PHD/ARGOSJ8_IA/ARGOSJ8_IA_/install/j8_gui:/home/rhobtor/PHD/ARGOSJ8_IA/ARGOSJ8_IA_/install/gui:/home/rhobtor/PHD/ARGOSJ8_IA/ARGOSJ8_IA_/install/android_ros2_server:/home/rhobtor/PHD/ARGOSJ8_IA/ARGOSJ8_IA_/install/GUI_pkg:/home/rhobtor/PHD/model_terrain_ugv/Model_terrain_ugv/install/model_terrain:/opt/ros/humble /usr/bin/cmake --build /home/rhobtor/PHD/j8_control/J8_control/build/spacenav -- -j20 -l20
[9.000s] DEBUG:colcon.colcon_core.event_handler.log_command:Invoked command in '/home/rhobtor/PHD/j8_control/J8_control/build/fixposition_sensor_pkg' returned '0': CMAKE_PREFIX_PATH=${CMAKE_PREFIX_PATH}:/home/rhobtor/PHD/path_dem/install_navigation/path_dem:/home/rhobtor/PHD/path_dem/install/path_dem:/home/rhobtor/PHD/install_global_belief_final/path_dem:/home/rhobtor/PHD/ARGOSJ8_IA/ARGOSJ8_IA_/install/car:/home/rhobtor/PHD/ARGOSJ8_IA/ARGOSJ8_IA_/install/ntrip_client:/home/rhobtor/PHD/ARGOSJ8_IA/ARGOSJ8_IA_/install/j8_gui:/home/rhobtor/PHD/ARGOSJ8_IA/ARGOSJ8_IA_/install/gui:/home/rhobtor/PHD/ARGOSJ8_IA/ARGOSJ8_IA_/install/android_ros2_server:/home/rhobtor/PHD/ARGOSJ8_IA/ARGOSJ8_IA_/install/GUI_pkg:/home/rhobtor/PHD/model_terrain_ugv/Model_terrain_ugv/install/model_terrain:/opt/ros/humble /usr/bin/cmake /home/rhobtor/PHD/j8_control/J8_control/src/gazebo_sim_pkgs/fix_position_pkg -DCMAKE_INSTALL_PREFIX=/home/rhobtor/PHD/j8_control/J8_control/install/fixposition_sensor_pkg
[9.003s] DEBUG:colcon.colcon_core.event_handler.log_command:Invoking command in '/home/rhobtor/PHD/j8_control/J8_control/build/fixposition_sensor_pkg': CMAKE_PREFIX_PATH=${CMAKE_PREFIX_PATH}:/home/rhobtor/PHD/path_dem/install_navigation/path_dem:/home/rhobtor/PHD/path_dem/install/path_dem:/home/rhobtor/PHD/install_global_belief_final/path_dem:/home/rhobtor/PHD/ARGOSJ8_IA/ARGOSJ8_IA_/install/car:/home/rhobtor/PHD/ARGOSJ8_IA/ARGOSJ8_IA_/install/ntrip_client:/home/rhobtor/PHD/ARGOSJ8_IA/ARGOSJ8_IA_/install/j8_gui:/home/rhobtor/PHD/ARGOSJ8_IA/ARGOSJ8_IA_/install/gui:/home/rhobtor/PHD/ARGOSJ8_IA/ARGOSJ8_IA_/install/android_ros2_server:/home/rhobtor/PHD/ARGOSJ8_IA/ARGOSJ8_IA_/install/GUI_pkg:/home/rhobtor/PHD/model_terrain_ugv/Model_terrain_ugv/install/model_terrain:/opt/ros/humble /usr/bin/cmake --build /home/rhobtor/PHD/j8_control/J8_control/build/fixposition_sensor_pkg -- -j20 -l20
[9.904s] DEBUG:colcon.colcon_core.event_handler.log_command:Invoked command in '/home/rhobtor/PHD/j8_control/J8_control/build/argj801_sensors_msgs' returned '0': CMAKE_PREFIX_PATH=${CMAKE_PREFIX_PATH}:/home/rhobtor/PHD/path_dem/install_navigation/path_dem:/home/rhobtor/PHD/path_dem/install/path_dem:/home/rhobtor/PHD/install_global_belief_final/path_dem:/home/rhobtor/PHD/ARGOSJ8_IA/ARGOSJ8_IA_/install/car:/home/rhobtor/PHD/ARGOSJ8_IA/ARGOSJ8_IA_/install/ntrip_client:/home/rhobtor/PHD/ARGOSJ8_IA/ARGOSJ8_IA_/install/j8_gui:/home/rhobtor/PHD/ARGOSJ8_IA/ARGOSJ8_IA_/install/gui:/home/rhobtor/PHD/ARGOSJ8_IA/ARGOSJ8_IA_/install/android_ros2_server:/home/rhobtor/PHD/ARGOSJ8_IA/ARGOSJ8_IA_/install/GUI_pkg:/home/rhobtor/PHD/model_terrain_ugv/Model_terrain_ugv/install/model_terrain:/opt/ros/humble /usr/bin/cmake --build /home/rhobtor/PHD/j8_control/J8_control/build/argj801_sensors_msgs -- -j20 -l20
[9.923s] DEBUG:colcon.colcon_core.event_handler.log_command:Invoking command in '/home/rhobtor/PHD/j8_control/J8_control/build/argj801_sensors_msgs': CMAKE_PREFIX_PATH=${CMAKE_PREFIX_PATH}:/home/rhobtor/PHD/path_dem/install_navigation/path_dem:/home/rhobtor/PHD/path_dem/install/path_dem:/home/rhobtor/PHD/install_global_belief_final/path_dem:/home/rhobtor/PHD/ARGOSJ8_IA/ARGOSJ8_IA_/install/car:/home/rhobtor/PHD/ARGOSJ8_IA/ARGOSJ8_IA_/install/ntrip_client:/home/rhobtor/PHD/ARGOSJ8_IA/ARGOSJ8_IA_/install/j8_gui:/home/rhobtor/PHD/ARGOSJ8_IA/ARGOSJ8_IA_/install/gui:/home/rhobtor/PHD/ARGOSJ8_IA/ARGOSJ8_IA_/install/android_ros2_server:/home/rhobtor/PHD/ARGOSJ8_IA/ARGOSJ8_IA_/install/GUI_pkg:/home/rhobtor/PHD/model_terrain_ugv/Model_terrain_ugv/install/model_terrain:/opt/ros/humble /usr/bin/cmake --install /home/rhobtor/PHD/j8_control/J8_control/build/argj801_sensors_msgs
[9.925s] Level 1:colcon.colcon_core.shell:create_environment_hook('fixposition_gnss_tf', 'pkg_config_path')
[9.925s] INFO:colcon.colcon_core.shell:Creating environment hook '/home/rhobtor/PHD/j8_control/J8_control/install/fixposition_gnss_tf/share/fixposition_gnss_tf/hook/pkg_config_path.ps1'
[9.926s] INFO:colcon.colcon_core.shell:Creating environment descriptor '/home/rhobtor/PHD/j8_control/J8_control/install/fixposition_gnss_tf/share/fixposition_gnss_tf/hook/pkg_config_path.dsv'
[9.926s] INFO:colcon.colcon_core.shell:Creating environment hook '/home/rhobtor/PHD/j8_control/J8_control/install/fixposition_gnss_tf/share/fixposition_gnss_tf/hook/pkg_config_path.sh'
[9.933s] DEBUG:colcon.colcon_core.event_handler.log_command:Invoked command in '/home/rhobtor/PHD/j8_control/J8_control/build/fixposition_gnss_tf' returned '0': CMAKE_PREFIX_PATH=${CMAKE_PREFIX_PATH}:/home/rhobtor/PHD/path_dem/install_navigation/path_dem:/home/rhobtor/PHD/path_dem/install/path_dem:/home/rhobtor/PHD/install_global_belief_final/path_dem:/home/rhobtor/PHD/ARGOSJ8_IA/ARGOSJ8_IA_/install/car:/home/rhobtor/PHD/ARGOSJ8_IA/ARGOSJ8_IA_/install/ntrip_client:/home/rhobtor/PHD/ARGOSJ8_IA/ARGOSJ8_IA_/install/j8_gui:/home/rhobtor/PHD/ARGOSJ8_IA/ARGOSJ8_IA_/install/gui:/home/rhobtor/PHD/ARGOSJ8_IA/ARGOSJ8_IA_/install/android_ros2_server:/home/rhobtor/PHD/ARGOSJ8_IA/ARGOSJ8_IA_/install/GUI_pkg:/home/rhobtor/PHD/model_terrain_ugv/Model_terrain_ugv/install/model_terrain:/opt/ros/humble /usr/bin/cmake --install /home/rhobtor/PHD/j8_control/J8_control/build/fixposition_gnss_tf
[9.940s] Level 1:colcon.colcon_core.shell:create_environment_hook('fixposition_gnss_tf', 'pkg_config_path_multiarch')
[9.941s] INFO:colcon.colcon_core.shell:Creating environment hook '/home/rhobtor/PHD/j8_control/J8_control/install/fixposition_gnss_tf/share/fixposition_gnss_tf/hook/pkg_config_path_multiarch.ps1'
[9.942s] INFO:colcon.colcon_core.shell:Creating environment descriptor '/home/rhobtor/PHD/j8_control/J8_control/install/fixposition_gnss_tf/share/fixposition_gnss_tf/hook/pkg_config_path_multiarch.dsv'
[9.942s] INFO:colcon.colcon_core.shell:Creating environment hook '/home/rhobtor/PHD/j8_control/J8_control/install/fixposition_gnss_tf/share/fixposition_gnss_tf/hook/pkg_config_path_multiarch.sh'
[9.944s] Level 1:colcon.colcon_core.environment:create_environment_scripts_only(fixposition_gnss_tf)
[9.944s] Level 1:colcon.colcon_core.environment:checking '/home/rhobtor/PHD/j8_control/J8_control/install/fixposition_gnss_tf' for CMake module files
[9.948s] Level 1:colcon.colcon_core.environment:checking '/home/rhobtor/PHD/j8_control/J8_control/install/fixposition_gnss_tf' for CMake config files
[9.948s] Level 1:colcon.colcon_core.shell:create_environment_hook('fixposition_gnss_tf', 'cmake_prefix_path')
[9.949s] INFO:colcon.colcon_core.shell:Creating environment hook '/home/rhobtor/PHD/j8_control/J8_control/install/fixposition_gnss_tf/share/fixposition_gnss_tf/hook/cmake_prefix_path.ps1'
[9.950s] INFO:colcon.colcon_core.shell:Creating environment descriptor '/home/rhobtor/PHD/j8_control/J8_control/install/fixposition_gnss_tf/share/fixposition_gnss_tf/hook/cmake_prefix_path.dsv'
[9.954s] INFO:colcon.colcon_core.shell:Creating environment hook '/home/rhobtor/PHD/j8_control/J8_control/install/fixposition_gnss_tf/share/fixposition_gnss_tf/hook/cmake_prefix_path.sh'
[9.958s] Level 1:colcon.colcon_core.environment:checking '/home/rhobtor/PHD/j8_control/J8_control/install/fixposition_gnss_tf/lib'
[9.958s] Level 1:colcon.colcon_core.shell:create_environment_hook('fixposition_gnss_tf', 'ld_library_path_lib')
[9.959s] INFO:colcon.colcon_core.shell:Creating environment hook '/home/rhobtor/PHD/j8_control/J8_control/install/fixposition_gnss_tf/share/fixposition_gnss_tf/hook/ld_library_path_lib.ps1'
[9.962s] INFO:colcon.colcon_core.shell:Creating environment descriptor '/home/rhobtor/PHD/j8_control/J8_control/install/fixposition_gnss_tf/share/fixposition_gnss_tf/hook/ld_library_path_lib.dsv'
[9.962s] INFO:colcon.colcon_core.shell:Creating environment hook '/home/rhobtor/PHD/j8_control/J8_control/install/fixposition_gnss_tf/share/fixposition_gnss_tf/hook/ld_library_path_lib.sh'
[9.964s] Level 1:colcon.colcon_core.environment:checking '/home/rhobtor/PHD/j8_control/J8_control/install/fixposition_gnss_tf/bin'
[9.966s] Level 1:colcon.colcon_core.environment:checking '/home/rhobtor/PHD/j8_control/J8_control/install/fixposition_gnss_tf/lib/pkgconfig/fixposition_gnss_tf.pc'
[9.966s] Level 1:colcon.colcon_core.environment:checking '/home/rhobtor/PHD/j8_control/J8_control/install/fixposition_gnss_tf/lib/python3.10/site-packages'
[9.968s] Level 1:colcon.colcon_core.environment:checking '/home/rhobtor/PHD/j8_control/J8_control/install/fixposition_gnss_tf/bin'
[9.968s] INFO:colcon.colcon_core.shell:Creating package script '/home/rhobtor/PHD/j8_control/J8_control/install/fixposition_gnss_tf/share/fixposition_gnss_tf/package.ps1'
[9.970s] INFO:colcon.colcon_core.shell:Creating package descriptor '/home/rhobtor/PHD/j8_control/J8_control/install/fixposition_gnss_tf/share/fixposition_gnss_tf/package.dsv'
[9.975s] INFO:colcon.colcon_core.shell:Creating package script '/home/rhobtor/PHD/j8_control/J8_control/install/fixposition_gnss_tf/share/fixposition_gnss_tf/package.sh'
[9.983s] INFO:colcon.colcon_core.shell:Creating package script '/home/rhobtor/PHD/j8_control/J8_control/install/fixposition_gnss_tf/share/fixposition_gnss_tf/package.bash'
[9.984s] INFO:colcon.colcon_core.shell:Creating package script '/home/rhobtor/PHD/j8_control/J8_control/install/fixposition_gnss_tf/share/fixposition_gnss_tf/package.zsh'
[9.984s] Level 1:colcon.colcon_core.environment:create_file_with_runtime_dependencies(/home/rhobtor/PHD/j8_control/J8_control/install/fixposition_gnss_tf/share/colcon-core/packages/fixposition_gnss_tf)
[9.985s] INFO:colcon.colcon_ros.task.cmake.build:Building ROS package in '/home/rhobtor/PHD/j8_control/J8_control/src/argo_drivers_pkgs/Fixposition_driver_pkg/fixposition_driver-main/fixposition_driver_lib' with build type 'cmake'
[9.985s] INFO:colcon.colcon_cmake.task.cmake.build:Building CMake package in '/home/rhobtor/PHD/j8_control/J8_control/src/argo_drivers_pkgs/Fixposition_driver_pkg/fixposition_driver-main/fixposition_driver_lib'
[9.986s] INFO:colcon.colcon_core.shell:Skip shell extension 'powershell' for command environment: Not usable outside of PowerShell
[9.986s] DEBUG:colcon.colcon_core.shell:Skip shell extension 'dsv' for command environment
[10.076s] DEBUG:colcon.colcon_core.event_handler.log_command:Invoking command in '/home/rhobtor/PHD/j8_control/J8_control/build/fixposition_driver_lib': CMAKE_PREFIX_PATH=/home/rhobtor/PHD/j8_control/J8_control/install/fixposition_gnss_tf:/home/rhobtor/PHD/ARGOSJ8_IA/ARGOSJ8_IA_/install/wiimote_msgs:/home/rhobtor/PHD/ARGOSJ8_IA/ARGOSJ8_IA_/install/ublox:/home/rhobtor/PHD/ARGOSJ8_IA/ARGOSJ8_IA_/install/ublox_gps:/home/rhobtor/PHD/ARGOSJ8_IA/ARGOSJ8_IA_/install/security_check:/home/rhobtor/PHD/ARGOSJ8_IA/ARGOSJ8_IA_/install/ctl_mission:/home/rhobtor/PHD/ARGOSJ8_IA/ARGOSJ8_IA_/install/ublox_msgs:/home/rhobtor/PHD/ARGOSJ8_IA/ARGOSJ8_IA_/install/ublox_serialization:/home/rhobtor/PHD/ARGOSJ8_IA/ARGOSJ8_IA_/install/spacenav:/home/rhobtor/PHD/ARGOSJ8_IA/ARGOSJ8_IA_/install/laser_segmentation:/home/rhobtor/PHD/ARGOSJ8_IA/ARGOSJ8_IA_/install/slg_msgs:/home/rhobtor/PHD/ARGOSJ8_IA/ARGOSJ8_IA_/install/security_check_interfaces:/home/rhobtor/PHD/ARGOSJ8_IA/ARGOSJ8_IA_/install/joy:/home/rhobtor/PHD/ARGOSJ8_IA/ARGOSJ8_IA_/install/sdl2_vendor:/home/rhobtor/PHD/ARGOSJ8_IA/ARGOSJ8_IA_/install/path_manager:/home/rhobtor/PHD/ARGOSJ8_IA/ARGOSJ8_IA_/install/path_manager_interfaces:/home/rhobtor/PHD/ARGOSJ8_IA/ARGOSJ8_IA_/install/joy_linux:/home/rhobtor/PHD/ARGOSJ8_IA/ARGOSJ8_IA_/install/j8_xacro_model:/home/rhobtor/PHD/ARGOSJ8_IA/ARGOSJ8_IA_/install/hikmicro_thermal_camera:/home/rhobtor/PHD/ARGOSJ8_IA/ARGOSJ8_IA_/install/hector_gazebo_plugins:/home/rhobtor/PHD/ARGOSJ8_IA/ARGOSJ8_IA_/install/fixposition_sensor_pkg:/home/rhobtor/PHD/ARGOSJ8_IA/ARGOSJ8_IA_/install/fixposition_odometry_converter_ros2:/home/rhobtor/PHD/ARGOSJ8_IA/ARGOSJ8_IA_/install/fixposition_driver_ros2:/home/rhobtor/PHD/ARGOSJ8_IA/ARGOSJ8_IA_/install/fixposition_driver_lib:/home/rhobtor/PHD/ARGOSJ8_IA/ARGOSJ8_IA_/install/fixposition_gnss_tf:/home/rhobtor/PHD/ARGOSJ8_IA/ARGOSJ8_IA_/install/ctl_mission_interfaces:/home/rhobtor/PHD/ARGOSJ8_IA/ARGOSJ8_IA_/install/car_cpp:/home/rhobtor/PHD/ARGOSJ8_IA/ARGOSJ8_IA_/install/car_interfaces:/home/rhobtor/PHD/ARGOSJ8_IA/ARGOSJ8_IA_/install/argj801_setup:/home/rhobtor/PHD/ARGOSJ8_IA/ARGOSJ8_IA_/install/argj801_sensors:/home/rhobtor/PHD/ARGOSJ8_IA/ARGOSJ8_IA_/install/argj801_sensors_msgs:/home/rhobtor/PHD/ARGOSJ8_IA/ARGOSJ8_IA_/install/argj801_ctl_platform:/home/rhobtor/PHD/ARGOSJ8_IA/ARGOSJ8_IA_/install/argj801_ctl_platform_interfaces:/home/rhobtor/PHD/model_terrain_ugv/Model_terrain_ugv/install/model_terrain_cpp:/home/rhobtor/PHD/path_dem/install_navigation/path_dem:/home/rhobtor/PHD/path_dem/install/path_dem:/home/rhobtor/PHD/install_global_belief_final/path_dem:/home/rhobtor/PHD/ARGOSJ8_IA/ARGOSJ8_IA_/install/car:/home/rhobtor/PHD/ARGOSJ8_IA/ARGOSJ8_IA_/install/ntrip_client:/home/rhobtor/PHD/ARGOSJ8_IA/ARGOSJ8_IA_/install/j8_gui:/home/rhobtor/PHD/ARGOSJ8_IA/ARGOSJ8_IA_/install/gui:/home/rhobtor/PHD/ARGOSJ8_IA/ARGOSJ8_IA_/install/android_ros2_server:/home/rhobtor/PHD/ARGOSJ8_IA/ARGOSJ8_IA_/install/GUI_pkg:/home/rhobtor/PHD/model_terrain_ugv/Model_terrain_ugv/install/model_terrain:/opt/ros/humble LD_LIBRARY_PATH=/home/rhobtor/PHD/j8_control/J8_control/install/fixposition_gnss_tf/lib:${LD_LIBRARY_PATH} PKG_CONFIG_PATH=/home/rhobtor/PHD/j8_control/J8_control/install/fixposition_gnss_tf/lib/x86_64-linux-gnu/pkgconfig:/home/rhobtor/PHD/j8_control/J8_control/install/fixposition_gnss_tf/lib/pkgconfig:${PKG_CONFIG_PATH} /usr/bin/cmake /home/rhobtor/PHD/j8_control/J8_control/src/argo_drivers_pkgs/Fixposition_driver_pkg/fixposition_driver-main/fixposition_driver_lib -DCMAKE_INSTALL_PREFIX=/home/rhobtor/PHD/j8_control/J8_control/install/fixposition_driver_lib
[10.365s] DEBUG:colcon.colcon_core.event_handler.log_command:Invoked command in '/home/rhobtor/PHD/j8_control/J8_control/build/joy' returned '0': AMENT_PREFIX_PATH=/home/rhobtor/PHD/j8_control/J8_control/install/sdl2_vendor:${AMENT_PREFIX_PATH} CMAKE_PREFIX_PATH=/home/rhobtor/PHD/j8_control/J8_control/install/sdl2_vendor:/home/rhobtor/PHD/ARGOSJ8_IA/ARGOSJ8_IA_/install/wiimote_msgs:/home/rhobtor/PHD/ARGOSJ8_IA/ARGOSJ8_IA_/install/ublox:/home/rhobtor/PHD/ARGOSJ8_IA/ARGOSJ8_IA_/install/ublox_gps:/home/rhobtor/PHD/ARGOSJ8_IA/ARGOSJ8_IA_/install/security_check:/home/rhobtor/PHD/ARGOSJ8_IA/ARGOSJ8_IA_/install/ctl_mission:/home/rhobtor/PHD/ARGOSJ8_IA/ARGOSJ8_IA_/install/ublox_msgs:/home/rhobtor/PHD/ARGOSJ8_IA/ARGOSJ8_IA_/install/ublox_serialization:/home/rhobtor/PHD/ARGOSJ8_IA/ARGOSJ8_IA_/install/spacenav:/home/rhobtor/PHD/ARGOSJ8_IA/ARGOSJ8_IA_/install/laser_segmentation:/home/rhobtor/PHD/ARGOSJ8_IA/ARGOSJ8_IA_/install/slg_msgs:/home/rhobtor/PHD/ARGOSJ8_IA/ARGOSJ8_IA_/install/security_check_interfaces:/home/rhobtor/PHD/ARGOSJ8_IA/ARGOSJ8_IA_/install/joy:/home/rhobtor/PHD/ARGOSJ8_IA/ARGOSJ8_IA_/install/sdl2_vendor:/home/rhobtor/PHD/ARGOSJ8_IA/ARGOSJ8_IA_/install/path_manager:/home/rhobtor/PHD/ARGOSJ8_IA/ARGOSJ8_IA_/install/path_manager_interfaces:/home/rhobtor/PHD/ARGOSJ8_IA/ARGOSJ8_IA_/install/joy_linux:/home/rhobtor/PHD/ARGOSJ8_IA/ARGOSJ8_IA_/install/j8_xacro_model:/home/rhobtor/PHD/ARGOSJ8_IA/ARGOSJ8_IA_/install/hikmicro_thermal_camera:/home/rhobtor/PHD/ARGOSJ8_IA/ARGOSJ8_IA_/install/hector_gazebo_plugins:/home/rhobtor/PHD/ARGOSJ8_IA/ARGOSJ8_IA_/install/fixposition_sensor_pkg:/home/rhobtor/PHD/ARGOSJ8_IA/ARGOSJ8_IA_/install/fixposition_odometry_converter_ros2:/home/rhobtor/PHD/ARGOSJ8_IA/ARGOSJ8_IA_/install/fixposition_driver_ros2:/home/rhobtor/PHD/ARGOSJ8_IA/ARGOSJ8_IA_/install/fixposition_driver_lib:/home/rhobtor/PHD/ARGOSJ8_IA/ARGOSJ8_IA_/install/fixposition_gnss_tf:/home/rhobtor/PHD/ARGOSJ8_IA/ARGOSJ8_IA_/install/ctl_mission_interfaces:/home/rhobtor/PHD/ARGOSJ8_IA/ARGOSJ8_IA_/install/car_cpp:/home/rhobtor/PHD/ARGOSJ8_IA/ARGOSJ8_IA_/install/car_interfaces:/home/rhobtor/PHD/ARGOSJ8_IA/ARGOSJ8_IA_/install/argj801_setup:/home/rhobtor/PHD/ARGOSJ8_IA/ARGOSJ8_IA_/install/argj801_sensors:/home/rhobtor/PHD/ARGOSJ8_IA/ARGOSJ8_IA_/install/argj801_sensors_msgs:/home/rhobtor/PHD/ARGOSJ8_IA/ARGOSJ8_IA_/install/argj801_ctl_platform:/home/rhobtor/PHD/ARGOSJ8_IA/ARGOSJ8_IA_/install/argj801_ctl_platform_interfaces:/home/rhobtor/PHD/model_terrain_ugv/Model_terrain_ugv/install/model_terrain_cpp:/home/rhobtor/PHD/path_dem/install_navigation/path_dem:/home/rhobtor/PHD/path_dem/install/path_dem:/home/rhobtor/PHD/install_global_belief_final/path_dem:/home/rhobtor/PHD/ARGOSJ8_IA/ARGOSJ8_IA_/install/car:/home/rhobtor/PHD/ARGOSJ8_IA/ARGOSJ8_IA_/install/ntrip_client:/home/rhobtor/PHD/ARGOSJ8_IA/ARGOSJ8_IA_/install/j8_gui:/home/rhobtor/PHD/ARGOSJ8_IA/ARGOSJ8_IA_/install/gui:/home/rhobtor/PHD/ARGOSJ8_IA/ARGOSJ8_IA_/install/android_ros2_server:/home/rhobtor/PHD/ARGOSJ8_IA/ARGOSJ8_IA_/install/GUI_pkg:/home/rhobtor/PHD/model_terrain_ugv/Model_terrain_ugv/install/model_terrain:/opt/ros/humble /usr/bin/cmake /home/rhobtor/PHD/j8_control/J8_control/src/j8_joystick/joy -DCMAKE_INSTALL_PREFIX=/home/rhobtor/PHD/j8_control/J8_control/install/joy
[10.366s] DEBUG:colcon.colcon_core.event_handler.log_command:Invoking command in '/home/rhobtor/PHD/j8_control/J8_control/build/joy': AMENT_PREFIX_PATH=/home/rhobtor/PHD/j8_control/J8_control/install/sdl2_vendor:${AMENT_PREFIX_PATH} CMAKE_PREFIX_PATH=/home/rhobtor/PHD/j8_control/J8_control/install/sdl2_vendor:/home/rhobtor/PHD/ARGOSJ8_IA/ARGOSJ8_IA_/install/wiimote_msgs:/home/rhobtor/PHD/ARGOSJ8_IA/ARGOSJ8_IA_/install/ublox:/home/rhobtor/PHD/ARGOSJ8_IA/ARGOSJ8_IA_/install/ublox_gps:/home/rhobtor/PHD/ARGOSJ8_IA/ARGOSJ8_IA_/install/security_check:/home/rhobtor/PHD/ARGOSJ8_IA/ARGOSJ8_IA_/install/ctl_mission:/home/rhobtor/PHD/ARGOSJ8_IA/ARGOSJ8_IA_/install/ublox_msgs:/home/rhobtor/PHD/ARGOSJ8_IA/ARGOSJ8_IA_/install/ublox_serialization:/home/rhobtor/PHD/ARGOSJ8_IA/ARGOSJ8_IA_/install/spacenav:/home/rhobtor/PHD/ARGOSJ8_IA/ARGOSJ8_IA_/install/laser_segmentation:/home/rhobtor/PHD/ARGOSJ8_IA/ARGOSJ8_IA_/install/slg_msgs:/home/rhobtor/PHD/ARGOSJ8_IA/ARGOSJ8_IA_/install/security_check_interfaces:/home/rhobtor/PHD/ARGOSJ8_IA/ARGOSJ8_IA_/install/joy:/home/rhobtor/PHD/ARGOSJ8_IA/ARGOSJ8_IA_/install/sdl2_vendor:/home/rhobtor/PHD/ARGOSJ8_IA/ARGOSJ8_IA_/install/path_manager:/home/rhobtor/PHD/ARGOSJ8_IA/ARGOSJ8_IA_/install/path_manager_interfaces:/home/rhobtor/PHD/ARGOSJ8_IA/ARGOSJ8_IA_/install/joy_linux:/home/rhobtor/PHD/ARGOSJ8_IA/ARGOSJ8_IA_/install/j8_xacro_model:/home/rhobtor/PHD/ARGOSJ8_IA/ARGOSJ8_IA_/install/hikmicro_thermal_camera:/home/rhobtor/PHD/ARGOSJ8_IA/ARGOSJ8_IA_/install/hector_gazebo_plugins:/home/rhobtor/PHD/ARGOSJ8_IA/ARGOSJ8_IA_/install/fixposition_sensor_pkg:/home/rhobtor/PHD/ARGOSJ8_IA/ARGOSJ8_IA_/install/fixposition_odometry_converter_ros2:/home/rhobtor/PHD/ARGOSJ8_IA/ARGOSJ8_IA_/install/fixposition_driver_ros2:/home/rhobtor/PHD/ARGOSJ8_IA/ARGOSJ8_IA_/install/fixposition_driver_lib:/home/rhobtor/PHD/ARGOSJ8_IA/ARGOSJ8_IA_/install/fixposition_gnss_tf:/home/rhobtor/PHD/ARGOSJ8_IA/ARGOSJ8_IA_/install/ctl_mission_interfaces:/home/rhobtor/PHD/ARGOSJ8_IA/ARGOSJ8_IA_/install/car_cpp:/home/rhobtor/PHD/ARGOSJ8_IA/ARGOSJ8_IA_/install/car_interfaces:/home/rhobtor/PHD/ARGOSJ8_IA/ARGOSJ8_IA_/install/argj801_setup:/home/rhobtor/PHD/ARGOSJ8_IA/ARGOSJ8_IA_/install/argj801_sensors:/home/rhobtor/PHD/ARGOSJ8_IA/ARGOSJ8_IA_/install/argj801_sensors_msgs:/home/rhobtor/PHD/ARGOSJ8_IA/ARGOSJ8_IA_/install/argj801_ctl_platform:/home/rhobtor/PHD/ARGOSJ8_IA/ARGOSJ8_IA_/install/argj801_ctl_platform_interfaces:/home/rhobtor/PHD/model_terrain_ugv/Model_terrain_ugv/install/model_terrain_cpp:/home/rhobtor/PHD/path_dem/install_navigation/path_dem:/home/rhobtor/PHD/path_dem/install/path_dem:/home/rhobtor/PHD/install_global_belief_final/path_dem:/home/rhobtor/PHD/ARGOSJ8_IA/ARGOSJ8_IA_/install/car:/home/rhobtor/PHD/ARGOSJ8_IA/ARGOSJ8_IA_/install/ntrip_client:/home/rhobtor/PHD/ARGOSJ8_IA/ARGOSJ8_IA_/install/j8_gui:/home/rhobtor/PHD/ARGOSJ8_IA/ARGOSJ8_IA_/install/gui:/home/rhobtor/PHD/ARGOSJ8_IA/ARGOSJ8_IA_/install/android_ros2_server:/home/rhobtor/PHD/ARGOSJ8_IA/ARGOSJ8_IA_/install/GUI_pkg:/home/rhobtor/PHD/model_terrain_ugv/Model_terrain_ugv/install/model_terrain:/opt/ros/humble /usr/bin/cmake --build /home/rhobtor/PHD/j8_control/J8_control/build/joy -- -j20 -l20
[11.205s] DEBUG:colcon.colcon_core.event_handler.log_command:Invoked command in '/home/rhobtor/PHD/j8_control/J8_control/build/car_interfaces' returned '0': CMAKE_PREFIX_PATH=${CMAKE_PREFIX_PATH}:/home/rhobtor/PHD/path_dem/install_navigation/path_dem:/home/rhobtor/PHD/path_dem/install/path_dem:/home/rhobtor/PHD/install_global_belief_final/path_dem:/home/rhobtor/PHD/ARGOSJ8_IA/ARGOSJ8_IA_/install/car:/home/rhobtor/PHD/ARGOSJ8_IA/ARGOSJ8_IA_/install/ntrip_client:/home/rhobtor/PHD/ARGOSJ8_IA/ARGOSJ8_IA_/install/j8_gui:/home/rhobtor/PHD/ARGOSJ8_IA/ARGOSJ8_IA_/install/gui:/home/rhobtor/PHD/ARGOSJ8_IA/ARGOSJ8_IA_/install/android_ros2_server:/home/rhobtor/PHD/ARGOSJ8_IA/ARGOSJ8_IA_/install/GUI_pkg:/home/rhobtor/PHD/model_terrain_ugv/Model_terrain_ugv/install/model_terrain:/opt/ros/humble /usr/bin/cmake --build /home/rhobtor/PHD/j8_control/J8_control/build/car_interfaces -- -j20 -l20
[11.206s] DEBUG:colcon.colcon_core.event_handler.log_command:Invoking command in '/home/rhobtor/PHD/j8_control/J8_control/build/car_interfaces': CMAKE_PREFIX_PATH=${CMAKE_PREFIX_PATH}:/home/rhobtor/PHD/path_dem/install_navigation/path_dem:/home/rhobtor/PHD/path_dem/install/path_dem:/home/rhobtor/PHD/install_global_belief_final/path_dem:/home/rhobtor/PHD/ARGOSJ8_IA/ARGOSJ8_IA_/install/car:/home/rhobtor/PHD/ARGOSJ8_IA/ARGOSJ8_IA_/install/ntrip_client:/home/rhobtor/PHD/ARGOSJ8_IA/ARGOSJ8_IA_/install/j8_gui:/home/rhobtor/PHD/ARGOSJ8_IA/ARGOSJ8_IA_/install/gui:/home/rhobtor/PHD/ARGOSJ8_IA/ARGOSJ8_IA_/install/android_ros2_server:/home/rhobtor/PHD/ARGOSJ8_IA/ARGOSJ8_IA_/install/GUI_pkg:/home/rhobtor/PHD/model_terrain_ugv/Model_terrain_ugv/install/model_terrain:/opt/ros/humble /usr/bin/cmake --install /home/rhobtor/PHD/j8_control/J8_control/build/car_interfaces
[11.721s] DEBUG:colcon.colcon_core.event_handler.log_command:Invoked command in '/home/rhobtor/PHD/j8_control/J8_control/build/security_check_interfaces' returned '0': CMAKE_PREFIX_PATH=${CMAKE_PREFIX_PATH}:/home/rhobtor/PHD/path_dem/install_navigation/path_dem:/home/rhobtor/PHD/path_dem/install/path_dem:/home/rhobtor/PHD/install_global_belief_final/path_dem:/home/rhobtor/PHD/ARGOSJ8_IA/ARGOSJ8_IA_/install/car:/home/rhobtor/PHD/ARGOSJ8_IA/ARGOSJ8_IA_/install/ntrip_client:/home/rhobtor/PHD/ARGOSJ8_IA/ARGOSJ8_IA_/install/j8_gui:/home/rhobtor/PHD/ARGOSJ8_IA/ARGOSJ8_IA_/install/gui:/home/rhobtor/PHD/ARGOSJ8_IA/ARGOSJ8_IA_/install/android_ros2_server:/home/rhobtor/PHD/ARGOSJ8_IA/ARGOSJ8_IA_/install/GUI_pkg:/home/rhobtor/PHD/model_terrain_ugv/Model_terrain_ugv/install/model_terrain:/opt/ros/humble /usr/bin/cmake --build /home/rhobtor/PHD/j8_control/J8_control/build/security_check_interfaces -- -j20 -l20
[11.726s] DEBUG:colcon.colcon_core.event_handler.log_command:Invoking command in '/home/rhobtor/PHD/j8_control/J8_control/build/security_check_interfaces': CMAKE_PREFIX_PATH=${CMAKE_PREFIX_PATH}:/home/rhobtor/PHD/path_dem/install_navigation/path_dem:/home/rhobtor/PHD/path_dem/install/path_dem:/home/rhobtor/PHD/install_global_belief_final/path_dem:/home/rhobtor/PHD/ARGOSJ8_IA/ARGOSJ8_IA_/install/car:/home/rhobtor/PHD/ARGOSJ8_IA/ARGOSJ8_IA_/install/ntrip_client:/home/rhobtor/PHD/ARGOSJ8_IA/ARGOSJ8_IA_/install/j8_gui:/home/rhobtor/PHD/ARGOSJ8_IA/ARGOSJ8_IA_/install/gui:/home/rhobtor/PHD/ARGOSJ8_IA/ARGOSJ8_IA_/install/android_ros2_server:/home/rhobtor/PHD/ARGOSJ8_IA/ARGOSJ8_IA_/install/GUI_pkg:/home/rhobtor/PHD/model_terrain_ugv/Model_terrain_ugv/install/model_terrain:/opt/ros/humble /usr/bin/cmake --install /home/rhobtor/PHD/j8_control/J8_control/build/security_check_interfaces
[11.766s] DEBUG:colcon.colcon_core.event_handler.log_command:Invoked command in '/home/rhobtor/PHD/j8_control/J8_control/build/fixposition_driver_lib' returned '0': CMAKE_PREFIX_PATH=/home/rhobtor/PHD/j8_control/J8_control/install/fixposition_gnss_tf:/home/rhobtor/PHD/ARGOSJ8_IA/ARGOSJ8_IA_/install/wiimote_msgs:/home/rhobtor/PHD/ARGOSJ8_IA/ARGOSJ8_IA_/install/ublox:/home/rhobtor/PHD/ARGOSJ8_IA/ARGOSJ8_IA_/install/ublox_gps:/home/rhobtor/PHD/ARGOSJ8_IA/ARGOSJ8_IA_/install/security_check:/home/rhobtor/PHD/ARGOSJ8_IA/ARGOSJ8_IA_/install/ctl_mission:/home/rhobtor/PHD/ARGOSJ8_IA/ARGOSJ8_IA_/install/ublox_msgs:/home/rhobtor/PHD/ARGOSJ8_IA/ARGOSJ8_IA_/install/ublox_serialization:/home/rhobtor/PHD/ARGOSJ8_IA/ARGOSJ8_IA_/install/spacenav:/home/rhobtor/PHD/ARGOSJ8_IA/ARGOSJ8_IA_/install/laser_segmentation:/home/rhobtor/PHD/ARGOSJ8_IA/ARGOSJ8_IA_/install/slg_msgs:/home/rhobtor/PHD/ARGOSJ8_IA/ARGOSJ8_IA_/install/security_check_interfaces:/home/rhobtor/PHD/ARGOSJ8_IA/ARGOSJ8_IA_/install/joy:/home/rhobtor/PHD/ARGOSJ8_IA/ARGOSJ8_IA_/install/sdl2_vendor:/home/rhobtor/PHD/ARGOSJ8_IA/ARGOSJ8_IA_/install/path_manager:/home/rhobtor/PHD/ARGOSJ8_IA/ARGOSJ8_IA_/install/path_manager_interfaces:/home/rhobtor/PHD/ARGOSJ8_IA/ARGOSJ8_IA_/install/joy_linux:/home/rhobtor/PHD/ARGOSJ8_IA/ARGOSJ8_IA_/install/j8_xacro_model:/home/rhobtor/PHD/ARGOSJ8_IA/ARGOSJ8_IA_/install/hikmicro_thermal_camera:/home/rhobtor/PHD/ARGOSJ8_IA/ARGOSJ8_IA_/install/hector_gazebo_plugins:/home/rhobtor/PHD/ARGOSJ8_IA/ARGOSJ8_IA_/install/fixposition_sensor_pkg:/home/rhobtor/PHD/ARGOSJ8_IA/ARGOSJ8_IA_/install/fixposition_odometry_converter_ros2:/home/rhobtor/PHD/ARGOSJ8_IA/ARGOSJ8_IA_/install/fixposition_driver_ros2:/home/rhobtor/PHD/ARGOSJ8_IA/ARGOSJ8_IA_/install/fixposition_driver_lib:/home/rhobtor/PHD/ARGOSJ8_IA/ARGOSJ8_IA_/install/fixposition_gnss_tf:/home/rhobtor/PHD/ARGOSJ8_IA/ARGOSJ8_IA_/install/ctl_mission_interfaces:/home/rhobtor/PHD/ARGOSJ8_IA/ARGOSJ8_IA_/install/car_cpp:/home/rhobtor/PHD/ARGOSJ8_IA/ARGOSJ8_IA_/install/car_interfaces:/home/rhobtor/PHD/ARGOSJ8_IA/ARGOSJ8_IA_/install/argj801_setup:/home/rhobtor/PHD/ARGOSJ8_IA/ARGOSJ8_IA_/install/argj801_sensors:/home/rhobtor/PHD/ARGOSJ8_IA/ARGOSJ8_IA_/install/argj801_sensors_msgs:/home/rhobtor/PHD/ARGOSJ8_IA/ARGOSJ8_IA_/install/argj801_ctl_platform:/home/rhobtor/PHD/ARGOSJ8_IA/ARGOSJ8_IA_/install/argj801_ctl_platform_interfaces:/home/rhobtor/PHD/model_terrain_ugv/Model_terrain_ugv/install/model_terrain_cpp:/home/rhobtor/PHD/path_dem/install_navigation/path_dem:/home/rhobtor/PHD/path_dem/install/path_dem:/home/rhobtor/PHD/install_global_belief_final/path_dem:/home/rhobtor/PHD/ARGOSJ8_IA/ARGOSJ8_IA_/install/car:/home/rhobtor/PHD/ARGOSJ8_IA/ARGOSJ8_IA_/install/ntrip_client:/home/rhobtor/PHD/ARGOSJ8_IA/ARGOSJ8_IA_/install/j8_gui:/home/rhobtor/PHD/ARGOSJ8_IA/ARGOSJ8_IA_/install/gui:/home/rhobtor/PHD/ARGOSJ8_IA/ARGOSJ8_IA_/install/android_ros2_server:/home/rhobtor/PHD/ARGOSJ8_IA/ARGOSJ8_IA_/install/GUI_pkg:/home/rhobtor/PHD/model_terrain_ugv/Model_terrain_ugv/install/model_terrain:/opt/ros/humble LD_LIBRARY_PATH=/home/rhobtor/PHD/j8_control/J8_control/install/fixposition_gnss_tf/lib:${LD_LIBRARY_PATH} PKG_CONFIG_PATH=/home/rhobtor/PHD/j8_control/J8_control/install/fixposition_gnss_tf/lib/x86_64-linux-gnu/pkgconfig:/home/rhobtor/PHD/j8_control/J8_control/install/fixposition_gnss_tf/lib/pkgconfig:${PKG_CONFIG_PATH} /usr/bin/cmake /home/rhobtor/PHD/j8_control/J8_control/src/argo_drivers_pkgs/Fixposition_driver_pkg/fixposition_driver-main/fixposition_driver_lib -DCMAKE_INSTALL_PREFIX=/home/rhobtor/PHD/j8_control/J8_control/install/fixposition_driver_lib
[11.767s] DEBUG:colcon.colcon_core.event_handler.log_command:Invoking command in '/home/rhobtor/PHD/j8_control/J8_control/build/fixposition_driver_lib': CMAKE_PREFIX_PATH=/home/rhobtor/PHD/j8_control/J8_control/install/fixposition_gnss_tf:/home/rhobtor/PHD/ARGOSJ8_IA/ARGOSJ8_IA_/install/wiimote_msgs:/home/rhobtor/PHD/ARGOSJ8_IA/ARGOSJ8_IA_/install/ublox:/home/rhobtor/PHD/ARGOSJ8_IA/ARGOSJ8_IA_/install/ublox_gps:/home/rhobtor/PHD/ARGOSJ8_IA/ARGOSJ8_IA_/install/security_check:/home/rhobtor/PHD/ARGOSJ8_IA/ARGOSJ8_IA_/install/ctl_mission:/home/rhobtor/PHD/ARGOSJ8_IA/ARGOSJ8_IA_/install/ublox_msgs:/home/rhobtor/PHD/ARGOSJ8_IA/ARGOSJ8_IA_/install/ublox_serialization:/home/rhobtor/PHD/ARGOSJ8_IA/ARGOSJ8_IA_/install/spacenav:/home/rhobtor/PHD/ARGOSJ8_IA/ARGOSJ8_IA_/install/laser_segmentation:/home/rhobtor/PHD/ARGOSJ8_IA/ARGOSJ8_IA_/install/slg_msgs:/home/rhobtor/PHD/ARGOSJ8_IA/ARGOSJ8_IA_/install/security_check_interfaces:/home/rhobtor/PHD/ARGOSJ8_IA/ARGOSJ8_IA_/install/joy:/home/rhobtor/PHD/ARGOSJ8_IA/ARGOSJ8_IA_/install/sdl2_vendor:/home/rhobtor/PHD/ARGOSJ8_IA/ARGOSJ8_IA_/install/path_manager:/home/rhobtor/PHD/ARGOSJ8_IA/ARGOSJ8_IA_/install/path_manager_interfaces:/home/rhobtor/PHD/ARGOSJ8_IA/ARGOSJ8_IA_/install/joy_linux:/home/rhobtor/PHD/ARGOSJ8_IA/ARGOSJ8_IA_/install/j8_xacro_model:/home/rhobtor/PHD/ARGOSJ8_IA/ARGOSJ8_IA_/install/hikmicro_thermal_camera:/home/rhobtor/PHD/ARGOSJ8_IA/ARGOSJ8_IA_/install/hector_gazebo_plugins:/home/rhobtor/PHD/ARGOSJ8_IA/ARGOSJ8_IA_/install/fixposition_sensor_pkg:/home/rhobtor/PHD/ARGOSJ8_IA/ARGOSJ8_IA_/install/fixposition_odometry_converter_ros2:/home/rhobtor/PHD/ARGOSJ8_IA/ARGOSJ8_IA_/install/fixposition_driver_ros2:/home/rhobtor/PHD/ARGOSJ8_IA/ARGOSJ8_IA_/install/fixposition_driver_lib:/home/rhobtor/PHD/ARGOSJ8_IA/ARGOSJ8_IA_/install/fixposition_gnss_tf:/home/rhobtor/PHD/ARGOSJ8_IA/ARGOSJ8_IA_/install/ctl_mission_interfaces:/home/rhobtor/PHD/ARGOSJ8_IA/ARGOSJ8_IA_/install/car_cpp:/home/rhobtor/PHD/ARGOSJ8_IA/ARGOSJ8_IA_/install/car_interfaces:/home/rhobtor/PHD/ARGOSJ8_IA/ARGOSJ8_IA_/install/argj801_setup:/home/rhobtor/PHD/ARGOSJ8_IA/ARGOSJ8_IA_/install/argj801_sensors:/home/rhobtor/PHD/ARGOSJ8_IA/ARGOSJ8_IA_/install/argj801_sensors_msgs:/home/rhobtor/PHD/ARGOSJ8_IA/ARGOSJ8_IA_/install/argj801_ctl_platform:/home/rhobtor/PHD/ARGOSJ8_IA/ARGOSJ8_IA_/install/argj801_ctl_platform_interfaces:/home/rhobtor/PHD/model_terrain_ugv/Model_terrain_ugv/install/model_terrain_cpp:/home/rhobtor/PHD/path_dem/install_navigation/path_dem:/home/rhobtor/PHD/path_dem/install/path_dem:/home/rhobtor/PHD/install_global_belief_final/path_dem:/home/rhobtor/PHD/ARGOSJ8_IA/ARGOSJ8_IA_/install/car:/home/rhobtor/PHD/ARGOSJ8_IA/ARGOSJ8_IA_/install/ntrip_client:/home/rhobtor/PHD/ARGOSJ8_IA/ARGOSJ8_IA_/install/j8_gui:/home/rhobtor/PHD/ARGOSJ8_IA/ARGOSJ8_IA_/install/gui:/home/rhobtor/PHD/ARGOSJ8_IA/ARGOSJ8_IA_/install/android_ros2_server:/home/rhobtor/PHD/ARGOSJ8_IA/ARGOSJ8_IA_/install/GUI_pkg:/home/rhobtor/PHD/model_terrain_ugv/Model_terrain_ugv/install/model_terrain:/opt/ros/humble LD_LIBRARY_PATH=/home/rhobtor/PHD/j8_control/J8_control/install/fixposition_gnss_tf/lib:${LD_LIBRARY_PATH} PKG_CONFIG_PATH=/home/rhobtor/PHD/j8_control/J8_control/install/fixposition_gnss_tf/lib/x86_64-linux-gnu/pkgconfig:/home/rhobtor/PHD/j8_control/J8_control/install/fixposition_gnss_tf/lib/pkgconfig:${PKG_CONFIG_PATH} /usr/bin/cmake --build /home/rhobtor/PHD/j8_control/J8_control/build/fixposition_driver_lib -- -j20 -l20
[11.770s] Level 1:colcon.colcon_core.environment:create_environment_scripts_only(argj801_sensors_msgs)
[11.771s] Level 1:colcon.colcon_core.environment:checking '/home/rhobtor/PHD/j8_control/J8_control/install/argj801_sensors_msgs' for CMake module files
[11.771s] Level 1:colcon.colcon_core.environment:checking '/home/rhobtor/PHD/j8_control/J8_control/install/argj801_sensors_msgs' for CMake config files
[11.775s] Level 1:colcon.colcon_core.shell:create_environment_hook('argj801_sensors_msgs', 'cmake_prefix_path')
[11.775s] INFO:colcon.colcon_core.shell:Creating environment hook '/home/rhobtor/PHD/j8_control/J8_control/install/argj801_sensors_msgs/share/argj801_sensors_msgs/hook/cmake_prefix_path.ps1'
[11.778s] DEBUG:colcon.colcon_core.event_handler.log_command:Invoked command in '/home/rhobtor/PHD/j8_control/J8_control/build/argj801_sensors_msgs' returned '0': CMAKE_PREFIX_PATH=${CMAKE_PREFIX_PATH}:/home/rhobtor/PHD/path_dem/install_navigation/path_dem:/home/rhobtor/PHD/path_dem/install/path_dem:/home/rhobtor/PHD/install_global_belief_final/path_dem:/home/rhobtor/PHD/ARGOSJ8_IA/ARGOSJ8_IA_/install/car:/home/rhobtor/PHD/ARGOSJ8_IA/ARGOSJ8_IA_/install/ntrip_client:/home/rhobtor/PHD/ARGOSJ8_IA/ARGOSJ8_IA_/install/j8_gui:/home/rhobtor/PHD/ARGOSJ8_IA/ARGOSJ8_IA_/install/gui:/home/rhobtor/PHD/ARGOSJ8_IA/ARGOSJ8_IA_/install/android_ros2_server:/home/rhobtor/PHD/ARGOSJ8_IA/ARGOSJ8_IA_/install/GUI_pkg:/home/rhobtor/PHD/model_terrain_ugv/Model_terrain_ugv/install/model_terrain:/opt/ros/humble /usr/bin/cmake --install /home/rhobtor/PHD/j8_control/J8_control/build/argj801_sensors_msgs
[11.779s] INFO:colcon.colcon_core.shell:Creating environment descriptor '/home/rhobtor/PHD/j8_control/J8_control/install/argj801_sensors_msgs/share/argj801_sensors_msgs/hook/cmake_prefix_path.dsv'
[11.779s] INFO:colcon.colcon_core.shell:Creating environment hook '/home/rhobtor/PHD/j8_control/J8_control/install/argj801_sensors_msgs/share/argj801_sensors_msgs/hook/cmake_prefix_path.sh'
[11.780s] Level 1:colcon.colcon_core.environment:checking '/home/rhobtor/PHD/j8_control/J8_control/install/argj801_sensors_msgs/lib'
[11.780s] Level 1:colcon.colcon_core.shell:create_environment_hook('argj801_sensors_msgs', 'ld_library_path_lib')
[11.780s] INFO:colcon.colcon_core.shell:Creating environment hook '/home/rhobtor/PHD/j8_control/J8_control/install/argj801_sensors_msgs/share/argj801_sensors_msgs/hook/ld_library_path_lib.ps1'
[11.780s] INFO:colcon.colcon_core.shell:Creating environment descriptor '/home/rhobtor/PHD/j8_control/J8_control/install/argj801_sensors_msgs/share/argj801_sensors_msgs/hook/ld_library_path_lib.dsv'
[11.781s] INFO:colcon.colcon_core.shell:Creating environment hook '/home/rhobtor/PHD/j8_control/J8_control/install/argj801_sensors_msgs/share/argj801_sensors_msgs/hook/ld_library_path_lib.sh'
[11.791s] Level 1:colcon.colcon_core.environment:checking '/home/rhobtor/PHD/j8_control/J8_control/install/argj801_sensors_msgs/bin'
[11.791s] Level 1:colcon.colcon_core.environment:checking '/home/rhobtor/PHD/j8_control/J8_control/install/argj801_sensors_msgs/lib/pkgconfig/argj801_sensors_msgs.pc'
[11.791s] Level 1:colcon.colcon_core.environment:checking '/home/rhobtor/PHD/j8_control/J8_control/install/argj801_sensors_msgs/lib/python3.10/site-packages'
[11.791s] Level 1:colcon.colcon_core.environment:checking '/home/rhobtor/PHD/j8_control/J8_control/install/argj801_sensors_msgs/bin'
[11.792s] INFO:colcon.colcon_core.shell:Creating package script '/home/rhobtor/PHD/j8_control/J8_control/install/argj801_sensors_msgs/share/argj801_sensors_msgs/package.ps1'
[11.793s] INFO:colcon.colcon_core.shell:Creating package descriptor '/home/rhobtor/PHD/j8_control/J8_control/install/argj801_sensors_msgs/share/argj801_sensors_msgs/package.dsv'
[11.793s] INFO:colcon.colcon_core.shell:Creating package script '/home/rhobtor/PHD/j8_control/J8_control/install/argj801_sensors_msgs/share/argj801_sensors_msgs/package.sh'
[11.800s] INFO:colcon.colcon_core.shell:Creating package script '/home/rhobtor/PHD/j8_control/J8_control/install/argj801_sensors_msgs/share/argj801_sensors_msgs/package.bash'
[11.800s] INFO:colcon.colcon_core.shell:Creating package script '/home/rhobtor/PHD/j8_control/J8_control/install/argj801_sensors_msgs/share/argj801_sensors_msgs/package.zsh'
[11.805s] Level 1:colcon.colcon_core.environment:create_file_with_runtime_dependencies(/home/rhobtor/PHD/j8_control/J8_control/install/argj801_sensors_msgs/share/colcon-core/packages/argj801_sensors_msgs)
[11.806s] Level 1:colcon.colcon_core.environment:create_environment_scripts_only(argj801_sensors_msgs)
[11.806s] Level 1:colcon.colcon_core.environment:checking '/home/rhobtor/PHD/j8_control/J8_control/install/argj801_sensors_msgs' for CMake module files
[11.810s] Level 1:colcon.colcon_core.environment:checking '/home/rhobtor/PHD/j8_control/J8_control/install/argj801_sensors_msgs' for CMake config files
[11.810s] Level 1:colcon.colcon_core.shell:create_environment_hook('argj801_sensors_msgs', 'cmake_prefix_path')
[11.811s] INFO:colcon.colcon_core.shell:Creating environment hook '/home/rhobtor/PHD/j8_control/J8_control/install/argj801_sensors_msgs/share/argj801_sensors_msgs/hook/cmake_prefix_path.ps1'
[11.812s] INFO:colcon.colcon_core.shell:Creating environment descriptor '/home/rhobtor/PHD/j8_control/J8_control/install/argj801_sensors_msgs/share/argj801_sensors_msgs/hook/cmake_prefix_path.dsv'
[11.812s] INFO:colcon.colcon_core.shell:Creating environment hook '/home/rhobtor/PHD/j8_control/J8_control/install/argj801_sensors_msgs/share/argj801_sensors_msgs/hook/cmake_prefix_path.sh'
[11.819s] Level 1:colcon.colcon_core.environment:checking '/home/rhobtor/PHD/j8_control/J8_control/install/argj801_sensors_msgs/lib'
[11.819s] Level 1:colcon.colcon_core.shell:create_environment_hook('argj801_sensors_msgs', 'ld_library_path_lib')
[11.820s] INFO:colcon.colcon_core.shell:Creating environment hook '/home/rhobtor/PHD/j8_control/J8_control/install/argj801_sensors_msgs/share/argj801_sensors_msgs/hook/ld_library_path_lib.ps1'
[11.820s] INFO:colcon.colcon_core.shell:Creating environment descriptor '/home/rhobtor/PHD/j8_control/J8_control/install/argj801_sensors_msgs/share/argj801_sensors_msgs/hook/ld_library_path_lib.dsv'
[11.821s] INFO:colcon.colcon_core.shell:Creating environment hook '/home/rhobtor/PHD/j8_control/J8_control/install/argj801_sensors_msgs/share/argj801_sensors_msgs/hook/ld_library_path_lib.sh'
[11.821s] Level 1:colcon.colcon_core.environment:checking '/home/rhobtor/PHD/j8_control/J8_control/install/argj801_sensors_msgs/bin'
[11.821s] Level 1:colcon.colcon_core.environment:checking '/home/rhobtor/PHD/j8_control/J8_control/install/argj801_sensors_msgs/lib/pkgconfig/argj801_sensors_msgs.pc'
[11.821s] Level 1:colcon.colcon_core.environment:checking '/home/rhobtor/PHD/j8_control/J8_control/install/argj801_sensors_msgs/lib/python3.10/site-packages'
[11.828s] Level 1:colcon.colcon_core.environment:checking '/home/rhobtor/PHD/j8_control/J8_control/install/argj801_sensors_msgs/bin'
[11.829s] INFO:colcon.colcon_core.shell:Creating package script '/home/rhobtor/PHD/j8_control/J8_control/install/argj801_sensors_msgs/share/argj801_sensors_msgs/package.ps1'
[11.830s] INFO:colcon.colcon_core.shell:Creating package descriptor '/home/rhobtor/PHD/j8_control/J8_control/install/argj801_sensors_msgs/share/argj801_sensors_msgs/package.dsv'
[11.830s] INFO:colcon.colcon_core.shell:Creating package script '/home/rhobtor/PHD/j8_control/J8_control/install/argj801_sensors_msgs/share/argj801_sensors_msgs/package.sh'
[11.837s] INFO:colcon.colcon_core.shell:Creating package script '/home/rhobtor/PHD/j8_control/J8_control/install/argj801_sensors_msgs/share/argj801_sensors_msgs/package.bash'
[11.838s] INFO:colcon.colcon_core.shell:Creating package script '/home/rhobtor/PHD/j8_control/J8_control/install/argj801_sensors_msgs/share/argj801_sensors_msgs/package.zsh'
[11.838s] Level 1:colcon.colcon_core.environment:create_file_with_runtime_dependencies(/home/rhobtor/PHD/j8_control/J8_control/install/argj801_sensors_msgs/share/colcon-core/packages/argj801_sensors_msgs)
[12.510s] Level 1:colcon.colcon_core.environment:create_environment_scripts_only(car_interfaces)
[12.511s] Level 1:colcon.colcon_core.environment:checking '/home/rhobtor/PHD/j8_control/J8_control/install/car_interfaces' for CMake module files
[12.518s] Level 1:colcon.colcon_core.environment:checking '/home/rhobtor/PHD/j8_control/J8_control/install/car_interfaces' for CMake config files
[12.519s] Level 1:colcon.colcon_core.shell:create_environment_hook('car_interfaces', 'cmake_prefix_path')
[12.519s] INFO:colcon.colcon_core.shell:Creating environment hook '/home/rhobtor/PHD/j8_control/J8_control/install/car_interfaces/share/car_interfaces/hook/cmake_prefix_path.ps1'
[12.520s] INFO:colcon.colcon_core.shell:Creating environment descriptor '/home/rhobtor/PHD/j8_control/J8_control/install/car_interfaces/share/car_interfaces/hook/cmake_prefix_path.dsv'
[12.515s] DEBUG:colcon.colcon_core.event_handler.log_command:Invoked command in '/home/rhobtor/PHD/j8_control/J8_control/build/wiimote_msgs' returned '0': CMAKE_PREFIX_PATH=${CMAKE_PREFIX_PATH}:/home/rhobtor/PHD/path_dem/install_navigation/path_dem:/home/rhobtor/PHD/path_dem/install/path_dem:/home/rhobtor/PHD/install_global_belief_final/path_dem:/home/rhobtor/PHD/ARGOSJ8_IA/ARGOSJ8_IA_/install/car:/home/rhobtor/PHD/ARGOSJ8_IA/ARGOSJ8_IA_/install/ntrip_client:/home/rhobtor/PHD/ARGOSJ8_IA/ARGOSJ8_IA_/install/j8_gui:/home/rhobtor/PHD/ARGOSJ8_IA/ARGOSJ8_IA_/install/gui:/home/rhobtor/PHD/ARGOSJ8_IA/ARGOSJ8_IA_/install/android_ros2_server:/home/rhobtor/PHD/ARGOSJ8_IA/ARGOSJ8_IA_/install/GUI_pkg:/home/rhobtor/PHD/model_terrain_ugv/Model_terrain_ugv/install/model_terrain:/opt/ros/humble /usr/bin/cmake /home/rhobtor/PHD/j8_control/J8_control/src/j8_joystick/wiimote_msgs -DCMAKE_INSTALL_PREFIX=/home/rhobtor/PHD/j8_control/J8_control/install/wiimote_msgs
[12.524s] DEBUG:colcon.colcon_core.event_handler.log_command:Invoking command in '/home/rhobtor/PHD/j8_control/J8_control/build/wiimote_msgs': CMAKE_PREFIX_PATH=${CMAKE_PREFIX_PATH}:/home/rhobtor/PHD/path_dem/install_navigation/path_dem:/home/rhobtor/PHD/path_dem/install/path_dem:/home/rhobtor/PHD/install_global_belief_final/path_dem:/home/rhobtor/PHD/ARGOSJ8_IA/ARGOSJ8_IA_/install/car:/home/rhobtor/PHD/ARGOSJ8_IA/ARGOSJ8_IA_/install/ntrip_client:/home/rhobtor/PHD/ARGOSJ8_IA/ARGOSJ8_IA_/install/j8_gui:/home/rhobtor/PHD/ARGOSJ8_IA/ARGOSJ8_IA_/install/gui:/home/rhobtor/PHD/ARGOSJ8_IA/ARGOSJ8_IA_/install/android_ros2_server:/home/rhobtor/PHD/ARGOSJ8_IA/ARGOSJ8_IA_/install/GUI_pkg:/home/rhobtor/PHD/model_terrain_ugv/Model_terrain_ugv/install/model_terrain:/opt/ros/humble /usr/bin/cmake --build /home/rhobtor/PHD/j8_control/J8_control/build/wiimote_msgs -- -j20 -l20
[12.525s] INFO:colcon.colcon_core.shell:Creating environment hook '/home/rhobtor/PHD/j8_control/J8_control/install/car_interfaces/share/car_interfaces/hook/cmake_prefix_path.sh'
[12.531s] Level 1:colcon.colcon_core.environment:checking '/home/rhobtor/PHD/j8_control/J8_control/install/car_interfaces/lib'
[12.532s] Level 1:colcon.colcon_core.shell:create_environment_hook('car_interfaces', 'ld_library_path_lib')
[12.537s] INFO:colcon.colcon_core.shell:Creating environment hook '/home/rhobtor/PHD/j8_control/J8_control/install/car_interfaces/share/car_interfaces/hook/ld_library_path_lib.ps1'
[12.537s] INFO:colcon.colcon_core.shell:Creating environment descriptor '/home/rhobtor/PHD/j8_control/J8_control/install/car_interfaces/share/car_interfaces/hook/ld_library_path_lib.dsv'
[12.538s] INFO:colcon.colcon_core.shell:Creating environment hook '/home/rhobtor/PHD/j8_control/J8_control/install/car_interfaces/share/car_interfaces/hook/ld_library_path_lib.sh'
[12.538s] Level 1:colcon.colcon_core.environment:checking '/home/rhobtor/PHD/j8_control/J8_control/install/car_interfaces/bin'
[12.538s] Level 1:colcon.colcon_core.environment:checking '/home/rhobtor/PHD/j8_control/J8_control/install/car_interfaces/lib/pkgconfig/car_interfaces.pc'
[12.539s] Level 1:colcon.colcon_core.environment:checking '/home/rhobtor/PHD/j8_control/J8_control/install/car_interfaces/lib/python3.10/site-packages'
[12.539s] Level 1:colcon.colcon_core.environment:checking '/home/rhobtor/PHD/j8_control/J8_control/install/car_interfaces/bin'
[12.539s] INFO:colcon.colcon_core.shell:Creating package script '/home/rhobtor/PHD/j8_control/J8_control/install/car_interfaces/share/car_interfaces/package.ps1'
[12.546s] DEBUG:colcon.colcon_core.event_handler.log_command:Invoked command in '/home/rhobtor/PHD/j8_control/J8_control/build/car_interfaces' returned '0': CMAKE_PREFIX_PATH=${CMAKE_PREFIX_PATH}:/home/rhobtor/PHD/path_dem/install_navigation/path_dem:/home/rhobtor/PHD/path_dem/install/path_dem:/home/rhobtor/PHD/install_global_belief_final/path_dem:/home/rhobtor/PHD/ARGOSJ8_IA/ARGOSJ8_IA_/install/car:/home/rhobtor/PHD/ARGOSJ8_IA/ARGOSJ8_IA_/install/ntrip_client:/home/rhobtor/PHD/ARGOSJ8_IA/ARGOSJ8_IA_/install/j8_gui:/home/rhobtor/PHD/ARGOSJ8_IA/ARGOSJ8_IA_/install/gui:/home/rhobtor/PHD/ARGOSJ8_IA/ARGOSJ8_IA_/install/android_ros2_server:/home/rhobtor/PHD/ARGOSJ8_IA/ARGOSJ8_IA_/install/GUI_pkg:/home/rhobtor/PHD/model_terrain_ugv/Model_terrain_ugv/install/model_terrain:/opt/ros/humble /usr/bin/cmake --install /home/rhobtor/PHD/j8_control/J8_control/build/car_interfaces
[12.553s] INFO:colcon.colcon_core.shell:Creating package descriptor '/home/rhobtor/PHD/j8_control/J8_control/install/car_interfaces/share/car_interfaces/package.dsv'
[12.554s] INFO:colcon.colcon_core.shell:Creating package script '/home/rhobtor/PHD/j8_control/J8_control/install/car_interfaces/share/car_interfaces/package.sh'
[12.554s] INFO:colcon.colcon_core.shell:Creating package script '/home/rhobtor/PHD/j8_control/J8_control/install/car_interfaces/share/car_interfaces/package.bash'
[12.555s] INFO:colcon.colcon_core.shell:Creating package script '/home/rhobtor/PHD/j8_control/J8_control/install/car_interfaces/share/car_interfaces/package.zsh'
[12.555s] Level 1:colcon.colcon_core.environment:create_file_with_runtime_dependencies(/home/rhobtor/PHD/j8_control/J8_control/install/car_interfaces/share/colcon-core/packages/car_interfaces)
[12.556s] Level 1:colcon.colcon_core.environment:create_environment_scripts_only(car_interfaces)
[12.556s] Level 1:colcon.colcon_core.environment:checking '/home/rhobtor/PHD/j8_control/J8_control/install/car_interfaces' for CMake module files
[12.557s] Level 1:colcon.colcon_core.environment:checking '/home/rhobtor/PHD/j8_control/J8_control/install/car_interfaces' for CMake config files
[12.557s] Level 1:colcon.colcon_core.shell:create_environment_hook('car_interfaces', 'cmake_prefix_path')
[12.562s] INFO:colcon.colcon_core.shell:Creating environment hook '/home/rhobtor/PHD/j8_control/J8_control/install/car_interfaces/share/car_interfaces/hook/cmake_prefix_path.ps1'
[12.563s] INFO:colcon.colcon_core.shell:Creating environment descriptor '/home/rhobtor/PHD/j8_control/J8_control/install/car_interfaces/share/car_interfaces/hook/cmake_prefix_path.dsv'
[12.563s] INFO:colcon.colcon_core.shell:Creating environment hook '/home/rhobtor/PHD/j8_control/J8_control/install/car_interfaces/share/car_interfaces/hook/cmake_prefix_path.sh'
[12.564s] Level 1:colcon.colcon_core.environment:checking '/home/rhobtor/PHD/j8_control/J8_control/install/car_interfaces/lib'
[12.564s] Level 1:colcon.colcon_core.shell:create_environment_hook('car_interfaces', 'ld_library_path_lib')
[12.564s] INFO:colcon.colcon_core.shell:Creating environment hook '/home/rhobtor/PHD/j8_control/J8_control/install/car_interfaces/share/car_interfaces/hook/ld_library_path_lib.ps1'
[12.568s] INFO:colcon.colcon_core.shell:Creating environment descriptor '/home/rhobtor/PHD/j8_control/J8_control/install/car_interfaces/share/car_interfaces/hook/ld_library_path_lib.dsv'
[12.569s] INFO:colcon.colcon_core.shell:Creating environment hook '/home/rhobtor/PHD/j8_control/J8_control/install/car_interfaces/share/car_interfaces/hook/ld_library_path_lib.sh'
[12.569s] Level 1:colcon.colcon_core.environment:checking '/home/rhobtor/PHD/j8_control/J8_control/install/car_interfaces/bin'
[12.570s] Level 1:colcon.colcon_core.environment:checking '/home/rhobtor/PHD/j8_control/J8_control/install/car_interfaces/lib/pkgconfig/car_interfaces.pc'
[12.570s] Level 1:colcon.colcon_core.environment:checking '/home/rhobtor/PHD/j8_control/J8_control/install/car_interfaces/lib/python3.10/site-packages'
[12.570s] Level 1:colcon.colcon_core.environment:checking '/home/rhobtor/PHD/j8_control/J8_control/install/car_interfaces/bin'
[12.571s] INFO:colcon.colcon_core.shell:Creating package script '/home/rhobtor/PHD/j8_control/J8_control/install/car_interfaces/share/car_interfaces/package.ps1'
[12.576s] INFO:colcon.colcon_core.shell:Creating package descriptor '/home/rhobtor/PHD/j8_control/J8_control/install/car_interfaces/share/car_interfaces/package.dsv'
[12.577s] INFO:colcon.colcon_core.shell:Creating package script '/home/rhobtor/PHD/j8_control/J8_control/install/car_interfaces/share/car_interfaces/package.sh'
[12.578s] INFO:colcon.colcon_core.shell:Creating package script '/home/rhobtor/PHD/j8_control/J8_control/install/car_interfaces/share/car_interfaces/package.bash'
[12.578s] INFO:colcon.colcon_core.shell:Creating package script '/home/rhobtor/PHD/j8_control/J8_control/install/car_interfaces/share/car_interfaces/package.zsh'
[12.582s] Level 1:colcon.colcon_core.environment:create_file_with_runtime_dependencies(/home/rhobtor/PHD/j8_control/J8_control/install/car_interfaces/share/colcon-core/packages/car_interfaces)
[12.583s] INFO:colcon.colcon_ros.task.ament_cmake.build:Building ROS package in '/home/rhobtor/PHD/j8_control/J8_control/src/car_cpp' with build type 'ament_cmake'
[12.583s] INFO:colcon.colcon_cmake.task.cmake.build:Building CMake package in '/home/rhobtor/PHD/j8_control/J8_control/src/car_cpp'
[12.584s] INFO:colcon.colcon_core.shell:Skip shell extension 'powershell' for command environment: Not usable outside of PowerShell
[12.584s] DEBUG:colcon.colcon_core.shell:Skip shell extension 'dsv' for command environment
[12.648s] DEBUG:colcon.colcon_core.event_handler.log_command:Invoking command in '/home/rhobtor/PHD/j8_control/J8_control/build/car_cpp': AMENT_PREFIX_PATH=/home/rhobtor/PHD/j8_control/J8_control/install/car_interfaces:${AMENT_PREFIX_PATH} CMAKE_PREFIX_PATH=/home/rhobtor/PHD/j8_control/J8_control/install/car_interfaces:/home/rhobtor/PHD/ARGOSJ8_IA/ARGOSJ8_IA_/install/wiimote_msgs:/home/rhobtor/PHD/ARGOSJ8_IA/ARGOSJ8_IA_/install/ublox:/home/rhobtor/PHD/ARGOSJ8_IA/ARGOSJ8_IA_/install/ublox_gps:/home/rhobtor/PHD/ARGOSJ8_IA/ARGOSJ8_IA_/install/security_check:/home/rhobtor/PHD/ARGOSJ8_IA/ARGOSJ8_IA_/install/ctl_mission:/home/rhobtor/PHD/ARGOSJ8_IA/ARGOSJ8_IA_/install/ublox_msgs:/home/rhobtor/PHD/ARGOSJ8_IA/ARGOSJ8_IA_/install/ublox_serialization:/home/rhobtor/PHD/ARGOSJ8_IA/ARGOSJ8_IA_/install/spacenav:/home/rhobtor/PHD/ARGOSJ8_IA/ARGOSJ8_IA_/install/laser_segmentation:/home/rhobtor/PHD/ARGOSJ8_IA/ARGOSJ8_IA_/install/slg_msgs:/home/rhobtor/PHD/ARGOSJ8_IA/ARGOSJ8_IA_/install/security_check_interfaces:/home/rhobtor/PHD/ARGOSJ8_IA/ARGOSJ8_IA_/install/joy:/home/rhobtor/PHD/ARGOSJ8_IA/ARGOSJ8_IA_/install/sdl2_vendor:/home/rhobtor/PHD/ARGOSJ8_IA/ARGOSJ8_IA_/install/path_manager:/home/rhobtor/PHD/ARGOSJ8_IA/ARGOSJ8_IA_/install/path_manager_interfaces:/home/rhobtor/PHD/ARGOSJ8_IA/ARGOSJ8_IA_/install/joy_linux:/home/rhobtor/PHD/ARGOSJ8_IA/ARGOSJ8_IA_/install/j8_xacro_model:/home/rhobtor/PHD/ARGOSJ8_IA/ARGOSJ8_IA_/install/hikmicro_thermal_camera:/home/rhobtor/PHD/ARGOSJ8_IA/ARGOSJ8_IA_/install/hector_gazebo_plugins:/home/rhobtor/PHD/ARGOSJ8_IA/ARGOSJ8_IA_/install/fixposition_sensor_pkg:/home/rhobtor/PHD/ARGOSJ8_IA/ARGOSJ8_IA_/install/fixposition_odometry_converter_ros2:/home/rhobtor/PHD/ARGOSJ8_IA/ARGOSJ8_IA_/install/fixposition_driver_ros2:/home/rhobtor/PHD/ARGOSJ8_IA/ARGOSJ8_IA_/install/fixposition_driver_lib:/home/rhobtor/PHD/ARGOSJ8_IA/ARGOSJ8_IA_/install/fixposition_gnss_tf:/home/rhobtor/PHD/ARGOSJ8_IA/ARGOSJ8_IA_/install/ctl_mission_interfaces:/home/rhobtor/PHD/ARGOSJ8_IA/ARGOSJ8_IA_/install/car_cpp:/home/rhobtor/PHD/ARGOSJ8_IA/ARGOSJ8_IA_/install/car_interfaces:/home/rhobtor/PHD/ARGOSJ8_IA/ARGOSJ8_IA_/install/argj801_setup:/home/rhobtor/PHD/ARGOSJ8_IA/ARGOSJ8_IA_/install/argj801_sensors:/home/rhobtor/PHD/ARGOSJ8_IA/ARGOSJ8_IA_/install/argj801_sensors_msgs:/home/rhobtor/PHD/ARGOSJ8_IA/ARGOSJ8_IA_/install/argj801_ctl_platform:/home/rhobtor/PHD/ARGOSJ8_IA/ARGOSJ8_IA_/install/argj801_ctl_platform_interfaces:/home/rhobtor/PHD/model_terrain_ugv/Model_terrain_ugv/install/model_terrain_cpp:/home/rhobtor/PHD/path_dem/install_navigation/path_dem:/home/rhobtor/PHD/path_dem/install/path_dem:/home/rhobtor/PHD/install_global_belief_final/path_dem:/home/rhobtor/PHD/ARGOSJ8_IA/ARGOSJ8_IA_/install/car:/home/rhobtor/PHD/ARGOSJ8_IA/ARGOSJ8_IA_/install/ntrip_client:/home/rhobtor/PHD/ARGOSJ8_IA/ARGOSJ8_IA_/install/j8_gui:/home/rhobtor/PHD/ARGOSJ8_IA/ARGOSJ8_IA_/install/gui:/home/rhobtor/PHD/ARGOSJ8_IA/ARGOSJ8_IA_/install/android_ros2_server:/home/rhobtor/PHD/ARGOSJ8_IA/ARGOSJ8_IA_/install/GUI_pkg:/home/rhobtor/PHD/model_terrain_ugv/Model_terrain_ugv/install/model_terrain:/opt/ros/humble LD_LIBRARY_PATH=/home/rhobtor/PHD/j8_control/J8_control/install/car_interfaces/lib:${LD_LIBRARY_PATH} PYTHONPATH=/home/rhobtor/PHD/j8_control/J8_control/install/car_interfaces/local/lib/python3.10/dist-packages:${PYTHONPATH} /usr/bin/cmake /home/rhobtor/PHD/j8_control/J8_control/src/car_cpp -DCMAKE_INSTALL_PREFIX=/home/rhobtor/PHD/j8_control/J8_control/install/car_cpp
[12.720s] Level 1:colcon.colcon_core.environment:create_environment_scripts_only(security_check_interfaces)
[12.721s] Level 1:colcon.colcon_core.environment:checking '/home/rhobtor/PHD/j8_control/J8_control/install/security_check_interfaces' for CMake module files
[12.721s] Level 1:colcon.colcon_core.environment:checking '/home/rhobtor/PHD/j8_control/J8_control/install/security_check_interfaces' for CMake config files
[12.722s] Level 1:colcon.colcon_core.shell:create_environment_hook('security_check_interfaces', 'cmake_prefix_path')
[12.722s] INFO:colcon.colcon_core.shell:Creating environment hook '/home/rhobtor/PHD/j8_control/J8_control/install/security_check_interfaces/share/security_check_interfaces/hook/cmake_prefix_path.ps1'
[12.728s] INFO:colcon.colcon_core.shell:Creating environment descriptor '/home/rhobtor/PHD/j8_control/J8_control/install/security_check_interfaces/share/security_check_interfaces/hook/cmake_prefix_path.dsv'
[12.728s] INFO:colcon.colcon_core.shell:Creating environment hook '/home/rhobtor/PHD/j8_control/J8_control/install/security_check_interfaces/share/security_check_interfaces/hook/cmake_prefix_path.sh'
[12.732s] Level 1:colcon.colcon_core.environment:checking '/home/rhobtor/PHD/j8_control/J8_control/install/security_check_interfaces/lib'
[12.733s] Level 1:colcon.colcon_core.shell:create_environment_hook('security_check_interfaces', 'ld_library_path_lib')
[12.733s] INFO:colcon.colcon_core.shell:Creating environment hook '/home/rhobtor/PHD/j8_control/J8_control/install/security_check_interfaces/share/security_check_interfaces/hook/ld_library_path_lib.ps1'
[12.734s] INFO:colcon.colcon_core.shell:Creating environment descriptor '/home/rhobtor/PHD/j8_control/J8_control/install/security_check_interfaces/share/security_check_interfaces/hook/ld_library_path_lib.dsv'
[12.734s] INFO:colcon.colcon_core.shell:Creating environment hook '/home/rhobtor/PHD/j8_control/J8_control/install/security_check_interfaces/share/security_check_interfaces/hook/ld_library_path_lib.sh'
[12.734s] Level 1:colcon.colcon_core.environment:checking '/home/rhobtor/PHD/j8_control/J8_control/install/security_check_interfaces/bin'
[12.734s] Level 1:colcon.colcon_core.environment:checking '/home/rhobtor/PHD/j8_control/J8_control/install/security_check_interfaces/lib/pkgconfig/security_check_interfaces.pc'
[12.742s] DEBUG:colcon.colcon_core.event_handler.log_command:Invoked command in '/home/rhobtor/PHD/j8_control/J8_control/build/security_check_interfaces' returned '0': CMAKE_PREFIX_PATH=${CMAKE_PREFIX_PATH}:/home/rhobtor/PHD/path_dem/install_navigation/path_dem:/home/rhobtor/PHD/path_dem/install/path_dem:/home/rhobtor/PHD/install_global_belief_final/path_dem:/home/rhobtor/PHD/ARGOSJ8_IA/ARGOSJ8_IA_/install/car:/home/rhobtor/PHD/ARGOSJ8_IA/ARGOSJ8_IA_/install/ntrip_client:/home/rhobtor/PHD/ARGOSJ8_IA/ARGOSJ8_IA_/install/j8_gui:/home/rhobtor/PHD/ARGOSJ8_IA/ARGOSJ8_IA_/install/gui:/home/rhobtor/PHD/ARGOSJ8_IA/ARGOSJ8_IA_/install/android_ros2_server:/home/rhobtor/PHD/ARGOSJ8_IA/ARGOSJ8_IA_/install/GUI_pkg:/home/rhobtor/PHD/model_terrain_ugv/Model_terrain_ugv/install/model_terrain:/opt/ros/humble /usr/bin/cmake --install /home/rhobtor/PHD/j8_control/J8_control/build/security_check_interfaces
[12.742s] Level 1:colcon.colcon_core.environment:checking '/home/rhobtor/PHD/j8_control/J8_control/install/security_check_interfaces/lib/python3.10/site-packages'
[12.742s] Level 1:colcon.colcon_core.environment:checking '/home/rhobtor/PHD/j8_control/J8_control/install/security_check_interfaces/bin'
[12.743s] INFO:colcon.colcon_core.shell:Creating package script '/home/rhobtor/PHD/j8_control/J8_control/install/security_check_interfaces/share/security_check_interfaces/package.ps1'
[12.744s] INFO:colcon.colcon_core.shell:Creating package descriptor '/home/rhobtor/PHD/j8_control/J8_control/install/security_check_interfaces/share/security_check_interfaces/package.dsv'
[12.744s] INFO:colcon.colcon_core.shell:Creating package script '/home/rhobtor/PHD/j8_control/J8_control/install/security_check_interfaces/share/security_check_interfaces/package.sh'
[12.745s] INFO:colcon.colcon_core.shell:Creating package script '/home/rhobtor/PHD/j8_control/J8_control/install/security_check_interfaces/share/security_check_interfaces/package.bash'
[12.745s] INFO:colcon.colcon_core.shell:Creating package script '/home/rhobtor/PHD/j8_control/J8_control/install/security_check_interfaces/share/security_check_interfaces/package.zsh'
[12.745s] Level 1:colcon.colcon_core.environment:create_file_with_runtime_dependencies(/home/rhobtor/PHD/j8_control/J8_control/install/security_check_interfaces/share/colcon-core/packages/security_check_interfaces)
[12.752s] Level 1:colcon.colcon_core.environment:create_environment_scripts_only(security_check_interfaces)
[12.754s] Level 1:colcon.colcon_core.environment:checking '/home/rhobtor/PHD/j8_control/J8_control/install/security_check_interfaces' for CMake module files
[12.756s] Level 1:colcon.colcon_core.environment:checking '/home/rhobtor/PHD/j8_control/J8_control/install/security_check_interfaces' for CMake config files
[12.758s] Level 1:colcon.colcon_core.shell:create_environment_hook('security_check_interfaces', 'cmake_prefix_path')
[12.762s] INFO:colcon.colcon_core.shell:Creating environment hook '/home/rhobtor/PHD/j8_control/J8_control/install/security_check_interfaces/share/security_check_interfaces/hook/cmake_prefix_path.ps1'
[12.763s] INFO:colcon.colcon_core.shell:Creating environment descriptor '/home/rhobtor/PHD/j8_control/J8_control/install/security_check_interfaces/share/security_check_interfaces/hook/cmake_prefix_path.dsv'
[12.763s] INFO:colcon.colcon_core.shell:Creating environment hook '/home/rhobtor/PHD/j8_control/J8_control/install/security_check_interfaces/share/security_check_interfaces/hook/cmake_prefix_path.sh'
[12.765s] Level 1:colcon.colcon_core.environment:checking '/home/rhobtor/PHD/j8_control/J8_control/install/security_check_interfaces/lib'
[12.768s] Level 1:colcon.colcon_core.shell:create_environment_hook('security_check_interfaces', 'ld_library_path_lib')
[12.768s] INFO:colcon.colcon_core.shell:Creating environment hook '/home/rhobtor/PHD/j8_control/J8_control/install/security_check_interfaces/share/security_check_interfaces/hook/ld_library_path_lib.ps1'
[12.771s] INFO:colcon.colcon_core.shell:Creating environment descriptor '/home/rhobtor/PHD/j8_control/J8_control/install/security_check_interfaces/share/security_check_interfaces/hook/ld_library_path_lib.dsv'
[12.772s] INFO:colcon.colcon_core.shell:Creating environment hook '/home/rhobtor/PHD/j8_control/J8_control/install/security_check_interfaces/share/security_check_interfaces/hook/ld_library_path_lib.sh'
[12.772s] Level 1:colcon.colcon_core.environment:checking '/home/rhobtor/PHD/j8_control/J8_control/install/security_check_interfaces/bin'
[12.772s] Level 1:colcon.colcon_core.environment:checking '/home/rhobtor/PHD/j8_control/J8_control/install/security_check_interfaces/lib/pkgconfig/security_check_interfaces.pc'
[12.772s] Level 1:colcon.colcon_core.environment:checking '/home/rhobtor/PHD/j8_control/J8_control/install/security_check_interfaces/lib/python3.10/site-packages'
[12.773s] Level 1:colcon.colcon_core.environment:checking '/home/rhobtor/PHD/j8_control/J8_control/install/security_check_interfaces/bin'
[12.773s] INFO:colcon.colcon_core.shell:Creating package script '/home/rhobtor/PHD/j8_control/J8_control/install/security_check_interfaces/share/security_check_interfaces/package.ps1'
[12.780s] INFO:colcon.colcon_core.shell:Creating package descriptor '/home/rhobtor/PHD/j8_control/J8_control/install/security_check_interfaces/share/security_check_interfaces/package.dsv'
[12.785s] INFO:colcon.colcon_core.shell:Creating package script '/home/rhobtor/PHD/j8_control/J8_control/install/security_check_interfaces/share/security_check_interfaces/package.sh'
[12.786s] INFO:colcon.colcon_core.shell:Creating package script '/home/rhobtor/PHD/j8_control/J8_control/install/security_check_interfaces/share/security_check_interfaces/package.bash'
[12.790s] INFO:colcon.colcon_core.shell:Creating package script '/home/rhobtor/PHD/j8_control/J8_control/install/security_check_interfaces/share/security_check_interfaces/package.zsh'
[12.791s] Level 1:colcon.colcon_core.environment:create_file_with_runtime_dependencies(/home/rhobtor/PHD/j8_control/J8_control/install/security_check_interfaces/share/colcon-core/packages/security_check_interfaces)
[13.609s] DEBUG:colcon.colcon_core.event_handler.log_command:Invoked command in '/home/rhobtor/PHD/j8_control/J8_control/build/argj801_ctl_platform_interfaces' returned '0': CMAKE_PREFIX_PATH=${CMAKE_PREFIX_PATH}:/home/rhobtor/PHD/path_dem/install_navigation/path_dem:/home/rhobtor/PHD/path_dem/install/path_dem:/home/rhobtor/PHD/install_global_belief_final/path_dem:/home/rhobtor/PHD/ARGOSJ8_IA/ARGOSJ8_IA_/install/car:/home/rhobtor/PHD/ARGOSJ8_IA/ARGOSJ8_IA_/install/ntrip_client:/home/rhobtor/PHD/ARGOSJ8_IA/ARGOSJ8_IA_/install/j8_gui:/home/rhobtor/PHD/ARGOSJ8_IA/ARGOSJ8_IA_/install/gui:/home/rhobtor/PHD/ARGOSJ8_IA/ARGOSJ8_IA_/install/android_ros2_server:/home/rhobtor/PHD/ARGOSJ8_IA/ARGOSJ8_IA_/install/GUI_pkg:/home/rhobtor/PHD/model_terrain_ugv/Model_terrain_ugv/install/model_terrain:/opt/ros/humble /usr/bin/cmake --build /home/rhobtor/PHD/j8_control/J8_control/build/argj801_ctl_platform_interfaces -- -j20 -l20
[13.609s] DEBUG:colcon.colcon_core.event_handler.log_command:Invoking command in '/home/rhobtor/PHD/j8_control/J8_control/build/argj801_ctl_platform_interfaces': CMAKE_PREFIX_PATH=${CMAKE_PREFIX_PATH}:/home/rhobtor/PHD/path_dem/install_navigation/path_dem:/home/rhobtor/PHD/path_dem/install/path_dem:/home/rhobtor/PHD/install_global_belief_final/path_dem:/home/rhobtor/PHD/ARGOSJ8_IA/ARGOSJ8_IA_/install/car:/home/rhobtor/PHD/ARGOSJ8_IA/ARGOSJ8_IA_/install/ntrip_client:/home/rhobtor/PHD/ARGOSJ8_IA/ARGOSJ8_IA_/install/j8_gui:/home/rhobtor/PHD/ARGOSJ8_IA/ARGOSJ8_IA_/install/gui:/home/rhobtor/PHD/ARGOSJ8_IA/ARGOSJ8_IA_/install/android_ros2_server:/home/rhobtor/PHD/ARGOSJ8_IA/ARGOSJ8_IA_/install/GUI_pkg:/home/rhobtor/PHD/model_terrain_ugv/Model_terrain_ugv/install/model_terrain:/opt/ros/humble /usr/bin/cmake --install /home/rhobtor/PHD/j8_control/J8_control/build/argj801_ctl_platform_interfaces
[14.606s] DEBUG:colcon.colcon_core.event_handler.log_command:Invoked command in '/home/rhobtor/PHD/j8_control/J8_control/build/hector_gazebo_plugins' returned '0': CMAKE_PREFIX_PATH=${CMAKE_PREFIX_PATH}:/home/rhobtor/PHD/path_dem/install_navigation/path_dem:/home/rhobtor/PHD/path_dem/install/path_dem:/home/rhobtor/PHD/install_global_belief_final/path_dem:/home/rhobtor/PHD/ARGOSJ8_IA/ARGOSJ8_IA_/install/car:/home/rhobtor/PHD/ARGOSJ8_IA/ARGOSJ8_IA_/install/ntrip_client:/home/rhobtor/PHD/ARGOSJ8_IA/ARGOSJ8_IA_/install/j8_gui:/home/rhobtor/PHD/ARGOSJ8_IA/ARGOSJ8_IA_/install/gui:/home/rhobtor/PHD/ARGOSJ8_IA/ARGOSJ8_IA_/install/android_ros2_server:/home/rhobtor/PHD/ARGOSJ8_IA/ARGOSJ8_IA_/install/GUI_pkg:/home/rhobtor/PHD/model_terrain_ugv/Model_terrain_ugv/install/model_terrain:/opt/ros/humble /usr/bin/cmake /home/rhobtor/PHD/j8_control/J8_control/src/hector_gazebo -DCMAKE_INSTALL_PREFIX=/home/rhobtor/PHD/j8_control/J8_control/install/hector_gazebo_plugins
[14.607s] DEBUG:colcon.colcon_core.event_handler.log_command:Invoking command in '/home/rhobtor/PHD/j8_control/J8_control/build/hector_gazebo_plugins': CMAKE_PREFIX_PATH=${CMAKE_PREFIX_PATH}:/home/rhobtor/PHD/path_dem/install_navigation/path_dem:/home/rhobtor/PHD/path_dem/install/path_dem:/home/rhobtor/PHD/install_global_belief_final/path_dem:/home/rhobtor/PHD/ARGOSJ8_IA/ARGOSJ8_IA_/install/car:/home/rhobtor/PHD/ARGOSJ8_IA/ARGOSJ8_IA_/install/ntrip_client:/home/rhobtor/PHD/ARGOSJ8_IA/ARGOSJ8_IA_/install/j8_gui:/home/rhobtor/PHD/ARGOSJ8_IA/ARGOSJ8_IA_/install/gui:/home/rhobtor/PHD/ARGOSJ8_IA/ARGOSJ8_IA_/install/android_ros2_server:/home/rhobtor/PHD/ARGOSJ8_IA/ARGOSJ8_IA_/install/GUI_pkg:/home/rhobtor/PHD/model_terrain_ugv/Model_terrain_ugv/install/model_terrain:/opt/ros/humble /usr/bin/cmake --build /home/rhobtor/PHD/j8_control/J8_control/build/hector_gazebo_plugins -- -j20 -l20
[15.999s] DEBUG:colcon.colcon_core.event_handler.log_command:Invoked command in '/home/rhobtor/PHD/j8_control/J8_control/build/ublox_msgs' returned '0': AMENT_PREFIX_PATH=/home/rhobtor/PHD/j8_control/J8_control/install/ublox_serialization:${AMENT_PREFIX_PATH} CMAKE_PREFIX_PATH=/home/rhobtor/PHD/j8_control/J8_control/install/ublox_serialization:/home/rhobtor/PHD/ARGOSJ8_IA/ARGOSJ8_IA_/install/wiimote_msgs:/home/rhobtor/PHD/ARGOSJ8_IA/ARGOSJ8_IA_/install/ublox:/home/rhobtor/PHD/ARGOSJ8_IA/ARGOSJ8_IA_/install/ublox_gps:/home/rhobtor/PHD/ARGOSJ8_IA/ARGOSJ8_IA_/install/security_check:/home/rhobtor/PHD/ARGOSJ8_IA/ARGOSJ8_IA_/install/ctl_mission:/home/rhobtor/PHD/ARGOSJ8_IA/ARGOSJ8_IA_/install/ublox_msgs:/home/rhobtor/PHD/ARGOSJ8_IA/ARGOSJ8_IA_/install/ublox_serialization:/home/rhobtor/PHD/ARGOSJ8_IA/ARGOSJ8_IA_/install/spacenav:/home/rhobtor/PHD/ARGOSJ8_IA/ARGOSJ8_IA_/install/laser_segmentation:/home/rhobtor/PHD/ARGOSJ8_IA/ARGOSJ8_IA_/install/slg_msgs:/home/rhobtor/PHD/ARGOSJ8_IA/ARGOSJ8_IA_/install/security_check_interfaces:/home/rhobtor/PHD/ARGOSJ8_IA/ARGOSJ8_IA_/install/joy:/home/rhobtor/PHD/ARGOSJ8_IA/ARGOSJ8_IA_/install/sdl2_vendor:/home/rhobtor/PHD/ARGOSJ8_IA/ARGOSJ8_IA_/install/path_manager:/home/rhobtor/PHD/ARGOSJ8_IA/ARGOSJ8_IA_/install/path_manager_interfaces:/home/rhobtor/PHD/ARGOSJ8_IA/ARGOSJ8_IA_/install/joy_linux:/home/rhobtor/PHD/ARGOSJ8_IA/ARGOSJ8_IA_/install/j8_xacro_model:/home/rhobtor/PHD/ARGOSJ8_IA/ARGOSJ8_IA_/install/hikmicro_thermal_camera:/home/rhobtor/PHD/ARGOSJ8_IA/ARGOSJ8_IA_/install/hector_gazebo_plugins:/home/rhobtor/PHD/ARGOSJ8_IA/ARGOSJ8_IA_/install/fixposition_sensor_pkg:/home/rhobtor/PHD/ARGOSJ8_IA/ARGOSJ8_IA_/install/fixposition_odometry_converter_ros2:/home/rhobtor/PHD/ARGOSJ8_IA/ARGOSJ8_IA_/install/fixposition_driver_ros2:/home/rhobtor/PHD/ARGOSJ8_IA/ARGOSJ8_IA_/install/fixposition_driver_lib:/home/rhobtor/PHD/ARGOSJ8_IA/ARGOSJ8_IA_/install/fixposition_gnss_tf:/home/rhobtor/PHD/ARGOSJ8_IA/ARGOSJ8_IA_/install/ctl_mission_interfaces:/home/rhobtor/PHD/ARGOSJ8_IA/ARGOSJ8_IA_/install/car_cpp:/home/rhobtor/PHD/ARGOSJ8_IA/ARGOSJ8_IA_/install/car_interfaces:/home/rhobtor/PHD/ARGOSJ8_IA/ARGOSJ8_IA_/install/argj801_setup:/home/rhobtor/PHD/ARGOSJ8_IA/ARGOSJ8_IA_/install/argj801_sensors:/home/rhobtor/PHD/ARGOSJ8_IA/ARGOSJ8_IA_/install/argj801_sensors_msgs:/home/rhobtor/PHD/ARGOSJ8_IA/ARGOSJ8_IA_/install/argj801_ctl_platform:/home/rhobtor/PHD/ARGOSJ8_IA/ARGOSJ8_IA_/install/argj801_ctl_platform_interfaces:/home/rhobtor/PHD/model_terrain_ugv/Model_terrain_ugv/install/model_terrain_cpp:/home/rhobtor/PHD/path_dem/install_navigation/path_dem:/home/rhobtor/PHD/path_dem/install/path_dem:/home/rhobtor/PHD/install_global_belief_final/path_dem:/home/rhobtor/PHD/ARGOSJ8_IA/ARGOSJ8_IA_/install/car:/home/rhobtor/PHD/ARGOSJ8_IA/ARGOSJ8_IA_/install/ntrip_client:/home/rhobtor/PHD/ARGOSJ8_IA/ARGOSJ8_IA_/install/j8_gui:/home/rhobtor/PHD/ARGOSJ8_IA/ARGOSJ8_IA_/install/gui:/home/rhobtor/PHD/ARGOSJ8_IA/ARGOSJ8_IA_/install/android_ros2_server:/home/rhobtor/PHD/ARGOSJ8_IA/ARGOSJ8_IA_/install/GUI_pkg:/home/rhobtor/PHD/model_terrain_ugv/Model_terrain_ugv/install/model_terrain:/opt/ros/humble /usr/bin/cmake /home/rhobtor/PHD/j8_control/J8_control/src/argo_drivers_pkgs/ublox/ublox_msgs -DCMAKE_INSTALL_PREFIX=/home/rhobtor/PHD/j8_control/J8_control/install/ublox_msgs
[16.000s] DEBUG:colcon.colcon_core.event_handler.log_command:Invoking command in '/home/rhobtor/PHD/j8_control/J8_control/build/ublox_msgs': AMENT_PREFIX_PATH=/home/rhobtor/PHD/j8_control/J8_control/install/ublox_serialization:${AMENT_PREFIX_PATH} CMAKE_PREFIX_PATH=/home/rhobtor/PHD/j8_control/J8_control/install/ublox_serialization:/home/rhobtor/PHD/ARGOSJ8_IA/ARGOSJ8_IA_/install/wiimote_msgs:/home/rhobtor/PHD/ARGOSJ8_IA/ARGOSJ8_IA_/install/ublox:/home/rhobtor/PHD/ARGOSJ8_IA/ARGOSJ8_IA_/install/ublox_gps:/home/rhobtor/PHD/ARGOSJ8_IA/ARGOSJ8_IA_/install/security_check:/home/rhobtor/PHD/ARGOSJ8_IA/ARGOSJ8_IA_/install/ctl_mission:/home/rhobtor/PHD/ARGOSJ8_IA/ARGOSJ8_IA_/install/ublox_msgs:/home/rhobtor/PHD/ARGOSJ8_IA/ARGOSJ8_IA_/install/ublox_serialization:/home/rhobtor/PHD/ARGOSJ8_IA/ARGOSJ8_IA_/install/spacenav:/home/rhobtor/PHD/ARGOSJ8_IA/ARGOSJ8_IA_/install/laser_segmentation:/home/rhobtor/PHD/ARGOSJ8_IA/ARGOSJ8_IA_/install/slg_msgs:/home/rhobtor/PHD/ARGOSJ8_IA/ARGOSJ8_IA_/install/security_check_interfaces:/home/rhobtor/PHD/ARGOSJ8_IA/ARGOSJ8_IA_/install/joy:/home/rhobtor/PHD/ARGOSJ8_IA/ARGOSJ8_IA_/install/sdl2_vendor:/home/rhobtor/PHD/ARGOSJ8_IA/ARGOSJ8_IA_/install/path_manager:/home/rhobtor/PHD/ARGOSJ8_IA/ARGOSJ8_IA_/install/path_manager_interfaces:/home/rhobtor/PHD/ARGOSJ8_IA/ARGOSJ8_IA_/install/joy_linux:/home/rhobtor/PHD/ARGOSJ8_IA/ARGOSJ8_IA_/install/j8_xacro_model:/home/rhobtor/PHD/ARGOSJ8_IA/ARGOSJ8_IA_/install/hikmicro_thermal_camera:/home/rhobtor/PHD/ARGOSJ8_IA/ARGOSJ8_IA_/install/hector_gazebo_plugins:/home/rhobtor/PHD/ARGOSJ8_IA/ARGOSJ8_IA_/install/fixposition_sensor_pkg:/home/rhobtor/PHD/ARGOSJ8_IA/ARGOSJ8_IA_/install/fixposition_odometry_converter_ros2:/home/rhobtor/PHD/ARGOSJ8_IA/ARGOSJ8_IA_/install/fixposition_driver_ros2:/home/rhobtor/PHD/ARGOSJ8_IA/ARGOSJ8_IA_/install/fixposition_driver_lib:/home/rhobtor/PHD/ARGOSJ8_IA/ARGOSJ8_IA_/install/fixposition_gnss_tf:/home/rhobtor/PHD/ARGOSJ8_IA/ARGOSJ8_IA_/install/ctl_mission_interfaces:/home/rhobtor/PHD/ARGOSJ8_IA/ARGOSJ8_IA_/install/car_cpp:/home/rhobtor/PHD/ARGOSJ8_IA/ARGOSJ8_IA_/install/car_interfaces:/home/rhobtor/PHD/ARGOSJ8_IA/ARGOSJ8_IA_/install/argj801_setup:/home/rhobtor/PHD/ARGOSJ8_IA/ARGOSJ8_IA_/install/argj801_sensors:/home/rhobtor/PHD/ARGOSJ8_IA/ARGOSJ8_IA_/install/argj801_sensors_msgs:/home/rhobtor/PHD/ARGOSJ8_IA/ARGOSJ8_IA_/install/argj801_ctl_platform:/home/rhobtor/PHD/ARGOSJ8_IA/ARGOSJ8_IA_/install/argj801_ctl_platform_interfaces:/home/rhobtor/PHD/model_terrain_ugv/Model_terrain_ugv/install/model_terrain_cpp:/home/rhobtor/PHD/path_dem/install_navigation/path_dem:/home/rhobtor/PHD/path_dem/install/path_dem:/home/rhobtor/PHD/install_global_belief_final/path_dem:/home/rhobtor/PHD/ARGOSJ8_IA/ARGOSJ8_IA_/install/car:/home/rhobtor/PHD/ARGOSJ8_IA/ARGOSJ8_IA_/install/ntrip_client:/home/rhobtor/PHD/ARGOSJ8_IA/ARGOSJ8_IA_/install/j8_gui:/home/rhobtor/PHD/ARGOSJ8_IA/ARGOSJ8_IA_/install/gui:/home/rhobtor/PHD/ARGOSJ8_IA/ARGOSJ8_IA_/install/android_ros2_server:/home/rhobtor/PHD/ARGOSJ8_IA/ARGOSJ8_IA_/install/GUI_pkg:/home/rhobtor/PHD/model_terrain_ugv/Model_terrain_ugv/install/model_terrain:/opt/ros/humble /usr/bin/cmake --build /home/rhobtor/PHD/j8_control/J8_control/build/ublox_msgs -- -j20 -l20
[16.241s] Level 1:colcon.colcon_core.environment:create_environment_scripts_only(argj801_ctl_platform_interfaces)
[16.241s] Level 1:colcon.colcon_core.environment:checking '/home/rhobtor/PHD/j8_control/J8_control/install/argj801_ctl_platform_interfaces' for CMake module files
[16.243s] Level 1:colcon.colcon_core.environment:checking '/home/rhobtor/PHD/j8_control/J8_control/install/argj801_ctl_platform_interfaces' for CMake config files
[16.243s] Level 1:colcon.colcon_core.shell:create_environment_hook('argj801_ctl_platform_interfaces', 'cmake_prefix_path')
[16.245s] INFO:colcon.colcon_core.shell:Creating environment hook '/home/rhobtor/PHD/j8_control/J8_control/install/argj801_ctl_platform_interfaces/share/argj801_ctl_platform_interfaces/hook/cmake_prefix_path.ps1'
[16.250s] INFO:colcon.colcon_core.shell:Creating environment descriptor '/home/rhobtor/PHD/j8_control/J8_control/install/argj801_ctl_platform_interfaces/share/argj801_ctl_platform_interfaces/hook/cmake_prefix_path.dsv'
[16.251s] INFO:colcon.colcon_core.shell:Creating environment hook '/home/rhobtor/PHD/j8_control/J8_control/install/argj801_ctl_platform_interfaces/share/argj801_ctl_platform_interfaces/hook/cmake_prefix_path.sh'
[16.251s] Level 1:colcon.colcon_core.environment:checking '/home/rhobtor/PHD/j8_control/J8_control/install/argj801_ctl_platform_interfaces/lib'
[16.252s] Level 1:colcon.colcon_core.shell:create_environment_hook('argj801_ctl_platform_interfaces', 'ld_library_path_lib')
[16.252s] INFO:colcon.colcon_core.shell:Creating environment hook '/home/rhobtor/PHD/j8_control/J8_control/install/argj801_ctl_platform_interfaces/share/argj801_ctl_platform_interfaces/hook/ld_library_path_lib.ps1'
[16.252s] INFO:colcon.colcon_core.shell:Creating environment descriptor '/home/rhobtor/PHD/j8_control/J8_control/install/argj801_ctl_platform_interfaces/share/argj801_ctl_platform_interfaces/hook/ld_library_path_lib.dsv'
[16.249s] DEBUG:colcon.colcon_core.event_handler.log_command:Invoked command in '/home/rhobtor/PHD/j8_control/J8_control/build/argj801_ctl_platform_interfaces' returned '0': CMAKE_PREFIX_PATH=${CMAKE_PREFIX_PATH}:/home/rhobtor/PHD/path_dem/install_navigation/path_dem:/home/rhobtor/PHD/path_dem/install/path_dem:/home/rhobtor/PHD/install_global_belief_final/path_dem:/home/rhobtor/PHD/ARGOSJ8_IA/ARGOSJ8_IA_/install/car:/home/rhobtor/PHD/ARGOSJ8_IA/ARGOSJ8_IA_/install/ntrip_client:/home/rhobtor/PHD/ARGOSJ8_IA/ARGOSJ8_IA_/install/j8_gui:/home/rhobtor/PHD/ARGOSJ8_IA/ARGOSJ8_IA_/install/gui:/home/rhobtor/PHD/ARGOSJ8_IA/ARGOSJ8_IA_/install/android_ros2_server:/home/rhobtor/PHD/ARGOSJ8_IA/ARGOSJ8_IA_/install/GUI_pkg:/home/rhobtor/PHD/model_terrain_ugv/Model_terrain_ugv/install/model_terrain:/opt/ros/humble /usr/bin/cmake --install /home/rhobtor/PHD/j8_control/J8_control/build/argj801_ctl_platform_interfaces
[16.257s] INFO:colcon.colcon_core.shell:Creating environment hook '/home/rhobtor/PHD/j8_control/J8_control/install/argj801_ctl_platform_interfaces/share/argj801_ctl_platform_interfaces/hook/ld_library_path_lib.sh'
[16.258s] Level 1:colcon.colcon_core.environment:checking '/home/rhobtor/PHD/j8_control/J8_control/install/argj801_ctl_platform_interfaces/bin'
[16.258s] Level 1:colcon.colcon_core.environment:checking '/home/rhobtor/PHD/j8_control/J8_control/install/argj801_ctl_platform_interfaces/lib/pkgconfig/argj801_ctl_platform_interfaces.pc'
[16.259s] Level 1:colcon.colcon_core.environment:checking '/home/rhobtor/PHD/j8_control/J8_control/install/argj801_ctl_platform_interfaces/lib/python3.10/site-packages'
[16.259s] Level 1:colcon.colcon_core.environment:checking '/home/rhobtor/PHD/j8_control/J8_control/install/argj801_ctl_platform_interfaces/bin'
[16.263s] INFO:colcon.colcon_core.shell:Creating package script '/home/rhobtor/PHD/j8_control/J8_control/install/argj801_ctl_platform_interfaces/share/argj801_ctl_platform_interfaces/package.ps1'
[16.264s] INFO:colcon.colcon_core.shell:Creating package descriptor '/home/rhobtor/PHD/j8_control/J8_control/install/argj801_ctl_platform_interfaces/share/argj801_ctl_platform_interfaces/package.dsv'
[16.265s] INFO:colcon.colcon_core.shell:Creating package script '/home/rhobtor/PHD/j8_control/J8_control/install/argj801_ctl_platform_interfaces/share/argj801_ctl_platform_interfaces/package.sh'
[16.266s] INFO:colcon.colcon_core.shell:Creating package script '/home/rhobtor/PHD/j8_control/J8_control/install/argj801_ctl_platform_interfaces/share/argj801_ctl_platform_interfaces/package.bash'
[16.270s] INFO:colcon.colcon_core.shell:Creating package script '/home/rhobtor/PHD/j8_control/J8_control/install/argj801_ctl_platform_interfaces/share/argj801_ctl_platform_interfaces/package.zsh'
[16.271s] Level 1:colcon.colcon_core.environment:create_file_with_runtime_dependencies(/home/rhobtor/PHD/j8_control/J8_control/install/argj801_ctl_platform_interfaces/share/colcon-core/packages/argj801_ctl_platform_interfaces)
[16.272s] Level 1:colcon.colcon_core.environment:create_environment_scripts_only(argj801_ctl_platform_interfaces)
[16.272s] Level 1:colcon.colcon_core.environment:checking '/home/rhobtor/PHD/j8_control/J8_control/install/argj801_ctl_platform_interfaces' for CMake module files
[16.273s] Level 1:colcon.colcon_core.environment:checking '/home/rhobtor/PHD/j8_control/J8_control/install/argj801_ctl_platform_interfaces' for CMake config files
[16.274s] Level 1:colcon.colcon_core.shell:create_environment_hook('argj801_ctl_platform_interfaces', 'cmake_prefix_path')
[16.274s] INFO:colcon.colcon_core.shell:Creating environment hook '/home/rhobtor/PHD/j8_control/J8_control/install/argj801_ctl_platform_interfaces/share/argj801_ctl_platform_interfaces/hook/cmake_prefix_path.ps1'
[16.281s] INFO:colcon.colcon_core.shell:Creating environment descriptor '/home/rhobtor/PHD/j8_control/J8_control/install/argj801_ctl_platform_interfaces/share/argj801_ctl_platform_interfaces/hook/cmake_prefix_path.dsv'
[16.282s] INFO:colcon.colcon_core.shell:Creating environment hook '/home/rhobtor/PHD/j8_control/J8_control/install/argj801_ctl_platform_interfaces/share/argj801_ctl_platform_interfaces/hook/cmake_prefix_path.sh'
[16.283s] Level 1:colcon.colcon_core.environment:checking '/home/rhobtor/PHD/j8_control/J8_control/install/argj801_ctl_platform_interfaces/lib'
[16.283s] Level 1:colcon.colcon_core.shell:create_environment_hook('argj801_ctl_platform_interfaces', 'ld_library_path_lib')
[16.283s] INFO:colcon.colcon_core.shell:Creating environment hook '/home/rhobtor/PHD/j8_control/J8_control/install/argj801_ctl_platform_interfaces/share/argj801_ctl_platform_interfaces/hook/ld_library_path_lib.ps1'
[16.288s] INFO:colcon.colcon_core.shell:Creating environment descriptor '/home/rhobtor/PHD/j8_control/J8_control/install/argj801_ctl_platform_interfaces/share/argj801_ctl_platform_interfaces/hook/ld_library_path_lib.dsv'
[16.289s] INFO:colcon.colcon_core.shell:Creating environment hook '/home/rhobtor/PHD/j8_control/J8_control/install/argj801_ctl_platform_interfaces/share/argj801_ctl_platform_interfaces/hook/ld_library_path_lib.sh'
[16.290s] Level 1:colcon.colcon_core.environment:checking '/home/rhobtor/PHD/j8_control/J8_control/install/argj801_ctl_platform_interfaces/bin'
[16.290s] Level 1:colcon.colcon_core.environment:checking '/home/rhobtor/PHD/j8_control/J8_control/install/argj801_ctl_platform_interfaces/lib/pkgconfig/argj801_ctl_platform_interfaces.pc'
[16.290s] Level 1:colcon.colcon_core.environment:checking '/home/rhobtor/PHD/j8_control/J8_control/install/argj801_ctl_platform_interfaces/lib/python3.10/site-packages'
[16.290s] Level 1:colcon.colcon_core.environment:checking '/home/rhobtor/PHD/j8_control/J8_control/install/argj801_ctl_platform_interfaces/bin'
[16.294s] INFO:colcon.colcon_core.shell:Creating package script '/home/rhobtor/PHD/j8_control/J8_control/install/argj801_ctl_platform_interfaces/share/argj801_ctl_platform_interfaces/package.ps1'
[16.296s] INFO:colcon.colcon_core.shell:Creating package descriptor '/home/rhobtor/PHD/j8_control/J8_control/install/argj801_ctl_platform_interfaces/share/argj801_ctl_platform_interfaces/package.dsv'
[16.296s] INFO:colcon.colcon_core.shell:Creating package script '/home/rhobtor/PHD/j8_control/J8_control/install/argj801_ctl_platform_interfaces/share/argj801_ctl_platform_interfaces/package.sh'
[16.301s] INFO:colcon.colcon_core.shell:Creating package script '/home/rhobtor/PHD/j8_control/J8_control/install/argj801_ctl_platform_interfaces/share/argj801_ctl_platform_interfaces/package.bash'
[16.302s] INFO:colcon.colcon_core.shell:Creating package script '/home/rhobtor/PHD/j8_control/J8_control/install/argj801_ctl_platform_interfaces/share/argj801_ctl_platform_interfaces/package.zsh'
[16.303s] Level 1:colcon.colcon_core.environment:create_file_with_runtime_dependencies(/home/rhobtor/PHD/j8_control/J8_control/install/argj801_ctl_platform_interfaces/share/colcon-core/packages/argj801_ctl_platform_interfaces)
[16.304s] INFO:colcon.colcon_ros.task.ament_cmake.build:Building ROS package in '/home/rhobtor/PHD/j8_control/J8_control/src/argj801_ctl_platform/argj801_ctl_platform' with build type 'ament_cmake'
[16.308s] INFO:colcon.colcon_cmake.task.cmake.build:Building CMake package in '/home/rhobtor/PHD/j8_control/J8_control/src/argj801_ctl_platform/argj801_ctl_platform'
[16.309s] INFO:colcon.colcon_core.shell:Skip shell extension 'powershell' for command environment: Not usable outside of PowerShell
[16.309s] DEBUG:colcon.colcon_core.shell:Skip shell extension 'dsv' for command environment
[16.332s] INFO:colcon.colcon_ros.task.ament_cmake.build:Building ROS package in '/home/rhobtor/PHD/j8_control/J8_control/src/argo_drivers_pkgs/argj801_sensors/argj801_sensors' with build type 'ament_cmake'
[16.333s] INFO:colcon.colcon_cmake.task.cmake.build:Building CMake package in '/home/rhobtor/PHD/j8_control/J8_control/src/argo_drivers_pkgs/argj801_sensors/argj801_sensors'
[16.333s] INFO:colcon.colcon_core.shell:Skip shell extension 'powershell' for command environment: Not usable outside of PowerShell
[16.333s] DEBUG:colcon.colcon_core.shell:Skip shell extension 'dsv' for command environment
[16.388s] DEBUG:colcon.colcon_core.event_handler.log_command:Invoking command in '/home/rhobtor/PHD/j8_control/J8_control/build/argj801_ctl_platform': AMENT_PREFIX_PATH=/home/rhobtor/PHD/j8_control/J8_control/install/argj801_ctl_platform_interfaces:${AMENT_PREFIX_PATH} CMAKE_PREFIX_PATH=/home/rhobtor/PHD/j8_control/J8_control/install/argj801_ctl_platform_interfaces:/home/rhobtor/PHD/ARGOSJ8_IA/ARGOSJ8_IA_/install/wiimote_msgs:/home/rhobtor/PHD/ARGOSJ8_IA/ARGOSJ8_IA_/install/ublox:/home/rhobtor/PHD/ARGOSJ8_IA/ARGOSJ8_IA_/install/ublox_gps:/home/rhobtor/PHD/ARGOSJ8_IA/ARGOSJ8_IA_/install/security_check:/home/rhobtor/PHD/ARGOSJ8_IA/ARGOSJ8_IA_/install/ctl_mission:/home/rhobtor/PHD/ARGOSJ8_IA/ARGOSJ8_IA_/install/ublox_msgs:/home/rhobtor/PHD/ARGOSJ8_IA/ARGOSJ8_IA_/install/ublox_serialization:/home/rhobtor/PHD/ARGOSJ8_IA/ARGOSJ8_IA_/install/spacenav:/home/rhobtor/PHD/ARGOSJ8_IA/ARGOSJ8_IA_/install/laser_segmentation:/home/rhobtor/PHD/ARGOSJ8_IA/ARGOSJ8_IA_/install/slg_msgs:/home/rhobtor/PHD/ARGOSJ8_IA/ARGOSJ8_IA_/install/security_check_interfaces:/home/rhobtor/PHD/ARGOSJ8_IA/ARGOSJ8_IA_/install/joy:/home/rhobtor/PHD/ARGOSJ8_IA/ARGOSJ8_IA_/install/sdl2_vendor:/home/rhobtor/PHD/ARGOSJ8_IA/ARGOSJ8_IA_/install/path_manager:/home/rhobtor/PHD/ARGOSJ8_IA/ARGOSJ8_IA_/install/path_manager_interfaces:/home/rhobtor/PHD/ARGOSJ8_IA/ARGOSJ8_IA_/install/joy_linux:/home/rhobtor/PHD/ARGOSJ8_IA/ARGOSJ8_IA_/install/j8_xacro_model:/home/rhobtor/PHD/ARGOSJ8_IA/ARGOSJ8_IA_/install/hikmicro_thermal_camera:/home/rhobtor/PHD/ARGOSJ8_IA/ARGOSJ8_IA_/install/hector_gazebo_plugins:/home/rhobtor/PHD/ARGOSJ8_IA/ARGOSJ8_IA_/install/fixposition_sensor_pkg:/home/rhobtor/PHD/ARGOSJ8_IA/ARGOSJ8_IA_/install/fixposition_odometry_converter_ros2:/home/rhobtor/PHD/ARGOSJ8_IA/ARGOSJ8_IA_/install/fixposition_driver_ros2:/home/rhobtor/PHD/ARGOSJ8_IA/ARGOSJ8_IA_/install/fixposition_driver_lib:/home/rhobtor/PHD/ARGOSJ8_IA/ARGOSJ8_IA_/install/fixposition_gnss_tf:/home/rhobtor/PHD/ARGOSJ8_IA/ARGOSJ8_IA_/install/ctl_mission_interfaces:/home/rhobtor/PHD/ARGOSJ8_IA/ARGOSJ8_IA_/install/car_cpp:/home/rhobtor/PHD/ARGOSJ8_IA/ARGOSJ8_IA_/install/car_interfaces:/home/rhobtor/PHD/ARGOSJ8_IA/ARGOSJ8_IA_/install/argj801_setup:/home/rhobtor/PHD/ARGOSJ8_IA/ARGOSJ8_IA_/install/argj801_sensors:/home/rhobtor/PHD/ARGOSJ8_IA/ARGOSJ8_IA_/install/argj801_sensors_msgs:/home/rhobtor/PHD/ARGOSJ8_IA/ARGOSJ8_IA_/install/argj801_ctl_platform:/home/rhobtor/PHD/ARGOSJ8_IA/ARGOSJ8_IA_/install/argj801_ctl_platform_interfaces:/home/rhobtor/PHD/model_terrain_ugv/Model_terrain_ugv/install/model_terrain_cpp:/home/rhobtor/PHD/path_dem/install_navigation/path_dem:/home/rhobtor/PHD/path_dem/install/path_dem:/home/rhobtor/PHD/install_global_belief_final/path_dem:/home/rhobtor/PHD/ARGOSJ8_IA/ARGOSJ8_IA_/install/car:/home/rhobtor/PHD/ARGOSJ8_IA/ARGOSJ8_IA_/install/ntrip_client:/home/rhobtor/PHD/ARGOSJ8_IA/ARGOSJ8_IA_/install/j8_gui:/home/rhobtor/PHD/ARGOSJ8_IA/ARGOSJ8_IA_/install/gui:/home/rhobtor/PHD/ARGOSJ8_IA/ARGOSJ8_IA_/install/android_ros2_server:/home/rhobtor/PHD/ARGOSJ8_IA/ARGOSJ8_IA_/install/GUI_pkg:/home/rhobtor/PHD/model_terrain_ugv/Model_terrain_ugv/install/model_terrain:/opt/ros/humble LD_LIBRARY_PATH=/home/rhobtor/PHD/j8_control/J8_control/install/argj801_ctl_platform_interfaces/lib:${LD_LIBRARY_PATH} PYTHONPATH=/home/rhobtor/PHD/j8_control/J8_control/install/argj801_ctl_platform_interfaces/local/lib/python3.10/dist-packages:${PYTHONPATH} /usr/bin/cmake /home/rhobtor/PHD/j8_control/J8_control/src/argj801_ctl_platform/argj801_ctl_platform -DCMAKE_INSTALL_PREFIX=/home/rhobtor/PHD/j8_control/J8_control/install/argj801_ctl_platform
[16.416s] DEBUG:colcon.colcon_core.event_handler.log_command:Invoking command in '/home/rhobtor/PHD/j8_control/J8_control/build/argj801_sensors': AMENT_PREFIX_PATH=/home/rhobtor/PHD/j8_control/J8_control/install/argj801_sensors_msgs:/home/rhobtor/PHD/j8_control/J8_control/install/argj801_ctl_platform_interfaces:${AMENT_PREFIX_PATH} CMAKE_PREFIX_PATH=/home/rhobtor/PHD/j8_control/J8_control/install/argj801_sensors_msgs:/home/rhobtor/PHD/j8_control/J8_control/install/argj801_ctl_platform_interfaces:/home/rhobtor/PHD/ARGOSJ8_IA/ARGOSJ8_IA_/install/wiimote_msgs:/home/rhobtor/PHD/ARGOSJ8_IA/ARGOSJ8_IA_/install/ublox:/home/rhobtor/PHD/ARGOSJ8_IA/ARGOSJ8_IA_/install/ublox_gps:/home/rhobtor/PHD/ARGOSJ8_IA/ARGOSJ8_IA_/install/security_check:/home/rhobtor/PHD/ARGOSJ8_IA/ARGOSJ8_IA_/install/ctl_mission:/home/rhobtor/PHD/ARGOSJ8_IA/ARGOSJ8_IA_/install/ublox_msgs:/home/rhobtor/PHD/ARGOSJ8_IA/ARGOSJ8_IA_/install/ublox_serialization:/home/rhobtor/PHD/ARGOSJ8_IA/ARGOSJ8_IA_/install/spacenav:/home/rhobtor/PHD/ARGOSJ8_IA/ARGOSJ8_IA_/install/laser_segmentation:/home/rhobtor/PHD/ARGOSJ8_IA/ARGOSJ8_IA_/install/slg_msgs:/home/rhobtor/PHD/ARGOSJ8_IA/ARGOSJ8_IA_/install/security_check_interfaces:/home/rhobtor/PHD/ARGOSJ8_IA/ARGOSJ8_IA_/install/joy:/home/rhobtor/PHD/ARGOSJ8_IA/ARGOSJ8_IA_/install/sdl2_vendor:/home/rhobtor/PHD/ARGOSJ8_IA/ARGOSJ8_IA_/install/path_manager:/home/rhobtor/PHD/ARGOSJ8_IA/ARGOSJ8_IA_/install/path_manager_interfaces:/home/rhobtor/PHD/ARGOSJ8_IA/ARGOSJ8_IA_/install/joy_linux:/home/rhobtor/PHD/ARGOSJ8_IA/ARGOSJ8_IA_/install/j8_xacro_model:/home/rhobtor/PHD/ARGOSJ8_IA/ARGOSJ8_IA_/install/hikmicro_thermal_camera:/home/rhobtor/PHD/ARGOSJ8_IA/ARGOSJ8_IA_/install/hector_gazebo_plugins:/home/rhobtor/PHD/ARGOSJ8_IA/ARGOSJ8_IA_/install/fixposition_sensor_pkg:/home/rhobtor/PHD/ARGOSJ8_IA/ARGOSJ8_IA_/install/fixposition_odometry_converter_ros2:/home/rhobtor/PHD/ARGOSJ8_IA/ARGOSJ8_IA_/install/fixposition_driver_ros2:/home/rhobtor/PHD/ARGOSJ8_IA/ARGOSJ8_IA_/install/fixposition_driver_lib:/home/rhobtor/PHD/ARGOSJ8_IA/ARGOSJ8_IA_/install/fixposition_gnss_tf:/home/rhobtor/PHD/ARGOSJ8_IA/ARGOSJ8_IA_/install/ctl_mission_interfaces:/home/rhobtor/PHD/ARGOSJ8_IA/ARGOSJ8_IA_/install/car_cpp:/home/rhobtor/PHD/ARGOSJ8_IA/ARGOSJ8_IA_/install/car_interfaces:/home/rhobtor/PHD/ARGOSJ8_IA/ARGOSJ8_IA_/install/argj801_setup:/home/rhobtor/PHD/ARGOSJ8_IA/ARGOSJ8_IA_/install/argj801_sensors:/home/rhobtor/PHD/ARGOSJ8_IA/ARGOSJ8_IA_/install/argj801_sensors_msgs:/home/rhobtor/PHD/ARGOSJ8_IA/ARGOSJ8_IA_/install/argj801_ctl_platform:/home/rhobtor/PHD/ARGOSJ8_IA/ARGOSJ8_IA_/install/argj801_ctl_platform_interfaces:/home/rhobtor/PHD/model_terrain_ugv/Model_terrain_ugv/install/model_terrain_cpp:/home/rhobtor/PHD/path_dem/install_navigation/path_dem:/home/rhobtor/PHD/path_dem/install/path_dem:/home/rhobtor/PHD/install_global_belief_final/path_dem:/home/rhobtor/PHD/ARGOSJ8_IA/ARGOSJ8_IA_/install/car:/home/rhobtor/PHD/ARGOSJ8_IA/ARGOSJ8_IA_/install/ntrip_client:/home/rhobtor/PHD/ARGOSJ8_IA/ARGOSJ8_IA_/install/j8_gui:/home/rhobtor/PHD/ARGOSJ8_IA/ARGOSJ8_IA_/install/gui:/home/rhobtor/PHD/ARGOSJ8_IA/ARGOSJ8_IA_/install/android_ros2_server:/home/rhobtor/PHD/ARGOSJ8_IA/ARGOSJ8_IA_/install/GUI_pkg:/home/rhobtor/PHD/model_terrain_ugv/Model_terrain_ugv/install/model_terrain:/opt/ros/humble LD_LIBRARY_PATH=/home/rhobtor/PHD/j8_control/J8_control/install/argj801_sensors_msgs/lib:/home/rhobtor/PHD/j8_control/J8_control/install/argj801_ctl_platform_interfaces/lib:${LD_LIBRARY_PATH} PYTHONPATH=/home/rhobtor/PHD/j8_control/J8_control/install/argj801_sensors_msgs/local/lib/python3.10/dist-packages:/home/rhobtor/PHD/j8_control/J8_control/install/argj801_ctl_platform_interfaces/local/lib/python3.10/dist-packages:${PYTHONPATH} /usr/bin/cmake /home/rhobtor/PHD/j8_control/J8_control/src/argo_drivers_pkgs/argj801_sensors/argj801_sensors -DCMAKE_INSTALL_PREFIX=/home/rhobtor/PHD/j8_control/J8_control/install/argj801_sensors
[19.672s] DEBUG:colcon.colcon_core.event_handler.log_command:Invoked command in '/home/rhobtor/PHD/j8_control/J8_control/build/path_manager_interfaces' returned '0': CMAKE_PREFIX_PATH=${CMAKE_PREFIX_PATH}:/home/rhobtor/PHD/path_dem/install_navigation/path_dem:/home/rhobtor/PHD/path_dem/install/path_dem:/home/rhobtor/PHD/install_global_belief_final/path_dem:/home/rhobtor/PHD/ARGOSJ8_IA/ARGOSJ8_IA_/install/car:/home/rhobtor/PHD/ARGOSJ8_IA/ARGOSJ8_IA_/install/ntrip_client:/home/rhobtor/PHD/ARGOSJ8_IA/ARGOSJ8_IA_/install/j8_gui:/home/rhobtor/PHD/ARGOSJ8_IA/ARGOSJ8_IA_/install/gui:/home/rhobtor/PHD/ARGOSJ8_IA/ARGOSJ8_IA_/install/android_ros2_server:/home/rhobtor/PHD/ARGOSJ8_IA/ARGOSJ8_IA_/install/GUI_pkg:/home/rhobtor/PHD/model_terrain_ugv/Model_terrain_ugv/install/model_terrain:/opt/ros/humble /usr/bin/cmake --build /home/rhobtor/PHD/j8_control/J8_control/build/path_manager_interfaces -- -j20 -l20
[19.672s] DEBUG:colcon.colcon_core.event_handler.log_command:Invoking command in '/home/rhobtor/PHD/j8_control/J8_control/build/path_manager_interfaces': CMAKE_PREFIX_PATH=${CMAKE_PREFIX_PATH}:/home/rhobtor/PHD/path_dem/install_navigation/path_dem:/home/rhobtor/PHD/path_dem/install/path_dem:/home/rhobtor/PHD/install_global_belief_final/path_dem:/home/rhobtor/PHD/ARGOSJ8_IA/ARGOSJ8_IA_/install/car:/home/rhobtor/PHD/ARGOSJ8_IA/ARGOSJ8_IA_/install/ntrip_client:/home/rhobtor/PHD/ARGOSJ8_IA/ARGOSJ8_IA_/install/j8_gui:/home/rhobtor/PHD/ARGOSJ8_IA/ARGOSJ8_IA_/install/gui:/home/rhobtor/PHD/ARGOSJ8_IA/ARGOSJ8_IA_/install/android_ros2_server:/home/rhobtor/PHD/ARGOSJ8_IA/ARGOSJ8_IA_/install/GUI_pkg:/home/rhobtor/PHD/model_terrain_ugv/Model_terrain_ugv/install/model_terrain:/opt/ros/humble /usr/bin/cmake --install /home/rhobtor/PHD/j8_control/J8_control/build/path_manager_interfaces
[19.805s] DEBUG:colcon.colcon_core.event_handler.log_command:Invoked command in '/home/rhobtor/PHD/j8_control/J8_control/build/hikmicro_thermal_camera' returned '0': CMAKE_PREFIX_PATH=${CMAKE_PREFIX_PATH}:/home/rhobtor/PHD/path_dem/install_navigation/path_dem:/home/rhobtor/PHD/path_dem/install/path_dem:/home/rhobtor/PHD/install_global_belief_final/path_dem:/home/rhobtor/PHD/ARGOSJ8_IA/ARGOSJ8_IA_/install/car:/home/rhobtor/PHD/ARGOSJ8_IA/ARGOSJ8_IA_/install/ntrip_client:/home/rhobtor/PHD/ARGOSJ8_IA/ARGOSJ8_IA_/install/j8_gui:/home/rhobtor/PHD/ARGOSJ8_IA/ARGOSJ8_IA_/install/gui:/home/rhobtor/PHD/ARGOSJ8_IA/ARGOSJ8_IA_/install/android_ros2_server:/home/rhobtor/PHD/ARGOSJ8_IA/ARGOSJ8_IA_/install/GUI_pkg:/home/rhobtor/PHD/model_terrain_ugv/Model_terrain_ugv/install/model_terrain:/opt/ros/humble /usr/bin/cmake --build /home/rhobtor/PHD/j8_control/J8_control/build/hikmicro_thermal_camera -- -j20 -l20
[19.807s] DEBUG:colcon.colcon_core.event_handler.log_command:Invoking command in '/home/rhobtor/PHD/j8_control/J8_control/build/hikmicro_thermal_camera': CMAKE_PREFIX_PATH=${CMAKE_PREFIX_PATH}:/home/rhobtor/PHD/path_dem/install_navigation/path_dem:/home/rhobtor/PHD/path_dem/install/path_dem:/home/rhobtor/PHD/install_global_belief_final/path_dem:/home/rhobtor/PHD/ARGOSJ8_IA/ARGOSJ8_IA_/install/car:/home/rhobtor/PHD/ARGOSJ8_IA/ARGOSJ8_IA_/install/ntrip_client:/home/rhobtor/PHD/ARGOSJ8_IA/ARGOSJ8_IA_/install/j8_gui:/home/rhobtor/PHD/ARGOSJ8_IA/ARGOSJ8_IA_/install/gui:/home/rhobtor/PHD/ARGOSJ8_IA/ARGOSJ8_IA_/install/android_ros2_server:/home/rhobtor/PHD/ARGOSJ8_IA/ARGOSJ8_IA_/install/GUI_pkg:/home/rhobtor/PHD/model_terrain_ugv/Model_terrain_ugv/install/model_terrain:/opt/ros/humble /usr/bin/cmake --install /home/rhobtor/PHD/j8_control/J8_control/build/hikmicro_thermal_camera
[20.818s] DEBUG:colcon.colcon_core.event_handler.log_command:Invoked command in '/home/rhobtor/PHD/j8_control/J8_control/build/argj801_ctl_platform' returned '0': AMENT_PREFIX_PATH=/home/rhobtor/PHD/j8_control/J8_control/install/argj801_ctl_platform_interfaces:${AMENT_PREFIX_PATH} CMAKE_PREFIX_PATH=/home/rhobtor/PHD/j8_control/J8_control/install/argj801_ctl_platform_interfaces:/home/rhobtor/PHD/ARGOSJ8_IA/ARGOSJ8_IA_/install/wiimote_msgs:/home/rhobtor/PHD/ARGOSJ8_IA/ARGOSJ8_IA_/install/ublox:/home/rhobtor/PHD/ARGOSJ8_IA/ARGOSJ8_IA_/install/ublox_gps:/home/rhobtor/PHD/ARGOSJ8_IA/ARGOSJ8_IA_/install/security_check:/home/rhobtor/PHD/ARGOSJ8_IA/ARGOSJ8_IA_/install/ctl_mission:/home/rhobtor/PHD/ARGOSJ8_IA/ARGOSJ8_IA_/install/ublox_msgs:/home/rhobtor/PHD/ARGOSJ8_IA/ARGOSJ8_IA_/install/ublox_serialization:/home/rhobtor/PHD/ARGOSJ8_IA/ARGOSJ8_IA_/install/spacenav:/home/rhobtor/PHD/ARGOSJ8_IA/ARGOSJ8_IA_/install/laser_segmentation:/home/rhobtor/PHD/ARGOSJ8_IA/ARGOSJ8_IA_/install/slg_msgs:/home/rhobtor/PHD/ARGOSJ8_IA/ARGOSJ8_IA_/install/security_check_interfaces:/home/rhobtor/PHD/ARGOSJ8_IA/ARGOSJ8_IA_/install/joy:/home/rhobtor/PHD/ARGOSJ8_IA/ARGOSJ8_IA_/install/sdl2_vendor:/home/rhobtor/PHD/ARGOSJ8_IA/ARGOSJ8_IA_/install/path_manager:/home/rhobtor/PHD/ARGOSJ8_IA/ARGOSJ8_IA_/install/path_manager_interfaces:/home/rhobtor/PHD/ARGOSJ8_IA/ARGOSJ8_IA_/install/joy_linux:/home/rhobtor/PHD/ARGOSJ8_IA/ARGOSJ8_IA_/install/j8_xacro_model:/home/rhobtor/PHD/ARGOSJ8_IA/ARGOSJ8_IA_/install/hikmicro_thermal_camera:/home/rhobtor/PHD/ARGOSJ8_IA/ARGOSJ8_IA_/install/hector_gazebo_plugins:/home/rhobtor/PHD/ARGOSJ8_IA/ARGOSJ8_IA_/install/fixposition_sensor_pkg:/home/rhobtor/PHD/ARGOSJ8_IA/ARGOSJ8_IA_/install/fixposition_odometry_converter_ros2:/home/rhobtor/PHD/ARGOSJ8_IA/ARGOSJ8_IA_/install/fixposition_driver_ros2:/home/rhobtor/PHD/ARGOSJ8_IA/ARGOSJ8_IA_/install/fixposition_driver_lib:/home/rhobtor/PHD/ARGOSJ8_IA/ARGOSJ8_IA_/install/fixposition_gnss_tf:/home/rhobtor/PHD/ARGOSJ8_IA/ARGOSJ8_IA_/install/ctl_mission_interfaces:/home/rhobtor/PHD/ARGOSJ8_IA/ARGOSJ8_IA_/install/car_cpp:/home/rhobtor/PHD/ARGOSJ8_IA/ARGOSJ8_IA_/install/car_interfaces:/home/rhobtor/PHD/ARGOSJ8_IA/ARGOSJ8_IA_/install/argj801_setup:/home/rhobtor/PHD/ARGOSJ8_IA/ARGOSJ8_IA_/install/argj801_sensors:/home/rhobtor/PHD/ARGOSJ8_IA/ARGOSJ8_IA_/install/argj801_sensors_msgs:/home/rhobtor/PHD/ARGOSJ8_IA/ARGOSJ8_IA_/install/argj801_ctl_platform:/home/rhobtor/PHD/ARGOSJ8_IA/ARGOSJ8_IA_/install/argj801_ctl_platform_interfaces:/home/rhobtor/PHD/model_terrain_ugv/Model_terrain_ugv/install/model_terrain_cpp:/home/rhobtor/PHD/path_dem/install_navigation/path_dem:/home/rhobtor/PHD/path_dem/install/path_dem:/home/rhobtor/PHD/install_global_belief_final/path_dem:/home/rhobtor/PHD/ARGOSJ8_IA/ARGOSJ8_IA_/install/car:/home/rhobtor/PHD/ARGOSJ8_IA/ARGOSJ8_IA_/install/ntrip_client:/home/rhobtor/PHD/ARGOSJ8_IA/ARGOSJ8_IA_/install/j8_gui:/home/rhobtor/PHD/ARGOSJ8_IA/ARGOSJ8_IA_/install/gui:/home/rhobtor/PHD/ARGOSJ8_IA/ARGOSJ8_IA_/install/android_ros2_server:/home/rhobtor/PHD/ARGOSJ8_IA/ARGOSJ8_IA_/install/GUI_pkg:/home/rhobtor/PHD/model_terrain_ugv/Model_terrain_ugv/install/model_terrain:/opt/ros/humble LD_LIBRARY_PATH=/home/rhobtor/PHD/j8_control/J8_control/install/argj801_ctl_platform_interfaces/lib:${LD_LIBRARY_PATH} PYTHONPATH=/home/rhobtor/PHD/j8_control/J8_control/install/argj801_ctl_platform_interfaces/local/lib/python3.10/dist-packages:${PYTHONPATH} /usr/bin/cmake /home/rhobtor/PHD/j8_control/J8_control/src/argj801_ctl_platform/argj801_ctl_platform -DCMAKE_INSTALL_PREFIX=/home/rhobtor/PHD/j8_control/J8_control/install/argj801_ctl_platform
[20.818s] DEBUG:colcon.colcon_core.event_handler.log_command:Invoking command in '/home/rhobtor/PHD/j8_control/J8_control/build/argj801_ctl_platform': AMENT_PREFIX_PATH=/home/rhobtor/PHD/j8_control/J8_control/install/argj801_ctl_platform_interfaces:${AMENT_PREFIX_PATH} CMAKE_PREFIX_PATH=/home/rhobtor/PHD/j8_control/J8_control/install/argj801_ctl_platform_interfaces:/home/rhobtor/PHD/ARGOSJ8_IA/ARGOSJ8_IA_/install/wiimote_msgs:/home/rhobtor/PHD/ARGOSJ8_IA/ARGOSJ8_IA_/install/ublox:/home/rhobtor/PHD/ARGOSJ8_IA/ARGOSJ8_IA_/install/ublox_gps:/home/rhobtor/PHD/ARGOSJ8_IA/ARGOSJ8_IA_/install/security_check:/home/rhobtor/PHD/ARGOSJ8_IA/ARGOSJ8_IA_/install/ctl_mission:/home/rhobtor/PHD/ARGOSJ8_IA/ARGOSJ8_IA_/install/ublox_msgs:/home/rhobtor/PHD/ARGOSJ8_IA/ARGOSJ8_IA_/install/ublox_serialization:/home/rhobtor/PHD/ARGOSJ8_IA/ARGOSJ8_IA_/install/spacenav:/home/rhobtor/PHD/ARGOSJ8_IA/ARGOSJ8_IA_/install/laser_segmentation:/home/rhobtor/PHD/ARGOSJ8_IA/ARGOSJ8_IA_/install/slg_msgs:/home/rhobtor/PHD/ARGOSJ8_IA/ARGOSJ8_IA_/install/security_check_interfaces:/home/rhobtor/PHD/ARGOSJ8_IA/ARGOSJ8_IA_/install/joy:/home/rhobtor/PHD/ARGOSJ8_IA/ARGOSJ8_IA_/install/sdl2_vendor:/home/rhobtor/PHD/ARGOSJ8_IA/ARGOSJ8_IA_/install/path_manager:/home/rhobtor/PHD/ARGOSJ8_IA/ARGOSJ8_IA_/install/path_manager_interfaces:/home/rhobtor/PHD/ARGOSJ8_IA/ARGOSJ8_IA_/install/joy_linux:/home/rhobtor/PHD/ARGOSJ8_IA/ARGOSJ8_IA_/install/j8_xacro_model:/home/rhobtor/PHD/ARGOSJ8_IA/ARGOSJ8_IA_/install/hikmicro_thermal_camera:/home/rhobtor/PHD/ARGOSJ8_IA/ARGOSJ8_IA_/install/hector_gazebo_plugins:/home/rhobtor/PHD/ARGOSJ8_IA/ARGOSJ8_IA_/install/fixposition_sensor_pkg:/home/rhobtor/PHD/ARGOSJ8_IA/ARGOSJ8_IA_/install/fixposition_odometry_converter_ros2:/home/rhobtor/PHD/ARGOSJ8_IA/ARGOSJ8_IA_/install/fixposition_driver_ros2:/home/rhobtor/PHD/ARGOSJ8_IA/ARGOSJ8_IA_/install/fixposition_driver_lib:/home/rhobtor/PHD/ARGOSJ8_IA/ARGOSJ8_IA_/install/fixposition_gnss_tf:/home/rhobtor/PHD/ARGOSJ8_IA/ARGOSJ8_IA_/install/ctl_mission_interfaces:/home/rhobtor/PHD/ARGOSJ8_IA/ARGOSJ8_IA_/install/car_cpp:/home/rhobtor/PHD/ARGOSJ8_IA/ARGOSJ8_IA_/install/car_interfaces:/home/rhobtor/PHD/ARGOSJ8_IA/ARGOSJ8_IA_/install/argj801_setup:/home/rhobtor/PHD/ARGOSJ8_IA/ARGOSJ8_IA_/install/argj801_sensors:/home/rhobtor/PHD/ARGOSJ8_IA/ARGOSJ8_IA_/install/argj801_sensors_msgs:/home/rhobtor/PHD/ARGOSJ8_IA/ARGOSJ8_IA_/install/argj801_ctl_platform:/home/rhobtor/PHD/ARGOSJ8_IA/ARGOSJ8_IA_/install/argj801_ctl_platform_interfaces:/home/rhobtor/PHD/model_terrain_ugv/Model_terrain_ugv/install/model_terrain_cpp:/home/rhobtor/PHD/path_dem/install_navigation/path_dem:/home/rhobtor/PHD/path_dem/install/path_dem:/home/rhobtor/PHD/install_global_belief_final/path_dem:/home/rhobtor/PHD/ARGOSJ8_IA/ARGOSJ8_IA_/install/car:/home/rhobtor/PHD/ARGOSJ8_IA/ARGOSJ8_IA_/install/ntrip_client:/home/rhobtor/PHD/ARGOSJ8_IA/ARGOSJ8_IA_/install/j8_gui:/home/rhobtor/PHD/ARGOSJ8_IA/ARGOSJ8_IA_/install/gui:/home/rhobtor/PHD/ARGOSJ8_IA/ARGOSJ8_IA_/install/android_ros2_server:/home/rhobtor/PHD/ARGOSJ8_IA/ARGOSJ8_IA_/install/GUI_pkg:/home/rhobtor/PHD/model_terrain_ugv/Model_terrain_ugv/install/model_terrain:/opt/ros/humble LD_LIBRARY_PATH=/home/rhobtor/PHD/j8_control/J8_control/install/argj801_ctl_platform_interfaces/lib:${LD_LIBRARY_PATH} PYTHONPATH=/home/rhobtor/PHD/j8_control/J8_control/install/argj801_ctl_platform_interfaces/local/lib/python3.10/dist-packages:${PYTHONPATH} /usr/bin/cmake --build /home/rhobtor/PHD/j8_control/J8_control/build/argj801_ctl_platform -- -j20 -l20
[21.231s] DEBUG:colcon.colcon_core.event_handler.log_command:Invoked command in '/home/rhobtor/PHD/j8_control/J8_control/build/argj801_sensors' returned '0': AMENT_PREFIX_PATH=/home/rhobtor/PHD/j8_control/J8_control/install/argj801_sensors_msgs:/home/rhobtor/PHD/j8_control/J8_control/install/argj801_ctl_platform_interfaces:${AMENT_PREFIX_PATH} CMAKE_PREFIX_PATH=/home/rhobtor/PHD/j8_control/J8_control/install/argj801_sensors_msgs:/home/rhobtor/PHD/j8_control/J8_control/install/argj801_ctl_platform_interfaces:/home/rhobtor/PHD/ARGOSJ8_IA/ARGOSJ8_IA_/install/wiimote_msgs:/home/rhobtor/PHD/ARGOSJ8_IA/ARGOSJ8_IA_/install/ublox:/home/rhobtor/PHD/ARGOSJ8_IA/ARGOSJ8_IA_/install/ublox_gps:/home/rhobtor/PHD/ARGOSJ8_IA/ARGOSJ8_IA_/install/security_check:/home/rhobtor/PHD/ARGOSJ8_IA/ARGOSJ8_IA_/install/ctl_mission:/home/rhobtor/PHD/ARGOSJ8_IA/ARGOSJ8_IA_/install/ublox_msgs:/home/rhobtor/PHD/ARGOSJ8_IA/ARGOSJ8_IA_/install/ublox_serialization:/home/rhobtor/PHD/ARGOSJ8_IA/ARGOSJ8_IA_/install/spacenav:/home/rhobtor/PHD/ARGOSJ8_IA/ARGOSJ8_IA_/install/laser_segmentation:/home/rhobtor/PHD/ARGOSJ8_IA/ARGOSJ8_IA_/install/slg_msgs:/home/rhobtor/PHD/ARGOSJ8_IA/ARGOSJ8_IA_/install/security_check_interfaces:/home/rhobtor/PHD/ARGOSJ8_IA/ARGOSJ8_IA_/install/joy:/home/rhobtor/PHD/ARGOSJ8_IA/ARGOSJ8_IA_/install/sdl2_vendor:/home/rhobtor/PHD/ARGOSJ8_IA/ARGOSJ8_IA_/install/path_manager:/home/rhobtor/PHD/ARGOSJ8_IA/ARGOSJ8_IA_/install/path_manager_interfaces:/home/rhobtor/PHD/ARGOSJ8_IA/ARGOSJ8_IA_/install/joy_linux:/home/rhobtor/PHD/ARGOSJ8_IA/ARGOSJ8_IA_/install/j8_xacro_model:/home/rhobtor/PHD/ARGOSJ8_IA/ARGOSJ8_IA_/install/hikmicro_thermal_camera:/home/rhobtor/PHD/ARGOSJ8_IA/ARGOSJ8_IA_/install/hector_gazebo_plugins:/home/rhobtor/PHD/ARGOSJ8_IA/ARGOSJ8_IA_/install/fixposition_sensor_pkg:/home/rhobtor/PHD/ARGOSJ8_IA/ARGOSJ8_IA_/install/fixposition_odometry_converter_ros2:/home/rhobtor/PHD/ARGOSJ8_IA/ARGOSJ8_IA_/install/fixposition_driver_ros2:/home/rhobtor/PHD/ARGOSJ8_IA/ARGOSJ8_IA_/install/fixposition_driver_lib:/home/rhobtor/PHD/ARGOSJ8_IA/ARGOSJ8_IA_/install/fixposition_gnss_tf:/home/rhobtor/PHD/ARGOSJ8_IA/ARGOSJ8_IA_/install/ctl_mission_interfaces:/home/rhobtor/PHD/ARGOSJ8_IA/ARGOSJ8_IA_/install/car_cpp:/home/rhobtor/PHD/ARGOSJ8_IA/ARGOSJ8_IA_/install/car_interfaces:/home/rhobtor/PHD/ARGOSJ8_IA/ARGOSJ8_IA_/install/argj801_setup:/home/rhobtor/PHD/ARGOSJ8_IA/ARGOSJ8_IA_/install/argj801_sensors:/home/rhobtor/PHD/ARGOSJ8_IA/ARGOSJ8_IA_/install/argj801_sensors_msgs:/home/rhobtor/PHD/ARGOSJ8_IA/ARGOSJ8_IA_/install/argj801_ctl_platform:/home/rhobtor/PHD/ARGOSJ8_IA/ARGOSJ8_IA_/install/argj801_ctl_platform_interfaces:/home/rhobtor/PHD/model_terrain_ugv/Model_terrain_ugv/install/model_terrain_cpp:/home/rhobtor/PHD/path_dem/install_navigation/path_dem:/home/rhobtor/PHD/path_dem/install/path_dem:/home/rhobtor/PHD/install_global_belief_final/path_dem:/home/rhobtor/PHD/ARGOSJ8_IA/ARGOSJ8_IA_/install/car:/home/rhobtor/PHD/ARGOSJ8_IA/ARGOSJ8_IA_/install/ntrip_client:/home/rhobtor/PHD/ARGOSJ8_IA/ARGOSJ8_IA_/install/j8_gui:/home/rhobtor/PHD/ARGOSJ8_IA/ARGOSJ8_IA_/install/gui:/home/rhobtor/PHD/ARGOSJ8_IA/ARGOSJ8_IA_/install/android_ros2_server:/home/rhobtor/PHD/ARGOSJ8_IA/ARGOSJ8_IA_/install/GUI_pkg:/home/rhobtor/PHD/model_terrain_ugv/Model_terrain_ugv/install/model_terrain:/opt/ros/humble LD_LIBRARY_PATH=/home/rhobtor/PHD/j8_control/J8_control/install/argj801_sensors_msgs/lib:/home/rhobtor/PHD/j8_control/J8_control/install/argj801_ctl_platform_interfaces/lib:${LD_LIBRARY_PATH} PYTHONPATH=/home/rhobtor/PHD/j8_control/J8_control/install/argj801_sensors_msgs/local/lib/python3.10/dist-packages:/home/rhobtor/PHD/j8_control/J8_control/install/argj801_ctl_platform_interfaces/local/lib/python3.10/dist-packages:${PYTHONPATH} /usr/bin/cmake /home/rhobtor/PHD/j8_control/J8_control/src/argo_drivers_pkgs/argj801_sensors/argj801_sensors -DCMAKE_INSTALL_PREFIX=/home/rhobtor/PHD/j8_control/J8_control/install/argj801_sensors
[21.231s] DEBUG:colcon.colcon_core.event_handler.log_command:Invoking command in '/home/rhobtor/PHD/j8_control/J8_control/build/argj801_sensors': AMENT_PREFIX_PATH=/home/rhobtor/PHD/j8_control/J8_control/install/argj801_sensors_msgs:/home/rhobtor/PHD/j8_control/J8_control/install/argj801_ctl_platform_interfaces:${AMENT_PREFIX_PATH} CMAKE_PREFIX_PATH=/home/rhobtor/PHD/j8_control/J8_control/install/argj801_sensors_msgs:/home/rhobtor/PHD/j8_control/J8_control/install/argj801_ctl_platform_interfaces:/home/rhobtor/PHD/ARGOSJ8_IA/ARGOSJ8_IA_/install/wiimote_msgs:/home/rhobtor/PHD/ARGOSJ8_IA/ARGOSJ8_IA_/install/ublox:/home/rhobtor/PHD/ARGOSJ8_IA/ARGOSJ8_IA_/install/ublox_gps:/home/rhobtor/PHD/ARGOSJ8_IA/ARGOSJ8_IA_/install/security_check:/home/rhobtor/PHD/ARGOSJ8_IA/ARGOSJ8_IA_/install/ctl_mission:/home/rhobtor/PHD/ARGOSJ8_IA/ARGOSJ8_IA_/install/ublox_msgs:/home/rhobtor/PHD/ARGOSJ8_IA/ARGOSJ8_IA_/install/ublox_serialization:/home/rhobtor/PHD/ARGOSJ8_IA/ARGOSJ8_IA_/install/spacenav:/home/rhobtor/PHD/ARGOSJ8_IA/ARGOSJ8_IA_/install/laser_segmentation:/home/rhobtor/PHD/ARGOSJ8_IA/ARGOSJ8_IA_/install/slg_msgs:/home/rhobtor/PHD/ARGOSJ8_IA/ARGOSJ8_IA_/install/security_check_interfaces:/home/rhobtor/PHD/ARGOSJ8_IA/ARGOSJ8_IA_/install/joy:/home/rhobtor/PHD/ARGOSJ8_IA/ARGOSJ8_IA_/install/sdl2_vendor:/home/rhobtor/PHD/ARGOSJ8_IA/ARGOSJ8_IA_/install/path_manager:/home/rhobtor/PHD/ARGOSJ8_IA/ARGOSJ8_IA_/install/path_manager_interfaces:/home/rhobtor/PHD/ARGOSJ8_IA/ARGOSJ8_IA_/install/joy_linux:/home/rhobtor/PHD/ARGOSJ8_IA/ARGOSJ8_IA_/install/j8_xacro_model:/home/rhobtor/PHD/ARGOSJ8_IA/ARGOSJ8_IA_/install/hikmicro_thermal_camera:/home/rhobtor/PHD/ARGOSJ8_IA/ARGOSJ8_IA_/install/hector_gazebo_plugins:/home/rhobtor/PHD/ARGOSJ8_IA/ARGOSJ8_IA_/install/fixposition_sensor_pkg:/home/rhobtor/PHD/ARGOSJ8_IA/ARGOSJ8_IA_/install/fixposition_odometry_converter_ros2:/home/rhobtor/PHD/ARGOSJ8_IA/ARGOSJ8_IA_/install/fixposition_driver_ros2:/home/rhobtor/PHD/ARGOSJ8_IA/ARGOSJ8_IA_/install/fixposition_driver_lib:/home/rhobtor/PHD/ARGOSJ8_IA/ARGOSJ8_IA_/install/fixposition_gnss_tf:/home/rhobtor/PHD/ARGOSJ8_IA/ARGOSJ8_IA_/install/ctl_mission_interfaces:/home/rhobtor/PHD/ARGOSJ8_IA/ARGOSJ8_IA_/install/car_cpp:/home/rhobtor/PHD/ARGOSJ8_IA/ARGOSJ8_IA_/install/car_interfaces:/home/rhobtor/PHD/ARGOSJ8_IA/ARGOSJ8_IA_/install/argj801_setup:/home/rhobtor/PHD/ARGOSJ8_IA/ARGOSJ8_IA_/install/argj801_sensors:/home/rhobtor/PHD/ARGOSJ8_IA/ARGOSJ8_IA_/install/argj801_sensors_msgs:/home/rhobtor/PHD/ARGOSJ8_IA/ARGOSJ8_IA_/install/argj801_ctl_platform:/home/rhobtor/PHD/ARGOSJ8_IA/ARGOSJ8_IA_/install/argj801_ctl_platform_interfaces:/home/rhobtor/PHD/model_terrain_ugv/Model_terrain_ugv/install/model_terrain_cpp:/home/rhobtor/PHD/path_dem/install_navigation/path_dem:/home/rhobtor/PHD/path_dem/install/path_dem:/home/rhobtor/PHD/install_global_belief_final/path_dem:/home/rhobtor/PHD/ARGOSJ8_IA/ARGOSJ8_IA_/install/car:/home/rhobtor/PHD/ARGOSJ8_IA/ARGOSJ8_IA_/install/ntrip_client:/home/rhobtor/PHD/ARGOSJ8_IA/ARGOSJ8_IA_/install/j8_gui:/home/rhobtor/PHD/ARGOSJ8_IA/ARGOSJ8_IA_/install/gui:/home/rhobtor/PHD/ARGOSJ8_IA/ARGOSJ8_IA_/install/android_ros2_server:/home/rhobtor/PHD/ARGOSJ8_IA/ARGOSJ8_IA_/install/GUI_pkg:/home/rhobtor/PHD/model_terrain_ugv/Model_terrain_ugv/install/model_terrain:/opt/ros/humble LD_LIBRARY_PATH=/home/rhobtor/PHD/j8_control/J8_control/install/argj801_sensors_msgs/lib:/home/rhobtor/PHD/j8_control/J8_control/install/argj801_ctl_platform_interfaces/lib:${LD_LIBRARY_PATH} PYTHONPATH=/home/rhobtor/PHD/j8_control/J8_control/install/argj801_sensors_msgs/local/lib/python3.10/dist-packages:/home/rhobtor/PHD/j8_control/J8_control/install/argj801_ctl_platform_interfaces/local/lib/python3.10/dist-packages:${PYTHONPATH} /usr/bin/cmake --build /home/rhobtor/PHD/j8_control/J8_control/build/argj801_sensors -- -j20 -l20
[21.436s] Level 1:colcon.colcon_core.environment:create_environment_scripts_only(hikmicro_thermal_camera)
[21.437s] Level 1:colcon.colcon_core.environment:checking '/home/rhobtor/PHD/j8_control/J8_control/install/hikmicro_thermal_camera' for CMake module files
[21.437s] Level 1:colcon.colcon_core.environment:checking '/home/rhobtor/PHD/j8_control/J8_control/install/hikmicro_thermal_camera' for CMake config files
[21.439s] DEBUG:colcon.colcon_core.event_handler.log_command:Invoked command in '/home/rhobtor/PHD/j8_control/J8_control/build/hikmicro_thermal_camera' returned '0': CMAKE_PREFIX_PATH=${CMAKE_PREFIX_PATH}:/home/rhobtor/PHD/path_dem/install_navigation/path_dem:/home/rhobtor/PHD/path_dem/install/path_dem:/home/rhobtor/PHD/install_global_belief_final/path_dem:/home/rhobtor/PHD/ARGOSJ8_IA/ARGOSJ8_IA_/install/car:/home/rhobtor/PHD/ARGOSJ8_IA/ARGOSJ8_IA_/install/ntrip_client:/home/rhobtor/PHD/ARGOSJ8_IA/ARGOSJ8_IA_/install/j8_gui:/home/rhobtor/PHD/ARGOSJ8_IA/ARGOSJ8_IA_/install/gui:/home/rhobtor/PHD/ARGOSJ8_IA/ARGOSJ8_IA_/install/android_ros2_server:/home/rhobtor/PHD/ARGOSJ8_IA/ARGOSJ8_IA_/install/GUI_pkg:/home/rhobtor/PHD/model_terrain_ugv/Model_terrain_ugv/install/model_terrain:/opt/ros/humble /usr/bin/cmake --install /home/rhobtor/PHD/j8_control/J8_control/build/hikmicro_thermal_camera
[21.440s] Level 1:colcon.colcon_core.shell:create_environment_hook('hikmicro_thermal_camera', 'cmake_prefix_path')
[21.441s] INFO:colcon.colcon_core.shell:Creating environment hook '/home/rhobtor/PHD/j8_control/J8_control/install/hikmicro_thermal_camera/share/hikmicro_thermal_camera/hook/cmake_prefix_path.ps1'
[21.442s] INFO:colcon.colcon_core.shell:Creating environment descriptor '/home/rhobtor/PHD/j8_control/J8_control/install/hikmicro_thermal_camera/share/hikmicro_thermal_camera/hook/cmake_prefix_path.dsv'
[21.442s] INFO:colcon.colcon_core.shell:Creating environment hook '/home/rhobtor/PHD/j8_control/J8_control/install/hikmicro_thermal_camera/share/hikmicro_thermal_camera/hook/cmake_prefix_path.sh'
[21.443s] Level 1:colcon.colcon_core.environment:checking '/home/rhobtor/PHD/j8_control/J8_control/install/hikmicro_thermal_camera/lib'
[21.443s] Level 1:colcon.colcon_core.environment:checking '/home/rhobtor/PHD/j8_control/J8_control/install/hikmicro_thermal_camera/bin'
[21.443s] Level 1:colcon.colcon_core.environment:checking '/home/rhobtor/PHD/j8_control/J8_control/install/hikmicro_thermal_camera/lib/pkgconfig/hikmicro_thermal_camera.pc'
[21.448s] Level 1:colcon.colcon_core.environment:checking '/home/rhobtor/PHD/j8_control/J8_control/install/hikmicro_thermal_camera/lib/python3.10/site-packages'
[21.449s] Level 1:colcon.colcon_core.environment:checking '/home/rhobtor/PHD/j8_control/J8_control/install/hikmicro_thermal_camera/bin'
[21.449s] INFO:colcon.colcon_core.shell:Creating package script '/home/rhobtor/PHD/j8_control/J8_control/install/hikmicro_thermal_camera/share/hikmicro_thermal_camera/package.ps1'
[21.456s] INFO:colcon.colcon_core.shell:Creating package descriptor '/home/rhobtor/PHD/j8_control/J8_control/install/hikmicro_thermal_camera/share/hikmicro_thermal_camera/package.dsv'
[21.457s] INFO:colcon.colcon_core.shell:Creating package script '/home/rhobtor/PHD/j8_control/J8_control/install/hikmicro_thermal_camera/share/hikmicro_thermal_camera/package.sh'
[21.457s] INFO:colcon.colcon_core.shell:Creating package script '/home/rhobtor/PHD/j8_control/J8_control/install/hikmicro_thermal_camera/share/hikmicro_thermal_camera/package.bash'
[21.457s] INFO:colcon.colcon_core.shell:Creating package script '/home/rhobtor/PHD/j8_control/J8_control/install/hikmicro_thermal_camera/share/hikmicro_thermal_camera/package.zsh'
[21.458s] Level 1:colcon.colcon_core.environment:create_file_with_runtime_dependencies(/home/rhobtor/PHD/j8_control/J8_control/install/hikmicro_thermal_camera/share/colcon-core/packages/hikmicro_thermal_camera)
[21.459s] Level 1:colcon.colcon_core.environment:create_environment_scripts_only(hikmicro_thermal_camera)
[21.459s] Level 1:colcon.colcon_core.environment:checking '/home/rhobtor/PHD/j8_control/J8_control/install/hikmicro_thermal_camera' for CMake module files
[21.459s] Level 1:colcon.colcon_core.environment:checking '/home/rhobtor/PHD/j8_control/J8_control/install/hikmicro_thermal_camera' for CMake config files
[21.460s] Level 1:colcon.colcon_core.shell:create_environment_hook('hikmicro_thermal_camera', 'cmake_prefix_path')
[21.460s] INFO:colcon.colcon_core.shell:Creating environment hook '/home/rhobtor/PHD/j8_control/J8_control/install/hikmicro_thermal_camera/share/hikmicro_thermal_camera/hook/cmake_prefix_path.ps1'
[21.461s] INFO:colcon.colcon_core.shell:Creating environment descriptor '/home/rhobtor/PHD/j8_control/J8_control/install/hikmicro_thermal_camera/share/hikmicro_thermal_camera/hook/cmake_prefix_path.dsv'
[21.462s] INFO:colcon.colcon_core.shell:Creating environment hook '/home/rhobtor/PHD/j8_control/J8_control/install/hikmicro_thermal_camera/share/hikmicro_thermal_camera/hook/cmake_prefix_path.sh'
[21.464s] Level 1:colcon.colcon_core.environment:checking '/home/rhobtor/PHD/j8_control/J8_control/install/hikmicro_thermal_camera/lib'
[21.464s] Level 1:colcon.colcon_core.environment:checking '/home/rhobtor/PHD/j8_control/J8_control/install/hikmicro_thermal_camera/bin'
[21.464s] Level 1:colcon.colcon_core.environment:checking '/home/rhobtor/PHD/j8_control/J8_control/install/hikmicro_thermal_camera/lib/pkgconfig/hikmicro_thermal_camera.pc'
[21.464s] Level 1:colcon.colcon_core.environment:checking '/home/rhobtor/PHD/j8_control/J8_control/install/hikmicro_thermal_camera/lib/python3.10/site-packages'
[21.465s] Level 1:colcon.colcon_core.environment:checking '/home/rhobtor/PHD/j8_control/J8_control/install/hikmicro_thermal_camera/bin'
[21.465s] INFO:colcon.colcon_core.shell:Creating package script '/home/rhobtor/PHD/j8_control/J8_control/install/hikmicro_thermal_camera/share/hikmicro_thermal_camera/package.ps1'
[21.466s] INFO:colcon.colcon_core.shell:Creating package descriptor '/home/rhobtor/PHD/j8_control/J8_control/install/hikmicro_thermal_camera/share/hikmicro_thermal_camera/package.dsv'
[21.467s] INFO:colcon.colcon_core.shell:Creating package script '/home/rhobtor/PHD/j8_control/J8_control/install/hikmicro_thermal_camera/share/hikmicro_thermal_camera/package.sh'
[21.468s] INFO:colcon.colcon_core.shell:Creating package script '/home/rhobtor/PHD/j8_control/J8_control/install/hikmicro_thermal_camera/share/hikmicro_thermal_camera/package.bash'
[21.468s] INFO:colcon.colcon_core.shell:Creating package script '/home/rhobtor/PHD/j8_control/J8_control/install/hikmicro_thermal_camera/share/hikmicro_thermal_camera/package.zsh'
[21.469s] Level 1:colcon.colcon_core.environment:create_file_with_runtime_dependencies(/home/rhobtor/PHD/j8_control/J8_control/install/hikmicro_thermal_camera/share/colcon-core/packages/hikmicro_thermal_camera)
[21.470s] Level 1:colcon.colcon_core.environment:create_environment_scripts_only(path_manager_interfaces)
[21.471s] Level 1:colcon.colcon_core.environment:checking '/home/rhobtor/PHD/j8_control/J8_control/install/path_manager_interfaces' for CMake module files
[21.470s] DEBUG:colcon.colcon_core.event_handler.log_command:Invoked command in '/home/rhobtor/PHD/j8_control/J8_control/build/path_manager_interfaces' returned '0': CMAKE_PREFIX_PATH=${CMAKE_PREFIX_PATH}:/home/rhobtor/PHD/path_dem/install_navigation/path_dem:/home/rhobtor/PHD/path_dem/install/path_dem:/home/rhobtor/PHD/install_global_belief_final/path_dem:/home/rhobtor/PHD/ARGOSJ8_IA/ARGOSJ8_IA_/install/car:/home/rhobtor/PHD/ARGOSJ8_IA/ARGOSJ8_IA_/install/ntrip_client:/home/rhobtor/PHD/ARGOSJ8_IA/ARGOSJ8_IA_/install/j8_gui:/home/rhobtor/PHD/ARGOSJ8_IA/ARGOSJ8_IA_/install/gui:/home/rhobtor/PHD/ARGOSJ8_IA/ARGOSJ8_IA_/install/android_ros2_server:/home/rhobtor/PHD/ARGOSJ8_IA/ARGOSJ8_IA_/install/GUI_pkg:/home/rhobtor/PHD/model_terrain_ugv/Model_terrain_ugv/install/model_terrain:/opt/ros/humble /usr/bin/cmake --install /home/rhobtor/PHD/j8_control/J8_control/build/path_manager_interfaces
[21.471s] Level 1:colcon.colcon_core.environment:checking '/home/rhobtor/PHD/j8_control/J8_control/install/path_manager_interfaces' for CMake config files
[21.472s] Level 1:colcon.colcon_core.shell:create_environment_hook('path_manager_interfaces', 'cmake_prefix_path')
[21.472s] INFO:colcon.colcon_core.shell:Creating environment hook '/home/rhobtor/PHD/j8_control/J8_control/install/path_manager_interfaces/share/path_manager_interfaces/hook/cmake_prefix_path.ps1'
[21.473s] INFO:colcon.colcon_core.shell:Creating environment descriptor '/home/rhobtor/PHD/j8_control/J8_control/install/path_manager_interfaces/share/path_manager_interfaces/hook/cmake_prefix_path.dsv'
[21.473s] INFO:colcon.colcon_core.shell:Creating environment hook '/home/rhobtor/PHD/j8_control/J8_control/install/path_manager_interfaces/share/path_manager_interfaces/hook/cmake_prefix_path.sh'
[21.474s] Level 1:colcon.colcon_core.environment:checking '/home/rhobtor/PHD/j8_control/J8_control/install/path_manager_interfaces/lib'
[21.474s] Level 1:colcon.colcon_core.shell:create_environment_hook('path_manager_interfaces', 'ld_library_path_lib')
[21.474s] INFO:colcon.colcon_core.shell:Creating environment hook '/home/rhobtor/PHD/j8_control/J8_control/install/path_manager_interfaces/share/path_manager_interfaces/hook/ld_library_path_lib.ps1'
[21.475s] INFO:colcon.colcon_core.shell:Creating environment descriptor '/home/rhobtor/PHD/j8_control/J8_control/install/path_manager_interfaces/share/path_manager_interfaces/hook/ld_library_path_lib.dsv'
[21.475s] INFO:colcon.colcon_core.shell:Creating environment hook '/home/rhobtor/PHD/j8_control/J8_control/install/path_manager_interfaces/share/path_manager_interfaces/hook/ld_library_path_lib.sh'
[21.475s] Level 1:colcon.colcon_core.environment:checking '/home/rhobtor/PHD/j8_control/J8_control/install/path_manager_interfaces/bin'
[21.476s] Level 1:colcon.colcon_core.environment:checking '/home/rhobtor/PHD/j8_control/J8_control/install/path_manager_interfaces/lib/pkgconfig/path_manager_interfaces.pc'
[21.476s] Level 1:colcon.colcon_core.environment:checking '/home/rhobtor/PHD/j8_control/J8_control/install/path_manager_interfaces/lib/python3.10/site-packages'
[21.476s] Level 1:colcon.colcon_core.environment:checking '/home/rhobtor/PHD/j8_control/J8_control/install/path_manager_interfaces/bin'
[21.476s] INFO:colcon.colcon_core.shell:Creating package script '/home/rhobtor/PHD/j8_control/J8_control/install/path_manager_interfaces/share/path_manager_interfaces/package.ps1'
[21.477s] INFO:colcon.colcon_core.shell:Creating package descriptor '/home/rhobtor/PHD/j8_control/J8_control/install/path_manager_interfaces/share/path_manager_interfaces/package.dsv'
[21.478s] INFO:colcon.colcon_core.shell:Creating package script '/home/rhobtor/PHD/j8_control/J8_control/install/path_manager_interfaces/share/path_manager_interfaces/package.sh'
[21.478s] INFO:colcon.colcon_core.shell:Creating package script '/home/rhobtor/PHD/j8_control/J8_control/install/path_manager_interfaces/share/path_manager_interfaces/package.bash'
[21.478s] INFO:colcon.colcon_core.shell:Creating package script '/home/rhobtor/PHD/j8_control/J8_control/install/path_manager_interfaces/share/path_manager_interfaces/package.zsh'
[21.479s] Level 1:colcon.colcon_core.environment:create_file_with_runtime_dependencies(/home/rhobtor/PHD/j8_control/J8_control/install/path_manager_interfaces/share/colcon-core/packages/path_manager_interfaces)
[21.479s] Level 1:colcon.colcon_core.environment:create_environment_scripts_only(path_manager_interfaces)
[21.480s] Level 1:colcon.colcon_core.environment:checking '/home/rhobtor/PHD/j8_control/J8_control/install/path_manager_interfaces' for CMake module files
[21.480s] Level 1:colcon.colcon_core.environment:checking '/home/rhobtor/PHD/j8_control/J8_control/install/path_manager_interfaces' for CMake config files
[21.481s] Level 1:colcon.colcon_core.shell:create_environment_hook('path_manager_interfaces', 'cmake_prefix_path')
[21.481s] INFO:colcon.colcon_core.shell:Creating environment hook '/home/rhobtor/PHD/j8_control/J8_control/install/path_manager_interfaces/share/path_manager_interfaces/hook/cmake_prefix_path.ps1'
[21.482s] INFO:colcon.colcon_core.shell:Creating environment descriptor '/home/rhobtor/PHD/j8_control/J8_control/install/path_manager_interfaces/share/path_manager_interfaces/hook/cmake_prefix_path.dsv'
[21.483s] INFO:colcon.colcon_core.shell:Creating environment hook '/home/rhobtor/PHD/j8_control/J8_control/install/path_manager_interfaces/share/path_manager_interfaces/hook/cmake_prefix_path.sh'
[21.484s] Level 1:colcon.colcon_core.environment:checking '/home/rhobtor/PHD/j8_control/J8_control/install/path_manager_interfaces/lib'
[21.484s] Level 1:colcon.colcon_core.shell:create_environment_hook('path_manager_interfaces', 'ld_library_path_lib')
[21.484s] INFO:colcon.colcon_core.shell:Creating environment hook '/home/rhobtor/PHD/j8_control/J8_control/install/path_manager_interfaces/share/path_manager_interfaces/hook/ld_library_path_lib.ps1'
[21.485s] INFO:colcon.colcon_core.shell:Creating environment descriptor '/home/rhobtor/PHD/j8_control/J8_control/install/path_manager_interfaces/share/path_manager_interfaces/hook/ld_library_path_lib.dsv'
[21.485s] INFO:colcon.colcon_core.shell:Creating environment hook '/home/rhobtor/PHD/j8_control/J8_control/install/path_manager_interfaces/share/path_manager_interfaces/hook/ld_library_path_lib.sh'
[21.486s] Level 1:colcon.colcon_core.environment:checking '/home/rhobtor/PHD/j8_control/J8_control/install/path_manager_interfaces/bin'
[21.486s] Level 1:colcon.colcon_core.environment:checking '/home/rhobtor/PHD/j8_control/J8_control/install/path_manager_interfaces/lib/pkgconfig/path_manager_interfaces.pc'
[21.486s] Level 1:colcon.colcon_core.environment:checking '/home/rhobtor/PHD/j8_control/J8_control/install/path_manager_interfaces/lib/python3.10/site-packages'
[21.486s] Level 1:colcon.colcon_core.environment:checking '/home/rhobtor/PHD/j8_control/J8_control/install/path_manager_interfaces/bin'
[21.487s] INFO:colcon.colcon_core.shell:Creating package script '/home/rhobtor/PHD/j8_control/J8_control/install/path_manager_interfaces/share/path_manager_interfaces/package.ps1'
[21.488s] INFO:colcon.colcon_core.shell:Creating package descriptor '/home/rhobtor/PHD/j8_control/J8_control/install/path_manager_interfaces/share/path_manager_interfaces/package.dsv'
[21.488s] INFO:colcon.colcon_core.shell:Creating package script '/home/rhobtor/PHD/j8_control/J8_control/install/path_manager_interfaces/share/path_manager_interfaces/package.sh'
[21.489s] INFO:colcon.colcon_core.shell:Creating package script '/home/rhobtor/PHD/j8_control/J8_control/install/path_manager_interfaces/share/path_manager_interfaces/package.bash'
[21.489s] INFO:colcon.colcon_core.shell:Creating package script '/home/rhobtor/PHD/j8_control/J8_control/install/path_manager_interfaces/share/path_manager_interfaces/package.zsh'
[21.489s] Level 1:colcon.colcon_core.environment:create_file_with_runtime_dependencies(/home/rhobtor/PHD/j8_control/J8_control/install/path_manager_interfaces/share/colcon-core/packages/path_manager_interfaces)
[21.490s] INFO:colcon.colcon_ros.task.ament_python.build:Building ROS package in '/home/rhobtor/PHD/j8_control/J8_control/src/car_python' with build type 'ament_python'
[21.491s] Level 1:colcon.colcon_core.shell:create_environment_hook('car', 'ament_prefix_path')
[21.491s] INFO:colcon.colcon_core.shell:Creating environment hook '/home/rhobtor/PHD/j8_control/J8_control/install/car/share/car/hook/ament_prefix_path.ps1'
[21.492s] INFO:colcon.colcon_core.shell:Creating environment descriptor '/home/rhobtor/PHD/j8_control/J8_control/install/car/share/car/hook/ament_prefix_path.dsv'
[21.492s] INFO:colcon.colcon_core.shell:Creating environment hook '/home/rhobtor/PHD/j8_control/J8_control/install/car/share/car/hook/ament_prefix_path.sh'
[21.493s] INFO:colcon.colcon_core.shell:Skip shell extension 'powershell' for command environment: Not usable outside of PowerShell
[21.493s] DEBUG:colcon.colcon_core.shell:Skip shell extension 'dsv' for command environment
[21.508s] INFO:colcon.colcon_ros.task.ament_cmake.build:Building ROS package in '/home/rhobtor/PHD/j8_control/J8_control/src/path_manager/path_manager' with build type 'ament_cmake'
[21.508s] INFO:colcon.colcon_cmake.task.cmake.build:Building CMake package in '/home/rhobtor/PHD/j8_control/J8_control/src/path_manager/path_manager'
[21.509s] INFO:colcon.colcon_core.shell:Skip shell extension 'powershell' for command environment: Not usable outside of PowerShell
[21.509s] DEBUG:colcon.colcon_core.shell:Skip shell extension 'dsv' for command environment
[21.532s] DEBUG:colcon.colcon_core.event_handler.log_command:Invoking command in '/home/rhobtor/PHD/j8_control/J8_control/build/path_manager': AMENT_PREFIX_PATH=/home/rhobtor/PHD/j8_control/J8_control/install/path_manager_interfaces:${AMENT_PREFIX_PATH} CMAKE_PREFIX_PATH=/home/rhobtor/PHD/j8_control/J8_control/install/path_manager_interfaces:/home/rhobtor/PHD/ARGOSJ8_IA/ARGOSJ8_IA_/install/wiimote_msgs:/home/rhobtor/PHD/ARGOSJ8_IA/ARGOSJ8_IA_/install/ublox:/home/rhobtor/PHD/ARGOSJ8_IA/ARGOSJ8_IA_/install/ublox_gps:/home/rhobtor/PHD/ARGOSJ8_IA/ARGOSJ8_IA_/install/security_check:/home/rhobtor/PHD/ARGOSJ8_IA/ARGOSJ8_IA_/install/ctl_mission:/home/rhobtor/PHD/ARGOSJ8_IA/ARGOSJ8_IA_/install/ublox_msgs:/home/rhobtor/PHD/ARGOSJ8_IA/ARGOSJ8_IA_/install/ublox_serialization:/home/rhobtor/PHD/ARGOSJ8_IA/ARGOSJ8_IA_/install/spacenav:/home/rhobtor/PHD/ARGOSJ8_IA/ARGOSJ8_IA_/install/laser_segmentation:/home/rhobtor/PHD/ARGOSJ8_IA/ARGOSJ8_IA_/install/slg_msgs:/home/rhobtor/PHD/ARGOSJ8_IA/ARGOSJ8_IA_/install/security_check_interfaces:/home/rhobtor/PHD/ARGOSJ8_IA/ARGOSJ8_IA_/install/joy:/home/rhobtor/PHD/ARGOSJ8_IA/ARGOSJ8_IA_/install/sdl2_vendor:/home/rhobtor/PHD/ARGOSJ8_IA/ARGOSJ8_IA_/install/path_manager:/home/rhobtor/PHD/ARGOSJ8_IA/ARGOSJ8_IA_/install/path_manager_interfaces:/home/rhobtor/PHD/ARGOSJ8_IA/ARGOSJ8_IA_/install/joy_linux:/home/rhobtor/PHD/ARGOSJ8_IA/ARGOSJ8_IA_/install/j8_xacro_model:/home/rhobtor/PHD/ARGOSJ8_IA/ARGOSJ8_IA_/install/hikmicro_thermal_camera:/home/rhobtor/PHD/ARGOSJ8_IA/ARGOSJ8_IA_/install/hector_gazebo_plugins:/home/rhobtor/PHD/ARGOSJ8_IA/ARGOSJ8_IA_/install/fixposition_sensor_pkg:/home/rhobtor/PHD/ARGOSJ8_IA/ARGOSJ8_IA_/install/fixposition_odometry_converter_ros2:/home/rhobtor/PHD/ARGOSJ8_IA/ARGOSJ8_IA_/install/fixposition_driver_ros2:/home/rhobtor/PHD/ARGOSJ8_IA/ARGOSJ8_IA_/install/fixposition_driver_lib:/home/rhobtor/PHD/ARGOSJ8_IA/ARGOSJ8_IA_/install/fixposition_gnss_tf:/home/rhobtor/PHD/ARGOSJ8_IA/ARGOSJ8_IA_/install/ctl_mission_interfaces:/home/rhobtor/PHD/ARGOSJ8_IA/ARGOSJ8_IA_/install/car_cpp:/home/rhobtor/PHD/ARGOSJ8_IA/ARGOSJ8_IA_/install/car_interfaces:/home/rhobtor/PHD/ARGOSJ8_IA/ARGOSJ8_IA_/install/argj801_setup:/home/rhobtor/PHD/ARGOSJ8_IA/ARGOSJ8_IA_/install/argj801_sensors:/home/rhobtor/PHD/ARGOSJ8_IA/ARGOSJ8_IA_/install/argj801_sensors_msgs:/home/rhobtor/PHD/ARGOSJ8_IA/ARGOSJ8_IA_/install/argj801_ctl_platform:/home/rhobtor/PHD/ARGOSJ8_IA/ARGOSJ8_IA_/install/argj801_ctl_platform_interfaces:/home/rhobtor/PHD/model_terrain_ugv/Model_terrain_ugv/install/model_terrain_cpp:/home/rhobtor/PHD/path_dem/install_navigation/path_dem:/home/rhobtor/PHD/path_dem/install/path_dem:/home/rhobtor/PHD/install_global_belief_final/path_dem:/home/rhobtor/PHD/ARGOSJ8_IA/ARGOSJ8_IA_/install/car:/home/rhobtor/PHD/ARGOSJ8_IA/ARGOSJ8_IA_/install/ntrip_client:/home/rhobtor/PHD/ARGOSJ8_IA/ARGOSJ8_IA_/install/j8_gui:/home/rhobtor/PHD/ARGOSJ8_IA/ARGOSJ8_IA_/install/gui:/home/rhobtor/PHD/ARGOSJ8_IA/ARGOSJ8_IA_/install/android_ros2_server:/home/rhobtor/PHD/ARGOSJ8_IA/ARGOSJ8_IA_/install/GUI_pkg:/home/rhobtor/PHD/model_terrain_ugv/Model_terrain_ugv/install/model_terrain:/opt/ros/humble LD_LIBRARY_PATH=/home/rhobtor/PHD/j8_control/J8_control/install/path_manager_interfaces/lib:${LD_LIBRARY_PATH} PYTHONPATH=/home/rhobtor/PHD/j8_control/J8_control/install/path_manager_interfaces/local/lib/python3.10/dist-packages:${PYTHONPATH} /usr/bin/cmake /home/rhobtor/PHD/j8_control/J8_control/src/path_manager/path_manager -DCMAKE_INSTALL_PREFIX=/home/rhobtor/PHD/j8_control/J8_control/install/path_manager
[22.048s] INFO:colcon.colcon_core.task.python.build:Building Python package in '/home/rhobtor/PHD/j8_control/J8_control/src/car_python'
[22.049s] INFO:colcon.colcon_core.shell:Skip shell extension 'powershell' for command environment: Not usable outside of PowerShell
[22.050s] DEBUG:colcon.colcon_core.shell:Skip shell extension 'dsv' for command environment
[22.075s] DEBUG:colcon.colcon_core.event_handler.log_command:Invoked command in '/home/rhobtor/PHD/j8_control/J8_control/build/ctl_mission_interfaces' returned '0': CMAKE_PREFIX_PATH=${CMAKE_PREFIX_PATH}:/home/rhobtor/PHD/path_dem/install_navigation/path_dem:/home/rhobtor/PHD/path_dem/install/path_dem:/home/rhobtor/PHD/install_global_belief_final/path_dem:/home/rhobtor/PHD/ARGOSJ8_IA/ARGOSJ8_IA_/install/car:/home/rhobtor/PHD/ARGOSJ8_IA/ARGOSJ8_IA_/install/ntrip_client:/home/rhobtor/PHD/ARGOSJ8_IA/ARGOSJ8_IA_/install/j8_gui:/home/rhobtor/PHD/ARGOSJ8_IA/ARGOSJ8_IA_/install/gui:/home/rhobtor/PHD/ARGOSJ8_IA/ARGOSJ8_IA_/install/android_ros2_server:/home/rhobtor/PHD/ARGOSJ8_IA/ARGOSJ8_IA_/install/GUI_pkg:/home/rhobtor/PHD/model_terrain_ugv/Model_terrain_ugv/install/model_terrain:/opt/ros/humble /usr/bin/cmake --build /home/rhobtor/PHD/j8_control/J8_control/build/ctl_mission_interfaces -- -j20 -l20
[22.075s] DEBUG:colcon.colcon_core.event_handler.log_command:Invoking command in '/home/rhobtor/PHD/j8_control/J8_control/build/ctl_mission_interfaces': CMAKE_PREFIX_PATH=${CMAKE_PREFIX_PATH}:/home/rhobtor/PHD/path_dem/install_navigation/path_dem:/home/rhobtor/PHD/path_dem/install/path_dem:/home/rhobtor/PHD/install_global_belief_final/path_dem:/home/rhobtor/PHD/ARGOSJ8_IA/ARGOSJ8_IA_/install/car:/home/rhobtor/PHD/ARGOSJ8_IA/ARGOSJ8_IA_/install/ntrip_client:/home/rhobtor/PHD/ARGOSJ8_IA/ARGOSJ8_IA_/install/j8_gui:/home/rhobtor/PHD/ARGOSJ8_IA/ARGOSJ8_IA_/install/gui:/home/rhobtor/PHD/ARGOSJ8_IA/ARGOSJ8_IA_/install/android_ros2_server:/home/rhobtor/PHD/ARGOSJ8_IA/ARGOSJ8_IA_/install/GUI_pkg:/home/rhobtor/PHD/model_terrain_ugv/Model_terrain_ugv/install/model_terrain:/opt/ros/humble /usr/bin/cmake --install /home/rhobtor/PHD/j8_control/J8_control/build/ctl_mission_interfaces
[22.156s] DEBUG:colcon.colcon_core.event_handler.log_command:Invoked command in '/home/rhobtor/PHD/j8_control/J8_control/build/fixposition_driver_lib' returned '0': CMAKE_PREFIX_PATH=/home/rhobtor/PHD/j8_control/J8_control/install/fixposition_gnss_tf:/home/rhobtor/PHD/ARGOSJ8_IA/ARGOSJ8_IA_/install/wiimote_msgs:/home/rhobtor/PHD/ARGOSJ8_IA/ARGOSJ8_IA_/install/ublox:/home/rhobtor/PHD/ARGOSJ8_IA/ARGOSJ8_IA_/install/ublox_gps:/home/rhobtor/PHD/ARGOSJ8_IA/ARGOSJ8_IA_/install/security_check:/home/rhobtor/PHD/ARGOSJ8_IA/ARGOSJ8_IA_/install/ctl_mission:/home/rhobtor/PHD/ARGOSJ8_IA/ARGOSJ8_IA_/install/ublox_msgs:/home/rhobtor/PHD/ARGOSJ8_IA/ARGOSJ8_IA_/install/ublox_serialization:/home/rhobtor/PHD/ARGOSJ8_IA/ARGOSJ8_IA_/install/spacenav:/home/rhobtor/PHD/ARGOSJ8_IA/ARGOSJ8_IA_/install/laser_segmentation:/home/rhobtor/PHD/ARGOSJ8_IA/ARGOSJ8_IA_/install/slg_msgs:/home/rhobtor/PHD/ARGOSJ8_IA/ARGOSJ8_IA_/install/security_check_interfaces:/home/rhobtor/PHD/ARGOSJ8_IA/ARGOSJ8_IA_/install/joy:/home/rhobtor/PHD/ARGOSJ8_IA/ARGOSJ8_IA_/install/sdl2_vendor:/home/rhobtor/PHD/ARGOSJ8_IA/ARGOSJ8_IA_/install/path_manager:/home/rhobtor/PHD/ARGOSJ8_IA/ARGOSJ8_IA_/install/path_manager_interfaces:/home/rhobtor/PHD/ARGOSJ8_IA/ARGOSJ8_IA_/install/joy_linux:/home/rhobtor/PHD/ARGOSJ8_IA/ARGOSJ8_IA_/install/j8_xacro_model:/home/rhobtor/PHD/ARGOSJ8_IA/ARGOSJ8_IA_/install/hikmicro_thermal_camera:/home/rhobtor/PHD/ARGOSJ8_IA/ARGOSJ8_IA_/install/hector_gazebo_plugins:/home/rhobtor/PHD/ARGOSJ8_IA/ARGOSJ8_IA_/install/fixposition_sensor_pkg:/home/rhobtor/PHD/ARGOSJ8_IA/ARGOSJ8_IA_/install/fixposition_odometry_converter_ros2:/home/rhobtor/PHD/ARGOSJ8_IA/ARGOSJ8_IA_/install/fixposition_driver_ros2:/home/rhobtor/PHD/ARGOSJ8_IA/ARGOSJ8_IA_/install/fixposition_driver_lib:/home/rhobtor/PHD/ARGOSJ8_IA/ARGOSJ8_IA_/install/fixposition_gnss_tf:/home/rhobtor/PHD/ARGOSJ8_IA/ARGOSJ8_IA_/install/ctl_mission_interfaces:/home/rhobtor/PHD/ARGOSJ8_IA/ARGOSJ8_IA_/install/car_cpp:/home/rhobtor/PHD/ARGOSJ8_IA/ARGOSJ8_IA_/install/car_interfaces:/home/rhobtor/PHD/ARGOSJ8_IA/ARGOSJ8_IA_/install/argj801_setup:/home/rhobtor/PHD/ARGOSJ8_IA/ARGOSJ8_IA_/install/argj801_sensors:/home/rhobtor/PHD/ARGOSJ8_IA/ARGOSJ8_IA_/install/argj801_sensors_msgs:/home/rhobtor/PHD/ARGOSJ8_IA/ARGOSJ8_IA_/install/argj801_ctl_platform:/home/rhobtor/PHD/ARGOSJ8_IA/ARGOSJ8_IA_/install/argj801_ctl_platform_interfaces:/home/rhobtor/PHD/model_terrain_ugv/Model_terrain_ugv/install/model_terrain_cpp:/home/rhobtor/PHD/path_dem/install_navigation/path_dem:/home/rhobtor/PHD/path_dem/install/path_dem:/home/rhobtor/PHD/install_global_belief_final/path_dem:/home/rhobtor/PHD/ARGOSJ8_IA/ARGOSJ8_IA_/install/car:/home/rhobtor/PHD/ARGOSJ8_IA/ARGOSJ8_IA_/install/ntrip_client:/home/rhobtor/PHD/ARGOSJ8_IA/ARGOSJ8_IA_/install/j8_gui:/home/rhobtor/PHD/ARGOSJ8_IA/ARGOSJ8_IA_/install/gui:/home/rhobtor/PHD/ARGOSJ8_IA/ARGOSJ8_IA_/install/android_ros2_server:/home/rhobtor/PHD/ARGOSJ8_IA/ARGOSJ8_IA_/install/GUI_pkg:/home/rhobtor/PHD/model_terrain_ugv/Model_terrain_ugv/install/model_terrain:/opt/ros/humble LD_LIBRARY_PATH=/home/rhobtor/PHD/j8_control/J8_control/install/fixposition_gnss_tf/lib:${LD_LIBRARY_PATH} PKG_CONFIG_PATH=/home/rhobtor/PHD/j8_control/J8_control/install/fixposition_gnss_tf/lib/x86_64-linux-gnu/pkgconfig:/home/rhobtor/PHD/j8_control/J8_control/install/fixposition_gnss_tf/lib/pkgconfig:${PKG_CONFIG_PATH} /usr/bin/cmake --build /home/rhobtor/PHD/j8_control/J8_control/build/fixposition_driver_lib -- -j20 -l20
[22.160s] DEBUG:colcon.colcon_core.event_handler.log_command:Invoking command in '/home/rhobtor/PHD/j8_control/J8_control/build/fixposition_driver_lib': CMAKE_PREFIX_PATH=/home/rhobtor/PHD/j8_control/J8_control/install/fixposition_gnss_tf:/home/rhobtor/PHD/ARGOSJ8_IA/ARGOSJ8_IA_/install/wiimote_msgs:/home/rhobtor/PHD/ARGOSJ8_IA/ARGOSJ8_IA_/install/ublox:/home/rhobtor/PHD/ARGOSJ8_IA/ARGOSJ8_IA_/install/ublox_gps:/home/rhobtor/PHD/ARGOSJ8_IA/ARGOSJ8_IA_/install/security_check:/home/rhobtor/PHD/ARGOSJ8_IA/ARGOSJ8_IA_/install/ctl_mission:/home/rhobtor/PHD/ARGOSJ8_IA/ARGOSJ8_IA_/install/ublox_msgs:/home/rhobtor/PHD/ARGOSJ8_IA/ARGOSJ8_IA_/install/ublox_serialization:/home/rhobtor/PHD/ARGOSJ8_IA/ARGOSJ8_IA_/install/spacenav:/home/rhobtor/PHD/ARGOSJ8_IA/ARGOSJ8_IA_/install/laser_segmentation:/home/rhobtor/PHD/ARGOSJ8_IA/ARGOSJ8_IA_/install/slg_msgs:/home/rhobtor/PHD/ARGOSJ8_IA/ARGOSJ8_IA_/install/security_check_interfaces:/home/rhobtor/PHD/ARGOSJ8_IA/ARGOSJ8_IA_/install/joy:/home/rhobtor/PHD/ARGOSJ8_IA/ARGOSJ8_IA_/install/sdl2_vendor:/home/rhobtor/PHD/ARGOSJ8_IA/ARGOSJ8_IA_/install/path_manager:/home/rhobtor/PHD/ARGOSJ8_IA/ARGOSJ8_IA_/install/path_manager_interfaces:/home/rhobtor/PHD/ARGOSJ8_IA/ARGOSJ8_IA_/install/joy_linux:/home/rhobtor/PHD/ARGOSJ8_IA/ARGOSJ8_IA_/install/j8_xacro_model:/home/rhobtor/PHD/ARGOSJ8_IA/ARGOSJ8_IA_/install/hikmicro_thermal_camera:/home/rhobtor/PHD/ARGOSJ8_IA/ARGOSJ8_IA_/install/hector_gazebo_plugins:/home/rhobtor/PHD/ARGOSJ8_IA/ARGOSJ8_IA_/install/fixposition_sensor_pkg:/home/rhobtor/PHD/ARGOSJ8_IA/ARGOSJ8_IA_/install/fixposition_odometry_converter_ros2:/home/rhobtor/PHD/ARGOSJ8_IA/ARGOSJ8_IA_/install/fixposition_driver_ros2:/home/rhobtor/PHD/ARGOSJ8_IA/ARGOSJ8_IA_/install/fixposition_driver_lib:/home/rhobtor/PHD/ARGOSJ8_IA/ARGOSJ8_IA_/install/fixposition_gnss_tf:/home/rhobtor/PHD/ARGOSJ8_IA/ARGOSJ8_IA_/install/ctl_mission_interfaces:/home/rhobtor/PHD/ARGOSJ8_IA/ARGOSJ8_IA_/install/car_cpp:/home/rhobtor/PHD/ARGOSJ8_IA/ARGOSJ8_IA_/install/car_interfaces:/home/rhobtor/PHD/ARGOSJ8_IA/ARGOSJ8_IA_/install/argj801_setup:/home/rhobtor/PHD/ARGOSJ8_IA/ARGOSJ8_IA_/install/argj801_sensors:/home/rhobtor/PHD/ARGOSJ8_IA/ARGOSJ8_IA_/install/argj801_sensors_msgs:/home/rhobtor/PHD/ARGOSJ8_IA/ARGOSJ8_IA_/install/argj801_ctl_platform:/home/rhobtor/PHD/ARGOSJ8_IA/ARGOSJ8_IA_/install/argj801_ctl_platform_interfaces:/home/rhobtor/PHD/model_terrain_ugv/Model_terrain_ugv/install/model_terrain_cpp:/home/rhobtor/PHD/path_dem/install_navigation/path_dem:/home/rhobtor/PHD/path_dem/install/path_dem:/home/rhobtor/PHD/install_global_belief_final/path_dem:/home/rhobtor/PHD/ARGOSJ8_IA/ARGOSJ8_IA_/install/car:/home/rhobtor/PHD/ARGOSJ8_IA/ARGOSJ8_IA_/install/ntrip_client:/home/rhobtor/PHD/ARGOSJ8_IA/ARGOSJ8_IA_/install/j8_gui:/home/rhobtor/PHD/ARGOSJ8_IA/ARGOSJ8_IA_/install/gui:/home/rhobtor/PHD/ARGOSJ8_IA/ARGOSJ8_IA_/install/android_ros2_server:/home/rhobtor/PHD/ARGOSJ8_IA/ARGOSJ8_IA_/install/GUI_pkg:/home/rhobtor/PHD/model_terrain_ugv/Model_terrain_ugv/install/model_terrain:/opt/ros/humble LD_LIBRARY_PATH=/home/rhobtor/PHD/j8_control/J8_control/install/fixposition_gnss_tf/lib:${LD_LIBRARY_PATH} PKG_CONFIG_PATH=/home/rhobtor/PHD/j8_control/J8_control/install/fixposition_gnss_tf/lib/x86_64-linux-gnu/pkgconfig:/home/rhobtor/PHD/j8_control/J8_control/install/fixposition_gnss_tf/lib/pkgconfig:${PKG_CONFIG_PATH} /usr/bin/cmake --install /home/rhobtor/PHD/j8_control/J8_control/build/fixposition_driver_lib
[22.650s] DEBUG:colcon.colcon_core.event_handler.log_command:Invoked command in '/home/rhobtor/PHD/j8_control/J8_control/build/spacenav' returned '0': CMAKE_PREFIX_PATH=${CMAKE_PREFIX_PATH}:/home/rhobtor/PHD/path_dem/install_navigation/path_dem:/home/rhobtor/PHD/path_dem/install/path_dem:/home/rhobtor/PHD/install_global_belief_final/path_dem:/home/rhobtor/PHD/ARGOSJ8_IA/ARGOSJ8_IA_/install/car:/home/rhobtor/PHD/ARGOSJ8_IA/ARGOSJ8_IA_/install/ntrip_client:/home/rhobtor/PHD/ARGOSJ8_IA/ARGOSJ8_IA_/install/j8_gui:/home/rhobtor/PHD/ARGOSJ8_IA/ARGOSJ8_IA_/install/gui:/home/rhobtor/PHD/ARGOSJ8_IA/ARGOSJ8_IA_/install/android_ros2_server:/home/rhobtor/PHD/ARGOSJ8_IA/ARGOSJ8_IA_/install/GUI_pkg:/home/rhobtor/PHD/model_terrain_ugv/Model_terrain_ugv/install/model_terrain:/opt/ros/humble /usr/bin/cmake --build /home/rhobtor/PHD/j8_control/J8_control/build/spacenav -- -j20 -l20
[22.651s] DEBUG:colcon.colcon_core.event_handler.log_command:Invoking command in '/home/rhobtor/PHD/j8_control/J8_control/build/spacenav': CMAKE_PREFIX_PATH=${CMAKE_PREFIX_PATH}:/home/rhobtor/PHD/path_dem/install_navigation/path_dem:/home/rhobtor/PHD/path_dem/install/path_dem:/home/rhobtor/PHD/install_global_belief_final/path_dem:/home/rhobtor/PHD/ARGOSJ8_IA/ARGOSJ8_IA_/install/car:/home/rhobtor/PHD/ARGOSJ8_IA/ARGOSJ8_IA_/install/ntrip_client:/home/rhobtor/PHD/ARGOSJ8_IA/ARGOSJ8_IA_/install/j8_gui:/home/rhobtor/PHD/ARGOSJ8_IA/ARGOSJ8_IA_/install/gui:/home/rhobtor/PHD/ARGOSJ8_IA/ARGOSJ8_IA_/install/android_ros2_server:/home/rhobtor/PHD/ARGOSJ8_IA/ARGOSJ8_IA_/install/GUI_pkg:/home/rhobtor/PHD/model_terrain_ugv/Model_terrain_ugv/install/model_terrain:/opt/ros/humble /usr/bin/cmake --install /home/rhobtor/PHD/j8_control/J8_control/build/spacenav
[22.725s] Level 1:colcon.colcon_core.shell:create_environment_hook('fixposition_driver_lib', 'pkg_config_path')
[22.725s] INFO:colcon.colcon_core.shell:Creating environment hook '/home/rhobtor/PHD/j8_control/J8_control/install/fixposition_driver_lib/share/fixposition_driver_lib/hook/pkg_config_path.ps1'
[22.726s] INFO:colcon.colcon_core.shell:Creating environment descriptor '/home/rhobtor/PHD/j8_control/J8_control/install/fixposition_driver_lib/share/fixposition_driver_lib/hook/pkg_config_path.dsv'
[22.730s] INFO:colcon.colcon_core.shell:Creating environment hook '/home/rhobtor/PHD/j8_control/J8_control/install/fixposition_driver_lib/share/fixposition_driver_lib/hook/pkg_config_path.sh'
[22.731s] Level 1:colcon.colcon_core.shell:create_environment_hook('fixposition_driver_lib', 'pkg_config_path_multiarch')
[22.731s] INFO:colcon.colcon_core.shell:Creating environment hook '/home/rhobtor/PHD/j8_control/J8_control/install/fixposition_driver_lib/share/fixposition_driver_lib/hook/pkg_config_path_multiarch.ps1'
[22.733s] DEBUG:colcon.colcon_core.event_handler.log_command:Invoked command in '/home/rhobtor/PHD/j8_control/J8_control/build/wiimote_msgs' returned '0': CMAKE_PREFIX_PATH=${CMAKE_PREFIX_PATH}:/home/rhobtor/PHD/path_dem/install_navigation/path_dem:/home/rhobtor/PHD/path_dem/install/path_dem:/home/rhobtor/PHD/install_global_belief_final/path_dem:/home/rhobtor/PHD/ARGOSJ8_IA/ARGOSJ8_IA_/install/car:/home/rhobtor/PHD/ARGOSJ8_IA/ARGOSJ8_IA_/install/ntrip_client:/home/rhobtor/PHD/ARGOSJ8_IA/ARGOSJ8_IA_/install/j8_gui:/home/rhobtor/PHD/ARGOSJ8_IA/ARGOSJ8_IA_/install/gui:/home/rhobtor/PHD/ARGOSJ8_IA/ARGOSJ8_IA_/install/android_ros2_server:/home/rhobtor/PHD/ARGOSJ8_IA/ARGOSJ8_IA_/install/GUI_pkg:/home/rhobtor/PHD/model_terrain_ugv/Model_terrain_ugv/install/model_terrain:/opt/ros/humble /usr/bin/cmake --build /home/rhobtor/PHD/j8_control/J8_control/build/wiimote_msgs -- -j20 -l20
[22.734s] DEBUG:colcon.colcon_core.event_handler.log_command:Invoking command in '/home/rhobtor/PHD/j8_control/J8_control/build/wiimote_msgs': CMAKE_PREFIX_PATH=${CMAKE_PREFIX_PATH}:/home/rhobtor/PHD/path_dem/install_navigation/path_dem:/home/rhobtor/PHD/path_dem/install/path_dem:/home/rhobtor/PHD/install_global_belief_final/path_dem:/home/rhobtor/PHD/ARGOSJ8_IA/ARGOSJ8_IA_/install/car:/home/rhobtor/PHD/ARGOSJ8_IA/ARGOSJ8_IA_/install/ntrip_client:/home/rhobtor/PHD/ARGOSJ8_IA/ARGOSJ8_IA_/install/j8_gui:/home/rhobtor/PHD/ARGOSJ8_IA/ARGOSJ8_IA_/install/gui:/home/rhobtor/PHD/ARGOSJ8_IA/ARGOSJ8_IA_/install/android_ros2_server:/home/rhobtor/PHD/ARGOSJ8_IA/ARGOSJ8_IA_/install/GUI_pkg:/home/rhobtor/PHD/model_terrain_ugv/Model_terrain_ugv/install/model_terrain:/opt/ros/humble /usr/bin/cmake --install /home/rhobtor/PHD/j8_control/J8_control/build/wiimote_msgs
[22.736s] DEBUG:colcon.colcon_core.event_handler.log_command:Invoked command in '/home/rhobtor/PHD/j8_control/J8_control/build/fixposition_driver_lib' returned '0': CMAKE_PREFIX_PATH=/home/rhobtor/PHD/j8_control/J8_control/install/fixposition_gnss_tf:/home/rhobtor/PHD/ARGOSJ8_IA/ARGOSJ8_IA_/install/wiimote_msgs:/home/rhobtor/PHD/ARGOSJ8_IA/ARGOSJ8_IA_/install/ublox:/home/rhobtor/PHD/ARGOSJ8_IA/ARGOSJ8_IA_/install/ublox_gps:/home/rhobtor/PHD/ARGOSJ8_IA/ARGOSJ8_IA_/install/security_check:/home/rhobtor/PHD/ARGOSJ8_IA/ARGOSJ8_IA_/install/ctl_mission:/home/rhobtor/PHD/ARGOSJ8_IA/ARGOSJ8_IA_/install/ublox_msgs:/home/rhobtor/PHD/ARGOSJ8_IA/ARGOSJ8_IA_/install/ublox_serialization:/home/rhobtor/PHD/ARGOSJ8_IA/ARGOSJ8_IA_/install/spacenav:/home/rhobtor/PHD/ARGOSJ8_IA/ARGOSJ8_IA_/install/laser_segmentation:/home/rhobtor/PHD/ARGOSJ8_IA/ARGOSJ8_IA_/install/slg_msgs:/home/rhobtor/PHD/ARGOSJ8_IA/ARGOSJ8_IA_/install/security_check_interfaces:/home/rhobtor/PHD/ARGOSJ8_IA/ARGOSJ8_IA_/install/joy:/home/rhobtor/PHD/ARGOSJ8_IA/ARGOSJ8_IA_/install/sdl2_vendor:/home/rhobtor/PHD/ARGOSJ8_IA/ARGOSJ8_IA_/install/path_manager:/home/rhobtor/PHD/ARGOSJ8_IA/ARGOSJ8_IA_/install/path_manager_interfaces:/home/rhobtor/PHD/ARGOSJ8_IA/ARGOSJ8_IA_/install/joy_linux:/home/rhobtor/PHD/ARGOSJ8_IA/ARGOSJ8_IA_/install/j8_xacro_model:/home/rhobtor/PHD/ARGOSJ8_IA/ARGOSJ8_IA_/install/hikmicro_thermal_camera:/home/rhobtor/PHD/ARGOSJ8_IA/ARGOSJ8_IA_/install/hector_gazebo_plugins:/home/rhobtor/PHD/ARGOSJ8_IA/ARGOSJ8_IA_/install/fixposition_sensor_pkg:/home/rhobtor/PHD/ARGOSJ8_IA/ARGOSJ8_IA_/install/fixposition_odometry_converter_ros2:/home/rhobtor/PHD/ARGOSJ8_IA/ARGOSJ8_IA_/install/fixposition_driver_ros2:/home/rhobtor/PHD/ARGOSJ8_IA/ARGOSJ8_IA_/install/fixposition_driver_lib:/home/rhobtor/PHD/ARGOSJ8_IA/ARGOSJ8_IA_/install/fixposition_gnss_tf:/home/rhobtor/PHD/ARGOSJ8_IA/ARGOSJ8_IA_/install/ctl_mission_interfaces:/home/rhobtor/PHD/ARGOSJ8_IA/ARGOSJ8_IA_/install/car_cpp:/home/rhobtor/PHD/ARGOSJ8_IA/ARGOSJ8_IA_/install/car_interfaces:/home/rhobtor/PHD/ARGOSJ8_IA/ARGOSJ8_IA_/install/argj801_setup:/home/rhobtor/PHD/ARGOSJ8_IA/ARGOSJ8_IA_/install/argj801_sensors:/home/rhobtor/PHD/ARGOSJ8_IA/ARGOSJ8_IA_/install/argj801_sensors_msgs:/home/rhobtor/PHD/ARGOSJ8_IA/ARGOSJ8_IA_/install/argj801_ctl_platform:/home/rhobtor/PHD/ARGOSJ8_IA/ARGOSJ8_IA_/install/argj801_ctl_platform_interfaces:/home/rhobtor/PHD/model_terrain_ugv/Model_terrain_ugv/install/model_terrain_cpp:/home/rhobtor/PHD/path_dem/install_navigation/path_dem:/home/rhobtor/PHD/path_dem/install/path_dem:/home/rhobtor/PHD/install_global_belief_final/path_dem:/home/rhobtor/PHD/ARGOSJ8_IA/ARGOSJ8_IA_/install/car:/home/rhobtor/PHD/ARGOSJ8_IA/ARGOSJ8_IA_/install/ntrip_client:/home/rhobtor/PHD/ARGOSJ8_IA/ARGOSJ8_IA_/install/j8_gui:/home/rhobtor/PHD/ARGOSJ8_IA/ARGOSJ8_IA_/install/gui:/home/rhobtor/PHD/ARGOSJ8_IA/ARGOSJ8_IA_/install/android_ros2_server:/home/rhobtor/PHD/ARGOSJ8_IA/ARGOSJ8_IA_/install/GUI_pkg:/home/rhobtor/PHD/model_terrain_ugv/Model_terrain_ugv/install/model_terrain:/opt/ros/humble LD_LIBRARY_PATH=/home/rhobtor/PHD/j8_control/J8_control/install/fixposition_gnss_tf/lib:${LD_LIBRARY_PATH} PKG_CONFIG_PATH=/home/rhobtor/PHD/j8_control/J8_control/install/fixposition_gnss_tf/lib/x86_64-linux-gnu/pkgconfig:/home/rhobtor/PHD/j8_control/J8_control/install/fixposition_gnss_tf/lib/pkgconfig:${PKG_CONFIG_PATH} /usr/bin/cmake --install /home/rhobtor/PHD/j8_control/J8_control/build/fixposition_driver_lib
[22.737s] INFO:colcon.colcon_core.shell:Creating environment descriptor '/home/rhobtor/PHD/j8_control/J8_control/install/fixposition_driver_lib/share/fixposition_driver_lib/hook/pkg_config_path_multiarch.dsv'
[22.737s] INFO:colcon.colcon_core.shell:Creating environment hook '/home/rhobtor/PHD/j8_control/J8_control/install/fixposition_driver_lib/share/fixposition_driver_lib/hook/pkg_config_path_multiarch.sh'
[22.738s] Level 1:colcon.colcon_core.environment:create_environment_scripts_only(fixposition_driver_lib)
[22.738s] Level 1:colcon.colcon_core.environment:checking '/home/rhobtor/PHD/j8_control/J8_control/install/fixposition_driver_lib' for CMake module files
[22.739s] Level 1:colcon.colcon_core.environment:checking '/home/rhobtor/PHD/j8_control/J8_control/install/fixposition_driver_lib' for CMake config files
[22.739s] Level 1:colcon.colcon_core.shell:create_environment_hook('fixposition_driver_lib', 'cmake_prefix_path')
[22.739s] INFO:colcon.colcon_core.shell:Creating environment hook '/home/rhobtor/PHD/j8_control/J8_control/install/fixposition_driver_lib/share/fixposition_driver_lib/hook/cmake_prefix_path.ps1'
[22.740s] INFO:colcon.colcon_core.shell:Creating environment descriptor '/home/rhobtor/PHD/j8_control/J8_control/install/fixposition_driver_lib/share/fixposition_driver_lib/hook/cmake_prefix_path.dsv'
[22.741s] INFO:colcon.colcon_core.shell:Creating environment hook '/home/rhobtor/PHD/j8_control/J8_control/install/fixposition_driver_lib/share/fixposition_driver_lib/hook/cmake_prefix_path.sh'
[22.742s] Level 1:colcon.colcon_core.environment:checking '/home/rhobtor/PHD/j8_control/J8_control/install/fixposition_driver_lib/lib'
[22.743s] Level 1:colcon.colcon_core.shell:create_environment_hook('fixposition_driver_lib', 'ld_library_path_lib')
[22.744s] INFO:colcon.colcon_core.shell:Creating environment hook '/home/rhobtor/PHD/j8_control/J8_control/install/fixposition_driver_lib/share/fixposition_driver_lib/hook/ld_library_path_lib.ps1'
[22.746s] INFO:colcon.colcon_core.shell:Creating environment descriptor '/home/rhobtor/PHD/j8_control/J8_control/install/fixposition_driver_lib/share/fixposition_driver_lib/hook/ld_library_path_lib.dsv'
[22.747s] INFO:colcon.colcon_core.shell:Creating environment hook '/home/rhobtor/PHD/j8_control/J8_control/install/fixposition_driver_lib/share/fixposition_driver_lib/hook/ld_library_path_lib.sh'
[22.748s] Level 1:colcon.colcon_core.environment:checking '/home/rhobtor/PHD/j8_control/J8_control/install/fixposition_driver_lib/bin'
[22.748s] Level 1:colcon.colcon_core.environment:checking '/home/rhobtor/PHD/j8_control/J8_control/install/fixposition_driver_lib/lib/pkgconfig/fixposition_driver_lib.pc'
[22.748s] Level 1:colcon.colcon_core.environment:checking '/home/rhobtor/PHD/j8_control/J8_control/install/fixposition_driver_lib/lib/python3.10/site-packages'
[22.749s] Level 1:colcon.colcon_core.environment:checking '/home/rhobtor/PHD/j8_control/J8_control/install/fixposition_driver_lib/bin'
[22.749s] INFO:colcon.colcon_core.shell:Creating package script '/home/rhobtor/PHD/j8_control/J8_control/install/fixposition_driver_lib/share/fixposition_driver_lib/package.ps1'
[22.750s] INFO:colcon.colcon_core.shell:Creating package descriptor '/home/rhobtor/PHD/j8_control/J8_control/install/fixposition_driver_lib/share/fixposition_driver_lib/package.dsv'
[22.754s] INFO:colcon.colcon_core.shell:Creating package script '/home/rhobtor/PHD/j8_control/J8_control/install/fixposition_driver_lib/share/fixposition_driver_lib/package.sh'
[22.757s] INFO:colcon.colcon_core.shell:Creating package script '/home/rhobtor/PHD/j8_control/J8_control/install/fixposition_driver_lib/share/fixposition_driver_lib/package.bash'
[22.758s] INFO:colcon.colcon_core.shell:Creating package script '/home/rhobtor/PHD/j8_control/J8_control/install/fixposition_driver_lib/share/fixposition_driver_lib/package.zsh'
[22.759s] Level 1:colcon.colcon_core.environment:create_file_with_runtime_dependencies(/home/rhobtor/PHD/j8_control/J8_control/install/fixposition_driver_lib/share/colcon-core/packages/fixposition_driver_lib)
[22.763s] INFO:colcon.colcon_ros.task.ament_cmake.build:Building ROS package in '/home/rhobtor/PHD/j8_control/J8_control/src/argo_drivers_pkgs/Fixposition_driver_pkg/fixposition_driver-main/fixposition_driver_ros2' with build type 'ament_cmake'
[22.763s] INFO:colcon.colcon_cmake.task.cmake.build:Building CMake package in '/home/rhobtor/PHD/j8_control/J8_control/src/argo_drivers_pkgs/Fixposition_driver_pkg/fixposition_driver-main/fixposition_driver_ros2'
[22.764s] INFO:colcon.colcon_core.shell:Skip shell extension 'powershell' for command environment: Not usable outside of PowerShell
[22.764s] DEBUG:colcon.colcon_core.shell:Skip shell extension 'dsv' for command environment
[22.786s] Level 1:colcon.colcon_core.environment:create_environment_scripts_only(spacenav)
[22.786s] Level 1:colcon.colcon_core.environment:checking '/home/rhobtor/PHD/j8_control/J8_control/install/spacenav' for CMake module files
[22.787s] Level 1:colcon.colcon_core.environment:checking '/home/rhobtor/PHD/j8_control/J8_control/install/spacenav' for CMake config files
[22.787s] Level 1:colcon.colcon_core.shell:create_environment_hook('spacenav', 'cmake_prefix_path')
[22.788s] INFO:colcon.colcon_core.shell:Creating environment hook '/home/rhobtor/PHD/j8_control/J8_control/install/spacenav/share/spacenav/hook/cmake_prefix_path.ps1'
[22.788s] INFO:colcon.colcon_core.shell:Creating environment descriptor '/home/rhobtor/PHD/j8_control/J8_control/install/spacenav/share/spacenav/hook/cmake_prefix_path.dsv'
[22.791s] DEBUG:colcon.colcon_core.event_handler.log_command:Invoked command in '/home/rhobtor/PHD/j8_control/J8_control/build/spacenav' returned '0': CMAKE_PREFIX_PATH=${CMAKE_PREFIX_PATH}:/home/rhobtor/PHD/path_dem/install_navigation/path_dem:/home/rhobtor/PHD/path_dem/install/path_dem:/home/rhobtor/PHD/install_global_belief_final/path_dem:/home/rhobtor/PHD/ARGOSJ8_IA/ARGOSJ8_IA_/install/car:/home/rhobtor/PHD/ARGOSJ8_IA/ARGOSJ8_IA_/install/ntrip_client:/home/rhobtor/PHD/ARGOSJ8_IA/ARGOSJ8_IA_/install/j8_gui:/home/rhobtor/PHD/ARGOSJ8_IA/ARGOSJ8_IA_/install/gui:/home/rhobtor/PHD/ARGOSJ8_IA/ARGOSJ8_IA_/install/android_ros2_server:/home/rhobtor/PHD/ARGOSJ8_IA/ARGOSJ8_IA_/install/GUI_pkg:/home/rhobtor/PHD/model_terrain_ugv/Model_terrain_ugv/install/model_terrain:/opt/ros/humble /usr/bin/cmake --install /home/rhobtor/PHD/j8_control/J8_control/build/spacenav
[22.792s] INFO:colcon.colcon_core.shell:Creating environment hook '/home/rhobtor/PHD/j8_control/J8_control/install/spacenav/share/spacenav/hook/cmake_prefix_path.sh'
[22.794s] Level 1:colcon.colcon_core.environment:checking '/home/rhobtor/PHD/j8_control/J8_control/install/spacenav/lib'
[22.794s] Level 1:colcon.colcon_core.shell:create_environment_hook('spacenav', 'ld_library_path_lib')
[22.794s] INFO:colcon.colcon_core.shell:Creating environment hook '/home/rhobtor/PHD/j8_control/J8_control/install/spacenav/share/spacenav/hook/ld_library_path_lib.ps1'
[22.795s] INFO:colcon.colcon_core.shell:Creating environment descriptor '/home/rhobtor/PHD/j8_control/J8_control/install/spacenav/share/spacenav/hook/ld_library_path_lib.dsv'
[22.795s] INFO:colcon.colcon_core.shell:Creating environment hook '/home/rhobtor/PHD/j8_control/J8_control/install/spacenav/share/spacenav/hook/ld_library_path_lib.sh'
[22.795s] Level 1:colcon.colcon_core.environment:checking '/home/rhobtor/PHD/j8_control/J8_control/install/spacenav/bin'
[22.795s] Level 1:colcon.colcon_core.environment:checking '/home/rhobtor/PHD/j8_control/J8_control/install/spacenav/lib/pkgconfig/spacenav.pc'
[22.796s] Level 1:colcon.colcon_core.environment:checking '/home/rhobtor/PHD/j8_control/J8_control/install/spacenav/lib/python3.10/site-packages'
[22.796s] Level 1:colcon.colcon_core.environment:checking '/home/rhobtor/PHD/j8_control/J8_control/install/spacenav/bin'
[22.796s] INFO:colcon.colcon_core.shell:Creating package script '/home/rhobtor/PHD/j8_control/J8_control/install/spacenav/share/spacenav/package.ps1'
[22.800s] INFO:colcon.colcon_core.shell:Creating package descriptor '/home/rhobtor/PHD/j8_control/J8_control/install/spacenav/share/spacenav/package.dsv'
[22.801s] INFO:colcon.colcon_core.shell:Creating package script '/home/rhobtor/PHD/j8_control/J8_control/install/spacenav/share/spacenav/package.sh'
[22.801s] INFO:colcon.colcon_core.shell:Creating package script '/home/rhobtor/PHD/j8_control/J8_control/install/spacenav/share/spacenav/package.bash'
[22.802s] INFO:colcon.colcon_core.shell:Creating package script '/home/rhobtor/PHD/j8_control/J8_control/install/spacenav/share/spacenav/package.zsh'
[22.805s] Level 1:colcon.colcon_core.environment:create_file_with_runtime_dependencies(/home/rhobtor/PHD/j8_control/J8_control/install/spacenav/share/colcon-core/packages/spacenav)
[22.806s] Level 1:colcon.colcon_core.environment:create_environment_scripts_only(spacenav)
[22.806s] Level 1:colcon.colcon_core.environment:checking '/home/rhobtor/PHD/j8_control/J8_control/install/spacenav' for CMake module files
[22.807s] Level 1:colcon.colcon_core.environment:checking '/home/rhobtor/PHD/j8_control/J8_control/install/spacenav' for CMake config files
[22.807s] Level 1:colcon.colcon_core.shell:create_environment_hook('spacenav', 'cmake_prefix_path')
[22.807s] INFO:colcon.colcon_core.shell:Creating environment hook '/home/rhobtor/PHD/j8_control/J8_control/install/spacenav/share/spacenav/hook/cmake_prefix_path.ps1'
[22.808s] INFO:colcon.colcon_core.shell:Creating environment descriptor '/home/rhobtor/PHD/j8_control/J8_control/install/spacenav/share/spacenav/hook/cmake_prefix_path.dsv'
[22.808s] INFO:colcon.colcon_core.shell:Creating environment hook '/home/rhobtor/PHD/j8_control/J8_control/install/spacenav/share/spacenav/hook/cmake_prefix_path.sh'
[22.809s] Level 1:colcon.colcon_core.environment:checking '/home/rhobtor/PHD/j8_control/J8_control/install/spacenav/lib'
[22.809s] Level 1:colcon.colcon_core.shell:create_environment_hook('spacenav', 'ld_library_path_lib')
[22.809s] INFO:colcon.colcon_core.shell:Creating environment hook '/home/rhobtor/PHD/j8_control/J8_control/install/spacenav/share/spacenav/hook/ld_library_path_lib.ps1'
[22.817s] INFO:colcon.colcon_core.shell:Creating environment descriptor '/home/rhobtor/PHD/j8_control/J8_control/install/spacenav/share/spacenav/hook/ld_library_path_lib.dsv'
[22.817s] INFO:colcon.colcon_core.shell:Creating environment hook '/home/rhobtor/PHD/j8_control/J8_control/install/spacenav/share/spacenav/hook/ld_library_path_lib.sh'
[22.818s] Level 1:colcon.colcon_core.environment:checking '/home/rhobtor/PHD/j8_control/J8_control/install/spacenav/bin'
[22.818s] Level 1:colcon.colcon_core.environment:checking '/home/rhobtor/PHD/j8_control/J8_control/install/spacenav/lib/pkgconfig/spacenav.pc'
[22.818s] Level 1:colcon.colcon_core.environment:checking '/home/rhobtor/PHD/j8_control/J8_control/install/spacenav/lib/python3.10/site-packages'
[22.818s] Level 1:colcon.colcon_core.environment:checking '/home/rhobtor/PHD/j8_control/J8_control/install/spacenav/bin'
[22.819s] INFO:colcon.colcon_core.shell:Creating package script '/home/rhobtor/PHD/j8_control/J8_control/install/spacenav/share/spacenav/package.ps1'
[22.820s] INFO:colcon.colcon_core.shell:Creating package descriptor '/home/rhobtor/PHD/j8_control/J8_control/install/spacenav/share/spacenav/package.dsv'
[22.821s] INFO:colcon.colcon_core.shell:Creating package script '/home/rhobtor/PHD/j8_control/J8_control/install/spacenav/share/spacenav/package.sh'
[22.821s] INFO:colcon.colcon_core.shell:Creating package script '/home/rhobtor/PHD/j8_control/J8_control/install/spacenav/share/spacenav/package.bash'
[22.822s] INFO:colcon.colcon_core.shell:Creating package script '/home/rhobtor/PHD/j8_control/J8_control/install/spacenav/share/spacenav/package.zsh'
[22.822s] Level 1:colcon.colcon_core.environment:create_file_with_runtime_dependencies(/home/rhobtor/PHD/j8_control/J8_control/install/spacenav/share/colcon-core/packages/spacenav)
[22.835s] DEBUG:colcon.colcon_core.event_handler.log_command:Invoking command in '/home/rhobtor/PHD/j8_control/J8_control/build/fixposition_driver_ros2': CMAKE_PREFIX_PATH=/home/rhobtor/PHD/j8_control/J8_control/install/fixposition_driver_lib:/home/rhobtor/PHD/j8_control/J8_control/install/fixposition_gnss_tf:/home/rhobtor/PHD/ARGOSJ8_IA/ARGOSJ8_IA_/install/wiimote_msgs:/home/rhobtor/PHD/ARGOSJ8_IA/ARGOSJ8_IA_/install/ublox:/home/rhobtor/PHD/ARGOSJ8_IA/ARGOSJ8_IA_/install/ublox_gps:/home/rhobtor/PHD/ARGOSJ8_IA/ARGOSJ8_IA_/install/security_check:/home/rhobtor/PHD/ARGOSJ8_IA/ARGOSJ8_IA_/install/ctl_mission:/home/rhobtor/PHD/ARGOSJ8_IA/ARGOSJ8_IA_/install/ublox_msgs:/home/rhobtor/PHD/ARGOSJ8_IA/ARGOSJ8_IA_/install/ublox_serialization:/home/rhobtor/PHD/ARGOSJ8_IA/ARGOSJ8_IA_/install/spacenav:/home/rhobtor/PHD/ARGOSJ8_IA/ARGOSJ8_IA_/install/laser_segmentation:/home/rhobtor/PHD/ARGOSJ8_IA/ARGOSJ8_IA_/install/slg_msgs:/home/rhobtor/PHD/ARGOSJ8_IA/ARGOSJ8_IA_/install/security_check_interfaces:/home/rhobtor/PHD/ARGOSJ8_IA/ARGOSJ8_IA_/install/joy:/home/rhobtor/PHD/ARGOSJ8_IA/ARGOSJ8_IA_/install/sdl2_vendor:/home/rhobtor/PHD/ARGOSJ8_IA/ARGOSJ8_IA_/install/path_manager:/home/rhobtor/PHD/ARGOSJ8_IA/ARGOSJ8_IA_/install/path_manager_interfaces:/home/rhobtor/PHD/ARGOSJ8_IA/ARGOSJ8_IA_/install/joy_linux:/home/rhobtor/PHD/ARGOSJ8_IA/ARGOSJ8_IA_/install/j8_xacro_model:/home/rhobtor/PHD/ARGOSJ8_IA/ARGOSJ8_IA_/install/hikmicro_thermal_camera:/home/rhobtor/PHD/ARGOSJ8_IA/ARGOSJ8_IA_/install/hector_gazebo_plugins:/home/rhobtor/PHD/ARGOSJ8_IA/ARGOSJ8_IA_/install/fixposition_sensor_pkg:/home/rhobtor/PHD/ARGOSJ8_IA/ARGOSJ8_IA_/install/fixposition_odometry_converter_ros2:/home/rhobtor/PHD/ARGOSJ8_IA/ARGOSJ8_IA_/install/fixposition_driver_ros2:/home/rhobtor/PHD/ARGOSJ8_IA/ARGOSJ8_IA_/install/fixposition_driver_lib:/home/rhobtor/PHD/ARGOSJ8_IA/ARGOSJ8_IA_/install/fixposition_gnss_tf:/home/rhobtor/PHD/ARGOSJ8_IA/ARGOSJ8_IA_/install/ctl_mission_interfaces:/home/rhobtor/PHD/ARGOSJ8_IA/ARGOSJ8_IA_/install/car_cpp:/home/rhobtor/PHD/ARGOSJ8_IA/ARGOSJ8_IA_/install/car_interfaces:/home/rhobtor/PHD/ARGOSJ8_IA/ARGOSJ8_IA_/install/argj801_setup:/home/rhobtor/PHD/ARGOSJ8_IA/ARGOSJ8_IA_/install/argj801_sensors:/home/rhobtor/PHD/ARGOSJ8_IA/ARGOSJ8_IA_/install/argj801_sensors_msgs:/home/rhobtor/PHD/ARGOSJ8_IA/ARGOSJ8_IA_/install/argj801_ctl_platform:/home/rhobtor/PHD/ARGOSJ8_IA/ARGOSJ8_IA_/install/argj801_ctl_platform_interfaces:/home/rhobtor/PHD/model_terrain_ugv/Model_terrain_ugv/install/model_terrain_cpp:/home/rhobtor/PHD/path_dem/install_navigation/path_dem:/home/rhobtor/PHD/path_dem/install/path_dem:/home/rhobtor/PHD/install_global_belief_final/path_dem:/home/rhobtor/PHD/ARGOSJ8_IA/ARGOSJ8_IA_/install/car:/home/rhobtor/PHD/ARGOSJ8_IA/ARGOSJ8_IA_/install/ntrip_client:/home/rhobtor/PHD/ARGOSJ8_IA/ARGOSJ8_IA_/install/j8_gui:/home/rhobtor/PHD/ARGOSJ8_IA/ARGOSJ8_IA_/install/gui:/home/rhobtor/PHD/ARGOSJ8_IA/ARGOSJ8_IA_/install/android_ros2_server:/home/rhobtor/PHD/ARGOSJ8_IA/ARGOSJ8_IA_/install/GUI_pkg:/home/rhobtor/PHD/model_terrain_ugv/Model_terrain_ugv/install/model_terrain:/opt/ros/humble LD_LIBRARY_PATH=/home/rhobtor/PHD/j8_control/J8_control/install/fixposition_driver_lib/lib:/home/rhobtor/PHD/j8_control/J8_control/install/fixposition_gnss_tf/lib:${LD_LIBRARY_PATH} PKG_CONFIG_PATH=/home/rhobtor/PHD/j8_control/J8_control/install/fixposition_driver_lib/lib/x86_64-linux-gnu/pkgconfig:/home/rhobtor/PHD/j8_control/J8_control/install/fixposition_driver_lib/lib/pkgconfig:/home/rhobtor/PHD/j8_control/J8_control/install/fixposition_gnss_tf/lib/x86_64-linux-gnu/pkgconfig:/home/rhobtor/PHD/j8_control/J8_control/install/fixposition_gnss_tf/lib/pkgconfig:${PKG_CONFIG_PATH} /usr/bin/cmake /home/rhobtor/PHD/j8_control/J8_control/src/argo_drivers_pkgs/Fixposition_driver_pkg/fixposition_driver-main/fixposition_driver_ros2 -DCMAKE_INSTALL_PREFIX=/home/rhobtor/PHD/j8_control/J8_control/install/fixposition_driver_ros2
[22.862s] Level 1:colcon.colcon_core.environment:create_environment_scripts_only(ctl_mission_interfaces)
[22.863s] Level 1:colcon.colcon_core.environment:checking '/home/rhobtor/PHD/j8_control/J8_control/install/ctl_mission_interfaces' for CMake module files
[22.865s] Level 1:colcon.colcon_core.environment:checking '/home/rhobtor/PHD/j8_control/J8_control/install/ctl_mission_interfaces' for CMake config files
[22.865s] DEBUG:colcon.colcon_core.event_handler.log_command:Invoked command in '/home/rhobtor/PHD/j8_control/J8_control/build/ctl_mission_interfaces' returned '0': CMAKE_PREFIX_PATH=${CMAKE_PREFIX_PATH}:/home/rhobtor/PHD/path_dem/install_navigation/path_dem:/home/rhobtor/PHD/path_dem/install/path_dem:/home/rhobtor/PHD/install_global_belief_final/path_dem:/home/rhobtor/PHD/ARGOSJ8_IA/ARGOSJ8_IA_/install/car:/home/rhobtor/PHD/ARGOSJ8_IA/ARGOSJ8_IA_/install/ntrip_client:/home/rhobtor/PHD/ARGOSJ8_IA/ARGOSJ8_IA_/install/j8_gui:/home/rhobtor/PHD/ARGOSJ8_IA/ARGOSJ8_IA_/install/gui:/home/rhobtor/PHD/ARGOSJ8_IA/ARGOSJ8_IA_/install/android_ros2_server:/home/rhobtor/PHD/ARGOSJ8_IA/ARGOSJ8_IA_/install/GUI_pkg:/home/rhobtor/PHD/model_terrain_ugv/Model_terrain_ugv/install/model_terrain:/opt/ros/humble /usr/bin/cmake --install /home/rhobtor/PHD/j8_control/J8_control/build/ctl_mission_interfaces
[22.868s] Level 1:colcon.colcon_core.shell:create_environment_hook('ctl_mission_interfaces', 'cmake_prefix_path')
[22.869s] INFO:colcon.colcon_core.shell:Creating environment hook '/home/rhobtor/PHD/j8_control/J8_control/install/ctl_mission_interfaces/share/ctl_mission_interfaces/hook/cmake_prefix_path.ps1'
[22.870s] INFO:colcon.colcon_core.shell:Creating environment descriptor '/home/rhobtor/PHD/j8_control/J8_control/install/ctl_mission_interfaces/share/ctl_mission_interfaces/hook/cmake_prefix_path.dsv'
[22.870s] INFO:colcon.colcon_core.shell:Creating environment hook '/home/rhobtor/PHD/j8_control/J8_control/install/ctl_mission_interfaces/share/ctl_mission_interfaces/hook/cmake_prefix_path.sh'
[22.871s] Level 1:colcon.colcon_core.environment:checking '/home/rhobtor/PHD/j8_control/J8_control/install/ctl_mission_interfaces/lib'
[22.871s] Level 1:colcon.colcon_core.shell:create_environment_hook('ctl_mission_interfaces', 'ld_library_path_lib')
[22.871s] INFO:colcon.colcon_core.shell:Creating environment hook '/home/rhobtor/PHD/j8_control/J8_control/install/ctl_mission_interfaces/share/ctl_mission_interfaces/hook/ld_library_path_lib.ps1'
[22.873s] INFO:colcon.colcon_core.shell:Creating environment descriptor '/home/rhobtor/PHD/j8_control/J8_control/install/ctl_mission_interfaces/share/ctl_mission_interfaces/hook/ld_library_path_lib.dsv'
[22.874s] INFO:colcon.colcon_core.shell:Creating environment hook '/home/rhobtor/PHD/j8_control/J8_control/install/ctl_mission_interfaces/share/ctl_mission_interfaces/hook/ld_library_path_lib.sh'
[22.874s] Level 1:colcon.colcon_core.environment:checking '/home/rhobtor/PHD/j8_control/J8_control/install/ctl_mission_interfaces/bin'
[22.874s] Level 1:colcon.colcon_core.environment:checking '/home/rhobtor/PHD/j8_control/J8_control/install/ctl_mission_interfaces/lib/pkgconfig/ctl_mission_interfaces.pc'
[22.874s] Level 1:colcon.colcon_core.environment:checking '/home/rhobtor/PHD/j8_control/J8_control/install/ctl_mission_interfaces/lib/python3.10/site-packages'
[22.875s] Level 1:colcon.colcon_core.environment:checking '/home/rhobtor/PHD/j8_control/J8_control/install/ctl_mission_interfaces/bin'
[22.875s] INFO:colcon.colcon_core.shell:Creating package script '/home/rhobtor/PHD/j8_control/J8_control/install/ctl_mission_interfaces/share/ctl_mission_interfaces/package.ps1'
[22.877s] INFO:colcon.colcon_core.shell:Creating package descriptor '/home/rhobtor/PHD/j8_control/J8_control/install/ctl_mission_interfaces/share/ctl_mission_interfaces/package.dsv'
[22.878s] INFO:colcon.colcon_core.shell:Creating package script '/home/rhobtor/PHD/j8_control/J8_control/install/ctl_mission_interfaces/share/ctl_mission_interfaces/package.sh'
[22.878s] INFO:colcon.colcon_core.shell:Creating package script '/home/rhobtor/PHD/j8_control/J8_control/install/ctl_mission_interfaces/share/ctl_mission_interfaces/package.bash'
[22.879s] INFO:colcon.colcon_core.shell:Creating package script '/home/rhobtor/PHD/j8_control/J8_control/install/ctl_mission_interfaces/share/ctl_mission_interfaces/package.zsh'
[22.880s] Level 1:colcon.colcon_core.environment:create_file_with_runtime_dependencies(/home/rhobtor/PHD/j8_control/J8_control/install/ctl_mission_interfaces/share/colcon-core/packages/ctl_mission_interfaces)
[22.881s] Level 1:colcon.colcon_core.environment:create_environment_scripts_only(ctl_mission_interfaces)
[22.882s] Level 1:colcon.colcon_core.environment:checking '/home/rhobtor/PHD/j8_control/J8_control/install/ctl_mission_interfaces' for CMake module files
[22.882s] Level 1:colcon.colcon_core.environment:checking '/home/rhobtor/PHD/j8_control/J8_control/install/ctl_mission_interfaces' for CMake config files
[22.883s] Level 1:colcon.colcon_core.shell:create_environment_hook('ctl_mission_interfaces', 'cmake_prefix_path')
[22.883s] INFO:colcon.colcon_core.shell:Creating environment hook '/home/rhobtor/PHD/j8_control/J8_control/install/ctl_mission_interfaces/share/ctl_mission_interfaces/hook/cmake_prefix_path.ps1'
[22.884s] INFO:colcon.colcon_core.shell:Creating environment descriptor '/home/rhobtor/PHD/j8_control/J8_control/install/ctl_mission_interfaces/share/ctl_mission_interfaces/hook/cmake_prefix_path.dsv'
[22.885s] INFO:colcon.colcon_core.shell:Creating environment hook '/home/rhobtor/PHD/j8_control/J8_control/install/ctl_mission_interfaces/share/ctl_mission_interfaces/hook/cmake_prefix_path.sh'
[22.885s] Level 1:colcon.colcon_core.environment:checking '/home/rhobtor/PHD/j8_control/J8_control/install/ctl_mission_interfaces/lib'
[22.885s] Level 1:colcon.colcon_core.shell:create_environment_hook('ctl_mission_interfaces', 'ld_library_path_lib')
[22.886s] INFO:colcon.colcon_core.shell:Creating environment hook '/home/rhobtor/PHD/j8_control/J8_control/install/ctl_mission_interfaces/share/ctl_mission_interfaces/hook/ld_library_path_lib.ps1'
[22.886s] INFO:colcon.colcon_core.shell:Creating environment descriptor '/home/rhobtor/PHD/j8_control/J8_control/install/ctl_mission_interfaces/share/ctl_mission_interfaces/hook/ld_library_path_lib.dsv'
[22.887s] INFO:colcon.colcon_core.shell:Creating environment hook '/home/rhobtor/PHD/j8_control/J8_control/install/ctl_mission_interfaces/share/ctl_mission_interfaces/hook/ld_library_path_lib.sh'
[22.887s] Level 1:colcon.colcon_core.environment:checking '/home/rhobtor/PHD/j8_control/J8_control/install/ctl_mission_interfaces/bin'
[22.887s] Level 1:colcon.colcon_core.environment:checking '/home/rhobtor/PHD/j8_control/J8_control/install/ctl_mission_interfaces/lib/pkgconfig/ctl_mission_interfaces.pc'
[22.887s] Level 1:colcon.colcon_core.environment:checking '/home/rhobtor/PHD/j8_control/J8_control/install/ctl_mission_interfaces/lib/python3.10/site-packages'
[22.888s] Level 1:colcon.colcon_core.environment:checking '/home/rhobtor/PHD/j8_control/J8_control/install/ctl_mission_interfaces/bin'
[22.888s] INFO:colcon.colcon_core.shell:Creating package script '/home/rhobtor/PHD/j8_control/J8_control/install/ctl_mission_interfaces/share/ctl_mission_interfaces/package.ps1'
[22.889s] INFO:colcon.colcon_core.shell:Creating package descriptor '/home/rhobtor/PHD/j8_control/J8_control/install/ctl_mission_interfaces/share/ctl_mission_interfaces/package.dsv'
[22.889s] INFO:colcon.colcon_core.shell:Creating package script '/home/rhobtor/PHD/j8_control/J8_control/install/ctl_mission_interfaces/share/ctl_mission_interfaces/package.sh'
[22.890s] INFO:colcon.colcon_core.shell:Creating package script '/home/rhobtor/PHD/j8_control/J8_control/install/ctl_mission_interfaces/share/ctl_mission_interfaces/package.bash'
[22.890s] INFO:colcon.colcon_core.shell:Creating package script '/home/rhobtor/PHD/j8_control/J8_control/install/ctl_mission_interfaces/share/ctl_mission_interfaces/package.zsh'
[22.891s] Level 1:colcon.colcon_core.environment:create_file_with_runtime_dependencies(/home/rhobtor/PHD/j8_control/J8_control/install/ctl_mission_interfaces/share/colcon-core/packages/ctl_mission_interfaces)
[22.892s] Level 1:colcon.colcon_core.environment:create_environment_scripts_only(wiimote_msgs)
[22.893s] Level 1:colcon.colcon_core.environment:checking '/home/rhobtor/PHD/j8_control/J8_control/install/wiimote_msgs' for CMake module files
[22.894s] Level 1:colcon.colcon_core.environment:checking '/home/rhobtor/PHD/j8_control/J8_control/install/wiimote_msgs' for CMake config files
[22.894s] DEBUG:colcon.colcon_core.event_handler.log_command:Invoked command in '/home/rhobtor/PHD/j8_control/J8_control/build/wiimote_msgs' returned '0': CMAKE_PREFIX_PATH=${CMAKE_PREFIX_PATH}:/home/rhobtor/PHD/path_dem/install_navigation/path_dem:/home/rhobtor/PHD/path_dem/install/path_dem:/home/rhobtor/PHD/install_global_belief_final/path_dem:/home/rhobtor/PHD/ARGOSJ8_IA/ARGOSJ8_IA_/install/car:/home/rhobtor/PHD/ARGOSJ8_IA/ARGOSJ8_IA_/install/ntrip_client:/home/rhobtor/PHD/ARGOSJ8_IA/ARGOSJ8_IA_/install/j8_gui:/home/rhobtor/PHD/ARGOSJ8_IA/ARGOSJ8_IA_/install/gui:/home/rhobtor/PHD/ARGOSJ8_IA/ARGOSJ8_IA_/install/android_ros2_server:/home/rhobtor/PHD/ARGOSJ8_IA/ARGOSJ8_IA_/install/GUI_pkg:/home/rhobtor/PHD/model_terrain_ugv/Model_terrain_ugv/install/model_terrain:/opt/ros/humble /usr/bin/cmake --install /home/rhobtor/PHD/j8_control/J8_control/build/wiimote_msgs
[22.895s] Level 1:colcon.colcon_core.shell:create_environment_hook('wiimote_msgs', 'cmake_prefix_path')
[22.895s] INFO:colcon.colcon_core.shell:Creating environment hook '/home/rhobtor/PHD/j8_control/J8_control/install/wiimote_msgs/share/wiimote_msgs/hook/cmake_prefix_path.ps1'
[22.896s] INFO:colcon.colcon_core.shell:Creating environment descriptor '/home/rhobtor/PHD/j8_control/J8_control/install/wiimote_msgs/share/wiimote_msgs/hook/cmake_prefix_path.dsv'
[22.896s] INFO:colcon.colcon_core.shell:Creating environment hook '/home/rhobtor/PHD/j8_control/J8_control/install/wiimote_msgs/share/wiimote_msgs/hook/cmake_prefix_path.sh'
[22.897s] Level 1:colcon.colcon_core.environment:checking '/home/rhobtor/PHD/j8_control/J8_control/install/wiimote_msgs/lib'
[22.897s] Level 1:colcon.colcon_core.shell:create_environment_hook('wiimote_msgs', 'ld_library_path_lib')
[22.898s] INFO:colcon.colcon_core.shell:Creating environment hook '/home/rhobtor/PHD/j8_control/J8_control/install/wiimote_msgs/share/wiimote_msgs/hook/ld_library_path_lib.ps1'
[22.898s] INFO:colcon.colcon_core.shell:Creating environment descriptor '/home/rhobtor/PHD/j8_control/J8_control/install/wiimote_msgs/share/wiimote_msgs/hook/ld_library_path_lib.dsv'
[22.899s] INFO:colcon.colcon_core.shell:Creating environment hook '/home/rhobtor/PHD/j8_control/J8_control/install/wiimote_msgs/share/wiimote_msgs/hook/ld_library_path_lib.sh'
[22.899s] Level 1:colcon.colcon_core.environment:checking '/home/rhobtor/PHD/j8_control/J8_control/install/wiimote_msgs/bin'
[22.899s] Level 1:colcon.colcon_core.environment:checking '/home/rhobtor/PHD/j8_control/J8_control/install/wiimote_msgs/lib/pkgconfig/wiimote_msgs.pc'
[22.899s] Level 1:colcon.colcon_core.environment:checking '/home/rhobtor/PHD/j8_control/J8_control/install/wiimote_msgs/lib/python3.10/site-packages'
[22.900s] Level 1:colcon.colcon_core.environment:checking '/home/rhobtor/PHD/j8_control/J8_control/install/wiimote_msgs/bin'
[22.900s] INFO:colcon.colcon_core.shell:Creating package script '/home/rhobtor/PHD/j8_control/J8_control/install/wiimote_msgs/share/wiimote_msgs/package.ps1'
[22.901s] INFO:colcon.colcon_core.shell:Creating package descriptor '/home/rhobtor/PHD/j8_control/J8_control/install/wiimote_msgs/share/wiimote_msgs/package.dsv'
[22.902s] INFO:colcon.colcon_core.shell:Creating package script '/home/rhobtor/PHD/j8_control/J8_control/install/wiimote_msgs/share/wiimote_msgs/package.sh'
[22.902s] INFO:colcon.colcon_core.shell:Creating package script '/home/rhobtor/PHD/j8_control/J8_control/install/wiimote_msgs/share/wiimote_msgs/package.bash'
[22.903s] INFO:colcon.colcon_core.shell:Creating package script '/home/rhobtor/PHD/j8_control/J8_control/install/wiimote_msgs/share/wiimote_msgs/package.zsh'
[22.903s] Level 1:colcon.colcon_core.environment:create_file_with_runtime_dependencies(/home/rhobtor/PHD/j8_control/J8_control/install/wiimote_msgs/share/colcon-core/packages/wiimote_msgs)
[22.904s] Level 1:colcon.colcon_core.environment:create_environment_scripts_only(wiimote_msgs)
[22.905s] Level 1:colcon.colcon_core.environment:checking '/home/rhobtor/PHD/j8_control/J8_control/install/wiimote_msgs' for CMake module files
[22.905s] Level 1:colcon.colcon_core.environment:checking '/home/rhobtor/PHD/j8_control/J8_control/install/wiimote_msgs' for CMake config files
[22.906s] Level 1:colcon.colcon_core.shell:create_environment_hook('wiimote_msgs', 'cmake_prefix_path')
[22.906s] INFO:colcon.colcon_core.shell:Creating environment hook '/home/rhobtor/PHD/j8_control/J8_control/install/wiimote_msgs/share/wiimote_msgs/hook/cmake_prefix_path.ps1'
[22.907s] INFO:colcon.colcon_core.shell:Creating environment descriptor '/home/rhobtor/PHD/j8_control/J8_control/install/wiimote_msgs/share/wiimote_msgs/hook/cmake_prefix_path.dsv'
[22.908s] INFO:colcon.colcon_core.shell:Creating environment hook '/home/rhobtor/PHD/j8_control/J8_control/install/wiimote_msgs/share/wiimote_msgs/hook/cmake_prefix_path.sh'
[22.908s] Level 1:colcon.colcon_core.environment:checking '/home/rhobtor/PHD/j8_control/J8_control/install/wiimote_msgs/lib'
[22.908s] Level 1:colcon.colcon_core.shell:create_environment_hook('wiimote_msgs', 'ld_library_path_lib')
[22.909s] INFO:colcon.colcon_core.shell:Creating environment hook '/home/rhobtor/PHD/j8_control/J8_control/install/wiimote_msgs/share/wiimote_msgs/hook/ld_library_path_lib.ps1'
[22.909s] INFO:colcon.colcon_core.shell:Creating environment descriptor '/home/rhobtor/PHD/j8_control/J8_control/install/wiimote_msgs/share/wiimote_msgs/hook/ld_library_path_lib.dsv'
[22.909s] INFO:colcon.colcon_core.shell:Creating environment hook '/home/rhobtor/PHD/j8_control/J8_control/install/wiimote_msgs/share/wiimote_msgs/hook/ld_library_path_lib.sh'
[22.910s] Level 1:colcon.colcon_core.environment:checking '/home/rhobtor/PHD/j8_control/J8_control/install/wiimote_msgs/bin'
[22.910s] Level 1:colcon.colcon_core.environment:checking '/home/rhobtor/PHD/j8_control/J8_control/install/wiimote_msgs/lib/pkgconfig/wiimote_msgs.pc'
[22.910s] Level 1:colcon.colcon_core.environment:checking '/home/rhobtor/PHD/j8_control/J8_control/install/wiimote_msgs/lib/python3.10/site-packages'
[22.910s] Level 1:colcon.colcon_core.environment:checking '/home/rhobtor/PHD/j8_control/J8_control/install/wiimote_msgs/bin'
[22.911s] INFO:colcon.colcon_core.shell:Creating package script '/home/rhobtor/PHD/j8_control/J8_control/install/wiimote_msgs/share/wiimote_msgs/package.ps1'
[22.912s] INFO:colcon.colcon_core.shell:Creating package descriptor '/home/rhobtor/PHD/j8_control/J8_control/install/wiimote_msgs/share/wiimote_msgs/package.dsv'
[22.912s] INFO:colcon.colcon_core.shell:Creating package script '/home/rhobtor/PHD/j8_control/J8_control/install/wiimote_msgs/share/wiimote_msgs/package.sh'
[22.913s] INFO:colcon.colcon_core.shell:Creating package script '/home/rhobtor/PHD/j8_control/J8_control/install/wiimote_msgs/share/wiimote_msgs/package.bash'
[22.913s] INFO:colcon.colcon_core.shell:Creating package script '/home/rhobtor/PHD/j8_control/J8_control/install/wiimote_msgs/share/wiimote_msgs/package.zsh'
[22.914s] Level 1:colcon.colcon_core.environment:create_file_with_runtime_dependencies(/home/rhobtor/PHD/j8_control/J8_control/install/wiimote_msgs/share/colcon-core/packages/wiimote_msgs)
[22.953s] DEBUG:colcon.colcon_core.task.python.build:Available setuptools commands: check, editable_wheel, bdist_wheel, build_scripts, install, develop, build_ext, install_egg_info, bdist, bdist_rpm, sdist, install_scripts, symlink_data, install_headers, build_clib, build_py, saveopts, compile_catalog, easy_install, bdist_dumb, update_catalog, dist_info, setopt, bdist_egg, egg_info, clean, extract_messages, rotate, install_data, init_catalog, install_lib, alias, build
[22.957s] DEBUG:colcon.colcon_core.event_handler.log_command:Invoking command in '/home/rhobtor/PHD/j8_control/J8_control/src/car_python': AMENT_PREFIX_PATH=/home/rhobtor/PHD/j8_control/J8_control/install/path_manager_interfaces:/home/rhobtor/PHD/j8_control/J8_control/install/car_interfaces:/home/rhobtor/PHD/j8_control/J8_control/install/argj801_ctl_platform_interfaces:${AMENT_PREFIX_PATH} CMAKE_PREFIX_PATH=/home/rhobtor/PHD/j8_control/J8_control/install/path_manager_interfaces:/home/rhobtor/PHD/j8_control/J8_control/install/car_interfaces:/home/rhobtor/PHD/j8_control/J8_control/install/argj801_ctl_platform_interfaces:${CMAKE_PREFIX_PATH} LD_LIBRARY_PATH=/home/rhobtor/PHD/j8_control/J8_control/install/path_manager_interfaces/lib:/home/rhobtor/PHD/j8_control/J8_control/install/car_interfaces/lib:/home/rhobtor/PHD/j8_control/J8_control/install/argj801_ctl_platform_interfaces/lib:${LD_LIBRARY_PATH} PYTHONPATH=/home/rhobtor/PHD/j8_control/J8_control/build/car/prefix_override:/usr/lib/python3/dist-packages/colcon_core/task/python/colcon_distutils_commands:/home/rhobtor/PHD/j8_control/J8_control/install/car/lib/python3.10/site-packages:/home/rhobtor/PHD/j8_control/J8_control/install/path_manager_interfaces/local/lib/python3.10/dist-packages:/home/rhobtor/PHD/j8_control/J8_control/install/car_interfaces/local/lib/python3.10/dist-packages:/home/rhobtor/PHD/j8_control/J8_control/install/argj801_ctl_platform_interfaces/local/lib/python3.10/dist-packages:${PYTHONPATH} /usr/bin/python3 -W ignore:setup.py install is deprecated -W ignore:easy_install command is deprecated setup.py egg_info --egg-base ../../build/car build --build-base /home/rhobtor/PHD/j8_control/J8_control/build/car/build install --record /home/rhobtor/PHD/j8_control/J8_control/build/car/install.log --install-scripts $base/lib/car --single-version-externally-managed install_data
[23.959s] Level 1:colcon.colcon_core.environment:checking '/home/rhobtor/PHD/j8_control/J8_control/install/car' for CMake module files
[23.960s] Level 1:colcon.colcon_core.environment:checking '/home/rhobtor/PHD/j8_control/J8_control/install/car' for CMake config files
[23.961s] Level 1:colcon.colcon_core.environment:checking '/home/rhobtor/PHD/j8_control/J8_control/install/car/lib'
[23.961s] Level 1:colcon.colcon_core.environment:checking '/home/rhobtor/PHD/j8_control/J8_control/install/car/bin'
[23.961s] Level 1:colcon.colcon_core.environment:checking '/home/rhobtor/PHD/j8_control/J8_control/install/car/lib/pkgconfig/car.pc'
[23.962s] Level 1:colcon.colcon_core.environment:checking '/home/rhobtor/PHD/j8_control/J8_control/install/car/lib/python3.10/site-packages'
[23.962s] Level 1:colcon.colcon_core.shell:create_environment_hook('car', 'pythonpath')
[23.962s] INFO:colcon.colcon_core.shell:Creating environment hook '/home/rhobtor/PHD/j8_control/J8_control/install/car/share/car/hook/pythonpath.ps1'
[23.967s] DEBUG:colcon.colcon_core.event_handler.log_command:Invoked command in '/home/rhobtor/PHD/j8_control/J8_control/src/car_python' returned '0': AMENT_PREFIX_PATH=/home/rhobtor/PHD/j8_control/J8_control/install/path_manager_interfaces:/home/rhobtor/PHD/j8_control/J8_control/install/car_interfaces:/home/rhobtor/PHD/j8_control/J8_control/install/argj801_ctl_platform_interfaces:${AMENT_PREFIX_PATH} CMAKE_PREFIX_PATH=/home/rhobtor/PHD/j8_control/J8_control/install/path_manager_interfaces:/home/rhobtor/PHD/j8_control/J8_control/install/car_interfaces:/home/rhobtor/PHD/j8_control/J8_control/install/argj801_ctl_platform_interfaces:${CMAKE_PREFIX_PATH} LD_LIBRARY_PATH=/home/rhobtor/PHD/j8_control/J8_control/install/path_manager_interfaces/lib:/home/rhobtor/PHD/j8_control/J8_control/install/car_interfaces/lib:/home/rhobtor/PHD/j8_control/J8_control/install/argj801_ctl_platform_interfaces/lib:${LD_LIBRARY_PATH} PYTHONPATH=/home/rhobtor/PHD/j8_control/J8_control/build/car/prefix_override:/usr/lib/python3/dist-packages/colcon_core/task/python/colcon_distutils_commands:/home/rhobtor/PHD/j8_control/J8_control/install/car/lib/python3.10/site-packages:/home/rhobtor/PHD/j8_control/J8_control/install/path_manager_interfaces/local/lib/python3.10/dist-packages:/home/rhobtor/PHD/j8_control/J8_control/install/car_interfaces/local/lib/python3.10/dist-packages:/home/rhobtor/PHD/j8_control/J8_control/install/argj801_ctl_platform_interfaces/local/lib/python3.10/dist-packages:${PYTHONPATH} /usr/bin/python3 -W ignore:setup.py install is deprecated -W ignore:easy_install command is deprecated setup.py egg_info --egg-base ../../build/car build --build-base /home/rhobtor/PHD/j8_control/J8_control/build/car/build install --record /home/rhobtor/PHD/j8_control/J8_control/build/car/install.log --install-scripts $base/lib/car --single-version-externally-managed install_data
[23.968s] INFO:colcon.colcon_core.shell:Creating environment descriptor '/home/rhobtor/PHD/j8_control/J8_control/install/car/share/car/hook/pythonpath.dsv'
[23.968s] INFO:colcon.colcon_core.shell:Creating environment hook '/home/rhobtor/PHD/j8_control/J8_control/install/car/share/car/hook/pythonpath.sh'
[23.969s] Level 1:colcon.colcon_core.environment:checking '/home/rhobtor/PHD/j8_control/J8_control/install/car/bin'
[23.969s] Level 1:colcon.colcon_core.environment:create_environment_scripts_only(car)
[23.970s] INFO:colcon.colcon_core.shell:Creating package script '/home/rhobtor/PHD/j8_control/J8_control/install/car/share/car/package.ps1'
[23.970s] INFO:colcon.colcon_core.shell:Creating package descriptor '/home/rhobtor/PHD/j8_control/J8_control/install/car/share/car/package.dsv'
[23.980s] INFO:colcon.colcon_core.shell:Creating package script '/home/rhobtor/PHD/j8_control/J8_control/install/car/share/car/package.sh'
[23.981s] INFO:colcon.colcon_core.shell:Creating package script '/home/rhobtor/PHD/j8_control/J8_control/install/car/share/car/package.bash'
[23.981s] INFO:colcon.colcon_core.shell:Creating package script '/home/rhobtor/PHD/j8_control/J8_control/install/car/share/car/package.zsh'
[23.981s] Level 1:colcon.colcon_core.environment:create_file_with_runtime_dependencies(/home/rhobtor/PHD/j8_control/J8_control/install/car/share/colcon-core/packages/car)
[24.545s] DEBUG:colcon.colcon_core.event_handler.log_command:Invoked command in '/home/rhobtor/PHD/j8_control/J8_control/build/path_manager' returned '0': AMENT_PREFIX_PATH=/home/rhobtor/PHD/j8_control/J8_control/install/path_manager_interfaces:${AMENT_PREFIX_PATH} CMAKE_PREFIX_PATH=/home/rhobtor/PHD/j8_control/J8_control/install/path_manager_interfaces:/home/rhobtor/PHD/ARGOSJ8_IA/ARGOSJ8_IA_/install/wiimote_msgs:/home/rhobtor/PHD/ARGOSJ8_IA/ARGOSJ8_IA_/install/ublox:/home/rhobtor/PHD/ARGOSJ8_IA/ARGOSJ8_IA_/install/ublox_gps:/home/rhobtor/PHD/ARGOSJ8_IA/ARGOSJ8_IA_/install/security_check:/home/rhobtor/PHD/ARGOSJ8_IA/ARGOSJ8_IA_/install/ctl_mission:/home/rhobtor/PHD/ARGOSJ8_IA/ARGOSJ8_IA_/install/ublox_msgs:/home/rhobtor/PHD/ARGOSJ8_IA/ARGOSJ8_IA_/install/ublox_serialization:/home/rhobtor/PHD/ARGOSJ8_IA/ARGOSJ8_IA_/install/spacenav:/home/rhobtor/PHD/ARGOSJ8_IA/ARGOSJ8_IA_/install/laser_segmentation:/home/rhobtor/PHD/ARGOSJ8_IA/ARGOSJ8_IA_/install/slg_msgs:/home/rhobtor/PHD/ARGOSJ8_IA/ARGOSJ8_IA_/install/security_check_interfaces:/home/rhobtor/PHD/ARGOSJ8_IA/ARGOSJ8_IA_/install/joy:/home/rhobtor/PHD/ARGOSJ8_IA/ARGOSJ8_IA_/install/sdl2_vendor:/home/rhobtor/PHD/ARGOSJ8_IA/ARGOSJ8_IA_/install/path_manager:/home/rhobtor/PHD/ARGOSJ8_IA/ARGOSJ8_IA_/install/path_manager_interfaces:/home/rhobtor/PHD/ARGOSJ8_IA/ARGOSJ8_IA_/install/joy_linux:/home/rhobtor/PHD/ARGOSJ8_IA/ARGOSJ8_IA_/install/j8_xacro_model:/home/rhobtor/PHD/ARGOSJ8_IA/ARGOSJ8_IA_/install/hikmicro_thermal_camera:/home/rhobtor/PHD/ARGOSJ8_IA/ARGOSJ8_IA_/install/hector_gazebo_plugins:/home/rhobtor/PHD/ARGOSJ8_IA/ARGOSJ8_IA_/install/fixposition_sensor_pkg:/home/rhobtor/PHD/ARGOSJ8_IA/ARGOSJ8_IA_/install/fixposition_odometry_converter_ros2:/home/rhobtor/PHD/ARGOSJ8_IA/ARGOSJ8_IA_/install/fixposition_driver_ros2:/home/rhobtor/PHD/ARGOSJ8_IA/ARGOSJ8_IA_/install/fixposition_driver_lib:/home/rhobtor/PHD/ARGOSJ8_IA/ARGOSJ8_IA_/install/fixposition_gnss_tf:/home/rhobtor/PHD/ARGOSJ8_IA/ARGOSJ8_IA_/install/ctl_mission_interfaces:/home/rhobtor/PHD/ARGOSJ8_IA/ARGOSJ8_IA_/install/car_cpp:/home/rhobtor/PHD/ARGOSJ8_IA/ARGOSJ8_IA_/install/car_interfaces:/home/rhobtor/PHD/ARGOSJ8_IA/ARGOSJ8_IA_/install/argj801_setup:/home/rhobtor/PHD/ARGOSJ8_IA/ARGOSJ8_IA_/install/argj801_sensors:/home/rhobtor/PHD/ARGOSJ8_IA/ARGOSJ8_IA_/install/argj801_sensors_msgs:/home/rhobtor/PHD/ARGOSJ8_IA/ARGOSJ8_IA_/install/argj801_ctl_platform:/home/rhobtor/PHD/ARGOSJ8_IA/ARGOSJ8_IA_/install/argj801_ctl_platform_interfaces:/home/rhobtor/PHD/model_terrain_ugv/Model_terrain_ugv/install/model_terrain_cpp:/home/rhobtor/PHD/path_dem/install_navigation/path_dem:/home/rhobtor/PHD/path_dem/install/path_dem:/home/rhobtor/PHD/install_global_belief_final/path_dem:/home/rhobtor/PHD/ARGOSJ8_IA/ARGOSJ8_IA_/install/car:/home/rhobtor/PHD/ARGOSJ8_IA/ARGOSJ8_IA_/install/ntrip_client:/home/rhobtor/PHD/ARGOSJ8_IA/ARGOSJ8_IA_/install/j8_gui:/home/rhobtor/PHD/ARGOSJ8_IA/ARGOSJ8_IA_/install/gui:/home/rhobtor/PHD/ARGOSJ8_IA/ARGOSJ8_IA_/install/android_ros2_server:/home/rhobtor/PHD/ARGOSJ8_IA/ARGOSJ8_IA_/install/GUI_pkg:/home/rhobtor/PHD/model_terrain_ugv/Model_terrain_ugv/install/model_terrain:/opt/ros/humble LD_LIBRARY_PATH=/home/rhobtor/PHD/j8_control/J8_control/install/path_manager_interfaces/lib:${LD_LIBRARY_PATH} PYTHONPATH=/home/rhobtor/PHD/j8_control/J8_control/install/path_manager_interfaces/local/lib/python3.10/dist-packages:${PYTHONPATH} /usr/bin/cmake /home/rhobtor/PHD/j8_control/J8_control/src/path_manager/path_manager -DCMAKE_INSTALL_PREFIX=/home/rhobtor/PHD/j8_control/J8_control/install/path_manager
[24.546s] DEBUG:colcon.colcon_core.event_handler.log_command:Invoking command in '/home/rhobtor/PHD/j8_control/J8_control/build/path_manager': AMENT_PREFIX_PATH=/home/rhobtor/PHD/j8_control/J8_control/install/path_manager_interfaces:${AMENT_PREFIX_PATH} CMAKE_PREFIX_PATH=/home/rhobtor/PHD/j8_control/J8_control/install/path_manager_interfaces:/home/rhobtor/PHD/ARGOSJ8_IA/ARGOSJ8_IA_/install/wiimote_msgs:/home/rhobtor/PHD/ARGOSJ8_IA/ARGOSJ8_IA_/install/ublox:/home/rhobtor/PHD/ARGOSJ8_IA/ARGOSJ8_IA_/install/ublox_gps:/home/rhobtor/PHD/ARGOSJ8_IA/ARGOSJ8_IA_/install/security_check:/home/rhobtor/PHD/ARGOSJ8_IA/ARGOSJ8_IA_/install/ctl_mission:/home/rhobtor/PHD/ARGOSJ8_IA/ARGOSJ8_IA_/install/ublox_msgs:/home/rhobtor/PHD/ARGOSJ8_IA/ARGOSJ8_IA_/install/ublox_serialization:/home/rhobtor/PHD/ARGOSJ8_IA/ARGOSJ8_IA_/install/spacenav:/home/rhobtor/PHD/ARGOSJ8_IA/ARGOSJ8_IA_/install/laser_segmentation:/home/rhobtor/PHD/ARGOSJ8_IA/ARGOSJ8_IA_/install/slg_msgs:/home/rhobtor/PHD/ARGOSJ8_IA/ARGOSJ8_IA_/install/security_check_interfaces:/home/rhobtor/PHD/ARGOSJ8_IA/ARGOSJ8_IA_/install/joy:/home/rhobtor/PHD/ARGOSJ8_IA/ARGOSJ8_IA_/install/sdl2_vendor:/home/rhobtor/PHD/ARGOSJ8_IA/ARGOSJ8_IA_/install/path_manager:/home/rhobtor/PHD/ARGOSJ8_IA/ARGOSJ8_IA_/install/path_manager_interfaces:/home/rhobtor/PHD/ARGOSJ8_IA/ARGOSJ8_IA_/install/joy_linux:/home/rhobtor/PHD/ARGOSJ8_IA/ARGOSJ8_IA_/install/j8_xacro_model:/home/rhobtor/PHD/ARGOSJ8_IA/ARGOSJ8_IA_/install/hikmicro_thermal_camera:/home/rhobtor/PHD/ARGOSJ8_IA/ARGOSJ8_IA_/install/hector_gazebo_plugins:/home/rhobtor/PHD/ARGOSJ8_IA/ARGOSJ8_IA_/install/fixposition_sensor_pkg:/home/rhobtor/PHD/ARGOSJ8_IA/ARGOSJ8_IA_/install/fixposition_odometry_converter_ros2:/home/rhobtor/PHD/ARGOSJ8_IA/ARGOSJ8_IA_/install/fixposition_driver_ros2:/home/rhobtor/PHD/ARGOSJ8_IA/ARGOSJ8_IA_/install/fixposition_driver_lib:/home/rhobtor/PHD/ARGOSJ8_IA/ARGOSJ8_IA_/install/fixposition_gnss_tf:/home/rhobtor/PHD/ARGOSJ8_IA/ARGOSJ8_IA_/install/ctl_mission_interfaces:/home/rhobtor/PHD/ARGOSJ8_IA/ARGOSJ8_IA_/install/car_cpp:/home/rhobtor/PHD/ARGOSJ8_IA/ARGOSJ8_IA_/install/car_interfaces:/home/rhobtor/PHD/ARGOSJ8_IA/ARGOSJ8_IA_/install/argj801_setup:/home/rhobtor/PHD/ARGOSJ8_IA/ARGOSJ8_IA_/install/argj801_sensors:/home/rhobtor/PHD/ARGOSJ8_IA/ARGOSJ8_IA_/install/argj801_sensors_msgs:/home/rhobtor/PHD/ARGOSJ8_IA/ARGOSJ8_IA_/install/argj801_ctl_platform:/home/rhobtor/PHD/ARGOSJ8_IA/ARGOSJ8_IA_/install/argj801_ctl_platform_interfaces:/home/rhobtor/PHD/model_terrain_ugv/Model_terrain_ugv/install/model_terrain_cpp:/home/rhobtor/PHD/path_dem/install_navigation/path_dem:/home/rhobtor/PHD/path_dem/install/path_dem:/home/rhobtor/PHD/install_global_belief_final/path_dem:/home/rhobtor/PHD/ARGOSJ8_IA/ARGOSJ8_IA_/install/car:/home/rhobtor/PHD/ARGOSJ8_IA/ARGOSJ8_IA_/install/ntrip_client:/home/rhobtor/PHD/ARGOSJ8_IA/ARGOSJ8_IA_/install/j8_gui:/home/rhobtor/PHD/ARGOSJ8_IA/ARGOSJ8_IA_/install/gui:/home/rhobtor/PHD/ARGOSJ8_IA/ARGOSJ8_IA_/install/android_ros2_server:/home/rhobtor/PHD/ARGOSJ8_IA/ARGOSJ8_IA_/install/GUI_pkg:/home/rhobtor/PHD/model_terrain_ugv/Model_terrain_ugv/install/model_terrain:/opt/ros/humble LD_LIBRARY_PATH=/home/rhobtor/PHD/j8_control/J8_control/install/path_manager_interfaces/lib:${LD_LIBRARY_PATH} PYTHONPATH=/home/rhobtor/PHD/j8_control/J8_control/install/path_manager_interfaces/local/lib/python3.10/dist-packages:${PYTHONPATH} /usr/bin/cmake --build /home/rhobtor/PHD/j8_control/J8_control/build/path_manager -- -j20 -l20
[25.655s] DEBUG:colcon.colcon_core.event_handler.log_command:Invoked command in '/home/rhobtor/PHD/j8_control/J8_control/build/joy_linux' returned '0': CMAKE_PREFIX_PATH=${CMAKE_PREFIX_PATH}:/home/rhobtor/PHD/path_dem/install_navigation/path_dem:/home/rhobtor/PHD/path_dem/install/path_dem:/home/rhobtor/PHD/install_global_belief_final/path_dem:/home/rhobtor/PHD/ARGOSJ8_IA/ARGOSJ8_IA_/install/car:/home/rhobtor/PHD/ARGOSJ8_IA/ARGOSJ8_IA_/install/ntrip_client:/home/rhobtor/PHD/ARGOSJ8_IA/ARGOSJ8_IA_/install/j8_gui:/home/rhobtor/PHD/ARGOSJ8_IA/ARGOSJ8_IA_/install/gui:/home/rhobtor/PHD/ARGOSJ8_IA/ARGOSJ8_IA_/install/android_ros2_server:/home/rhobtor/PHD/ARGOSJ8_IA/ARGOSJ8_IA_/install/GUI_pkg:/home/rhobtor/PHD/model_terrain_ugv/Model_terrain_ugv/install/model_terrain:/opt/ros/humble /usr/bin/cmake --build /home/rhobtor/PHD/j8_control/J8_control/build/joy_linux -- -j20 -l20
[25.659s] DEBUG:colcon.colcon_core.event_handler.log_command:Invoking command in '/home/rhobtor/PHD/j8_control/J8_control/build/joy_linux': CMAKE_PREFIX_PATH=${CMAKE_PREFIX_PATH}:/home/rhobtor/PHD/path_dem/install_navigation/path_dem:/home/rhobtor/PHD/path_dem/install/path_dem:/home/rhobtor/PHD/install_global_belief_final/path_dem:/home/rhobtor/PHD/ARGOSJ8_IA/ARGOSJ8_IA_/install/car:/home/rhobtor/PHD/ARGOSJ8_IA/ARGOSJ8_IA_/install/ntrip_client:/home/rhobtor/PHD/ARGOSJ8_IA/ARGOSJ8_IA_/install/j8_gui:/home/rhobtor/PHD/ARGOSJ8_IA/ARGOSJ8_IA_/install/gui:/home/rhobtor/PHD/ARGOSJ8_IA/ARGOSJ8_IA_/install/android_ros2_server:/home/rhobtor/PHD/ARGOSJ8_IA/ARGOSJ8_IA_/install/GUI_pkg:/home/rhobtor/PHD/model_terrain_ugv/Model_terrain_ugv/install/model_terrain:/opt/ros/humble /usr/bin/cmake --install /home/rhobtor/PHD/j8_control/J8_control/build/joy_linux
[25.681s] Level 1:colcon.colcon_core.environment:create_environment_scripts_only(joy_linux)
[25.681s] Level 1:colcon.colcon_core.environment:checking '/home/rhobtor/PHD/j8_control/J8_control/install/joy_linux' for CMake module files
[25.682s] DEBUG:colcon.colcon_core.event_handler.log_command:Invoked command in '/home/rhobtor/PHD/j8_control/J8_control/build/joy_linux' returned '0': CMAKE_PREFIX_PATH=${CMAKE_PREFIX_PATH}:/home/rhobtor/PHD/path_dem/install_navigation/path_dem:/home/rhobtor/PHD/path_dem/install/path_dem:/home/rhobtor/PHD/install_global_belief_final/path_dem:/home/rhobtor/PHD/ARGOSJ8_IA/ARGOSJ8_IA_/install/car:/home/rhobtor/PHD/ARGOSJ8_IA/ARGOSJ8_IA_/install/ntrip_client:/home/rhobtor/PHD/ARGOSJ8_IA/ARGOSJ8_IA_/install/j8_gui:/home/rhobtor/PHD/ARGOSJ8_IA/ARGOSJ8_IA_/install/gui:/home/rhobtor/PHD/ARGOSJ8_IA/ARGOSJ8_IA_/install/android_ros2_server:/home/rhobtor/PHD/ARGOSJ8_IA/ARGOSJ8_IA_/install/GUI_pkg:/home/rhobtor/PHD/model_terrain_ugv/Model_terrain_ugv/install/model_terrain:/opt/ros/humble /usr/bin/cmake --install /home/rhobtor/PHD/j8_control/J8_control/build/joy_linux
[25.683s] Level 1:colcon.colcon_core.environment:checking '/home/rhobtor/PHD/j8_control/J8_control/install/joy_linux' for CMake config files
[25.683s] Level 1:colcon.colcon_core.shell:create_environment_hook('joy_linux', 'cmake_prefix_path')
[25.683s] INFO:colcon.colcon_core.shell:Creating environment hook '/home/rhobtor/PHD/j8_control/J8_control/install/joy_linux/share/joy_linux/hook/cmake_prefix_path.ps1'
[25.687s] INFO:colcon.colcon_core.shell:Creating environment descriptor '/home/rhobtor/PHD/j8_control/J8_control/install/joy_linux/share/joy_linux/hook/cmake_prefix_path.dsv'
[25.688s] INFO:colcon.colcon_core.shell:Creating environment hook '/home/rhobtor/PHD/j8_control/J8_control/install/joy_linux/share/joy_linux/hook/cmake_prefix_path.sh'
[25.688s] Level 1:colcon.colcon_core.environment:checking '/home/rhobtor/PHD/j8_control/J8_control/install/joy_linux/lib'
[25.688s] Level 1:colcon.colcon_core.environment:checking '/home/rhobtor/PHD/j8_control/J8_control/install/joy_linux/bin'
[25.689s] Level 1:colcon.colcon_core.environment:checking '/home/rhobtor/PHD/j8_control/J8_control/install/joy_linux/lib/pkgconfig/joy_linux.pc'
[25.689s] Level 1:colcon.colcon_core.environment:checking '/home/rhobtor/PHD/j8_control/J8_control/install/joy_linux/lib/python3.10/site-packages'
[25.689s] Level 1:colcon.colcon_core.environment:checking '/home/rhobtor/PHD/j8_control/J8_control/install/joy_linux/bin'
[25.689s] INFO:colcon.colcon_core.shell:Creating package script '/home/rhobtor/PHD/j8_control/J8_control/install/joy_linux/share/joy_linux/package.ps1'
[25.690s] INFO:colcon.colcon_core.shell:Creating package descriptor '/home/rhobtor/PHD/j8_control/J8_control/install/joy_linux/share/joy_linux/package.dsv'
[25.690s] INFO:colcon.colcon_core.shell:Creating package script '/home/rhobtor/PHD/j8_control/J8_control/install/joy_linux/share/joy_linux/package.sh'
[25.691s] INFO:colcon.colcon_core.shell:Creating package script '/home/rhobtor/PHD/j8_control/J8_control/install/joy_linux/share/joy_linux/package.bash'
[25.691s] INFO:colcon.colcon_core.shell:Creating package script '/home/rhobtor/PHD/j8_control/J8_control/install/joy_linux/share/joy_linux/package.zsh'
[25.691s] Level 1:colcon.colcon_core.environment:create_file_with_runtime_dependencies(/home/rhobtor/PHD/j8_control/J8_control/install/joy_linux/share/colcon-core/packages/joy_linux)
[25.692s] Level 1:colcon.colcon_core.environment:create_environment_scripts_only(joy_linux)
[25.692s] Level 1:colcon.colcon_core.environment:checking '/home/rhobtor/PHD/j8_control/J8_control/install/joy_linux' for CMake module files
[25.693s] Level 1:colcon.colcon_core.environment:checking '/home/rhobtor/PHD/j8_control/J8_control/install/joy_linux' for CMake config files
[25.693s] Level 1:colcon.colcon_core.shell:create_environment_hook('joy_linux', 'cmake_prefix_path')
[25.693s] INFO:colcon.colcon_core.shell:Creating environment hook '/home/rhobtor/PHD/j8_control/J8_control/install/joy_linux/share/joy_linux/hook/cmake_prefix_path.ps1'
[25.694s] INFO:colcon.colcon_core.shell:Creating environment descriptor '/home/rhobtor/PHD/j8_control/J8_control/install/joy_linux/share/joy_linux/hook/cmake_prefix_path.dsv'
[25.694s] INFO:colcon.colcon_core.shell:Creating environment hook '/home/rhobtor/PHD/j8_control/J8_control/install/joy_linux/share/joy_linux/hook/cmake_prefix_path.sh'
[25.695s] Level 1:colcon.colcon_core.environment:checking '/home/rhobtor/PHD/j8_control/J8_control/install/joy_linux/lib'
[25.695s] Level 1:colcon.colcon_core.environment:checking '/home/rhobtor/PHD/j8_control/J8_control/install/joy_linux/bin'
[25.695s] Level 1:colcon.colcon_core.environment:checking '/home/rhobtor/PHD/j8_control/J8_control/install/joy_linux/lib/pkgconfig/joy_linux.pc'
[25.695s] Level 1:colcon.colcon_core.environment:checking '/home/rhobtor/PHD/j8_control/J8_control/install/joy_linux/lib/python3.10/site-packages'
[25.695s] Level 1:colcon.colcon_core.environment:checking '/home/rhobtor/PHD/j8_control/J8_control/install/joy_linux/bin'
[25.696s] INFO:colcon.colcon_core.shell:Creating package script '/home/rhobtor/PHD/j8_control/J8_control/install/joy_linux/share/joy_linux/package.ps1'
[25.697s] INFO:colcon.colcon_core.shell:Creating package descriptor '/home/rhobtor/PHD/j8_control/J8_control/install/joy_linux/share/joy_linux/package.dsv'
[25.697s] INFO:colcon.colcon_core.shell:Creating package script '/home/rhobtor/PHD/j8_control/J8_control/install/joy_linux/share/joy_linux/package.sh'
[25.697s] INFO:colcon.colcon_core.shell:Creating package script '/home/rhobtor/PHD/j8_control/J8_control/install/joy_linux/share/joy_linux/package.bash'
[25.698s] INFO:colcon.colcon_core.shell:Creating package script '/home/rhobtor/PHD/j8_control/J8_control/install/joy_linux/share/joy_linux/package.zsh'
[25.698s] Level 1:colcon.colcon_core.environment:create_file_with_runtime_dependencies(/home/rhobtor/PHD/j8_control/J8_control/install/joy_linux/share/colcon-core/packages/joy_linux)
[25.731s] DEBUG:colcon.colcon_core.event_handler.log_command:Invoked command in '/home/rhobtor/PHD/j8_control/J8_control/build/car_cpp' returned '0': AMENT_PREFIX_PATH=/home/rhobtor/PHD/j8_control/J8_control/install/car_interfaces:${AMENT_PREFIX_PATH} CMAKE_PREFIX_PATH=/home/rhobtor/PHD/j8_control/J8_control/install/car_interfaces:/home/rhobtor/PHD/ARGOSJ8_IA/ARGOSJ8_IA_/install/wiimote_msgs:/home/rhobtor/PHD/ARGOSJ8_IA/ARGOSJ8_IA_/install/ublox:/home/rhobtor/PHD/ARGOSJ8_IA/ARGOSJ8_IA_/install/ublox_gps:/home/rhobtor/PHD/ARGOSJ8_IA/ARGOSJ8_IA_/install/security_check:/home/rhobtor/PHD/ARGOSJ8_IA/ARGOSJ8_IA_/install/ctl_mission:/home/rhobtor/PHD/ARGOSJ8_IA/ARGOSJ8_IA_/install/ublox_msgs:/home/rhobtor/PHD/ARGOSJ8_IA/ARGOSJ8_IA_/install/ublox_serialization:/home/rhobtor/PHD/ARGOSJ8_IA/ARGOSJ8_IA_/install/spacenav:/home/rhobtor/PHD/ARGOSJ8_IA/ARGOSJ8_IA_/install/laser_segmentation:/home/rhobtor/PHD/ARGOSJ8_IA/ARGOSJ8_IA_/install/slg_msgs:/home/rhobtor/PHD/ARGOSJ8_IA/ARGOSJ8_IA_/install/security_check_interfaces:/home/rhobtor/PHD/ARGOSJ8_IA/ARGOSJ8_IA_/install/joy:/home/rhobtor/PHD/ARGOSJ8_IA/ARGOSJ8_IA_/install/sdl2_vendor:/home/rhobtor/PHD/ARGOSJ8_IA/ARGOSJ8_IA_/install/path_manager:/home/rhobtor/PHD/ARGOSJ8_IA/ARGOSJ8_IA_/install/path_manager_interfaces:/home/rhobtor/PHD/ARGOSJ8_IA/ARGOSJ8_IA_/install/joy_linux:/home/rhobtor/PHD/ARGOSJ8_IA/ARGOSJ8_IA_/install/j8_xacro_model:/home/rhobtor/PHD/ARGOSJ8_IA/ARGOSJ8_IA_/install/hikmicro_thermal_camera:/home/rhobtor/PHD/ARGOSJ8_IA/ARGOSJ8_IA_/install/hector_gazebo_plugins:/home/rhobtor/PHD/ARGOSJ8_IA/ARGOSJ8_IA_/install/fixposition_sensor_pkg:/home/rhobtor/PHD/ARGOSJ8_IA/ARGOSJ8_IA_/install/fixposition_odometry_converter_ros2:/home/rhobtor/PHD/ARGOSJ8_IA/ARGOSJ8_IA_/install/fixposition_driver_ros2:/home/rhobtor/PHD/ARGOSJ8_IA/ARGOSJ8_IA_/install/fixposition_driver_lib:/home/rhobtor/PHD/ARGOSJ8_IA/ARGOSJ8_IA_/install/fixposition_gnss_tf:/home/rhobtor/PHD/ARGOSJ8_IA/ARGOSJ8_IA_/install/ctl_mission_interfaces:/home/rhobtor/PHD/ARGOSJ8_IA/ARGOSJ8_IA_/install/car_cpp:/home/rhobtor/PHD/ARGOSJ8_IA/ARGOSJ8_IA_/install/car_interfaces:/home/rhobtor/PHD/ARGOSJ8_IA/ARGOSJ8_IA_/install/argj801_setup:/home/rhobtor/PHD/ARGOSJ8_IA/ARGOSJ8_IA_/install/argj801_sensors:/home/rhobtor/PHD/ARGOSJ8_IA/ARGOSJ8_IA_/install/argj801_sensors_msgs:/home/rhobtor/PHD/ARGOSJ8_IA/ARGOSJ8_IA_/install/argj801_ctl_platform:/home/rhobtor/PHD/ARGOSJ8_IA/ARGOSJ8_IA_/install/argj801_ctl_platform_interfaces:/home/rhobtor/PHD/model_terrain_ugv/Model_terrain_ugv/install/model_terrain_cpp:/home/rhobtor/PHD/path_dem/install_navigation/path_dem:/home/rhobtor/PHD/path_dem/install/path_dem:/home/rhobtor/PHD/install_global_belief_final/path_dem:/home/rhobtor/PHD/ARGOSJ8_IA/ARGOSJ8_IA_/install/car:/home/rhobtor/PHD/ARGOSJ8_IA/ARGOSJ8_IA_/install/ntrip_client:/home/rhobtor/PHD/ARGOSJ8_IA/ARGOSJ8_IA_/install/j8_gui:/home/rhobtor/PHD/ARGOSJ8_IA/ARGOSJ8_IA_/install/gui:/home/rhobtor/PHD/ARGOSJ8_IA/ARGOSJ8_IA_/install/android_ros2_server:/home/rhobtor/PHD/ARGOSJ8_IA/ARGOSJ8_IA_/install/GUI_pkg:/home/rhobtor/PHD/model_terrain_ugv/Model_terrain_ugv/install/model_terrain:/opt/ros/humble LD_LIBRARY_PATH=/home/rhobtor/PHD/j8_control/J8_control/install/car_interfaces/lib:${LD_LIBRARY_PATH} PYTHONPATH=/home/rhobtor/PHD/j8_control/J8_control/install/car_interfaces/local/lib/python3.10/dist-packages:${PYTHONPATH} /usr/bin/cmake /home/rhobtor/PHD/j8_control/J8_control/src/car_cpp -DCMAKE_INSTALL_PREFIX=/home/rhobtor/PHD/j8_control/J8_control/install/car_cpp
[25.736s] DEBUG:colcon.colcon_core.event_handler.log_command:Invoking command in '/home/rhobtor/PHD/j8_control/J8_control/build/car_cpp': AMENT_PREFIX_PATH=/home/rhobtor/PHD/j8_control/J8_control/install/car_interfaces:${AMENT_PREFIX_PATH} CMAKE_PREFIX_PATH=/home/rhobtor/PHD/j8_control/J8_control/install/car_interfaces:/home/rhobtor/PHD/ARGOSJ8_IA/ARGOSJ8_IA_/install/wiimote_msgs:/home/rhobtor/PHD/ARGOSJ8_IA/ARGOSJ8_IA_/install/ublox:/home/rhobtor/PHD/ARGOSJ8_IA/ARGOSJ8_IA_/install/ublox_gps:/home/rhobtor/PHD/ARGOSJ8_IA/ARGOSJ8_IA_/install/security_check:/home/rhobtor/PHD/ARGOSJ8_IA/ARGOSJ8_IA_/install/ctl_mission:/home/rhobtor/PHD/ARGOSJ8_IA/ARGOSJ8_IA_/install/ublox_msgs:/home/rhobtor/PHD/ARGOSJ8_IA/ARGOSJ8_IA_/install/ublox_serialization:/home/rhobtor/PHD/ARGOSJ8_IA/ARGOSJ8_IA_/install/spacenav:/home/rhobtor/PHD/ARGOSJ8_IA/ARGOSJ8_IA_/install/laser_segmentation:/home/rhobtor/PHD/ARGOSJ8_IA/ARGOSJ8_IA_/install/slg_msgs:/home/rhobtor/PHD/ARGOSJ8_IA/ARGOSJ8_IA_/install/security_check_interfaces:/home/rhobtor/PHD/ARGOSJ8_IA/ARGOSJ8_IA_/install/joy:/home/rhobtor/PHD/ARGOSJ8_IA/ARGOSJ8_IA_/install/sdl2_vendor:/home/rhobtor/PHD/ARGOSJ8_IA/ARGOSJ8_IA_/install/path_manager:/home/rhobtor/PHD/ARGOSJ8_IA/ARGOSJ8_IA_/install/path_manager_interfaces:/home/rhobtor/PHD/ARGOSJ8_IA/ARGOSJ8_IA_/install/joy_linux:/home/rhobtor/PHD/ARGOSJ8_IA/ARGOSJ8_IA_/install/j8_xacro_model:/home/rhobtor/PHD/ARGOSJ8_IA/ARGOSJ8_IA_/install/hikmicro_thermal_camera:/home/rhobtor/PHD/ARGOSJ8_IA/ARGOSJ8_IA_/install/hector_gazebo_plugins:/home/rhobtor/PHD/ARGOSJ8_IA/ARGOSJ8_IA_/install/fixposition_sensor_pkg:/home/rhobtor/PHD/ARGOSJ8_IA/ARGOSJ8_IA_/install/fixposition_odometry_converter_ros2:/home/rhobtor/PHD/ARGOSJ8_IA/ARGOSJ8_IA_/install/fixposition_driver_ros2:/home/rhobtor/PHD/ARGOSJ8_IA/ARGOSJ8_IA_/install/fixposition_driver_lib:/home/rhobtor/PHD/ARGOSJ8_IA/ARGOSJ8_IA_/install/fixposition_gnss_tf:/home/rhobtor/PHD/ARGOSJ8_IA/ARGOSJ8_IA_/install/ctl_mission_interfaces:/home/rhobtor/PHD/ARGOSJ8_IA/ARGOSJ8_IA_/install/car_cpp:/home/rhobtor/PHD/ARGOSJ8_IA/ARGOSJ8_IA_/install/car_interfaces:/home/rhobtor/PHD/ARGOSJ8_IA/ARGOSJ8_IA_/install/argj801_setup:/home/rhobtor/PHD/ARGOSJ8_IA/ARGOSJ8_IA_/install/argj801_sensors:/home/rhobtor/PHD/ARGOSJ8_IA/ARGOSJ8_IA_/install/argj801_sensors_msgs:/home/rhobtor/PHD/ARGOSJ8_IA/ARGOSJ8_IA_/install/argj801_ctl_platform:/home/rhobtor/PHD/ARGOSJ8_IA/ARGOSJ8_IA_/install/argj801_ctl_platform_interfaces:/home/rhobtor/PHD/model_terrain_ugv/Model_terrain_ugv/install/model_terrain_cpp:/home/rhobtor/PHD/path_dem/install_navigation/path_dem:/home/rhobtor/PHD/path_dem/install/path_dem:/home/rhobtor/PHD/install_global_belief_final/path_dem:/home/rhobtor/PHD/ARGOSJ8_IA/ARGOSJ8_IA_/install/car:/home/rhobtor/PHD/ARGOSJ8_IA/ARGOSJ8_IA_/install/ntrip_client:/home/rhobtor/PHD/ARGOSJ8_IA/ARGOSJ8_IA_/install/j8_gui:/home/rhobtor/PHD/ARGOSJ8_IA/ARGOSJ8_IA_/install/gui:/home/rhobtor/PHD/ARGOSJ8_IA/ARGOSJ8_IA_/install/android_ros2_server:/home/rhobtor/PHD/ARGOSJ8_IA/ARGOSJ8_IA_/install/GUI_pkg:/home/rhobtor/PHD/model_terrain_ugv/Model_terrain_ugv/install/model_terrain:/opt/ros/humble LD_LIBRARY_PATH=/home/rhobtor/PHD/j8_control/J8_control/install/car_interfaces/lib:${LD_LIBRARY_PATH} PYTHONPATH=/home/rhobtor/PHD/j8_control/J8_control/install/car_interfaces/local/lib/python3.10/dist-packages:${PYTHONPATH} /usr/bin/cmake --build /home/rhobtor/PHD/j8_control/J8_control/build/car_cpp -- -j20 -l20
[27.834s] DEBUG:colcon.colcon_core.event_handler.log_command:Invoked command in '/home/rhobtor/PHD/j8_control/J8_control/build/fixposition_driver_ros2' returned '0': CMAKE_PREFIX_PATH=/home/rhobtor/PHD/j8_control/J8_control/install/fixposition_driver_lib:/home/rhobtor/PHD/j8_control/J8_control/install/fixposition_gnss_tf:/home/rhobtor/PHD/ARGOSJ8_IA/ARGOSJ8_IA_/install/wiimote_msgs:/home/rhobtor/PHD/ARGOSJ8_IA/ARGOSJ8_IA_/install/ublox:/home/rhobtor/PHD/ARGOSJ8_IA/ARGOSJ8_IA_/install/ublox_gps:/home/rhobtor/PHD/ARGOSJ8_IA/ARGOSJ8_IA_/install/security_check:/home/rhobtor/PHD/ARGOSJ8_IA/ARGOSJ8_IA_/install/ctl_mission:/home/rhobtor/PHD/ARGOSJ8_IA/ARGOSJ8_IA_/install/ublox_msgs:/home/rhobtor/PHD/ARGOSJ8_IA/ARGOSJ8_IA_/install/ublox_serialization:/home/rhobtor/PHD/ARGOSJ8_IA/ARGOSJ8_IA_/install/spacenav:/home/rhobtor/PHD/ARGOSJ8_IA/ARGOSJ8_IA_/install/laser_segmentation:/home/rhobtor/PHD/ARGOSJ8_IA/ARGOSJ8_IA_/install/slg_msgs:/home/rhobtor/PHD/ARGOSJ8_IA/ARGOSJ8_IA_/install/security_check_interfaces:/home/rhobtor/PHD/ARGOSJ8_IA/ARGOSJ8_IA_/install/joy:/home/rhobtor/PHD/ARGOSJ8_IA/ARGOSJ8_IA_/install/sdl2_vendor:/home/rhobtor/PHD/ARGOSJ8_IA/ARGOSJ8_IA_/install/path_manager:/home/rhobtor/PHD/ARGOSJ8_IA/ARGOSJ8_IA_/install/path_manager_interfaces:/home/rhobtor/PHD/ARGOSJ8_IA/ARGOSJ8_IA_/install/joy_linux:/home/rhobtor/PHD/ARGOSJ8_IA/ARGOSJ8_IA_/install/j8_xacro_model:/home/rhobtor/PHD/ARGOSJ8_IA/ARGOSJ8_IA_/install/hikmicro_thermal_camera:/home/rhobtor/PHD/ARGOSJ8_IA/ARGOSJ8_IA_/install/hector_gazebo_plugins:/home/rhobtor/PHD/ARGOSJ8_IA/ARGOSJ8_IA_/install/fixposition_sensor_pkg:/home/rhobtor/PHD/ARGOSJ8_IA/ARGOSJ8_IA_/install/fixposition_odometry_converter_ros2:/home/rhobtor/PHD/ARGOSJ8_IA/ARGOSJ8_IA_/install/fixposition_driver_ros2:/home/rhobtor/PHD/ARGOSJ8_IA/ARGOSJ8_IA_/install/fixposition_driver_lib:/home/rhobtor/PHD/ARGOSJ8_IA/ARGOSJ8_IA_/install/fixposition_gnss_tf:/home/rhobtor/PHD/ARGOSJ8_IA/ARGOSJ8_IA_/install/ctl_mission_interfaces:/home/rhobtor/PHD/ARGOSJ8_IA/ARGOSJ8_IA_/install/car_cpp:/home/rhobtor/PHD/ARGOSJ8_IA/ARGOSJ8_IA_/install/car_interfaces:/home/rhobtor/PHD/ARGOSJ8_IA/ARGOSJ8_IA_/install/argj801_setup:/home/rhobtor/PHD/ARGOSJ8_IA/ARGOSJ8_IA_/install/argj801_sensors:/home/rhobtor/PHD/ARGOSJ8_IA/ARGOSJ8_IA_/install/argj801_sensors_msgs:/home/rhobtor/PHD/ARGOSJ8_IA/ARGOSJ8_IA_/install/argj801_ctl_platform:/home/rhobtor/PHD/ARGOSJ8_IA/ARGOSJ8_IA_/install/argj801_ctl_platform_interfaces:/home/rhobtor/PHD/model_terrain_ugv/Model_terrain_ugv/install/model_terrain_cpp:/home/rhobtor/PHD/path_dem/install_navigation/path_dem:/home/rhobtor/PHD/path_dem/install/path_dem:/home/rhobtor/PHD/install_global_belief_final/path_dem:/home/rhobtor/PHD/ARGOSJ8_IA/ARGOSJ8_IA_/install/car:/home/rhobtor/PHD/ARGOSJ8_IA/ARGOSJ8_IA_/install/ntrip_client:/home/rhobtor/PHD/ARGOSJ8_IA/ARGOSJ8_IA_/install/j8_gui:/home/rhobtor/PHD/ARGOSJ8_IA/ARGOSJ8_IA_/install/gui:/home/rhobtor/PHD/ARGOSJ8_IA/ARGOSJ8_IA_/install/android_ros2_server:/home/rhobtor/PHD/ARGOSJ8_IA/ARGOSJ8_IA_/install/GUI_pkg:/home/rhobtor/PHD/model_terrain_ugv/Model_terrain_ugv/install/model_terrain:/opt/ros/humble LD_LIBRARY_PATH=/home/rhobtor/PHD/j8_control/J8_control/install/fixposition_driver_lib/lib:/home/rhobtor/PHD/j8_control/J8_control/install/fixposition_gnss_tf/lib:${LD_LIBRARY_PATH} PKG_CONFIG_PATH=/home/rhobtor/PHD/j8_control/J8_control/install/fixposition_driver_lib/lib/x86_64-linux-gnu/pkgconfig:/home/rhobtor/PHD/j8_control/J8_control/install/fixposition_driver_lib/lib/pkgconfig:/home/rhobtor/PHD/j8_control/J8_control/install/fixposition_gnss_tf/lib/x86_64-linux-gnu/pkgconfig:/home/rhobtor/PHD/j8_control/J8_control/install/fixposition_gnss_tf/lib/pkgconfig:${PKG_CONFIG_PATH} /usr/bin/cmake /home/rhobtor/PHD/j8_control/J8_control/src/argo_drivers_pkgs/Fixposition_driver_pkg/fixposition_driver-main/fixposition_driver_ros2 -DCMAKE_INSTALL_PREFIX=/home/rhobtor/PHD/j8_control/J8_control/install/fixposition_driver_ros2
[27.840s] DEBUG:colcon.colcon_core.event_handler.log_command:Invoking command in '/home/rhobtor/PHD/j8_control/J8_control/build/fixposition_driver_ros2': CMAKE_PREFIX_PATH=/home/rhobtor/PHD/j8_control/J8_control/install/fixposition_driver_lib:/home/rhobtor/PHD/j8_control/J8_control/install/fixposition_gnss_tf:/home/rhobtor/PHD/ARGOSJ8_IA/ARGOSJ8_IA_/install/wiimote_msgs:/home/rhobtor/PHD/ARGOSJ8_IA/ARGOSJ8_IA_/install/ublox:/home/rhobtor/PHD/ARGOSJ8_IA/ARGOSJ8_IA_/install/ublox_gps:/home/rhobtor/PHD/ARGOSJ8_IA/ARGOSJ8_IA_/install/security_check:/home/rhobtor/PHD/ARGOSJ8_IA/ARGOSJ8_IA_/install/ctl_mission:/home/rhobtor/PHD/ARGOSJ8_IA/ARGOSJ8_IA_/install/ublox_msgs:/home/rhobtor/PHD/ARGOSJ8_IA/ARGOSJ8_IA_/install/ublox_serialization:/home/rhobtor/PHD/ARGOSJ8_IA/ARGOSJ8_IA_/install/spacenav:/home/rhobtor/PHD/ARGOSJ8_IA/ARGOSJ8_IA_/install/laser_segmentation:/home/rhobtor/PHD/ARGOSJ8_IA/ARGOSJ8_IA_/install/slg_msgs:/home/rhobtor/PHD/ARGOSJ8_IA/ARGOSJ8_IA_/install/security_check_interfaces:/home/rhobtor/PHD/ARGOSJ8_IA/ARGOSJ8_IA_/install/joy:/home/rhobtor/PHD/ARGOSJ8_IA/ARGOSJ8_IA_/install/sdl2_vendor:/home/rhobtor/PHD/ARGOSJ8_IA/ARGOSJ8_IA_/install/path_manager:/home/rhobtor/PHD/ARGOSJ8_IA/ARGOSJ8_IA_/install/path_manager_interfaces:/home/rhobtor/PHD/ARGOSJ8_IA/ARGOSJ8_IA_/install/joy_linux:/home/rhobtor/PHD/ARGOSJ8_IA/ARGOSJ8_IA_/install/j8_xacro_model:/home/rhobtor/PHD/ARGOSJ8_IA/ARGOSJ8_IA_/install/hikmicro_thermal_camera:/home/rhobtor/PHD/ARGOSJ8_IA/ARGOSJ8_IA_/install/hector_gazebo_plugins:/home/rhobtor/PHD/ARGOSJ8_IA/ARGOSJ8_IA_/install/fixposition_sensor_pkg:/home/rhobtor/PHD/ARGOSJ8_IA/ARGOSJ8_IA_/install/fixposition_odometry_converter_ros2:/home/rhobtor/PHD/ARGOSJ8_IA/ARGOSJ8_IA_/install/fixposition_driver_ros2:/home/rhobtor/PHD/ARGOSJ8_IA/ARGOSJ8_IA_/install/fixposition_driver_lib:/home/rhobtor/PHD/ARGOSJ8_IA/ARGOSJ8_IA_/install/fixposition_gnss_tf:/home/rhobtor/PHD/ARGOSJ8_IA/ARGOSJ8_IA_/install/ctl_mission_interfaces:/home/rhobtor/PHD/ARGOSJ8_IA/ARGOSJ8_IA_/install/car_cpp:/home/rhobtor/PHD/ARGOSJ8_IA/ARGOSJ8_IA_/install/car_interfaces:/home/rhobtor/PHD/ARGOSJ8_IA/ARGOSJ8_IA_/install/argj801_setup:/home/rhobtor/PHD/ARGOSJ8_IA/ARGOSJ8_IA_/install/argj801_sensors:/home/rhobtor/PHD/ARGOSJ8_IA/ARGOSJ8_IA_/install/argj801_sensors_msgs:/home/rhobtor/PHD/ARGOSJ8_IA/ARGOSJ8_IA_/install/argj801_ctl_platform:/home/rhobtor/PHD/ARGOSJ8_IA/ARGOSJ8_IA_/install/argj801_ctl_platform_interfaces:/home/rhobtor/PHD/model_terrain_ugv/Model_terrain_ugv/install/model_terrain_cpp:/home/rhobtor/PHD/path_dem/install_navigation/path_dem:/home/rhobtor/PHD/path_dem/install/path_dem:/home/rhobtor/PHD/install_global_belief_final/path_dem:/home/rhobtor/PHD/ARGOSJ8_IA/ARGOSJ8_IA_/install/car:/home/rhobtor/PHD/ARGOSJ8_IA/ARGOSJ8_IA_/install/ntrip_client:/home/rhobtor/PHD/ARGOSJ8_IA/ARGOSJ8_IA_/install/j8_gui:/home/rhobtor/PHD/ARGOSJ8_IA/ARGOSJ8_IA_/install/gui:/home/rhobtor/PHD/ARGOSJ8_IA/ARGOSJ8_IA_/install/android_ros2_server:/home/rhobtor/PHD/ARGOSJ8_IA/ARGOSJ8_IA_/install/GUI_pkg:/home/rhobtor/PHD/model_terrain_ugv/Model_terrain_ugv/install/model_terrain:/opt/ros/humble LD_LIBRARY_PATH=/home/rhobtor/PHD/j8_control/J8_control/install/fixposition_driver_lib/lib:/home/rhobtor/PHD/j8_control/J8_control/install/fixposition_gnss_tf/lib:${LD_LIBRARY_PATH} PKG_CONFIG_PATH=/home/rhobtor/PHD/j8_control/J8_control/install/fixposition_driver_lib/lib/x86_64-linux-gnu/pkgconfig:/home/rhobtor/PHD/j8_control/J8_control/install/fixposition_driver_lib/lib/pkgconfig:/home/rhobtor/PHD/j8_control/J8_control/install/fixposition_gnss_tf/lib/x86_64-linux-gnu/pkgconfig:/home/rhobtor/PHD/j8_control/J8_control/install/fixposition_gnss_tf/lib/pkgconfig:${PKG_CONFIG_PATH} /usr/bin/cmake --build /home/rhobtor/PHD/j8_control/J8_control/build/fixposition_driver_ros2 -- -j20 -l20
[30.077s] DEBUG:colcon.colcon_core.event_handler.log_command:Invoked command in '/home/rhobtor/PHD/j8_control/J8_control/build/joy' returned '0': AMENT_PREFIX_PATH=/home/rhobtor/PHD/j8_control/J8_control/install/sdl2_vendor:${AMENT_PREFIX_PATH} CMAKE_PREFIX_PATH=/home/rhobtor/PHD/j8_control/J8_control/install/sdl2_vendor:/home/rhobtor/PHD/ARGOSJ8_IA/ARGOSJ8_IA_/install/wiimote_msgs:/home/rhobtor/PHD/ARGOSJ8_IA/ARGOSJ8_IA_/install/ublox:/home/rhobtor/PHD/ARGOSJ8_IA/ARGOSJ8_IA_/install/ublox_gps:/home/rhobtor/PHD/ARGOSJ8_IA/ARGOSJ8_IA_/install/security_check:/home/rhobtor/PHD/ARGOSJ8_IA/ARGOSJ8_IA_/install/ctl_mission:/home/rhobtor/PHD/ARGOSJ8_IA/ARGOSJ8_IA_/install/ublox_msgs:/home/rhobtor/PHD/ARGOSJ8_IA/ARGOSJ8_IA_/install/ublox_serialization:/home/rhobtor/PHD/ARGOSJ8_IA/ARGOSJ8_IA_/install/spacenav:/home/rhobtor/PHD/ARGOSJ8_IA/ARGOSJ8_IA_/install/laser_segmentation:/home/rhobtor/PHD/ARGOSJ8_IA/ARGOSJ8_IA_/install/slg_msgs:/home/rhobtor/PHD/ARGOSJ8_IA/ARGOSJ8_IA_/install/security_check_interfaces:/home/rhobtor/PHD/ARGOSJ8_IA/ARGOSJ8_IA_/install/joy:/home/rhobtor/PHD/ARGOSJ8_IA/ARGOSJ8_IA_/install/sdl2_vendor:/home/rhobtor/PHD/ARGOSJ8_IA/ARGOSJ8_IA_/install/path_manager:/home/rhobtor/PHD/ARGOSJ8_IA/ARGOSJ8_IA_/install/path_manager_interfaces:/home/rhobtor/PHD/ARGOSJ8_IA/ARGOSJ8_IA_/install/joy_linux:/home/rhobtor/PHD/ARGOSJ8_IA/ARGOSJ8_IA_/install/j8_xacro_model:/home/rhobtor/PHD/ARGOSJ8_IA/ARGOSJ8_IA_/install/hikmicro_thermal_camera:/home/rhobtor/PHD/ARGOSJ8_IA/ARGOSJ8_IA_/install/hector_gazebo_plugins:/home/rhobtor/PHD/ARGOSJ8_IA/ARGOSJ8_IA_/install/fixposition_sensor_pkg:/home/rhobtor/PHD/ARGOSJ8_IA/ARGOSJ8_IA_/install/fixposition_odometry_converter_ros2:/home/rhobtor/PHD/ARGOSJ8_IA/ARGOSJ8_IA_/install/fixposition_driver_ros2:/home/rhobtor/PHD/ARGOSJ8_IA/ARGOSJ8_IA_/install/fixposition_driver_lib:/home/rhobtor/PHD/ARGOSJ8_IA/ARGOSJ8_IA_/install/fixposition_gnss_tf:/home/rhobtor/PHD/ARGOSJ8_IA/ARGOSJ8_IA_/install/ctl_mission_interfaces:/home/rhobtor/PHD/ARGOSJ8_IA/ARGOSJ8_IA_/install/car_cpp:/home/rhobtor/PHD/ARGOSJ8_IA/ARGOSJ8_IA_/install/car_interfaces:/home/rhobtor/PHD/ARGOSJ8_IA/ARGOSJ8_IA_/install/argj801_setup:/home/rhobtor/PHD/ARGOSJ8_IA/ARGOSJ8_IA_/install/argj801_sensors:/home/rhobtor/PHD/ARGOSJ8_IA/ARGOSJ8_IA_/install/argj801_sensors_msgs:/home/rhobtor/PHD/ARGOSJ8_IA/ARGOSJ8_IA_/install/argj801_ctl_platform:/home/rhobtor/PHD/ARGOSJ8_IA/ARGOSJ8_IA_/install/argj801_ctl_platform_interfaces:/home/rhobtor/PHD/model_terrain_ugv/Model_terrain_ugv/install/model_terrain_cpp:/home/rhobtor/PHD/path_dem/install_navigation/path_dem:/home/rhobtor/PHD/path_dem/install/path_dem:/home/rhobtor/PHD/install_global_belief_final/path_dem:/home/rhobtor/PHD/ARGOSJ8_IA/ARGOSJ8_IA_/install/car:/home/rhobtor/PHD/ARGOSJ8_IA/ARGOSJ8_IA_/install/ntrip_client:/home/rhobtor/PHD/ARGOSJ8_IA/ARGOSJ8_IA_/install/j8_gui:/home/rhobtor/PHD/ARGOSJ8_IA/ARGOSJ8_IA_/install/gui:/home/rhobtor/PHD/ARGOSJ8_IA/ARGOSJ8_IA_/install/android_ros2_server:/home/rhobtor/PHD/ARGOSJ8_IA/ARGOSJ8_IA_/install/GUI_pkg:/home/rhobtor/PHD/model_terrain_ugv/Model_terrain_ugv/install/model_terrain:/opt/ros/humble /usr/bin/cmake --build /home/rhobtor/PHD/j8_control/J8_control/build/joy -- -j20 -l20
[30.078s] DEBUG:colcon.colcon_core.event_handler.log_command:Invoking command in '/home/rhobtor/PHD/j8_control/J8_control/build/joy': AMENT_PREFIX_PATH=/home/rhobtor/PHD/j8_control/J8_control/install/sdl2_vendor:${AMENT_PREFIX_PATH} CMAKE_PREFIX_PATH=/home/rhobtor/PHD/j8_control/J8_control/install/sdl2_vendor:/home/rhobtor/PHD/ARGOSJ8_IA/ARGOSJ8_IA_/install/wiimote_msgs:/home/rhobtor/PHD/ARGOSJ8_IA/ARGOSJ8_IA_/install/ublox:/home/rhobtor/PHD/ARGOSJ8_IA/ARGOSJ8_IA_/install/ublox_gps:/home/rhobtor/PHD/ARGOSJ8_IA/ARGOSJ8_IA_/install/security_check:/home/rhobtor/PHD/ARGOSJ8_IA/ARGOSJ8_IA_/install/ctl_mission:/home/rhobtor/PHD/ARGOSJ8_IA/ARGOSJ8_IA_/install/ublox_msgs:/home/rhobtor/PHD/ARGOSJ8_IA/ARGOSJ8_IA_/install/ublox_serialization:/home/rhobtor/PHD/ARGOSJ8_IA/ARGOSJ8_IA_/install/spacenav:/home/rhobtor/PHD/ARGOSJ8_IA/ARGOSJ8_IA_/install/laser_segmentation:/home/rhobtor/PHD/ARGOSJ8_IA/ARGOSJ8_IA_/install/slg_msgs:/home/rhobtor/PHD/ARGOSJ8_IA/ARGOSJ8_IA_/install/security_check_interfaces:/home/rhobtor/PHD/ARGOSJ8_IA/ARGOSJ8_IA_/install/joy:/home/rhobtor/PHD/ARGOSJ8_IA/ARGOSJ8_IA_/install/sdl2_vendor:/home/rhobtor/PHD/ARGOSJ8_IA/ARGOSJ8_IA_/install/path_manager:/home/rhobtor/PHD/ARGOSJ8_IA/ARGOSJ8_IA_/install/path_manager_interfaces:/home/rhobtor/PHD/ARGOSJ8_IA/ARGOSJ8_IA_/install/joy_linux:/home/rhobtor/PHD/ARGOSJ8_IA/ARGOSJ8_IA_/install/j8_xacro_model:/home/rhobtor/PHD/ARGOSJ8_IA/ARGOSJ8_IA_/install/hikmicro_thermal_camera:/home/rhobtor/PHD/ARGOSJ8_IA/ARGOSJ8_IA_/install/hector_gazebo_plugins:/home/rhobtor/PHD/ARGOSJ8_IA/ARGOSJ8_IA_/install/fixposition_sensor_pkg:/home/rhobtor/PHD/ARGOSJ8_IA/ARGOSJ8_IA_/install/fixposition_odometry_converter_ros2:/home/rhobtor/PHD/ARGOSJ8_IA/ARGOSJ8_IA_/install/fixposition_driver_ros2:/home/rhobtor/PHD/ARGOSJ8_IA/ARGOSJ8_IA_/install/fixposition_driver_lib:/home/rhobtor/PHD/ARGOSJ8_IA/ARGOSJ8_IA_/install/fixposition_gnss_tf:/home/rhobtor/PHD/ARGOSJ8_IA/ARGOSJ8_IA_/install/ctl_mission_interfaces:/home/rhobtor/PHD/ARGOSJ8_IA/ARGOSJ8_IA_/install/car_cpp:/home/rhobtor/PHD/ARGOSJ8_IA/ARGOSJ8_IA_/install/car_interfaces:/home/rhobtor/PHD/ARGOSJ8_IA/ARGOSJ8_IA_/install/argj801_setup:/home/rhobtor/PHD/ARGOSJ8_IA/ARGOSJ8_IA_/install/argj801_sensors:/home/rhobtor/PHD/ARGOSJ8_IA/ARGOSJ8_IA_/install/argj801_sensors_msgs:/home/rhobtor/PHD/ARGOSJ8_IA/ARGOSJ8_IA_/install/argj801_ctl_platform:/home/rhobtor/PHD/ARGOSJ8_IA/ARGOSJ8_IA_/install/argj801_ctl_platform_interfaces:/home/rhobtor/PHD/model_terrain_ugv/Model_terrain_ugv/install/model_terrain_cpp:/home/rhobtor/PHD/path_dem/install_navigation/path_dem:/home/rhobtor/PHD/path_dem/install/path_dem:/home/rhobtor/PHD/install_global_belief_final/path_dem:/home/rhobtor/PHD/ARGOSJ8_IA/ARGOSJ8_IA_/install/car:/home/rhobtor/PHD/ARGOSJ8_IA/ARGOSJ8_IA_/install/ntrip_client:/home/rhobtor/PHD/ARGOSJ8_IA/ARGOSJ8_IA_/install/j8_gui:/home/rhobtor/PHD/ARGOSJ8_IA/ARGOSJ8_IA_/install/gui:/home/rhobtor/PHD/ARGOSJ8_IA/ARGOSJ8_IA_/install/android_ros2_server:/home/rhobtor/PHD/ARGOSJ8_IA/ARGOSJ8_IA_/install/GUI_pkg:/home/rhobtor/PHD/model_terrain_ugv/Model_terrain_ugv/install/model_terrain:/opt/ros/humble /usr/bin/cmake --install /home/rhobtor/PHD/j8_control/J8_control/build/joy
[30.112s] Level 1:colcon.colcon_core.environment:create_environment_scripts_only(joy)
[30.113s] Level 1:colcon.colcon_core.environment:checking '/home/rhobtor/PHD/j8_control/J8_control/install/joy' for CMake module files
[30.113s] Level 1:colcon.colcon_core.environment:checking '/home/rhobtor/PHD/j8_control/J8_control/install/joy' for CMake config files
[30.114s] Level 1:colcon.colcon_core.shell:create_environment_hook('joy', 'cmake_prefix_path')
[30.114s] INFO:colcon.colcon_core.shell:Creating environment hook '/home/rhobtor/PHD/j8_control/J8_control/install/joy/share/joy/hook/cmake_prefix_path.ps1'
[30.115s] INFO:colcon.colcon_core.shell:Creating environment descriptor '/home/rhobtor/PHD/j8_control/J8_control/install/joy/share/joy/hook/cmake_prefix_path.dsv'
[30.115s] INFO:colcon.colcon_core.shell:Creating environment hook '/home/rhobtor/PHD/j8_control/J8_control/install/joy/share/joy/hook/cmake_prefix_path.sh'
[30.116s] DEBUG:colcon.colcon_core.event_handler.log_command:Invoked command in '/home/rhobtor/PHD/j8_control/J8_control/build/joy' returned '0': AMENT_PREFIX_PATH=/home/rhobtor/PHD/j8_control/J8_control/install/sdl2_vendor:${AMENT_PREFIX_PATH} CMAKE_PREFIX_PATH=/home/rhobtor/PHD/j8_control/J8_control/install/sdl2_vendor:/home/rhobtor/PHD/ARGOSJ8_IA/ARGOSJ8_IA_/install/wiimote_msgs:/home/rhobtor/PHD/ARGOSJ8_IA/ARGOSJ8_IA_/install/ublox:/home/rhobtor/PHD/ARGOSJ8_IA/ARGOSJ8_IA_/install/ublox_gps:/home/rhobtor/PHD/ARGOSJ8_IA/ARGOSJ8_IA_/install/security_check:/home/rhobtor/PHD/ARGOSJ8_IA/ARGOSJ8_IA_/install/ctl_mission:/home/rhobtor/PHD/ARGOSJ8_IA/ARGOSJ8_IA_/install/ublox_msgs:/home/rhobtor/PHD/ARGOSJ8_IA/ARGOSJ8_IA_/install/ublox_serialization:/home/rhobtor/PHD/ARGOSJ8_IA/ARGOSJ8_IA_/install/spacenav:/home/rhobtor/PHD/ARGOSJ8_IA/ARGOSJ8_IA_/install/laser_segmentation:/home/rhobtor/PHD/ARGOSJ8_IA/ARGOSJ8_IA_/install/slg_msgs:/home/rhobtor/PHD/ARGOSJ8_IA/ARGOSJ8_IA_/install/security_check_interfaces:/home/rhobtor/PHD/ARGOSJ8_IA/ARGOSJ8_IA_/install/joy:/home/rhobtor/PHD/ARGOSJ8_IA/ARGOSJ8_IA_/install/sdl2_vendor:/home/rhobtor/PHD/ARGOSJ8_IA/ARGOSJ8_IA_/install/path_manager:/home/rhobtor/PHD/ARGOSJ8_IA/ARGOSJ8_IA_/install/path_manager_interfaces:/home/rhobtor/PHD/ARGOSJ8_IA/ARGOSJ8_IA_/install/joy_linux:/home/rhobtor/PHD/ARGOSJ8_IA/ARGOSJ8_IA_/install/j8_xacro_model:/home/rhobtor/PHD/ARGOSJ8_IA/ARGOSJ8_IA_/install/hikmicro_thermal_camera:/home/rhobtor/PHD/ARGOSJ8_IA/ARGOSJ8_IA_/install/hector_gazebo_plugins:/home/rhobtor/PHD/ARGOSJ8_IA/ARGOSJ8_IA_/install/fixposition_sensor_pkg:/home/rhobtor/PHD/ARGOSJ8_IA/ARGOSJ8_IA_/install/fixposition_odometry_converter_ros2:/home/rhobtor/PHD/ARGOSJ8_IA/ARGOSJ8_IA_/install/fixposition_driver_ros2:/home/rhobtor/PHD/ARGOSJ8_IA/ARGOSJ8_IA_/install/fixposition_driver_lib:/home/rhobtor/PHD/ARGOSJ8_IA/ARGOSJ8_IA_/install/fixposition_gnss_tf:/home/rhobtor/PHD/ARGOSJ8_IA/ARGOSJ8_IA_/install/ctl_mission_interfaces:/home/rhobtor/PHD/ARGOSJ8_IA/ARGOSJ8_IA_/install/car_cpp:/home/rhobtor/PHD/ARGOSJ8_IA/ARGOSJ8_IA_/install/car_interfaces:/home/rhobtor/PHD/ARGOSJ8_IA/ARGOSJ8_IA_/install/argj801_setup:/home/rhobtor/PHD/ARGOSJ8_IA/ARGOSJ8_IA_/install/argj801_sensors:/home/rhobtor/PHD/ARGOSJ8_IA/ARGOSJ8_IA_/install/argj801_sensors_msgs:/home/rhobtor/PHD/ARGOSJ8_IA/ARGOSJ8_IA_/install/argj801_ctl_platform:/home/rhobtor/PHD/ARGOSJ8_IA/ARGOSJ8_IA_/install/argj801_ctl_platform_interfaces:/home/rhobtor/PHD/model_terrain_ugv/Model_terrain_ugv/install/model_terrain_cpp:/home/rhobtor/PHD/path_dem/install_navigation/path_dem:/home/rhobtor/PHD/path_dem/install/path_dem:/home/rhobtor/PHD/install_global_belief_final/path_dem:/home/rhobtor/PHD/ARGOSJ8_IA/ARGOSJ8_IA_/install/car:/home/rhobtor/PHD/ARGOSJ8_IA/ARGOSJ8_IA_/install/ntrip_client:/home/rhobtor/PHD/ARGOSJ8_IA/ARGOSJ8_IA_/install/j8_gui:/home/rhobtor/PHD/ARGOSJ8_IA/ARGOSJ8_IA_/install/gui:/home/rhobtor/PHD/ARGOSJ8_IA/ARGOSJ8_IA_/install/android_ros2_server:/home/rhobtor/PHD/ARGOSJ8_IA/ARGOSJ8_IA_/install/GUI_pkg:/home/rhobtor/PHD/model_terrain_ugv/Model_terrain_ugv/install/model_terrain:/opt/ros/humble /usr/bin/cmake --install /home/rhobtor/PHD/j8_control/J8_control/build/joy
[30.116s] Level 1:colcon.colcon_core.environment:checking '/home/rhobtor/PHD/j8_control/J8_control/install/joy/lib'
[30.116s] Level 1:colcon.colcon_core.shell:create_environment_hook('joy', 'ld_library_path_lib')
[30.116s] INFO:colcon.colcon_core.shell:Creating environment hook '/home/rhobtor/PHD/j8_control/J8_control/install/joy/share/joy/hook/ld_library_path_lib.ps1'
[30.117s] INFO:colcon.colcon_core.shell:Creating environment descriptor '/home/rhobtor/PHD/j8_control/J8_control/install/joy/share/joy/hook/ld_library_path_lib.dsv'
[30.117s] INFO:colcon.colcon_core.shell:Creating environment hook '/home/rhobtor/PHD/j8_control/J8_control/install/joy/share/joy/hook/ld_library_path_lib.sh'
[30.118s] Level 1:colcon.colcon_core.environment:checking '/home/rhobtor/PHD/j8_control/J8_control/install/joy/bin'
[30.118s] Level 1:colcon.colcon_core.environment:checking '/home/rhobtor/PHD/j8_control/J8_control/install/joy/lib/pkgconfig/joy.pc'
[30.118s] Level 1:colcon.colcon_core.environment:checking '/home/rhobtor/PHD/j8_control/J8_control/install/joy/lib/python3.10/site-packages'
[30.119s] Level 1:colcon.colcon_core.environment:checking '/home/rhobtor/PHD/j8_control/J8_control/install/joy/bin'
[30.119s] INFO:colcon.colcon_core.shell:Creating package script '/home/rhobtor/PHD/j8_control/J8_control/install/joy/share/joy/package.ps1'
[30.120s] INFO:colcon.colcon_core.shell:Creating package descriptor '/home/rhobtor/PHD/j8_control/J8_control/install/joy/share/joy/package.dsv'
[30.121s] INFO:colcon.colcon_core.shell:Creating package script '/home/rhobtor/PHD/j8_control/J8_control/install/joy/share/joy/package.sh'
[30.121s] INFO:colcon.colcon_core.shell:Creating package script '/home/rhobtor/PHD/j8_control/J8_control/install/joy/share/joy/package.bash'
[30.122s] INFO:colcon.colcon_core.shell:Creating package script '/home/rhobtor/PHD/j8_control/J8_control/install/joy/share/joy/package.zsh'
[30.122s] Level 1:colcon.colcon_core.environment:create_file_with_runtime_dependencies(/home/rhobtor/PHD/j8_control/J8_control/install/joy/share/colcon-core/packages/joy)
[30.123s] Level 1:colcon.colcon_core.environment:create_environment_scripts_only(joy)
[30.123s] Level 1:colcon.colcon_core.environment:checking '/home/rhobtor/PHD/j8_control/J8_control/install/joy' for CMake module files
[30.123s] Level 1:colcon.colcon_core.environment:checking '/home/rhobtor/PHD/j8_control/J8_control/install/joy' for CMake config files
[30.124s] Level 1:colcon.colcon_core.shell:create_environment_hook('joy', 'cmake_prefix_path')
[30.124s] INFO:colcon.colcon_core.shell:Creating environment hook '/home/rhobtor/PHD/j8_control/J8_control/install/joy/share/joy/hook/cmake_prefix_path.ps1'
[30.124s] INFO:colcon.colcon_core.shell:Creating environment descriptor '/home/rhobtor/PHD/j8_control/J8_control/install/joy/share/joy/hook/cmake_prefix_path.dsv'
[30.125s] INFO:colcon.colcon_core.shell:Creating environment hook '/home/rhobtor/PHD/j8_control/J8_control/install/joy/share/joy/hook/cmake_prefix_path.sh'
[30.125s] Level 1:colcon.colcon_core.environment:checking '/home/rhobtor/PHD/j8_control/J8_control/install/joy/lib'
[30.125s] Level 1:colcon.colcon_core.shell:create_environment_hook('joy', 'ld_library_path_lib')
[30.126s] INFO:colcon.colcon_core.shell:Creating environment hook '/home/rhobtor/PHD/j8_control/J8_control/install/joy/share/joy/hook/ld_library_path_lib.ps1'
[30.126s] INFO:colcon.colcon_core.shell:Creating environment descriptor '/home/rhobtor/PHD/j8_control/J8_control/install/joy/share/joy/hook/ld_library_path_lib.dsv'
[30.127s] INFO:colcon.colcon_core.shell:Creating environment hook '/home/rhobtor/PHD/j8_control/J8_control/install/joy/share/joy/hook/ld_library_path_lib.sh'
[30.127s] Level 1:colcon.colcon_core.environment:checking '/home/rhobtor/PHD/j8_control/J8_control/install/joy/bin'
[30.127s] Level 1:colcon.colcon_core.environment:checking '/home/rhobtor/PHD/j8_control/J8_control/install/joy/lib/pkgconfig/joy.pc'
[30.127s] Level 1:colcon.colcon_core.environment:checking '/home/rhobtor/PHD/j8_control/J8_control/install/joy/lib/python3.10/site-packages'
[30.127s] Level 1:colcon.colcon_core.environment:checking '/home/rhobtor/PHD/j8_control/J8_control/install/joy/bin'
[30.128s] INFO:colcon.colcon_core.shell:Creating package script '/home/rhobtor/PHD/j8_control/J8_control/install/joy/share/joy/package.ps1'
[30.129s] INFO:colcon.colcon_core.shell:Creating package descriptor '/home/rhobtor/PHD/j8_control/J8_control/install/joy/share/joy/package.dsv'
[30.129s] INFO:colcon.colcon_core.shell:Creating package script '/home/rhobtor/PHD/j8_control/J8_control/install/joy/share/joy/package.sh'
[30.130s] INFO:colcon.colcon_core.shell:Creating package script '/home/rhobtor/PHD/j8_control/J8_control/install/joy/share/joy/package.bash'
[30.130s] INFO:colcon.colcon_core.shell:Creating package script '/home/rhobtor/PHD/j8_control/J8_control/install/joy/share/joy/package.zsh'
[30.131s] Level 1:colcon.colcon_core.environment:create_file_with_runtime_dependencies(/home/rhobtor/PHD/j8_control/J8_control/install/joy/share/colcon-core/packages/joy)
[31.790s] DEBUG:colcon.colcon_core.event_handler.log_command:Invoked command in '/home/rhobtor/PHD/j8_control/J8_control/build/slg_msgs' returned '0': CMAKE_PREFIX_PATH=${CMAKE_PREFIX_PATH}:/home/rhobtor/PHD/path_dem/install_navigation/path_dem:/home/rhobtor/PHD/path_dem/install/path_dem:/home/rhobtor/PHD/install_global_belief_final/path_dem:/home/rhobtor/PHD/ARGOSJ8_IA/ARGOSJ8_IA_/install/car:/home/rhobtor/PHD/ARGOSJ8_IA/ARGOSJ8_IA_/install/ntrip_client:/home/rhobtor/PHD/ARGOSJ8_IA/ARGOSJ8_IA_/install/j8_gui:/home/rhobtor/PHD/ARGOSJ8_IA/ARGOSJ8_IA_/install/gui:/home/rhobtor/PHD/ARGOSJ8_IA/ARGOSJ8_IA_/install/android_ros2_server:/home/rhobtor/PHD/ARGOSJ8_IA/ARGOSJ8_IA_/install/GUI_pkg:/home/rhobtor/PHD/model_terrain_ugv/Model_terrain_ugv/install/model_terrain:/opt/ros/humble /usr/bin/cmake --build /home/rhobtor/PHD/j8_control/J8_control/build/slg_msgs -- -j20 -l20
[31.792s] DEBUG:colcon.colcon_core.event_handler.log_command:Invoking command in '/home/rhobtor/PHD/j8_control/J8_control/build/slg_msgs': CMAKE_PREFIX_PATH=${CMAKE_PREFIX_PATH}:/home/rhobtor/PHD/path_dem/install_navigation/path_dem:/home/rhobtor/PHD/path_dem/install/path_dem:/home/rhobtor/PHD/install_global_belief_final/path_dem:/home/rhobtor/PHD/ARGOSJ8_IA/ARGOSJ8_IA_/install/car:/home/rhobtor/PHD/ARGOSJ8_IA/ARGOSJ8_IA_/install/ntrip_client:/home/rhobtor/PHD/ARGOSJ8_IA/ARGOSJ8_IA_/install/j8_gui:/home/rhobtor/PHD/ARGOSJ8_IA/ARGOSJ8_IA_/install/gui:/home/rhobtor/PHD/ARGOSJ8_IA/ARGOSJ8_IA_/install/android_ros2_server:/home/rhobtor/PHD/ARGOSJ8_IA/ARGOSJ8_IA_/install/GUI_pkg:/home/rhobtor/PHD/model_terrain_ugv/Model_terrain_ugv/install/model_terrain:/opt/ros/humble /usr/bin/cmake --install /home/rhobtor/PHD/j8_control/J8_control/build/slg_msgs
[31.876s] Level 1:colcon.colcon_core.environment:create_environment_scripts_only(slg_msgs)
[31.876s] Level 1:colcon.colcon_core.environment:checking '/home/rhobtor/PHD/j8_control/J8_control/install/slg_msgs' for CMake module files
[31.877s] DEBUG:colcon.colcon_core.event_handler.log_command:Invoked command in '/home/rhobtor/PHD/j8_control/J8_control/build/slg_msgs' returned '0': CMAKE_PREFIX_PATH=${CMAKE_PREFIX_PATH}:/home/rhobtor/PHD/path_dem/install_navigation/path_dem:/home/rhobtor/PHD/path_dem/install/path_dem:/home/rhobtor/PHD/install_global_belief_final/path_dem:/home/rhobtor/PHD/ARGOSJ8_IA/ARGOSJ8_IA_/install/car:/home/rhobtor/PHD/ARGOSJ8_IA/ARGOSJ8_IA_/install/ntrip_client:/home/rhobtor/PHD/ARGOSJ8_IA/ARGOSJ8_IA_/install/j8_gui:/home/rhobtor/PHD/ARGOSJ8_IA/ARGOSJ8_IA_/install/gui:/home/rhobtor/PHD/ARGOSJ8_IA/ARGOSJ8_IA_/install/android_ros2_server:/home/rhobtor/PHD/ARGOSJ8_IA/ARGOSJ8_IA_/install/GUI_pkg:/home/rhobtor/PHD/model_terrain_ugv/Model_terrain_ugv/install/model_terrain:/opt/ros/humble /usr/bin/cmake --install /home/rhobtor/PHD/j8_control/J8_control/build/slg_msgs
[31.877s] Level 1:colcon.colcon_core.environment:checking '/home/rhobtor/PHD/j8_control/J8_control/install/slg_msgs' for CMake config files
[31.878s] Level 1:colcon.colcon_core.shell:create_environment_hook('slg_msgs', 'cmake_prefix_path')
[31.878s] INFO:colcon.colcon_core.shell:Creating environment hook '/home/rhobtor/PHD/j8_control/J8_control/install/slg_msgs/share/slg_msgs/hook/cmake_prefix_path.ps1'
[31.879s] INFO:colcon.colcon_core.shell:Creating environment descriptor '/home/rhobtor/PHD/j8_control/J8_control/install/slg_msgs/share/slg_msgs/hook/cmake_prefix_path.dsv'
[31.879s] INFO:colcon.colcon_core.shell:Creating environment hook '/home/rhobtor/PHD/j8_control/J8_control/install/slg_msgs/share/slg_msgs/hook/cmake_prefix_path.sh'
[31.879s] Level 1:colcon.colcon_core.environment:checking '/home/rhobtor/PHD/j8_control/J8_control/install/slg_msgs/lib'
[31.879s] Level 1:colcon.colcon_core.shell:create_environment_hook('slg_msgs', 'ld_library_path_lib')
[31.880s] INFO:colcon.colcon_core.shell:Creating environment hook '/home/rhobtor/PHD/j8_control/J8_control/install/slg_msgs/share/slg_msgs/hook/ld_library_path_lib.ps1'
[31.880s] INFO:colcon.colcon_core.shell:Creating environment descriptor '/home/rhobtor/PHD/j8_control/J8_control/install/slg_msgs/share/slg_msgs/hook/ld_library_path_lib.dsv'
[31.880s] INFO:colcon.colcon_core.shell:Creating environment hook '/home/rhobtor/PHD/j8_control/J8_control/install/slg_msgs/share/slg_msgs/hook/ld_library_path_lib.sh'
[31.880s] Level 1:colcon.colcon_core.environment:checking '/home/rhobtor/PHD/j8_control/J8_control/install/slg_msgs/bin'
[31.881s] Level 1:colcon.colcon_core.environment:checking '/home/rhobtor/PHD/j8_control/J8_control/install/slg_msgs/lib/pkgconfig/slg_msgs.pc'
[31.881s] Level 1:colcon.colcon_core.environment:checking '/home/rhobtor/PHD/j8_control/J8_control/install/slg_msgs/lib/python3.10/site-packages'
[31.881s] Level 1:colcon.colcon_core.environment:checking '/home/rhobtor/PHD/j8_control/J8_control/install/slg_msgs/bin'
[31.882s] INFO:colcon.colcon_core.shell:Creating package script '/home/rhobtor/PHD/j8_control/J8_control/install/slg_msgs/share/slg_msgs/package.ps1'
[31.882s] INFO:colcon.colcon_core.shell:Creating package descriptor '/home/rhobtor/PHD/j8_control/J8_control/install/slg_msgs/share/slg_msgs/package.dsv'
[31.883s] INFO:colcon.colcon_core.shell:Creating package script '/home/rhobtor/PHD/j8_control/J8_control/install/slg_msgs/share/slg_msgs/package.sh'
[31.883s] INFO:colcon.colcon_core.shell:Creating package script '/home/rhobtor/PHD/j8_control/J8_control/install/slg_msgs/share/slg_msgs/package.bash'
[31.883s] INFO:colcon.colcon_core.shell:Creating package script '/home/rhobtor/PHD/j8_control/J8_control/install/slg_msgs/share/slg_msgs/package.zsh'
[31.884s] Level 1:colcon.colcon_core.environment:create_file_with_runtime_dependencies(/home/rhobtor/PHD/j8_control/J8_control/install/slg_msgs/share/colcon-core/packages/slg_msgs)
[31.885s] Level 1:colcon.colcon_core.environment:create_environment_scripts_only(slg_msgs)
[31.885s] Level 1:colcon.colcon_core.environment:checking '/home/rhobtor/PHD/j8_control/J8_control/install/slg_msgs' for CMake module files
[31.886s] Level 1:colcon.colcon_core.environment:checking '/home/rhobtor/PHD/j8_control/J8_control/install/slg_msgs' for CMake config files
[31.886s] Level 1:colcon.colcon_core.shell:create_environment_hook('slg_msgs', 'cmake_prefix_path')
[31.886s] INFO:colcon.colcon_core.shell:Creating environment hook '/home/rhobtor/PHD/j8_control/J8_control/install/slg_msgs/share/slg_msgs/hook/cmake_prefix_path.ps1'
[31.887s] INFO:colcon.colcon_core.shell:Creating environment descriptor '/home/rhobtor/PHD/j8_control/J8_control/install/slg_msgs/share/slg_msgs/hook/cmake_prefix_path.dsv'
[31.887s] INFO:colcon.colcon_core.shell:Creating environment hook '/home/rhobtor/PHD/j8_control/J8_control/install/slg_msgs/share/slg_msgs/hook/cmake_prefix_path.sh'
[31.888s] Level 1:colcon.colcon_core.environment:checking '/home/rhobtor/PHD/j8_control/J8_control/install/slg_msgs/lib'
[31.888s] Level 1:colcon.colcon_core.shell:create_environment_hook('slg_msgs', 'ld_library_path_lib')
[31.888s] INFO:colcon.colcon_core.shell:Creating environment hook '/home/rhobtor/PHD/j8_control/J8_control/install/slg_msgs/share/slg_msgs/hook/ld_library_path_lib.ps1'
[31.888s] INFO:colcon.colcon_core.shell:Creating environment descriptor '/home/rhobtor/PHD/j8_control/J8_control/install/slg_msgs/share/slg_msgs/hook/ld_library_path_lib.dsv'
[31.889s] INFO:colcon.colcon_core.shell:Creating environment hook '/home/rhobtor/PHD/j8_control/J8_control/install/slg_msgs/share/slg_msgs/hook/ld_library_path_lib.sh'
[31.889s] Level 1:colcon.colcon_core.environment:checking '/home/rhobtor/PHD/j8_control/J8_control/install/slg_msgs/bin'
[31.889s] Level 1:colcon.colcon_core.environment:checking '/home/rhobtor/PHD/j8_control/J8_control/install/slg_msgs/lib/pkgconfig/slg_msgs.pc'
[31.889s] Level 1:colcon.colcon_core.environment:checking '/home/rhobtor/PHD/j8_control/J8_control/install/slg_msgs/lib/python3.10/site-packages'
[31.890s] Level 1:colcon.colcon_core.environment:checking '/home/rhobtor/PHD/j8_control/J8_control/install/slg_msgs/bin'
[31.890s] INFO:colcon.colcon_core.shell:Creating package script '/home/rhobtor/PHD/j8_control/J8_control/install/slg_msgs/share/slg_msgs/package.ps1'
[31.891s] INFO:colcon.colcon_core.shell:Creating package descriptor '/home/rhobtor/PHD/j8_control/J8_control/install/slg_msgs/share/slg_msgs/package.dsv'
[31.892s] INFO:colcon.colcon_core.shell:Creating package script '/home/rhobtor/PHD/j8_control/J8_control/install/slg_msgs/share/slg_msgs/package.sh'
[31.892s] INFO:colcon.colcon_core.shell:Creating package script '/home/rhobtor/PHD/j8_control/J8_control/install/slg_msgs/share/slg_msgs/package.bash'
[31.893s] INFO:colcon.colcon_core.shell:Creating package script '/home/rhobtor/PHD/j8_control/J8_control/install/slg_msgs/share/slg_msgs/package.zsh'
[31.893s] Level 1:colcon.colcon_core.environment:create_file_with_runtime_dependencies(/home/rhobtor/PHD/j8_control/J8_control/install/slg_msgs/share/colcon-core/packages/slg_msgs)
[31.894s] INFO:colcon.colcon_ros.task.ament_cmake.build:Building ROS package in '/home/rhobtor/PHD/j8_control/J8_control/src/lidar_process_pkgs/laser_segmentation' with build type 'ament_cmake'
[31.894s] INFO:colcon.colcon_cmake.task.cmake.build:Building CMake package in '/home/rhobtor/PHD/j8_control/J8_control/src/lidar_process_pkgs/laser_segmentation'
[31.895s] INFO:colcon.colcon_core.shell:Skip shell extension 'powershell' for command environment: Not usable outside of PowerShell
[31.895s] DEBUG:colcon.colcon_core.shell:Skip shell extension 'dsv' for command environment
[31.921s] DEBUG:colcon.colcon_core.event_handler.log_command:Invoking command in '/home/rhobtor/PHD/j8_control/J8_control/build/laser_segmentation': AMENT_PREFIX_PATH=/home/rhobtor/PHD/j8_control/J8_control/install/slg_msgs:${AMENT_PREFIX_PATH} CMAKE_PREFIX_PATH=/home/rhobtor/PHD/j8_control/J8_control/install/slg_msgs:/home/rhobtor/PHD/ARGOSJ8_IA/ARGOSJ8_IA_/install/wiimote_msgs:/home/rhobtor/PHD/ARGOSJ8_IA/ARGOSJ8_IA_/install/ublox:/home/rhobtor/PHD/ARGOSJ8_IA/ARGOSJ8_IA_/install/ublox_gps:/home/rhobtor/PHD/ARGOSJ8_IA/ARGOSJ8_IA_/install/security_check:/home/rhobtor/PHD/ARGOSJ8_IA/ARGOSJ8_IA_/install/ctl_mission:/home/rhobtor/PHD/ARGOSJ8_IA/ARGOSJ8_IA_/install/ublox_msgs:/home/rhobtor/PHD/ARGOSJ8_IA/ARGOSJ8_IA_/install/ublox_serialization:/home/rhobtor/PHD/ARGOSJ8_IA/ARGOSJ8_IA_/install/spacenav:/home/rhobtor/PHD/ARGOSJ8_IA/ARGOSJ8_IA_/install/laser_segmentation:/home/rhobtor/PHD/ARGOSJ8_IA/ARGOSJ8_IA_/install/slg_msgs:/home/rhobtor/PHD/ARGOSJ8_IA/ARGOSJ8_IA_/install/security_check_interfaces:/home/rhobtor/PHD/ARGOSJ8_IA/ARGOSJ8_IA_/install/joy:/home/rhobtor/PHD/ARGOSJ8_IA/ARGOSJ8_IA_/install/sdl2_vendor:/home/rhobtor/PHD/ARGOSJ8_IA/ARGOSJ8_IA_/install/path_manager:/home/rhobtor/PHD/ARGOSJ8_IA/ARGOSJ8_IA_/install/path_manager_interfaces:/home/rhobtor/PHD/ARGOSJ8_IA/ARGOSJ8_IA_/install/joy_linux:/home/rhobtor/PHD/ARGOSJ8_IA/ARGOSJ8_IA_/install/j8_xacro_model:/home/rhobtor/PHD/ARGOSJ8_IA/ARGOSJ8_IA_/install/hikmicro_thermal_camera:/home/rhobtor/PHD/ARGOSJ8_IA/ARGOSJ8_IA_/install/hector_gazebo_plugins:/home/rhobtor/PHD/ARGOSJ8_IA/ARGOSJ8_IA_/install/fixposition_sensor_pkg:/home/rhobtor/PHD/ARGOSJ8_IA/ARGOSJ8_IA_/install/fixposition_odometry_converter_ros2:/home/rhobtor/PHD/ARGOSJ8_IA/ARGOSJ8_IA_/install/fixposition_driver_ros2:/home/rhobtor/PHD/ARGOSJ8_IA/ARGOSJ8_IA_/install/fixposition_driver_lib:/home/rhobtor/PHD/ARGOSJ8_IA/ARGOSJ8_IA_/install/fixposition_gnss_tf:/home/rhobtor/PHD/ARGOSJ8_IA/ARGOSJ8_IA_/install/ctl_mission_interfaces:/home/rhobtor/PHD/ARGOSJ8_IA/ARGOSJ8_IA_/install/car_cpp:/home/rhobtor/PHD/ARGOSJ8_IA/ARGOSJ8_IA_/install/car_interfaces:/home/rhobtor/PHD/ARGOSJ8_IA/ARGOSJ8_IA_/install/argj801_setup:/home/rhobtor/PHD/ARGOSJ8_IA/ARGOSJ8_IA_/install/argj801_sensors:/home/rhobtor/PHD/ARGOSJ8_IA/ARGOSJ8_IA_/install/argj801_sensors_msgs:/home/rhobtor/PHD/ARGOSJ8_IA/ARGOSJ8_IA_/install/argj801_ctl_platform:/home/rhobtor/PHD/ARGOSJ8_IA/ARGOSJ8_IA_/install/argj801_ctl_platform_interfaces:/home/rhobtor/PHD/model_terrain_ugv/Model_terrain_ugv/install/model_terrain_cpp:/home/rhobtor/PHD/path_dem/install_navigation/path_dem:/home/rhobtor/PHD/path_dem/install/path_dem:/home/rhobtor/PHD/install_global_belief_final/path_dem:/home/rhobtor/PHD/ARGOSJ8_IA/ARGOSJ8_IA_/install/car:/home/rhobtor/PHD/ARGOSJ8_IA/ARGOSJ8_IA_/install/ntrip_client:/home/rhobtor/PHD/ARGOSJ8_IA/ARGOSJ8_IA_/install/j8_gui:/home/rhobtor/PHD/ARGOSJ8_IA/ARGOSJ8_IA_/install/gui:/home/rhobtor/PHD/ARGOSJ8_IA/ARGOSJ8_IA_/install/android_ros2_server:/home/rhobtor/PHD/ARGOSJ8_IA/ARGOSJ8_IA_/install/GUI_pkg:/home/rhobtor/PHD/model_terrain_ugv/Model_terrain_ugv/install/model_terrain:/opt/ros/humble LD_LIBRARY_PATH=/home/rhobtor/PHD/j8_control/J8_control/install/slg_msgs/lib:${LD_LIBRARY_PATH} PYTHONPATH=/home/rhobtor/PHD/j8_control/J8_control/install/slg_msgs/local/lib/python3.10/dist-packages:${PYTHONPATH} /usr/bin/cmake /home/rhobtor/PHD/j8_control/J8_control/src/lidar_process_pkgs/laser_segmentation -DCMAKE_INSTALL_PREFIX=/home/rhobtor/PHD/j8_control/J8_control/install/laser_segmentation
[37.639s] DEBUG:colcon.colcon_core.event_handler.log_command:Invoked command in '/home/rhobtor/PHD/j8_control/J8_control/build/laser_segmentation' returned '0': AMENT_PREFIX_PATH=/home/rhobtor/PHD/j8_control/J8_control/install/slg_msgs:${AMENT_PREFIX_PATH} CMAKE_PREFIX_PATH=/home/rhobtor/PHD/j8_control/J8_control/install/slg_msgs:/home/rhobtor/PHD/ARGOSJ8_IA/ARGOSJ8_IA_/install/wiimote_msgs:/home/rhobtor/PHD/ARGOSJ8_IA/ARGOSJ8_IA_/install/ublox:/home/rhobtor/PHD/ARGOSJ8_IA/ARGOSJ8_IA_/install/ublox_gps:/home/rhobtor/PHD/ARGOSJ8_IA/ARGOSJ8_IA_/install/security_check:/home/rhobtor/PHD/ARGOSJ8_IA/ARGOSJ8_IA_/install/ctl_mission:/home/rhobtor/PHD/ARGOSJ8_IA/ARGOSJ8_IA_/install/ublox_msgs:/home/rhobtor/PHD/ARGOSJ8_IA/ARGOSJ8_IA_/install/ublox_serialization:/home/rhobtor/PHD/ARGOSJ8_IA/ARGOSJ8_IA_/install/spacenav:/home/rhobtor/PHD/ARGOSJ8_IA/ARGOSJ8_IA_/install/laser_segmentation:/home/rhobtor/PHD/ARGOSJ8_IA/ARGOSJ8_IA_/install/slg_msgs:/home/rhobtor/PHD/ARGOSJ8_IA/ARGOSJ8_IA_/install/security_check_interfaces:/home/rhobtor/PHD/ARGOSJ8_IA/ARGOSJ8_IA_/install/joy:/home/rhobtor/PHD/ARGOSJ8_IA/ARGOSJ8_IA_/install/sdl2_vendor:/home/rhobtor/PHD/ARGOSJ8_IA/ARGOSJ8_IA_/install/path_manager:/home/rhobtor/PHD/ARGOSJ8_IA/ARGOSJ8_IA_/install/path_manager_interfaces:/home/rhobtor/PHD/ARGOSJ8_IA/ARGOSJ8_IA_/install/joy_linux:/home/rhobtor/PHD/ARGOSJ8_IA/ARGOSJ8_IA_/install/j8_xacro_model:/home/rhobtor/PHD/ARGOSJ8_IA/ARGOSJ8_IA_/install/hikmicro_thermal_camera:/home/rhobtor/PHD/ARGOSJ8_IA/ARGOSJ8_IA_/install/hector_gazebo_plugins:/home/rhobtor/PHD/ARGOSJ8_IA/ARGOSJ8_IA_/install/fixposition_sensor_pkg:/home/rhobtor/PHD/ARGOSJ8_IA/ARGOSJ8_IA_/install/fixposition_odometry_converter_ros2:/home/rhobtor/PHD/ARGOSJ8_IA/ARGOSJ8_IA_/install/fixposition_driver_ros2:/home/rhobtor/PHD/ARGOSJ8_IA/ARGOSJ8_IA_/install/fixposition_driver_lib:/home/rhobtor/PHD/ARGOSJ8_IA/ARGOSJ8_IA_/install/fixposition_gnss_tf:/home/rhobtor/PHD/ARGOSJ8_IA/ARGOSJ8_IA_/install/ctl_mission_interfaces:/home/rhobtor/PHD/ARGOSJ8_IA/ARGOSJ8_IA_/install/car_cpp:/home/rhobtor/PHD/ARGOSJ8_IA/ARGOSJ8_IA_/install/car_interfaces:/home/rhobtor/PHD/ARGOSJ8_IA/ARGOSJ8_IA_/install/argj801_setup:/home/rhobtor/PHD/ARGOSJ8_IA/ARGOSJ8_IA_/install/argj801_sensors:/home/rhobtor/PHD/ARGOSJ8_IA/ARGOSJ8_IA_/install/argj801_sensors_msgs:/home/rhobtor/PHD/ARGOSJ8_IA/ARGOSJ8_IA_/install/argj801_ctl_platform:/home/rhobtor/PHD/ARGOSJ8_IA/ARGOSJ8_IA_/install/argj801_ctl_platform_interfaces:/home/rhobtor/PHD/model_terrain_ugv/Model_terrain_ugv/install/model_terrain_cpp:/home/rhobtor/PHD/path_dem/install_navigation/path_dem:/home/rhobtor/PHD/path_dem/install/path_dem:/home/rhobtor/PHD/install_global_belief_final/path_dem:/home/rhobtor/PHD/ARGOSJ8_IA/ARGOSJ8_IA_/install/car:/home/rhobtor/PHD/ARGOSJ8_IA/ARGOSJ8_IA_/install/ntrip_client:/home/rhobtor/PHD/ARGOSJ8_IA/ARGOSJ8_IA_/install/j8_gui:/home/rhobtor/PHD/ARGOSJ8_IA/ARGOSJ8_IA_/install/gui:/home/rhobtor/PHD/ARGOSJ8_IA/ARGOSJ8_IA_/install/android_ros2_server:/home/rhobtor/PHD/ARGOSJ8_IA/ARGOSJ8_IA_/install/GUI_pkg:/home/rhobtor/PHD/model_terrain_ugv/Model_terrain_ugv/install/model_terrain:/opt/ros/humble LD_LIBRARY_PATH=/home/rhobtor/PHD/j8_control/J8_control/install/slg_msgs/lib:${LD_LIBRARY_PATH} PYTHONPATH=/home/rhobtor/PHD/j8_control/J8_control/install/slg_msgs/local/lib/python3.10/dist-packages:${PYTHONPATH} /usr/bin/cmake /home/rhobtor/PHD/j8_control/J8_control/src/lidar_process_pkgs/laser_segmentation -DCMAKE_INSTALL_PREFIX=/home/rhobtor/PHD/j8_control/J8_control/install/laser_segmentation
[37.640s] DEBUG:colcon.colcon_core.event_handler.log_command:Invoking command in '/home/rhobtor/PHD/j8_control/J8_control/build/laser_segmentation': AMENT_PREFIX_PATH=/home/rhobtor/PHD/j8_control/J8_control/install/slg_msgs:${AMENT_PREFIX_PATH} CMAKE_PREFIX_PATH=/home/rhobtor/PHD/j8_control/J8_control/install/slg_msgs:/home/rhobtor/PHD/ARGOSJ8_IA/ARGOSJ8_IA_/install/wiimote_msgs:/home/rhobtor/PHD/ARGOSJ8_IA/ARGOSJ8_IA_/install/ublox:/home/rhobtor/PHD/ARGOSJ8_IA/ARGOSJ8_IA_/install/ublox_gps:/home/rhobtor/PHD/ARGOSJ8_IA/ARGOSJ8_IA_/install/security_check:/home/rhobtor/PHD/ARGOSJ8_IA/ARGOSJ8_IA_/install/ctl_mission:/home/rhobtor/PHD/ARGOSJ8_IA/ARGOSJ8_IA_/install/ublox_msgs:/home/rhobtor/PHD/ARGOSJ8_IA/ARGOSJ8_IA_/install/ublox_serialization:/home/rhobtor/PHD/ARGOSJ8_IA/ARGOSJ8_IA_/install/spacenav:/home/rhobtor/PHD/ARGOSJ8_IA/ARGOSJ8_IA_/install/laser_segmentation:/home/rhobtor/PHD/ARGOSJ8_IA/ARGOSJ8_IA_/install/slg_msgs:/home/rhobtor/PHD/ARGOSJ8_IA/ARGOSJ8_IA_/install/security_check_interfaces:/home/rhobtor/PHD/ARGOSJ8_IA/ARGOSJ8_IA_/install/joy:/home/rhobtor/PHD/ARGOSJ8_IA/ARGOSJ8_IA_/install/sdl2_vendor:/home/rhobtor/PHD/ARGOSJ8_IA/ARGOSJ8_IA_/install/path_manager:/home/rhobtor/PHD/ARGOSJ8_IA/ARGOSJ8_IA_/install/path_manager_interfaces:/home/rhobtor/PHD/ARGOSJ8_IA/ARGOSJ8_IA_/install/joy_linux:/home/rhobtor/PHD/ARGOSJ8_IA/ARGOSJ8_IA_/install/j8_xacro_model:/home/rhobtor/PHD/ARGOSJ8_IA/ARGOSJ8_IA_/install/hikmicro_thermal_camera:/home/rhobtor/PHD/ARGOSJ8_IA/ARGOSJ8_IA_/install/hector_gazebo_plugins:/home/rhobtor/PHD/ARGOSJ8_IA/ARGOSJ8_IA_/install/fixposition_sensor_pkg:/home/rhobtor/PHD/ARGOSJ8_IA/ARGOSJ8_IA_/install/fixposition_odometry_converter_ros2:/home/rhobtor/PHD/ARGOSJ8_IA/ARGOSJ8_IA_/install/fixposition_driver_ros2:/home/rhobtor/PHD/ARGOSJ8_IA/ARGOSJ8_IA_/install/fixposition_driver_lib:/home/rhobtor/PHD/ARGOSJ8_IA/ARGOSJ8_IA_/install/fixposition_gnss_tf:/home/rhobtor/PHD/ARGOSJ8_IA/ARGOSJ8_IA_/install/ctl_mission_interfaces:/home/rhobtor/PHD/ARGOSJ8_IA/ARGOSJ8_IA_/install/car_cpp:/home/rhobtor/PHD/ARGOSJ8_IA/ARGOSJ8_IA_/install/car_interfaces:/home/rhobtor/PHD/ARGOSJ8_IA/ARGOSJ8_IA_/install/argj801_setup:/home/rhobtor/PHD/ARGOSJ8_IA/ARGOSJ8_IA_/install/argj801_sensors:/home/rhobtor/PHD/ARGOSJ8_IA/ARGOSJ8_IA_/install/argj801_sensors_msgs:/home/rhobtor/PHD/ARGOSJ8_IA/ARGOSJ8_IA_/install/argj801_ctl_platform:/home/rhobtor/PHD/ARGOSJ8_IA/ARGOSJ8_IA_/install/argj801_ctl_platform_interfaces:/home/rhobtor/PHD/model_terrain_ugv/Model_terrain_ugv/install/model_terrain_cpp:/home/rhobtor/PHD/path_dem/install_navigation/path_dem:/home/rhobtor/PHD/path_dem/install/path_dem:/home/rhobtor/PHD/install_global_belief_final/path_dem:/home/rhobtor/PHD/ARGOSJ8_IA/ARGOSJ8_IA_/install/car:/home/rhobtor/PHD/ARGOSJ8_IA/ARGOSJ8_IA_/install/ntrip_client:/home/rhobtor/PHD/ARGOSJ8_IA/ARGOSJ8_IA_/install/j8_gui:/home/rhobtor/PHD/ARGOSJ8_IA/ARGOSJ8_IA_/install/gui:/home/rhobtor/PHD/ARGOSJ8_IA/ARGOSJ8_IA_/install/android_ros2_server:/home/rhobtor/PHD/ARGOSJ8_IA/ARGOSJ8_IA_/install/GUI_pkg:/home/rhobtor/PHD/model_terrain_ugv/Model_terrain_ugv/install/model_terrain:/opt/ros/humble LD_LIBRARY_PATH=/home/rhobtor/PHD/j8_control/J8_control/install/slg_msgs/lib:${LD_LIBRARY_PATH} PYTHONPATH=/home/rhobtor/PHD/j8_control/J8_control/install/slg_msgs/local/lib/python3.10/dist-packages:${PYTHONPATH} /usr/bin/cmake --build /home/rhobtor/PHD/j8_control/J8_control/build/laser_segmentation -- -j20 -l20
[40.264s] DEBUG:colcon.colcon_core.event_handler.log_command:Invoked command in '/home/rhobtor/PHD/j8_control/J8_control/build/fixposition_sensor_pkg' returned '0': CMAKE_PREFIX_PATH=${CMAKE_PREFIX_PATH}:/home/rhobtor/PHD/path_dem/install_navigation/path_dem:/home/rhobtor/PHD/path_dem/install/path_dem:/home/rhobtor/PHD/install_global_belief_final/path_dem:/home/rhobtor/PHD/ARGOSJ8_IA/ARGOSJ8_IA_/install/car:/home/rhobtor/PHD/ARGOSJ8_IA/ARGOSJ8_IA_/install/ntrip_client:/home/rhobtor/PHD/ARGOSJ8_IA/ARGOSJ8_IA_/install/j8_gui:/home/rhobtor/PHD/ARGOSJ8_IA/ARGOSJ8_IA_/install/gui:/home/rhobtor/PHD/ARGOSJ8_IA/ARGOSJ8_IA_/install/android_ros2_server:/home/rhobtor/PHD/ARGOSJ8_IA/ARGOSJ8_IA_/install/GUI_pkg:/home/rhobtor/PHD/model_terrain_ugv/Model_terrain_ugv/install/model_terrain:/opt/ros/humble /usr/bin/cmake --build /home/rhobtor/PHD/j8_control/J8_control/build/fixposition_sensor_pkg -- -j20 -l20
[40.266s] DEBUG:colcon.colcon_core.event_handler.log_command:Invoking command in '/home/rhobtor/PHD/j8_control/J8_control/build/fixposition_sensor_pkg': CMAKE_PREFIX_PATH=${CMAKE_PREFIX_PATH}:/home/rhobtor/PHD/path_dem/install_navigation/path_dem:/home/rhobtor/PHD/path_dem/install/path_dem:/home/rhobtor/PHD/install_global_belief_final/path_dem:/home/rhobtor/PHD/ARGOSJ8_IA/ARGOSJ8_IA_/install/car:/home/rhobtor/PHD/ARGOSJ8_IA/ARGOSJ8_IA_/install/ntrip_client:/home/rhobtor/PHD/ARGOSJ8_IA/ARGOSJ8_IA_/install/j8_gui:/home/rhobtor/PHD/ARGOSJ8_IA/ARGOSJ8_IA_/install/gui:/home/rhobtor/PHD/ARGOSJ8_IA/ARGOSJ8_IA_/install/android_ros2_server:/home/rhobtor/PHD/ARGOSJ8_IA/ARGOSJ8_IA_/install/GUI_pkg:/home/rhobtor/PHD/model_terrain_ugv/Model_terrain_ugv/install/model_terrain:/opt/ros/humble /usr/bin/cmake --install /home/rhobtor/PHD/j8_control/J8_control/build/fixposition_sensor_pkg
[40.303s] Level 1:colcon.colcon_core.environment:create_environment_scripts_only(fixposition_sensor_pkg)
[40.304s] Level 1:colcon.colcon_core.environment:checking '/home/rhobtor/PHD/j8_control/J8_control/install/fixposition_sensor_pkg' for CMake module files
[40.304s] DEBUG:colcon.colcon_core.event_handler.log_command:Invoked command in '/home/rhobtor/PHD/j8_control/J8_control/build/fixposition_sensor_pkg' returned '0': CMAKE_PREFIX_PATH=${CMAKE_PREFIX_PATH}:/home/rhobtor/PHD/path_dem/install_navigation/path_dem:/home/rhobtor/PHD/path_dem/install/path_dem:/home/rhobtor/PHD/install_global_belief_final/path_dem:/home/rhobtor/PHD/ARGOSJ8_IA/ARGOSJ8_IA_/install/car:/home/rhobtor/PHD/ARGOSJ8_IA/ARGOSJ8_IA_/install/ntrip_client:/home/rhobtor/PHD/ARGOSJ8_IA/ARGOSJ8_IA_/install/j8_gui:/home/rhobtor/PHD/ARGOSJ8_IA/ARGOSJ8_IA_/install/gui:/home/rhobtor/PHD/ARGOSJ8_IA/ARGOSJ8_IA_/install/android_ros2_server:/home/rhobtor/PHD/ARGOSJ8_IA/ARGOSJ8_IA_/install/GUI_pkg:/home/rhobtor/PHD/model_terrain_ugv/Model_terrain_ugv/install/model_terrain:/opt/ros/humble /usr/bin/cmake --install /home/rhobtor/PHD/j8_control/J8_control/build/fixposition_sensor_pkg
[40.305s] Level 1:colcon.colcon_core.environment:checking '/home/rhobtor/PHD/j8_control/J8_control/install/fixposition_sensor_pkg' for CMake config files
[40.305s] Level 1:colcon.colcon_core.shell:create_environment_hook('fixposition_sensor_pkg', 'cmake_prefix_path')
[40.305s] INFO:colcon.colcon_core.shell:Creating environment hook '/home/rhobtor/PHD/j8_control/J8_control/install/fixposition_sensor_pkg/share/fixposition_sensor_pkg/hook/cmake_prefix_path.ps1'
[40.306s] INFO:colcon.colcon_core.shell:Creating environment descriptor '/home/rhobtor/PHD/j8_control/J8_control/install/fixposition_sensor_pkg/share/fixposition_sensor_pkg/hook/cmake_prefix_path.dsv'
[40.307s] INFO:colcon.colcon_core.shell:Creating environment hook '/home/rhobtor/PHD/j8_control/J8_control/install/fixposition_sensor_pkg/share/fixposition_sensor_pkg/hook/cmake_prefix_path.sh'
[40.307s] Level 1:colcon.colcon_core.environment:checking '/home/rhobtor/PHD/j8_control/J8_control/install/fixposition_sensor_pkg/lib'
[40.307s] Level 1:colcon.colcon_core.shell:create_environment_hook('fixposition_sensor_pkg', 'ld_library_path_lib')
[40.308s] INFO:colcon.colcon_core.shell:Creating environment hook '/home/rhobtor/PHD/j8_control/J8_control/install/fixposition_sensor_pkg/share/fixposition_sensor_pkg/hook/ld_library_path_lib.ps1'
[40.308s] INFO:colcon.colcon_core.shell:Creating environment descriptor '/home/rhobtor/PHD/j8_control/J8_control/install/fixposition_sensor_pkg/share/fixposition_sensor_pkg/hook/ld_library_path_lib.dsv'
[40.309s] INFO:colcon.colcon_core.shell:Creating environment hook '/home/rhobtor/PHD/j8_control/J8_control/install/fixposition_sensor_pkg/share/fixposition_sensor_pkg/hook/ld_library_path_lib.sh'
[40.309s] Level 1:colcon.colcon_core.environment:checking '/home/rhobtor/PHD/j8_control/J8_control/install/fixposition_sensor_pkg/bin'
[40.309s] Level 1:colcon.colcon_core.environment:checking '/home/rhobtor/PHD/j8_control/J8_control/install/fixposition_sensor_pkg/lib/pkgconfig/fixposition_sensor_pkg.pc'
[40.309s] Level 1:colcon.colcon_core.environment:checking '/home/rhobtor/PHD/j8_control/J8_control/install/fixposition_sensor_pkg/lib/python3.10/site-packages'
[40.310s] Level 1:colcon.colcon_core.environment:checking '/home/rhobtor/PHD/j8_control/J8_control/install/fixposition_sensor_pkg/bin'
[40.310s] INFO:colcon.colcon_core.shell:Creating package script '/home/rhobtor/PHD/j8_control/J8_control/install/fixposition_sensor_pkg/share/fixposition_sensor_pkg/package.ps1'
[40.311s] INFO:colcon.colcon_core.shell:Creating package descriptor '/home/rhobtor/PHD/j8_control/J8_control/install/fixposition_sensor_pkg/share/fixposition_sensor_pkg/package.dsv'
[40.311s] INFO:colcon.colcon_core.shell:Creating package script '/home/rhobtor/PHD/j8_control/J8_control/install/fixposition_sensor_pkg/share/fixposition_sensor_pkg/package.sh'
[40.312s] INFO:colcon.colcon_core.shell:Creating package script '/home/rhobtor/PHD/j8_control/J8_control/install/fixposition_sensor_pkg/share/fixposition_sensor_pkg/package.bash'
[40.312s] INFO:colcon.colcon_core.shell:Creating package script '/home/rhobtor/PHD/j8_control/J8_control/install/fixposition_sensor_pkg/share/fixposition_sensor_pkg/package.zsh'
[40.313s] Level 1:colcon.colcon_core.environment:create_file_with_runtime_dependencies(/home/rhobtor/PHD/j8_control/J8_control/install/fixposition_sensor_pkg/share/colcon-core/packages/fixposition_sensor_pkg)
[40.313s] Level 1:colcon.colcon_core.environment:create_environment_scripts_only(fixposition_sensor_pkg)
[40.314s] Level 1:colcon.colcon_core.environment:checking '/home/rhobtor/PHD/j8_control/J8_control/install/fixposition_sensor_pkg' for CMake module files
[40.314s] Level 1:colcon.colcon_core.environment:checking '/home/rhobtor/PHD/j8_control/J8_control/install/fixposition_sensor_pkg' for CMake config files
[40.315s] Level 1:colcon.colcon_core.shell:create_environment_hook('fixposition_sensor_pkg', 'cmake_prefix_path')
[40.315s] INFO:colcon.colcon_core.shell:Creating environment hook '/home/rhobtor/PHD/j8_control/J8_control/install/fixposition_sensor_pkg/share/fixposition_sensor_pkg/hook/cmake_prefix_path.ps1'
[40.315s] INFO:colcon.colcon_core.shell:Creating environment descriptor '/home/rhobtor/PHD/j8_control/J8_control/install/fixposition_sensor_pkg/share/fixposition_sensor_pkg/hook/cmake_prefix_path.dsv'
[40.316s] INFO:colcon.colcon_core.shell:Creating environment hook '/home/rhobtor/PHD/j8_control/J8_control/install/fixposition_sensor_pkg/share/fixposition_sensor_pkg/hook/cmake_prefix_path.sh'
[40.316s] Level 1:colcon.colcon_core.environment:checking '/home/rhobtor/PHD/j8_control/J8_control/install/fixposition_sensor_pkg/lib'
[40.317s] Level 1:colcon.colcon_core.shell:create_environment_hook('fixposition_sensor_pkg', 'ld_library_path_lib')
[40.317s] INFO:colcon.colcon_core.shell:Creating environment hook '/home/rhobtor/PHD/j8_control/J8_control/install/fixposition_sensor_pkg/share/fixposition_sensor_pkg/hook/ld_library_path_lib.ps1'
[40.317s] INFO:colcon.colcon_core.shell:Creating environment descriptor '/home/rhobtor/PHD/j8_control/J8_control/install/fixposition_sensor_pkg/share/fixposition_sensor_pkg/hook/ld_library_path_lib.dsv'
[40.318s] INFO:colcon.colcon_core.shell:Creating environment hook '/home/rhobtor/PHD/j8_control/J8_control/install/fixposition_sensor_pkg/share/fixposition_sensor_pkg/hook/ld_library_path_lib.sh'
[40.318s] Level 1:colcon.colcon_core.environment:checking '/home/rhobtor/PHD/j8_control/J8_control/install/fixposition_sensor_pkg/bin'
[40.318s] Level 1:colcon.colcon_core.environment:checking '/home/rhobtor/PHD/j8_control/J8_control/install/fixposition_sensor_pkg/lib/pkgconfig/fixposition_sensor_pkg.pc'
[40.319s] Level 1:colcon.colcon_core.environment:checking '/home/rhobtor/PHD/j8_control/J8_control/install/fixposition_sensor_pkg/lib/python3.10/site-packages'
[40.319s] Level 1:colcon.colcon_core.environment:checking '/home/rhobtor/PHD/j8_control/J8_control/install/fixposition_sensor_pkg/bin'
[40.320s] INFO:colcon.colcon_core.shell:Creating package script '/home/rhobtor/PHD/j8_control/J8_control/install/fixposition_sensor_pkg/share/fixposition_sensor_pkg/package.ps1'
[40.321s] INFO:colcon.colcon_core.shell:Creating package descriptor '/home/rhobtor/PHD/j8_control/J8_control/install/fixposition_sensor_pkg/share/fixposition_sensor_pkg/package.dsv'
[40.321s] INFO:colcon.colcon_core.shell:Creating package script '/home/rhobtor/PHD/j8_control/J8_control/install/fixposition_sensor_pkg/share/fixposition_sensor_pkg/package.sh'
[40.322s] INFO:colcon.colcon_core.shell:Creating package script '/home/rhobtor/PHD/j8_control/J8_control/install/fixposition_sensor_pkg/share/fixposition_sensor_pkg/package.bash'
[40.323s] INFO:colcon.colcon_core.shell:Creating package script '/home/rhobtor/PHD/j8_control/J8_control/install/fixposition_sensor_pkg/share/fixposition_sensor_pkg/package.zsh'
[40.323s] Level 1:colcon.colcon_core.environment:create_file_with_runtime_dependencies(/home/rhobtor/PHD/j8_control/J8_control/install/fixposition_sensor_pkg/share/colcon-core/packages/fixposition_sensor_pkg)
[43.844s] DEBUG:colcon.colcon_core.event_handler.log_command:Invoked command in '/home/rhobtor/PHD/j8_control/J8_control/build/path_manager' returned '0': AMENT_PREFIX_PATH=/home/rhobtor/PHD/j8_control/J8_control/install/path_manager_interfaces:${AMENT_PREFIX_PATH} CMAKE_PREFIX_PATH=/home/rhobtor/PHD/j8_control/J8_control/install/path_manager_interfaces:/home/rhobtor/PHD/ARGOSJ8_IA/ARGOSJ8_IA_/install/wiimote_msgs:/home/rhobtor/PHD/ARGOSJ8_IA/ARGOSJ8_IA_/install/ublox:/home/rhobtor/PHD/ARGOSJ8_IA/ARGOSJ8_IA_/install/ublox_gps:/home/rhobtor/PHD/ARGOSJ8_IA/ARGOSJ8_IA_/install/security_check:/home/rhobtor/PHD/ARGOSJ8_IA/ARGOSJ8_IA_/install/ctl_mission:/home/rhobtor/PHD/ARGOSJ8_IA/ARGOSJ8_IA_/install/ublox_msgs:/home/rhobtor/PHD/ARGOSJ8_IA/ARGOSJ8_IA_/install/ublox_serialization:/home/rhobtor/PHD/ARGOSJ8_IA/ARGOSJ8_IA_/install/spacenav:/home/rhobtor/PHD/ARGOSJ8_IA/ARGOSJ8_IA_/install/laser_segmentation:/home/rhobtor/PHD/ARGOSJ8_IA/ARGOSJ8_IA_/install/slg_msgs:/home/rhobtor/PHD/ARGOSJ8_IA/ARGOSJ8_IA_/install/security_check_interfaces:/home/rhobtor/PHD/ARGOSJ8_IA/ARGOSJ8_IA_/install/joy:/home/rhobtor/PHD/ARGOSJ8_IA/ARGOSJ8_IA_/install/sdl2_vendor:/home/rhobtor/PHD/ARGOSJ8_IA/ARGOSJ8_IA_/install/path_manager:/home/rhobtor/PHD/ARGOSJ8_IA/ARGOSJ8_IA_/install/path_manager_interfaces:/home/rhobtor/PHD/ARGOSJ8_IA/ARGOSJ8_IA_/install/joy_linux:/home/rhobtor/PHD/ARGOSJ8_IA/ARGOSJ8_IA_/install/j8_xacro_model:/home/rhobtor/PHD/ARGOSJ8_IA/ARGOSJ8_IA_/install/hikmicro_thermal_camera:/home/rhobtor/PHD/ARGOSJ8_IA/ARGOSJ8_IA_/install/hector_gazebo_plugins:/home/rhobtor/PHD/ARGOSJ8_IA/ARGOSJ8_IA_/install/fixposition_sensor_pkg:/home/rhobtor/PHD/ARGOSJ8_IA/ARGOSJ8_IA_/install/fixposition_odometry_converter_ros2:/home/rhobtor/PHD/ARGOSJ8_IA/ARGOSJ8_IA_/install/fixposition_driver_ros2:/home/rhobtor/PHD/ARGOSJ8_IA/ARGOSJ8_IA_/install/fixposition_driver_lib:/home/rhobtor/PHD/ARGOSJ8_IA/ARGOSJ8_IA_/install/fixposition_gnss_tf:/home/rhobtor/PHD/ARGOSJ8_IA/ARGOSJ8_IA_/install/ctl_mission_interfaces:/home/rhobtor/PHD/ARGOSJ8_IA/ARGOSJ8_IA_/install/car_cpp:/home/rhobtor/PHD/ARGOSJ8_IA/ARGOSJ8_IA_/install/car_interfaces:/home/rhobtor/PHD/ARGOSJ8_IA/ARGOSJ8_IA_/install/argj801_setup:/home/rhobtor/PHD/ARGOSJ8_IA/ARGOSJ8_IA_/install/argj801_sensors:/home/rhobtor/PHD/ARGOSJ8_IA/ARGOSJ8_IA_/install/argj801_sensors_msgs:/home/rhobtor/PHD/ARGOSJ8_IA/ARGOSJ8_IA_/install/argj801_ctl_platform:/home/rhobtor/PHD/ARGOSJ8_IA/ARGOSJ8_IA_/install/argj801_ctl_platform_interfaces:/home/rhobtor/PHD/model_terrain_ugv/Model_terrain_ugv/install/model_terrain_cpp:/home/rhobtor/PHD/path_dem/install_navigation/path_dem:/home/rhobtor/PHD/path_dem/install/path_dem:/home/rhobtor/PHD/install_global_belief_final/path_dem:/home/rhobtor/PHD/ARGOSJ8_IA/ARGOSJ8_IA_/install/car:/home/rhobtor/PHD/ARGOSJ8_IA/ARGOSJ8_IA_/install/ntrip_client:/home/rhobtor/PHD/ARGOSJ8_IA/ARGOSJ8_IA_/install/j8_gui:/home/rhobtor/PHD/ARGOSJ8_IA/ARGOSJ8_IA_/install/gui:/home/rhobtor/PHD/ARGOSJ8_IA/ARGOSJ8_IA_/install/android_ros2_server:/home/rhobtor/PHD/ARGOSJ8_IA/ARGOSJ8_IA_/install/GUI_pkg:/home/rhobtor/PHD/model_terrain_ugv/Model_terrain_ugv/install/model_terrain:/opt/ros/humble LD_LIBRARY_PATH=/home/rhobtor/PHD/j8_control/J8_control/install/path_manager_interfaces/lib:${LD_LIBRARY_PATH} PYTHONPATH=/home/rhobtor/PHD/j8_control/J8_control/install/path_manager_interfaces/local/lib/python3.10/dist-packages:${PYTHONPATH} /usr/bin/cmake --build /home/rhobtor/PHD/j8_control/J8_control/build/path_manager -- -j20 -l20
[43.846s] DEBUG:colcon.colcon_core.event_handler.log_command:Invoking command in '/home/rhobtor/PHD/j8_control/J8_control/build/path_manager': AMENT_PREFIX_PATH=/home/rhobtor/PHD/j8_control/J8_control/install/path_manager_interfaces:${AMENT_PREFIX_PATH} CMAKE_PREFIX_PATH=/home/rhobtor/PHD/j8_control/J8_control/install/path_manager_interfaces:/home/rhobtor/PHD/ARGOSJ8_IA/ARGOSJ8_IA_/install/wiimote_msgs:/home/rhobtor/PHD/ARGOSJ8_IA/ARGOSJ8_IA_/install/ublox:/home/rhobtor/PHD/ARGOSJ8_IA/ARGOSJ8_IA_/install/ublox_gps:/home/rhobtor/PHD/ARGOSJ8_IA/ARGOSJ8_IA_/install/security_check:/home/rhobtor/PHD/ARGOSJ8_IA/ARGOSJ8_IA_/install/ctl_mission:/home/rhobtor/PHD/ARGOSJ8_IA/ARGOSJ8_IA_/install/ublox_msgs:/home/rhobtor/PHD/ARGOSJ8_IA/ARGOSJ8_IA_/install/ublox_serialization:/home/rhobtor/PHD/ARGOSJ8_IA/ARGOSJ8_IA_/install/spacenav:/home/rhobtor/PHD/ARGOSJ8_IA/ARGOSJ8_IA_/install/laser_segmentation:/home/rhobtor/PHD/ARGOSJ8_IA/ARGOSJ8_IA_/install/slg_msgs:/home/rhobtor/PHD/ARGOSJ8_IA/ARGOSJ8_IA_/install/security_check_interfaces:/home/rhobtor/PHD/ARGOSJ8_IA/ARGOSJ8_IA_/install/joy:/home/rhobtor/PHD/ARGOSJ8_IA/ARGOSJ8_IA_/install/sdl2_vendor:/home/rhobtor/PHD/ARGOSJ8_IA/ARGOSJ8_IA_/install/path_manager:/home/rhobtor/PHD/ARGOSJ8_IA/ARGOSJ8_IA_/install/path_manager_interfaces:/home/rhobtor/PHD/ARGOSJ8_IA/ARGOSJ8_IA_/install/joy_linux:/home/rhobtor/PHD/ARGOSJ8_IA/ARGOSJ8_IA_/install/j8_xacro_model:/home/rhobtor/PHD/ARGOSJ8_IA/ARGOSJ8_IA_/install/hikmicro_thermal_camera:/home/rhobtor/PHD/ARGOSJ8_IA/ARGOSJ8_IA_/install/hector_gazebo_plugins:/home/rhobtor/PHD/ARGOSJ8_IA/ARGOSJ8_IA_/install/fixposition_sensor_pkg:/home/rhobtor/PHD/ARGOSJ8_IA/ARGOSJ8_IA_/install/fixposition_odometry_converter_ros2:/home/rhobtor/PHD/ARGOSJ8_IA/ARGOSJ8_IA_/install/fixposition_driver_ros2:/home/rhobtor/PHD/ARGOSJ8_IA/ARGOSJ8_IA_/install/fixposition_driver_lib:/home/rhobtor/PHD/ARGOSJ8_IA/ARGOSJ8_IA_/install/fixposition_gnss_tf:/home/rhobtor/PHD/ARGOSJ8_IA/ARGOSJ8_IA_/install/ctl_mission_interfaces:/home/rhobtor/PHD/ARGOSJ8_IA/ARGOSJ8_IA_/install/car_cpp:/home/rhobtor/PHD/ARGOSJ8_IA/ARGOSJ8_IA_/install/car_interfaces:/home/rhobtor/PHD/ARGOSJ8_IA/ARGOSJ8_IA_/install/argj801_setup:/home/rhobtor/PHD/ARGOSJ8_IA/ARGOSJ8_IA_/install/argj801_sensors:/home/rhobtor/PHD/ARGOSJ8_IA/ARGOSJ8_IA_/install/argj801_sensors_msgs:/home/rhobtor/PHD/ARGOSJ8_IA/ARGOSJ8_IA_/install/argj801_ctl_platform:/home/rhobtor/PHD/ARGOSJ8_IA/ARGOSJ8_IA_/install/argj801_ctl_platform_interfaces:/home/rhobtor/PHD/model_terrain_ugv/Model_terrain_ugv/install/model_terrain_cpp:/home/rhobtor/PHD/path_dem/install_navigation/path_dem:/home/rhobtor/PHD/path_dem/install/path_dem:/home/rhobtor/PHD/install_global_belief_final/path_dem:/home/rhobtor/PHD/ARGOSJ8_IA/ARGOSJ8_IA_/install/car:/home/rhobtor/PHD/ARGOSJ8_IA/ARGOSJ8_IA_/install/ntrip_client:/home/rhobtor/PHD/ARGOSJ8_IA/ARGOSJ8_IA_/install/j8_gui:/home/rhobtor/PHD/ARGOSJ8_IA/ARGOSJ8_IA_/install/gui:/home/rhobtor/PHD/ARGOSJ8_IA/ARGOSJ8_IA_/install/android_ros2_server:/home/rhobtor/PHD/ARGOSJ8_IA/ARGOSJ8_IA_/install/GUI_pkg:/home/rhobtor/PHD/model_terrain_ugv/Model_terrain_ugv/install/model_terrain:/opt/ros/humble LD_LIBRARY_PATH=/home/rhobtor/PHD/j8_control/J8_control/install/path_manager_interfaces/lib:${LD_LIBRARY_PATH} PYTHONPATH=/home/rhobtor/PHD/j8_control/J8_control/install/path_manager_interfaces/local/lib/python3.10/dist-packages:${PYTHONPATH} /usr/bin/cmake --install /home/rhobtor/PHD/j8_control/J8_control/build/path_manager
[43.871s] Level 1:colcon.colcon_core.environment:create_environment_scripts_only(path_manager)
[43.872s] Level 1:colcon.colcon_core.environment:checking '/home/rhobtor/PHD/j8_control/J8_control/install/path_manager' for CMake module files
[43.873s] DEBUG:colcon.colcon_core.event_handler.log_command:Invoked command in '/home/rhobtor/PHD/j8_control/J8_control/build/path_manager' returned '0': AMENT_PREFIX_PATH=/home/rhobtor/PHD/j8_control/J8_control/install/path_manager_interfaces:${AMENT_PREFIX_PATH} CMAKE_PREFIX_PATH=/home/rhobtor/PHD/j8_control/J8_control/install/path_manager_interfaces:/home/rhobtor/PHD/ARGOSJ8_IA/ARGOSJ8_IA_/install/wiimote_msgs:/home/rhobtor/PHD/ARGOSJ8_IA/ARGOSJ8_IA_/install/ublox:/home/rhobtor/PHD/ARGOSJ8_IA/ARGOSJ8_IA_/install/ublox_gps:/home/rhobtor/PHD/ARGOSJ8_IA/ARGOSJ8_IA_/install/security_check:/home/rhobtor/PHD/ARGOSJ8_IA/ARGOSJ8_IA_/install/ctl_mission:/home/rhobtor/PHD/ARGOSJ8_IA/ARGOSJ8_IA_/install/ublox_msgs:/home/rhobtor/PHD/ARGOSJ8_IA/ARGOSJ8_IA_/install/ublox_serialization:/home/rhobtor/PHD/ARGOSJ8_IA/ARGOSJ8_IA_/install/spacenav:/home/rhobtor/PHD/ARGOSJ8_IA/ARGOSJ8_IA_/install/laser_segmentation:/home/rhobtor/PHD/ARGOSJ8_IA/ARGOSJ8_IA_/install/slg_msgs:/home/rhobtor/PHD/ARGOSJ8_IA/ARGOSJ8_IA_/install/security_check_interfaces:/home/rhobtor/PHD/ARGOSJ8_IA/ARGOSJ8_IA_/install/joy:/home/rhobtor/PHD/ARGOSJ8_IA/ARGOSJ8_IA_/install/sdl2_vendor:/home/rhobtor/PHD/ARGOSJ8_IA/ARGOSJ8_IA_/install/path_manager:/home/rhobtor/PHD/ARGOSJ8_IA/ARGOSJ8_IA_/install/path_manager_interfaces:/home/rhobtor/PHD/ARGOSJ8_IA/ARGOSJ8_IA_/install/joy_linux:/home/rhobtor/PHD/ARGOSJ8_IA/ARGOSJ8_IA_/install/j8_xacro_model:/home/rhobtor/PHD/ARGOSJ8_IA/ARGOSJ8_IA_/install/hikmicro_thermal_camera:/home/rhobtor/PHD/ARGOSJ8_IA/ARGOSJ8_IA_/install/hector_gazebo_plugins:/home/rhobtor/PHD/ARGOSJ8_IA/ARGOSJ8_IA_/install/fixposition_sensor_pkg:/home/rhobtor/PHD/ARGOSJ8_IA/ARGOSJ8_IA_/install/fixposition_odometry_converter_ros2:/home/rhobtor/PHD/ARGOSJ8_IA/ARGOSJ8_IA_/install/fixposition_driver_ros2:/home/rhobtor/PHD/ARGOSJ8_IA/ARGOSJ8_IA_/install/fixposition_driver_lib:/home/rhobtor/PHD/ARGOSJ8_IA/ARGOSJ8_IA_/install/fixposition_gnss_tf:/home/rhobtor/PHD/ARGOSJ8_IA/ARGOSJ8_IA_/install/ctl_mission_interfaces:/home/rhobtor/PHD/ARGOSJ8_IA/ARGOSJ8_IA_/install/car_cpp:/home/rhobtor/PHD/ARGOSJ8_IA/ARGOSJ8_IA_/install/car_interfaces:/home/rhobtor/PHD/ARGOSJ8_IA/ARGOSJ8_IA_/install/argj801_setup:/home/rhobtor/PHD/ARGOSJ8_IA/ARGOSJ8_IA_/install/argj801_sensors:/home/rhobtor/PHD/ARGOSJ8_IA/ARGOSJ8_IA_/install/argj801_sensors_msgs:/home/rhobtor/PHD/ARGOSJ8_IA/ARGOSJ8_IA_/install/argj801_ctl_platform:/home/rhobtor/PHD/ARGOSJ8_IA/ARGOSJ8_IA_/install/argj801_ctl_platform_interfaces:/home/rhobtor/PHD/model_terrain_ugv/Model_terrain_ugv/install/model_terrain_cpp:/home/rhobtor/PHD/path_dem/install_navigation/path_dem:/home/rhobtor/PHD/path_dem/install/path_dem:/home/rhobtor/PHD/install_global_belief_final/path_dem:/home/rhobtor/PHD/ARGOSJ8_IA/ARGOSJ8_IA_/install/car:/home/rhobtor/PHD/ARGOSJ8_IA/ARGOSJ8_IA_/install/ntrip_client:/home/rhobtor/PHD/ARGOSJ8_IA/ARGOSJ8_IA_/install/j8_gui:/home/rhobtor/PHD/ARGOSJ8_IA/ARGOSJ8_IA_/install/gui:/home/rhobtor/PHD/ARGOSJ8_IA/ARGOSJ8_IA_/install/android_ros2_server:/home/rhobtor/PHD/ARGOSJ8_IA/ARGOSJ8_IA_/install/GUI_pkg:/home/rhobtor/PHD/model_terrain_ugv/Model_terrain_ugv/install/model_terrain:/opt/ros/humble LD_LIBRARY_PATH=/home/rhobtor/PHD/j8_control/J8_control/install/path_manager_interfaces/lib:${LD_LIBRARY_PATH} PYTHONPATH=/home/rhobtor/PHD/j8_control/J8_control/install/path_manager_interfaces/local/lib/python3.10/dist-packages:${PYTHONPATH} /usr/bin/cmake --install /home/rhobtor/PHD/j8_control/J8_control/build/path_manager
[43.873s] Level 1:colcon.colcon_core.environment:checking '/home/rhobtor/PHD/j8_control/J8_control/install/path_manager' for CMake config files
[43.873s] Level 1:colcon.colcon_core.shell:create_environment_hook('path_manager', 'cmake_prefix_path')
[43.873s] INFO:colcon.colcon_core.shell:Creating environment hook '/home/rhobtor/PHD/j8_control/J8_control/install/path_manager/share/path_manager/hook/cmake_prefix_path.ps1'
[43.874s] INFO:colcon.colcon_core.shell:Creating environment descriptor '/home/rhobtor/PHD/j8_control/J8_control/install/path_manager/share/path_manager/hook/cmake_prefix_path.dsv'
[43.874s] INFO:colcon.colcon_core.shell:Creating environment hook '/home/rhobtor/PHD/j8_control/J8_control/install/path_manager/share/path_manager/hook/cmake_prefix_path.sh'
[43.875s] Level 1:colcon.colcon_core.environment:checking '/home/rhobtor/PHD/j8_control/J8_control/install/path_manager/lib'
[43.875s] Level 1:colcon.colcon_core.environment:checking '/home/rhobtor/PHD/j8_control/J8_control/install/path_manager/bin'
[43.875s] Level 1:colcon.colcon_core.environment:checking '/home/rhobtor/PHD/j8_control/J8_control/install/path_manager/lib/pkgconfig/path_manager.pc'
[43.875s] Level 1:colcon.colcon_core.environment:checking '/home/rhobtor/PHD/j8_control/J8_control/install/path_manager/lib/python3.10/site-packages'
[43.875s] Level 1:colcon.colcon_core.environment:checking '/home/rhobtor/PHD/j8_control/J8_control/install/path_manager/bin'
[43.876s] INFO:colcon.colcon_core.shell:Creating package script '/home/rhobtor/PHD/j8_control/J8_control/install/path_manager/share/path_manager/package.ps1'
[43.877s] INFO:colcon.colcon_core.shell:Creating package descriptor '/home/rhobtor/PHD/j8_control/J8_control/install/path_manager/share/path_manager/package.dsv'
[43.877s] INFO:colcon.colcon_core.shell:Creating package script '/home/rhobtor/PHD/j8_control/J8_control/install/path_manager/share/path_manager/package.sh'
[43.877s] INFO:colcon.colcon_core.shell:Creating package script '/home/rhobtor/PHD/j8_control/J8_control/install/path_manager/share/path_manager/package.bash'
[43.878s] INFO:colcon.colcon_core.shell:Creating package script '/home/rhobtor/PHD/j8_control/J8_control/install/path_manager/share/path_manager/package.zsh'
[43.878s] Level 1:colcon.colcon_core.environment:create_file_with_runtime_dependencies(/home/rhobtor/PHD/j8_control/J8_control/install/path_manager/share/colcon-core/packages/path_manager)
[43.879s] Level 1:colcon.colcon_core.environment:create_environment_scripts_only(path_manager)
[43.879s] Level 1:colcon.colcon_core.environment:checking '/home/rhobtor/PHD/j8_control/J8_control/install/path_manager' for CMake module files
[43.879s] Level 1:colcon.colcon_core.environment:checking '/home/rhobtor/PHD/j8_control/J8_control/install/path_manager' for CMake config files
[43.880s] Level 1:colcon.colcon_core.shell:create_environment_hook('path_manager', 'cmake_prefix_path')
[43.880s] INFO:colcon.colcon_core.shell:Creating environment hook '/home/rhobtor/PHD/j8_control/J8_control/install/path_manager/share/path_manager/hook/cmake_prefix_path.ps1'
[43.880s] INFO:colcon.colcon_core.shell:Creating environment descriptor '/home/rhobtor/PHD/j8_control/J8_control/install/path_manager/share/path_manager/hook/cmake_prefix_path.dsv'
[43.881s] INFO:colcon.colcon_core.shell:Creating environment hook '/home/rhobtor/PHD/j8_control/J8_control/install/path_manager/share/path_manager/hook/cmake_prefix_path.sh'
[43.881s] Level 1:colcon.colcon_core.environment:checking '/home/rhobtor/PHD/j8_control/J8_control/install/path_manager/lib'
[43.881s] Level 1:colcon.colcon_core.environment:checking '/home/rhobtor/PHD/j8_control/J8_control/install/path_manager/bin'
[43.881s] Level 1:colcon.colcon_core.environment:checking '/home/rhobtor/PHD/j8_control/J8_control/install/path_manager/lib/pkgconfig/path_manager.pc'
[43.882s] Level 1:colcon.colcon_core.environment:checking '/home/rhobtor/PHD/j8_control/J8_control/install/path_manager/lib/python3.10/site-packages'
[43.882s] Level 1:colcon.colcon_core.environment:checking '/home/rhobtor/PHD/j8_control/J8_control/install/path_manager/bin'
[43.882s] INFO:colcon.colcon_core.shell:Creating package script '/home/rhobtor/PHD/j8_control/J8_control/install/path_manager/share/path_manager/package.ps1'
[43.883s] INFO:colcon.colcon_core.shell:Creating package descriptor '/home/rhobtor/PHD/j8_control/J8_control/install/path_manager/share/path_manager/package.dsv'
[43.883s] INFO:colcon.colcon_core.shell:Creating package script '/home/rhobtor/PHD/j8_control/J8_control/install/path_manager/share/path_manager/package.sh'
[43.884s] INFO:colcon.colcon_core.shell:Creating package script '/home/rhobtor/PHD/j8_control/J8_control/install/path_manager/share/path_manager/package.bash'
[43.884s] INFO:colcon.colcon_core.shell:Creating package script '/home/rhobtor/PHD/j8_control/J8_control/install/path_manager/share/path_manager/package.zsh'
[43.884s] Level 1:colcon.colcon_core.environment:create_file_with_runtime_dependencies(/home/rhobtor/PHD/j8_control/J8_control/install/path_manager/share/colcon-core/packages/path_manager)
[43.926s] DEBUG:colcon.colcon_core.event_handler.log_command:Invoked command in '/home/rhobtor/PHD/j8_control/J8_control/build/argj801_ctl_platform' returned '0': AMENT_PREFIX_PATH=/home/rhobtor/PHD/j8_control/J8_control/install/argj801_ctl_platform_interfaces:${AMENT_PREFIX_PATH} CMAKE_PREFIX_PATH=/home/rhobtor/PHD/j8_control/J8_control/install/argj801_ctl_platform_interfaces:/home/rhobtor/PHD/ARGOSJ8_IA/ARGOSJ8_IA_/install/wiimote_msgs:/home/rhobtor/PHD/ARGOSJ8_IA/ARGOSJ8_IA_/install/ublox:/home/rhobtor/PHD/ARGOSJ8_IA/ARGOSJ8_IA_/install/ublox_gps:/home/rhobtor/PHD/ARGOSJ8_IA/ARGOSJ8_IA_/install/security_check:/home/rhobtor/PHD/ARGOSJ8_IA/ARGOSJ8_IA_/install/ctl_mission:/home/rhobtor/PHD/ARGOSJ8_IA/ARGOSJ8_IA_/install/ublox_msgs:/home/rhobtor/PHD/ARGOSJ8_IA/ARGOSJ8_IA_/install/ublox_serialization:/home/rhobtor/PHD/ARGOSJ8_IA/ARGOSJ8_IA_/install/spacenav:/home/rhobtor/PHD/ARGOSJ8_IA/ARGOSJ8_IA_/install/laser_segmentation:/home/rhobtor/PHD/ARGOSJ8_IA/ARGOSJ8_IA_/install/slg_msgs:/home/rhobtor/PHD/ARGOSJ8_IA/ARGOSJ8_IA_/install/security_check_interfaces:/home/rhobtor/PHD/ARGOSJ8_IA/ARGOSJ8_IA_/install/joy:/home/rhobtor/PHD/ARGOSJ8_IA/ARGOSJ8_IA_/install/sdl2_vendor:/home/rhobtor/PHD/ARGOSJ8_IA/ARGOSJ8_IA_/install/path_manager:/home/rhobtor/PHD/ARGOSJ8_IA/ARGOSJ8_IA_/install/path_manager_interfaces:/home/rhobtor/PHD/ARGOSJ8_IA/ARGOSJ8_IA_/install/joy_linux:/home/rhobtor/PHD/ARGOSJ8_IA/ARGOSJ8_IA_/install/j8_xacro_model:/home/rhobtor/PHD/ARGOSJ8_IA/ARGOSJ8_IA_/install/hikmicro_thermal_camera:/home/rhobtor/PHD/ARGOSJ8_IA/ARGOSJ8_IA_/install/hector_gazebo_plugins:/home/rhobtor/PHD/ARGOSJ8_IA/ARGOSJ8_IA_/install/fixposition_sensor_pkg:/home/rhobtor/PHD/ARGOSJ8_IA/ARGOSJ8_IA_/install/fixposition_odometry_converter_ros2:/home/rhobtor/PHD/ARGOSJ8_IA/ARGOSJ8_IA_/install/fixposition_driver_ros2:/home/rhobtor/PHD/ARGOSJ8_IA/ARGOSJ8_IA_/install/fixposition_driver_lib:/home/rhobtor/PHD/ARGOSJ8_IA/ARGOSJ8_IA_/install/fixposition_gnss_tf:/home/rhobtor/PHD/ARGOSJ8_IA/ARGOSJ8_IA_/install/ctl_mission_interfaces:/home/rhobtor/PHD/ARGOSJ8_IA/ARGOSJ8_IA_/install/car_cpp:/home/rhobtor/PHD/ARGOSJ8_IA/ARGOSJ8_IA_/install/car_interfaces:/home/rhobtor/PHD/ARGOSJ8_IA/ARGOSJ8_IA_/install/argj801_setup:/home/rhobtor/PHD/ARGOSJ8_IA/ARGOSJ8_IA_/install/argj801_sensors:/home/rhobtor/PHD/ARGOSJ8_IA/ARGOSJ8_IA_/install/argj801_sensors_msgs:/home/rhobtor/PHD/ARGOSJ8_IA/ARGOSJ8_IA_/install/argj801_ctl_platform:/home/rhobtor/PHD/ARGOSJ8_IA/ARGOSJ8_IA_/install/argj801_ctl_platform_interfaces:/home/rhobtor/PHD/model_terrain_ugv/Model_terrain_ugv/install/model_terrain_cpp:/home/rhobtor/PHD/path_dem/install_navigation/path_dem:/home/rhobtor/PHD/path_dem/install/path_dem:/home/rhobtor/PHD/install_global_belief_final/path_dem:/home/rhobtor/PHD/ARGOSJ8_IA/ARGOSJ8_IA_/install/car:/home/rhobtor/PHD/ARGOSJ8_IA/ARGOSJ8_IA_/install/ntrip_client:/home/rhobtor/PHD/ARGOSJ8_IA/ARGOSJ8_IA_/install/j8_gui:/home/rhobtor/PHD/ARGOSJ8_IA/ARGOSJ8_IA_/install/gui:/home/rhobtor/PHD/ARGOSJ8_IA/ARGOSJ8_IA_/install/android_ros2_server:/home/rhobtor/PHD/ARGOSJ8_IA/ARGOSJ8_IA_/install/GUI_pkg:/home/rhobtor/PHD/model_terrain_ugv/Model_terrain_ugv/install/model_terrain:/opt/ros/humble LD_LIBRARY_PATH=/home/rhobtor/PHD/j8_control/J8_control/install/argj801_ctl_platform_interfaces/lib:${LD_LIBRARY_PATH} PYTHONPATH=/home/rhobtor/PHD/j8_control/J8_control/install/argj801_ctl_platform_interfaces/local/lib/python3.10/dist-packages:${PYTHONPATH} /usr/bin/cmake --build /home/rhobtor/PHD/j8_control/J8_control/build/argj801_ctl_platform -- -j20 -l20
[43.928s] DEBUG:colcon.colcon_core.event_handler.log_command:Invoking command in '/home/rhobtor/PHD/j8_control/J8_control/build/argj801_ctl_platform': AMENT_PREFIX_PATH=/home/rhobtor/PHD/j8_control/J8_control/install/argj801_ctl_platform_interfaces:${AMENT_PREFIX_PATH} CMAKE_PREFIX_PATH=/home/rhobtor/PHD/j8_control/J8_control/install/argj801_ctl_platform_interfaces:/home/rhobtor/PHD/ARGOSJ8_IA/ARGOSJ8_IA_/install/wiimote_msgs:/home/rhobtor/PHD/ARGOSJ8_IA/ARGOSJ8_IA_/install/ublox:/home/rhobtor/PHD/ARGOSJ8_IA/ARGOSJ8_IA_/install/ublox_gps:/home/rhobtor/PHD/ARGOSJ8_IA/ARGOSJ8_IA_/install/security_check:/home/rhobtor/PHD/ARGOSJ8_IA/ARGOSJ8_IA_/install/ctl_mission:/home/rhobtor/PHD/ARGOSJ8_IA/ARGOSJ8_IA_/install/ublox_msgs:/home/rhobtor/PHD/ARGOSJ8_IA/ARGOSJ8_IA_/install/ublox_serialization:/home/rhobtor/PHD/ARGOSJ8_IA/ARGOSJ8_IA_/install/spacenav:/home/rhobtor/PHD/ARGOSJ8_IA/ARGOSJ8_IA_/install/laser_segmentation:/home/rhobtor/PHD/ARGOSJ8_IA/ARGOSJ8_IA_/install/slg_msgs:/home/rhobtor/PHD/ARGOSJ8_IA/ARGOSJ8_IA_/install/security_check_interfaces:/home/rhobtor/PHD/ARGOSJ8_IA/ARGOSJ8_IA_/install/joy:/home/rhobtor/PHD/ARGOSJ8_IA/ARGOSJ8_IA_/install/sdl2_vendor:/home/rhobtor/PHD/ARGOSJ8_IA/ARGOSJ8_IA_/install/path_manager:/home/rhobtor/PHD/ARGOSJ8_IA/ARGOSJ8_IA_/install/path_manager_interfaces:/home/rhobtor/PHD/ARGOSJ8_IA/ARGOSJ8_IA_/install/joy_linux:/home/rhobtor/PHD/ARGOSJ8_IA/ARGOSJ8_IA_/install/j8_xacro_model:/home/rhobtor/PHD/ARGOSJ8_IA/ARGOSJ8_IA_/install/hikmicro_thermal_camera:/home/rhobtor/PHD/ARGOSJ8_IA/ARGOSJ8_IA_/install/hector_gazebo_plugins:/home/rhobtor/PHD/ARGOSJ8_IA/ARGOSJ8_IA_/install/fixposition_sensor_pkg:/home/rhobtor/PHD/ARGOSJ8_IA/ARGOSJ8_IA_/install/fixposition_odometry_converter_ros2:/home/rhobtor/PHD/ARGOSJ8_IA/ARGOSJ8_IA_/install/fixposition_driver_ros2:/home/rhobtor/PHD/ARGOSJ8_IA/ARGOSJ8_IA_/install/fixposition_driver_lib:/home/rhobtor/PHD/ARGOSJ8_IA/ARGOSJ8_IA_/install/fixposition_gnss_tf:/home/rhobtor/PHD/ARGOSJ8_IA/ARGOSJ8_IA_/install/ctl_mission_interfaces:/home/rhobtor/PHD/ARGOSJ8_IA/ARGOSJ8_IA_/install/car_cpp:/home/rhobtor/PHD/ARGOSJ8_IA/ARGOSJ8_IA_/install/car_interfaces:/home/rhobtor/PHD/ARGOSJ8_IA/ARGOSJ8_IA_/install/argj801_setup:/home/rhobtor/PHD/ARGOSJ8_IA/ARGOSJ8_IA_/install/argj801_sensors:/home/rhobtor/PHD/ARGOSJ8_IA/ARGOSJ8_IA_/install/argj801_sensors_msgs:/home/rhobtor/PHD/ARGOSJ8_IA/ARGOSJ8_IA_/install/argj801_ctl_platform:/home/rhobtor/PHD/ARGOSJ8_IA/ARGOSJ8_IA_/install/argj801_ctl_platform_interfaces:/home/rhobtor/PHD/model_terrain_ugv/Model_terrain_ugv/install/model_terrain_cpp:/home/rhobtor/PHD/path_dem/install_navigation/path_dem:/home/rhobtor/PHD/path_dem/install/path_dem:/home/rhobtor/PHD/install_global_belief_final/path_dem:/home/rhobtor/PHD/ARGOSJ8_IA/ARGOSJ8_IA_/install/car:/home/rhobtor/PHD/ARGOSJ8_IA/ARGOSJ8_IA_/install/ntrip_client:/home/rhobtor/PHD/ARGOSJ8_IA/ARGOSJ8_IA_/install/j8_gui:/home/rhobtor/PHD/ARGOSJ8_IA/ARGOSJ8_IA_/install/gui:/home/rhobtor/PHD/ARGOSJ8_IA/ARGOSJ8_IA_/install/android_ros2_server:/home/rhobtor/PHD/ARGOSJ8_IA/ARGOSJ8_IA_/install/GUI_pkg:/home/rhobtor/PHD/model_terrain_ugv/Model_terrain_ugv/install/model_terrain:/opt/ros/humble LD_LIBRARY_PATH=/home/rhobtor/PHD/j8_control/J8_control/install/argj801_ctl_platform_interfaces/lib:${LD_LIBRARY_PATH} PYTHONPATH=/home/rhobtor/PHD/j8_control/J8_control/install/argj801_ctl_platform_interfaces/local/lib/python3.10/dist-packages:${PYTHONPATH} /usr/bin/cmake --install /home/rhobtor/PHD/j8_control/J8_control/build/argj801_ctl_platform
[43.949s] Level 1:colcon.colcon_core.environment:create_environment_scripts_only(argj801_ctl_platform)
[43.950s] Level 1:colcon.colcon_core.environment:checking '/home/rhobtor/PHD/j8_control/J8_control/install/argj801_ctl_platform' for CMake module files
[43.951s] DEBUG:colcon.colcon_core.event_handler.log_command:Invoked command in '/home/rhobtor/PHD/j8_control/J8_control/build/argj801_ctl_platform' returned '0': AMENT_PREFIX_PATH=/home/rhobtor/PHD/j8_control/J8_control/install/argj801_ctl_platform_interfaces:${AMENT_PREFIX_PATH} CMAKE_PREFIX_PATH=/home/rhobtor/PHD/j8_control/J8_control/install/argj801_ctl_platform_interfaces:/home/rhobtor/PHD/ARGOSJ8_IA/ARGOSJ8_IA_/install/wiimote_msgs:/home/rhobtor/PHD/ARGOSJ8_IA/ARGOSJ8_IA_/install/ublox:/home/rhobtor/PHD/ARGOSJ8_IA/ARGOSJ8_IA_/install/ublox_gps:/home/rhobtor/PHD/ARGOSJ8_IA/ARGOSJ8_IA_/install/security_check:/home/rhobtor/PHD/ARGOSJ8_IA/ARGOSJ8_IA_/install/ctl_mission:/home/rhobtor/PHD/ARGOSJ8_IA/ARGOSJ8_IA_/install/ublox_msgs:/home/rhobtor/PHD/ARGOSJ8_IA/ARGOSJ8_IA_/install/ublox_serialization:/home/rhobtor/PHD/ARGOSJ8_IA/ARGOSJ8_IA_/install/spacenav:/home/rhobtor/PHD/ARGOSJ8_IA/ARGOSJ8_IA_/install/laser_segmentation:/home/rhobtor/PHD/ARGOSJ8_IA/ARGOSJ8_IA_/install/slg_msgs:/home/rhobtor/PHD/ARGOSJ8_IA/ARGOSJ8_IA_/install/security_check_interfaces:/home/rhobtor/PHD/ARGOSJ8_IA/ARGOSJ8_IA_/install/joy:/home/rhobtor/PHD/ARGOSJ8_IA/ARGOSJ8_IA_/install/sdl2_vendor:/home/rhobtor/PHD/ARGOSJ8_IA/ARGOSJ8_IA_/install/path_manager:/home/rhobtor/PHD/ARGOSJ8_IA/ARGOSJ8_IA_/install/path_manager_interfaces:/home/rhobtor/PHD/ARGOSJ8_IA/ARGOSJ8_IA_/install/joy_linux:/home/rhobtor/PHD/ARGOSJ8_IA/ARGOSJ8_IA_/install/j8_xacro_model:/home/rhobtor/PHD/ARGOSJ8_IA/ARGOSJ8_IA_/install/hikmicro_thermal_camera:/home/rhobtor/PHD/ARGOSJ8_IA/ARGOSJ8_IA_/install/hector_gazebo_plugins:/home/rhobtor/PHD/ARGOSJ8_IA/ARGOSJ8_IA_/install/fixposition_sensor_pkg:/home/rhobtor/PHD/ARGOSJ8_IA/ARGOSJ8_IA_/install/fixposition_odometry_converter_ros2:/home/rhobtor/PHD/ARGOSJ8_IA/ARGOSJ8_IA_/install/fixposition_driver_ros2:/home/rhobtor/PHD/ARGOSJ8_IA/ARGOSJ8_IA_/install/fixposition_driver_lib:/home/rhobtor/PHD/ARGOSJ8_IA/ARGOSJ8_IA_/install/fixposition_gnss_tf:/home/rhobtor/PHD/ARGOSJ8_IA/ARGOSJ8_IA_/install/ctl_mission_interfaces:/home/rhobtor/PHD/ARGOSJ8_IA/ARGOSJ8_IA_/install/car_cpp:/home/rhobtor/PHD/ARGOSJ8_IA/ARGOSJ8_IA_/install/car_interfaces:/home/rhobtor/PHD/ARGOSJ8_IA/ARGOSJ8_IA_/install/argj801_setup:/home/rhobtor/PHD/ARGOSJ8_IA/ARGOSJ8_IA_/install/argj801_sensors:/home/rhobtor/PHD/ARGOSJ8_IA/ARGOSJ8_IA_/install/argj801_sensors_msgs:/home/rhobtor/PHD/ARGOSJ8_IA/ARGOSJ8_IA_/install/argj801_ctl_platform:/home/rhobtor/PHD/ARGOSJ8_IA/ARGOSJ8_IA_/install/argj801_ctl_platform_interfaces:/home/rhobtor/PHD/model_terrain_ugv/Model_terrain_ugv/install/model_terrain_cpp:/home/rhobtor/PHD/path_dem/install_navigation/path_dem:/home/rhobtor/PHD/path_dem/install/path_dem:/home/rhobtor/PHD/install_global_belief_final/path_dem:/home/rhobtor/PHD/ARGOSJ8_IA/ARGOSJ8_IA_/install/car:/home/rhobtor/PHD/ARGOSJ8_IA/ARGOSJ8_IA_/install/ntrip_client:/home/rhobtor/PHD/ARGOSJ8_IA/ARGOSJ8_IA_/install/j8_gui:/home/rhobtor/PHD/ARGOSJ8_IA/ARGOSJ8_IA_/install/gui:/home/rhobtor/PHD/ARGOSJ8_IA/ARGOSJ8_IA_/install/android_ros2_server:/home/rhobtor/PHD/ARGOSJ8_IA/ARGOSJ8_IA_/install/GUI_pkg:/home/rhobtor/PHD/model_terrain_ugv/Model_terrain_ugv/install/model_terrain:/opt/ros/humble LD_LIBRARY_PATH=/home/rhobtor/PHD/j8_control/J8_control/install/argj801_ctl_platform_interfaces/lib:${LD_LIBRARY_PATH} PYTHONPATH=/home/rhobtor/PHD/j8_control/J8_control/install/argj801_ctl_platform_interfaces/local/lib/python3.10/dist-packages:${PYTHONPATH} /usr/bin/cmake --install /home/rhobtor/PHD/j8_control/J8_control/build/argj801_ctl_platform
[43.951s] Level 1:colcon.colcon_core.environment:checking '/home/rhobtor/PHD/j8_control/J8_control/install/argj801_ctl_platform' for CMake config files
[43.952s] Level 1:colcon.colcon_core.shell:create_environment_hook('argj801_ctl_platform', 'cmake_prefix_path')
[43.952s] INFO:colcon.colcon_core.shell:Creating environment hook '/home/rhobtor/PHD/j8_control/J8_control/install/argj801_ctl_platform/share/argj801_ctl_platform/hook/cmake_prefix_path.ps1'
[43.953s] INFO:colcon.colcon_core.shell:Creating environment descriptor '/home/rhobtor/PHD/j8_control/J8_control/install/argj801_ctl_platform/share/argj801_ctl_platform/hook/cmake_prefix_path.dsv'
[43.953s] INFO:colcon.colcon_core.shell:Creating environment hook '/home/rhobtor/PHD/j8_control/J8_control/install/argj801_ctl_platform/share/argj801_ctl_platform/hook/cmake_prefix_path.sh'
[43.954s] Level 1:colcon.colcon_core.environment:checking '/home/rhobtor/PHD/j8_control/J8_control/install/argj801_ctl_platform/lib'
[43.954s] Level 1:colcon.colcon_core.environment:checking '/home/rhobtor/PHD/j8_control/J8_control/install/argj801_ctl_platform/bin'
[43.954s] Level 1:colcon.colcon_core.environment:checking '/home/rhobtor/PHD/j8_control/J8_control/install/argj801_ctl_platform/lib/pkgconfig/argj801_ctl_platform.pc'
[43.954s] Level 1:colcon.colcon_core.environment:checking '/home/rhobtor/PHD/j8_control/J8_control/install/argj801_ctl_platform/lib/python3.10/site-packages'
[43.955s] Level 1:colcon.colcon_core.environment:checking '/home/rhobtor/PHD/j8_control/J8_control/install/argj801_ctl_platform/bin'
[43.955s] INFO:colcon.colcon_core.shell:Creating package script '/home/rhobtor/PHD/j8_control/J8_control/install/argj801_ctl_platform/share/argj801_ctl_platform/package.ps1'
[43.956s] INFO:colcon.colcon_core.shell:Creating package descriptor '/home/rhobtor/PHD/j8_control/J8_control/install/argj801_ctl_platform/share/argj801_ctl_platform/package.dsv'
[43.956s] INFO:colcon.colcon_core.shell:Creating package script '/home/rhobtor/PHD/j8_control/J8_control/install/argj801_ctl_platform/share/argj801_ctl_platform/package.sh'
[43.957s] INFO:colcon.colcon_core.shell:Creating package script '/home/rhobtor/PHD/j8_control/J8_control/install/argj801_ctl_platform/share/argj801_ctl_platform/package.bash'
[43.957s] INFO:colcon.colcon_core.shell:Creating package script '/home/rhobtor/PHD/j8_control/J8_control/install/argj801_ctl_platform/share/argj801_ctl_platform/package.zsh'
[43.957s] Level 1:colcon.colcon_core.environment:create_file_with_runtime_dependencies(/home/rhobtor/PHD/j8_control/J8_control/install/argj801_ctl_platform/share/colcon-core/packages/argj801_ctl_platform)
[43.958s] Level 1:colcon.colcon_core.environment:create_environment_scripts_only(argj801_ctl_platform)
[43.958s] Level 1:colcon.colcon_core.environment:checking '/home/rhobtor/PHD/j8_control/J8_control/install/argj801_ctl_platform' for CMake module files
[43.959s] Level 1:colcon.colcon_core.environment:checking '/home/rhobtor/PHD/j8_control/J8_control/install/argj801_ctl_platform' for CMake config files
[43.959s] Level 1:colcon.colcon_core.shell:create_environment_hook('argj801_ctl_platform', 'cmake_prefix_path')
[43.959s] INFO:colcon.colcon_core.shell:Creating environment hook '/home/rhobtor/PHD/j8_control/J8_control/install/argj801_ctl_platform/share/argj801_ctl_platform/hook/cmake_prefix_path.ps1'
[43.960s] INFO:colcon.colcon_core.shell:Creating environment descriptor '/home/rhobtor/PHD/j8_control/J8_control/install/argj801_ctl_platform/share/argj801_ctl_platform/hook/cmake_prefix_path.dsv'
[43.960s] INFO:colcon.colcon_core.shell:Creating environment hook '/home/rhobtor/PHD/j8_control/J8_control/install/argj801_ctl_platform/share/argj801_ctl_platform/hook/cmake_prefix_path.sh'
[43.961s] Level 1:colcon.colcon_core.environment:checking '/home/rhobtor/PHD/j8_control/J8_control/install/argj801_ctl_platform/lib'
[43.961s] Level 1:colcon.colcon_core.environment:checking '/home/rhobtor/PHD/j8_control/J8_control/install/argj801_ctl_platform/bin'
[43.961s] Level 1:colcon.colcon_core.environment:checking '/home/rhobtor/PHD/j8_control/J8_control/install/argj801_ctl_platform/lib/pkgconfig/argj801_ctl_platform.pc'
[43.961s] Level 1:colcon.colcon_core.environment:checking '/home/rhobtor/PHD/j8_control/J8_control/install/argj801_ctl_platform/lib/python3.10/site-packages'
[43.962s] Level 1:colcon.colcon_core.environment:checking '/home/rhobtor/PHD/j8_control/J8_control/install/argj801_ctl_platform/bin'
[43.962s] INFO:colcon.colcon_core.shell:Creating package script '/home/rhobtor/PHD/j8_control/J8_control/install/argj801_ctl_platform/share/argj801_ctl_platform/package.ps1'
[43.963s] INFO:colcon.colcon_core.shell:Creating package descriptor '/home/rhobtor/PHD/j8_control/J8_control/install/argj801_ctl_platform/share/argj801_ctl_platform/package.dsv'
[43.964s] INFO:colcon.colcon_core.shell:Creating package script '/home/rhobtor/PHD/j8_control/J8_control/install/argj801_ctl_platform/share/argj801_ctl_platform/package.sh'
[43.964s] INFO:colcon.colcon_core.shell:Creating package script '/home/rhobtor/PHD/j8_control/J8_control/install/argj801_ctl_platform/share/argj801_ctl_platform/package.bash'
[43.964s] INFO:colcon.colcon_core.shell:Creating package script '/home/rhobtor/PHD/j8_control/J8_control/install/argj801_ctl_platform/share/argj801_ctl_platform/package.zsh'
[43.965s] Level 1:colcon.colcon_core.environment:create_file_with_runtime_dependencies(/home/rhobtor/PHD/j8_control/J8_control/install/argj801_ctl_platform/share/colcon-core/packages/argj801_ctl_platform)
[43.965s] INFO:colcon.colcon_ros.task.ament_cmake.build:Building ROS package in '/home/rhobtor/PHD/j8_control/J8_control/src/gazebo_sim_pkgs/j8_xacro_model' with build type 'ament_cmake'
[43.966s] INFO:colcon.colcon_cmake.task.cmake.build:Building CMake package in '/home/rhobtor/PHD/j8_control/J8_control/src/gazebo_sim_pkgs/j8_xacro_model'
[43.966s] INFO:colcon.colcon_core.shell:Skip shell extension 'powershell' for command environment: Not usable outside of PowerShell
[43.966s] DEBUG:colcon.colcon_core.shell:Skip shell extension 'dsv' for command environment
[43.985s] DEBUG:colcon.colcon_core.event_handler.log_command:Invoking command in '/home/rhobtor/PHD/j8_control/J8_control/build/j8_xacro_model': AMENT_PREFIX_PATH=/home/rhobtor/PHD/j8_control/J8_control/install/argj801_ctl_platform:/home/rhobtor/PHD/j8_control/J8_control/install/argj801_ctl_platform_interfaces:${AMENT_PREFIX_PATH} CMAKE_PREFIX_PATH=/home/rhobtor/PHD/j8_control/J8_control/install/argj801_ctl_platform:/home/rhobtor/PHD/j8_control/J8_control/install/argj801_ctl_platform_interfaces:/home/rhobtor/PHD/ARGOSJ8_IA/ARGOSJ8_IA_/install/wiimote_msgs:/home/rhobtor/PHD/ARGOSJ8_IA/ARGOSJ8_IA_/install/ublox:/home/rhobtor/PHD/ARGOSJ8_IA/ARGOSJ8_IA_/install/ublox_gps:/home/rhobtor/PHD/ARGOSJ8_IA/ARGOSJ8_IA_/install/security_check:/home/rhobtor/PHD/ARGOSJ8_IA/ARGOSJ8_IA_/install/ctl_mission:/home/rhobtor/PHD/ARGOSJ8_IA/ARGOSJ8_IA_/install/ublox_msgs:/home/rhobtor/PHD/ARGOSJ8_IA/ARGOSJ8_IA_/install/ublox_serialization:/home/rhobtor/PHD/ARGOSJ8_IA/ARGOSJ8_IA_/install/spacenav:/home/rhobtor/PHD/ARGOSJ8_IA/ARGOSJ8_IA_/install/laser_segmentation:/home/rhobtor/PHD/ARGOSJ8_IA/ARGOSJ8_IA_/install/slg_msgs:/home/rhobtor/PHD/ARGOSJ8_IA/ARGOSJ8_IA_/install/security_check_interfaces:/home/rhobtor/PHD/ARGOSJ8_IA/ARGOSJ8_IA_/install/joy:/home/rhobtor/PHD/ARGOSJ8_IA/ARGOSJ8_IA_/install/sdl2_vendor:/home/rhobtor/PHD/ARGOSJ8_IA/ARGOSJ8_IA_/install/path_manager:/home/rhobtor/PHD/ARGOSJ8_IA/ARGOSJ8_IA_/install/path_manager_interfaces:/home/rhobtor/PHD/ARGOSJ8_IA/ARGOSJ8_IA_/install/joy_linux:/home/rhobtor/PHD/ARGOSJ8_IA/ARGOSJ8_IA_/install/j8_xacro_model:/home/rhobtor/PHD/ARGOSJ8_IA/ARGOSJ8_IA_/install/hikmicro_thermal_camera:/home/rhobtor/PHD/ARGOSJ8_IA/ARGOSJ8_IA_/install/hector_gazebo_plugins:/home/rhobtor/PHD/ARGOSJ8_IA/ARGOSJ8_IA_/install/fixposition_sensor_pkg:/home/rhobtor/PHD/ARGOSJ8_IA/ARGOSJ8_IA_/install/fixposition_odometry_converter_ros2:/home/rhobtor/PHD/ARGOSJ8_IA/ARGOSJ8_IA_/install/fixposition_driver_ros2:/home/rhobtor/PHD/ARGOSJ8_IA/ARGOSJ8_IA_/install/fixposition_driver_lib:/home/rhobtor/PHD/ARGOSJ8_IA/ARGOSJ8_IA_/install/fixposition_gnss_tf:/home/rhobtor/PHD/ARGOSJ8_IA/ARGOSJ8_IA_/install/ctl_mission_interfaces:/home/rhobtor/PHD/ARGOSJ8_IA/ARGOSJ8_IA_/install/car_cpp:/home/rhobtor/PHD/ARGOSJ8_IA/ARGOSJ8_IA_/install/car_interfaces:/home/rhobtor/PHD/ARGOSJ8_IA/ARGOSJ8_IA_/install/argj801_setup:/home/rhobtor/PHD/ARGOSJ8_IA/ARGOSJ8_IA_/install/argj801_sensors:/home/rhobtor/PHD/ARGOSJ8_IA/ARGOSJ8_IA_/install/argj801_sensors_msgs:/home/rhobtor/PHD/ARGOSJ8_IA/ARGOSJ8_IA_/install/argj801_ctl_platform:/home/rhobtor/PHD/ARGOSJ8_IA/ARGOSJ8_IA_/install/argj801_ctl_platform_interfaces:/home/rhobtor/PHD/model_terrain_ugv/Model_terrain_ugv/install/model_terrain_cpp:/home/rhobtor/PHD/path_dem/install_navigation/path_dem:/home/rhobtor/PHD/path_dem/install/path_dem:/home/rhobtor/PHD/install_global_belief_final/path_dem:/home/rhobtor/PHD/ARGOSJ8_IA/ARGOSJ8_IA_/install/car:/home/rhobtor/PHD/ARGOSJ8_IA/ARGOSJ8_IA_/install/ntrip_client:/home/rhobtor/PHD/ARGOSJ8_IA/ARGOSJ8_IA_/install/j8_gui:/home/rhobtor/PHD/ARGOSJ8_IA/ARGOSJ8_IA_/install/gui:/home/rhobtor/PHD/ARGOSJ8_IA/ARGOSJ8_IA_/install/android_ros2_server:/home/rhobtor/PHD/ARGOSJ8_IA/ARGOSJ8_IA_/install/GUI_pkg:/home/rhobtor/PHD/model_terrain_ugv/Model_terrain_ugv/install/model_terrain:/opt/ros/humble LD_LIBRARY_PATH=/home/rhobtor/PHD/j8_control/J8_control/install/argj801_ctl_platform_interfaces/lib:${LD_LIBRARY_PATH} PYTHONPATH=/home/rhobtor/PHD/j8_control/J8_control/install/argj801_ctl_platform_interfaces/local/lib/python3.10/dist-packages:${PYTHONPATH} /usr/bin/cmake /home/rhobtor/PHD/j8_control/J8_control/src/gazebo_sim_pkgs/j8_xacro_model -DCMAKE_INSTALL_PREFIX=/home/rhobtor/PHD/j8_control/J8_control/install/j8_xacro_model
[46.679s] DEBUG:colcon.colcon_core.event_handler.log_command:Invoked command in '/home/rhobtor/PHD/j8_control/J8_control/build/j8_xacro_model' returned '0': AMENT_PREFIX_PATH=/home/rhobtor/PHD/j8_control/J8_control/install/argj801_ctl_platform:/home/rhobtor/PHD/j8_control/J8_control/install/argj801_ctl_platform_interfaces:${AMENT_PREFIX_PATH} CMAKE_PREFIX_PATH=/home/rhobtor/PHD/j8_control/J8_control/install/argj801_ctl_platform:/home/rhobtor/PHD/j8_control/J8_control/install/argj801_ctl_platform_interfaces:/home/rhobtor/PHD/ARGOSJ8_IA/ARGOSJ8_IA_/install/wiimote_msgs:/home/rhobtor/PHD/ARGOSJ8_IA/ARGOSJ8_IA_/install/ublox:/home/rhobtor/PHD/ARGOSJ8_IA/ARGOSJ8_IA_/install/ublox_gps:/home/rhobtor/PHD/ARGOSJ8_IA/ARGOSJ8_IA_/install/security_check:/home/rhobtor/PHD/ARGOSJ8_IA/ARGOSJ8_IA_/install/ctl_mission:/home/rhobtor/PHD/ARGOSJ8_IA/ARGOSJ8_IA_/install/ublox_msgs:/home/rhobtor/PHD/ARGOSJ8_IA/ARGOSJ8_IA_/install/ublox_serialization:/home/rhobtor/PHD/ARGOSJ8_IA/ARGOSJ8_IA_/install/spacenav:/home/rhobtor/PHD/ARGOSJ8_IA/ARGOSJ8_IA_/install/laser_segmentation:/home/rhobtor/PHD/ARGOSJ8_IA/ARGOSJ8_IA_/install/slg_msgs:/home/rhobtor/PHD/ARGOSJ8_IA/ARGOSJ8_IA_/install/security_check_interfaces:/home/rhobtor/PHD/ARGOSJ8_IA/ARGOSJ8_IA_/install/joy:/home/rhobtor/PHD/ARGOSJ8_IA/ARGOSJ8_IA_/install/sdl2_vendor:/home/rhobtor/PHD/ARGOSJ8_IA/ARGOSJ8_IA_/install/path_manager:/home/rhobtor/PHD/ARGOSJ8_IA/ARGOSJ8_IA_/install/path_manager_interfaces:/home/rhobtor/PHD/ARGOSJ8_IA/ARGOSJ8_IA_/install/joy_linux:/home/rhobtor/PHD/ARGOSJ8_IA/ARGOSJ8_IA_/install/j8_xacro_model:/home/rhobtor/PHD/ARGOSJ8_IA/ARGOSJ8_IA_/install/hikmicro_thermal_camera:/home/rhobtor/PHD/ARGOSJ8_IA/ARGOSJ8_IA_/install/hector_gazebo_plugins:/home/rhobtor/PHD/ARGOSJ8_IA/ARGOSJ8_IA_/install/fixposition_sensor_pkg:/home/rhobtor/PHD/ARGOSJ8_IA/ARGOSJ8_IA_/install/fixposition_odometry_converter_ros2:/home/rhobtor/PHD/ARGOSJ8_IA/ARGOSJ8_IA_/install/fixposition_driver_ros2:/home/rhobtor/PHD/ARGOSJ8_IA/ARGOSJ8_IA_/install/fixposition_driver_lib:/home/rhobtor/PHD/ARGOSJ8_IA/ARGOSJ8_IA_/install/fixposition_gnss_tf:/home/rhobtor/PHD/ARGOSJ8_IA/ARGOSJ8_IA_/install/ctl_mission_interfaces:/home/rhobtor/PHD/ARGOSJ8_IA/ARGOSJ8_IA_/install/car_cpp:/home/rhobtor/PHD/ARGOSJ8_IA/ARGOSJ8_IA_/install/car_interfaces:/home/rhobtor/PHD/ARGOSJ8_IA/ARGOSJ8_IA_/install/argj801_setup:/home/rhobtor/PHD/ARGOSJ8_IA/ARGOSJ8_IA_/install/argj801_sensors:/home/rhobtor/PHD/ARGOSJ8_IA/ARGOSJ8_IA_/install/argj801_sensors_msgs:/home/rhobtor/PHD/ARGOSJ8_IA/ARGOSJ8_IA_/install/argj801_ctl_platform:/home/rhobtor/PHD/ARGOSJ8_IA/ARGOSJ8_IA_/install/argj801_ctl_platform_interfaces:/home/rhobtor/PHD/model_terrain_ugv/Model_terrain_ugv/install/model_terrain_cpp:/home/rhobtor/PHD/path_dem/install_navigation/path_dem:/home/rhobtor/PHD/path_dem/install/path_dem:/home/rhobtor/PHD/install_global_belief_final/path_dem:/home/rhobtor/PHD/ARGOSJ8_IA/ARGOSJ8_IA_/install/car:/home/rhobtor/PHD/ARGOSJ8_IA/ARGOSJ8_IA_/install/ntrip_client:/home/rhobtor/PHD/ARGOSJ8_IA/ARGOSJ8_IA_/install/j8_gui:/home/rhobtor/PHD/ARGOSJ8_IA/ARGOSJ8_IA_/install/gui:/home/rhobtor/PHD/ARGOSJ8_IA/ARGOSJ8_IA_/install/android_ros2_server:/home/rhobtor/PHD/ARGOSJ8_IA/ARGOSJ8_IA_/install/GUI_pkg:/home/rhobtor/PHD/model_terrain_ugv/Model_terrain_ugv/install/model_terrain:/opt/ros/humble LD_LIBRARY_PATH=/home/rhobtor/PHD/j8_control/J8_control/install/argj801_ctl_platform_interfaces/lib:${LD_LIBRARY_PATH} PYTHONPATH=/home/rhobtor/PHD/j8_control/J8_control/install/argj801_ctl_platform_interfaces/local/lib/python3.10/dist-packages:${PYTHONPATH} /usr/bin/cmake /home/rhobtor/PHD/j8_control/J8_control/src/gazebo_sim_pkgs/j8_xacro_model -DCMAKE_INSTALL_PREFIX=/home/rhobtor/PHD/j8_control/J8_control/install/j8_xacro_model
[46.681s] DEBUG:colcon.colcon_core.event_handler.log_command:Invoking command in '/home/rhobtor/PHD/j8_control/J8_control/build/j8_xacro_model': AMENT_PREFIX_PATH=/home/rhobtor/PHD/j8_control/J8_control/install/argj801_ctl_platform:/home/rhobtor/PHD/j8_control/J8_control/install/argj801_ctl_platform_interfaces:${AMENT_PREFIX_PATH} CMAKE_PREFIX_PATH=/home/rhobtor/PHD/j8_control/J8_control/install/argj801_ctl_platform:/home/rhobtor/PHD/j8_control/J8_control/install/argj801_ctl_platform_interfaces:/home/rhobtor/PHD/ARGOSJ8_IA/ARGOSJ8_IA_/install/wiimote_msgs:/home/rhobtor/PHD/ARGOSJ8_IA/ARGOSJ8_IA_/install/ublox:/home/rhobtor/PHD/ARGOSJ8_IA/ARGOSJ8_IA_/install/ublox_gps:/home/rhobtor/PHD/ARGOSJ8_IA/ARGOSJ8_IA_/install/security_check:/home/rhobtor/PHD/ARGOSJ8_IA/ARGOSJ8_IA_/install/ctl_mission:/home/rhobtor/PHD/ARGOSJ8_IA/ARGOSJ8_IA_/install/ublox_msgs:/home/rhobtor/PHD/ARGOSJ8_IA/ARGOSJ8_IA_/install/ublox_serialization:/home/rhobtor/PHD/ARGOSJ8_IA/ARGOSJ8_IA_/install/spacenav:/home/rhobtor/PHD/ARGOSJ8_IA/ARGOSJ8_IA_/install/laser_segmentation:/home/rhobtor/PHD/ARGOSJ8_IA/ARGOSJ8_IA_/install/slg_msgs:/home/rhobtor/PHD/ARGOSJ8_IA/ARGOSJ8_IA_/install/security_check_interfaces:/home/rhobtor/PHD/ARGOSJ8_IA/ARGOSJ8_IA_/install/joy:/home/rhobtor/PHD/ARGOSJ8_IA/ARGOSJ8_IA_/install/sdl2_vendor:/home/rhobtor/PHD/ARGOSJ8_IA/ARGOSJ8_IA_/install/path_manager:/home/rhobtor/PHD/ARGOSJ8_IA/ARGOSJ8_IA_/install/path_manager_interfaces:/home/rhobtor/PHD/ARGOSJ8_IA/ARGOSJ8_IA_/install/joy_linux:/home/rhobtor/PHD/ARGOSJ8_IA/ARGOSJ8_IA_/install/j8_xacro_model:/home/rhobtor/PHD/ARGOSJ8_IA/ARGOSJ8_IA_/install/hikmicro_thermal_camera:/home/rhobtor/PHD/ARGOSJ8_IA/ARGOSJ8_IA_/install/hector_gazebo_plugins:/home/rhobtor/PHD/ARGOSJ8_IA/ARGOSJ8_IA_/install/fixposition_sensor_pkg:/home/rhobtor/PHD/ARGOSJ8_IA/ARGOSJ8_IA_/install/fixposition_odometry_converter_ros2:/home/rhobtor/PHD/ARGOSJ8_IA/ARGOSJ8_IA_/install/fixposition_driver_ros2:/home/rhobtor/PHD/ARGOSJ8_IA/ARGOSJ8_IA_/install/fixposition_driver_lib:/home/rhobtor/PHD/ARGOSJ8_IA/ARGOSJ8_IA_/install/fixposition_gnss_tf:/home/rhobtor/PHD/ARGOSJ8_IA/ARGOSJ8_IA_/install/ctl_mission_interfaces:/home/rhobtor/PHD/ARGOSJ8_IA/ARGOSJ8_IA_/install/car_cpp:/home/rhobtor/PHD/ARGOSJ8_IA/ARGOSJ8_IA_/install/car_interfaces:/home/rhobtor/PHD/ARGOSJ8_IA/ARGOSJ8_IA_/install/argj801_setup:/home/rhobtor/PHD/ARGOSJ8_IA/ARGOSJ8_IA_/install/argj801_sensors:/home/rhobtor/PHD/ARGOSJ8_IA/ARGOSJ8_IA_/install/argj801_sensors_msgs:/home/rhobtor/PHD/ARGOSJ8_IA/ARGOSJ8_IA_/install/argj801_ctl_platform:/home/rhobtor/PHD/ARGOSJ8_IA/ARGOSJ8_IA_/install/argj801_ctl_platform_interfaces:/home/rhobtor/PHD/model_terrain_ugv/Model_terrain_ugv/install/model_terrain_cpp:/home/rhobtor/PHD/path_dem/install_navigation/path_dem:/home/rhobtor/PHD/path_dem/install/path_dem:/home/rhobtor/PHD/install_global_belief_final/path_dem:/home/rhobtor/PHD/ARGOSJ8_IA/ARGOSJ8_IA_/install/car:/home/rhobtor/PHD/ARGOSJ8_IA/ARGOSJ8_IA_/install/ntrip_client:/home/rhobtor/PHD/ARGOSJ8_IA/ARGOSJ8_IA_/install/j8_gui:/home/rhobtor/PHD/ARGOSJ8_IA/ARGOSJ8_IA_/install/gui:/home/rhobtor/PHD/ARGOSJ8_IA/ARGOSJ8_IA_/install/android_ros2_server:/home/rhobtor/PHD/ARGOSJ8_IA/ARGOSJ8_IA_/install/GUI_pkg:/home/rhobtor/PHD/model_terrain_ugv/Model_terrain_ugv/install/model_terrain:/opt/ros/humble LD_LIBRARY_PATH=/home/rhobtor/PHD/j8_control/J8_control/install/argj801_ctl_platform_interfaces/lib:${LD_LIBRARY_PATH} PYTHONPATH=/home/rhobtor/PHD/j8_control/J8_control/install/argj801_ctl_platform_interfaces/local/lib/python3.10/dist-packages:${PYTHONPATH} /usr/bin/cmake --build /home/rhobtor/PHD/j8_control/J8_control/build/j8_xacro_model -- -j20 -l20
[54.414s] DEBUG:colcon.colcon_core.event_handler.log_command:Invoked command in '/home/rhobtor/PHD/j8_control/J8_control/build/argj801_sensors' returned '0': AMENT_PREFIX_PATH=/home/rhobtor/PHD/j8_control/J8_control/install/argj801_sensors_msgs:/home/rhobtor/PHD/j8_control/J8_control/install/argj801_ctl_platform_interfaces:${AMENT_PREFIX_PATH} CMAKE_PREFIX_PATH=/home/rhobtor/PHD/j8_control/J8_control/install/argj801_sensors_msgs:/home/rhobtor/PHD/j8_control/J8_control/install/argj801_ctl_platform_interfaces:/home/rhobtor/PHD/ARGOSJ8_IA/ARGOSJ8_IA_/install/wiimote_msgs:/home/rhobtor/PHD/ARGOSJ8_IA/ARGOSJ8_IA_/install/ublox:/home/rhobtor/PHD/ARGOSJ8_IA/ARGOSJ8_IA_/install/ublox_gps:/home/rhobtor/PHD/ARGOSJ8_IA/ARGOSJ8_IA_/install/security_check:/home/rhobtor/PHD/ARGOSJ8_IA/ARGOSJ8_IA_/install/ctl_mission:/home/rhobtor/PHD/ARGOSJ8_IA/ARGOSJ8_IA_/install/ublox_msgs:/home/rhobtor/PHD/ARGOSJ8_IA/ARGOSJ8_IA_/install/ublox_serialization:/home/rhobtor/PHD/ARGOSJ8_IA/ARGOSJ8_IA_/install/spacenav:/home/rhobtor/PHD/ARGOSJ8_IA/ARGOSJ8_IA_/install/laser_segmentation:/home/rhobtor/PHD/ARGOSJ8_IA/ARGOSJ8_IA_/install/slg_msgs:/home/rhobtor/PHD/ARGOSJ8_IA/ARGOSJ8_IA_/install/security_check_interfaces:/home/rhobtor/PHD/ARGOSJ8_IA/ARGOSJ8_IA_/install/joy:/home/rhobtor/PHD/ARGOSJ8_IA/ARGOSJ8_IA_/install/sdl2_vendor:/home/rhobtor/PHD/ARGOSJ8_IA/ARGOSJ8_IA_/install/path_manager:/home/rhobtor/PHD/ARGOSJ8_IA/ARGOSJ8_IA_/install/path_manager_interfaces:/home/rhobtor/PHD/ARGOSJ8_IA/ARGOSJ8_IA_/install/joy_linux:/home/rhobtor/PHD/ARGOSJ8_IA/ARGOSJ8_IA_/install/j8_xacro_model:/home/rhobtor/PHD/ARGOSJ8_IA/ARGOSJ8_IA_/install/hikmicro_thermal_camera:/home/rhobtor/PHD/ARGOSJ8_IA/ARGOSJ8_IA_/install/hector_gazebo_plugins:/home/rhobtor/PHD/ARGOSJ8_IA/ARGOSJ8_IA_/install/fixposition_sensor_pkg:/home/rhobtor/PHD/ARGOSJ8_IA/ARGOSJ8_IA_/install/fixposition_odometry_converter_ros2:/home/rhobtor/PHD/ARGOSJ8_IA/ARGOSJ8_IA_/install/fixposition_driver_ros2:/home/rhobtor/PHD/ARGOSJ8_IA/ARGOSJ8_IA_/install/fixposition_driver_lib:/home/rhobtor/PHD/ARGOSJ8_IA/ARGOSJ8_IA_/install/fixposition_gnss_tf:/home/rhobtor/PHD/ARGOSJ8_IA/ARGOSJ8_IA_/install/ctl_mission_interfaces:/home/rhobtor/PHD/ARGOSJ8_IA/ARGOSJ8_IA_/install/car_cpp:/home/rhobtor/PHD/ARGOSJ8_IA/ARGOSJ8_IA_/install/car_interfaces:/home/rhobtor/PHD/ARGOSJ8_IA/ARGOSJ8_IA_/install/argj801_setup:/home/rhobtor/PHD/ARGOSJ8_IA/ARGOSJ8_IA_/install/argj801_sensors:/home/rhobtor/PHD/ARGOSJ8_IA/ARGOSJ8_IA_/install/argj801_sensors_msgs:/home/rhobtor/PHD/ARGOSJ8_IA/ARGOSJ8_IA_/install/argj801_ctl_platform:/home/rhobtor/PHD/ARGOSJ8_IA/ARGOSJ8_IA_/install/argj801_ctl_platform_interfaces:/home/rhobtor/PHD/model_terrain_ugv/Model_terrain_ugv/install/model_terrain_cpp:/home/rhobtor/PHD/path_dem/install_navigation/path_dem:/home/rhobtor/PHD/path_dem/install/path_dem:/home/rhobtor/PHD/install_global_belief_final/path_dem:/home/rhobtor/PHD/ARGOSJ8_IA/ARGOSJ8_IA_/install/car:/home/rhobtor/PHD/ARGOSJ8_IA/ARGOSJ8_IA_/install/ntrip_client:/home/rhobtor/PHD/ARGOSJ8_IA/ARGOSJ8_IA_/install/j8_gui:/home/rhobtor/PHD/ARGOSJ8_IA/ARGOSJ8_IA_/install/gui:/home/rhobtor/PHD/ARGOSJ8_IA/ARGOSJ8_IA_/install/android_ros2_server:/home/rhobtor/PHD/ARGOSJ8_IA/ARGOSJ8_IA_/install/GUI_pkg:/home/rhobtor/PHD/model_terrain_ugv/Model_terrain_ugv/install/model_terrain:/opt/ros/humble LD_LIBRARY_PATH=/home/rhobtor/PHD/j8_control/J8_control/install/argj801_sensors_msgs/lib:/home/rhobtor/PHD/j8_control/J8_control/install/argj801_ctl_platform_interfaces/lib:${LD_LIBRARY_PATH} PYTHONPATH=/home/rhobtor/PHD/j8_control/J8_control/install/argj801_sensors_msgs/local/lib/python3.10/dist-packages:/home/rhobtor/PHD/j8_control/J8_control/install/argj801_ctl_platform_interfaces/local/lib/python3.10/dist-packages:${PYTHONPATH} /usr/bin/cmake --build /home/rhobtor/PHD/j8_control/J8_control/build/argj801_sensors -- -j20 -l20
[54.416s] DEBUG:colcon.colcon_core.event_handler.log_command:Invoking command in '/home/rhobtor/PHD/j8_control/J8_control/build/argj801_sensors': AMENT_PREFIX_PATH=/home/rhobtor/PHD/j8_control/J8_control/install/argj801_sensors_msgs:/home/rhobtor/PHD/j8_control/J8_control/install/argj801_ctl_platform_interfaces:${AMENT_PREFIX_PATH} CMAKE_PREFIX_PATH=/home/rhobtor/PHD/j8_control/J8_control/install/argj801_sensors_msgs:/home/rhobtor/PHD/j8_control/J8_control/install/argj801_ctl_platform_interfaces:/home/rhobtor/PHD/ARGOSJ8_IA/ARGOSJ8_IA_/install/wiimote_msgs:/home/rhobtor/PHD/ARGOSJ8_IA/ARGOSJ8_IA_/install/ublox:/home/rhobtor/PHD/ARGOSJ8_IA/ARGOSJ8_IA_/install/ublox_gps:/home/rhobtor/PHD/ARGOSJ8_IA/ARGOSJ8_IA_/install/security_check:/home/rhobtor/PHD/ARGOSJ8_IA/ARGOSJ8_IA_/install/ctl_mission:/home/rhobtor/PHD/ARGOSJ8_IA/ARGOSJ8_IA_/install/ublox_msgs:/home/rhobtor/PHD/ARGOSJ8_IA/ARGOSJ8_IA_/install/ublox_serialization:/home/rhobtor/PHD/ARGOSJ8_IA/ARGOSJ8_IA_/install/spacenav:/home/rhobtor/PHD/ARGOSJ8_IA/ARGOSJ8_IA_/install/laser_segmentation:/home/rhobtor/PHD/ARGOSJ8_IA/ARGOSJ8_IA_/install/slg_msgs:/home/rhobtor/PHD/ARGOSJ8_IA/ARGOSJ8_IA_/install/security_check_interfaces:/home/rhobtor/PHD/ARGOSJ8_IA/ARGOSJ8_IA_/install/joy:/home/rhobtor/PHD/ARGOSJ8_IA/ARGOSJ8_IA_/install/sdl2_vendor:/home/rhobtor/PHD/ARGOSJ8_IA/ARGOSJ8_IA_/install/path_manager:/home/rhobtor/PHD/ARGOSJ8_IA/ARGOSJ8_IA_/install/path_manager_interfaces:/home/rhobtor/PHD/ARGOSJ8_IA/ARGOSJ8_IA_/install/joy_linux:/home/rhobtor/PHD/ARGOSJ8_IA/ARGOSJ8_IA_/install/j8_xacro_model:/home/rhobtor/PHD/ARGOSJ8_IA/ARGOSJ8_IA_/install/hikmicro_thermal_camera:/home/rhobtor/PHD/ARGOSJ8_IA/ARGOSJ8_IA_/install/hector_gazebo_plugins:/home/rhobtor/PHD/ARGOSJ8_IA/ARGOSJ8_IA_/install/fixposition_sensor_pkg:/home/rhobtor/PHD/ARGOSJ8_IA/ARGOSJ8_IA_/install/fixposition_odometry_converter_ros2:/home/rhobtor/PHD/ARGOSJ8_IA/ARGOSJ8_IA_/install/fixposition_driver_ros2:/home/rhobtor/PHD/ARGOSJ8_IA/ARGOSJ8_IA_/install/fixposition_driver_lib:/home/rhobtor/PHD/ARGOSJ8_IA/ARGOSJ8_IA_/install/fixposition_gnss_tf:/home/rhobtor/PHD/ARGOSJ8_IA/ARGOSJ8_IA_/install/ctl_mission_interfaces:/home/rhobtor/PHD/ARGOSJ8_IA/ARGOSJ8_IA_/install/car_cpp:/home/rhobtor/PHD/ARGOSJ8_IA/ARGOSJ8_IA_/install/car_interfaces:/home/rhobtor/PHD/ARGOSJ8_IA/ARGOSJ8_IA_/install/argj801_setup:/home/rhobtor/PHD/ARGOSJ8_IA/ARGOSJ8_IA_/install/argj801_sensors:/home/rhobtor/PHD/ARGOSJ8_IA/ARGOSJ8_IA_/install/argj801_sensors_msgs:/home/rhobtor/PHD/ARGOSJ8_IA/ARGOSJ8_IA_/install/argj801_ctl_platform:/home/rhobtor/PHD/ARGOSJ8_IA/ARGOSJ8_IA_/install/argj801_ctl_platform_interfaces:/home/rhobtor/PHD/model_terrain_ugv/Model_terrain_ugv/install/model_terrain_cpp:/home/rhobtor/PHD/path_dem/install_navigation/path_dem:/home/rhobtor/PHD/path_dem/install/path_dem:/home/rhobtor/PHD/install_global_belief_final/path_dem:/home/rhobtor/PHD/ARGOSJ8_IA/ARGOSJ8_IA_/install/car:/home/rhobtor/PHD/ARGOSJ8_IA/ARGOSJ8_IA_/install/ntrip_client:/home/rhobtor/PHD/ARGOSJ8_IA/ARGOSJ8_IA_/install/j8_gui:/home/rhobtor/PHD/ARGOSJ8_IA/ARGOSJ8_IA_/install/gui:/home/rhobtor/PHD/ARGOSJ8_IA/ARGOSJ8_IA_/install/android_ros2_server:/home/rhobtor/PHD/ARGOSJ8_IA/ARGOSJ8_IA_/install/GUI_pkg:/home/rhobtor/PHD/model_terrain_ugv/Model_terrain_ugv/install/model_terrain:/opt/ros/humble LD_LIBRARY_PATH=/home/rhobtor/PHD/j8_control/J8_control/install/argj801_sensors_msgs/lib:/home/rhobtor/PHD/j8_control/J8_control/install/argj801_ctl_platform_interfaces/lib:${LD_LIBRARY_PATH} PYTHONPATH=/home/rhobtor/PHD/j8_control/J8_control/install/argj801_sensors_msgs/local/lib/python3.10/dist-packages:/home/rhobtor/PHD/j8_control/J8_control/install/argj801_ctl_platform_interfaces/local/lib/python3.10/dist-packages:${PYTHONPATH} /usr/bin/cmake --install /home/rhobtor/PHD/j8_control/J8_control/build/argj801_sensors
[54.433s] Level 1:colcon.colcon_core.environment:create_environment_scripts_only(argj801_sensors)
[54.434s] Level 1:colcon.colcon_core.environment:checking '/home/rhobtor/PHD/j8_control/J8_control/install/argj801_sensors' for CMake module files
[54.434s] DEBUG:colcon.colcon_core.event_handler.log_command:Invoked command in '/home/rhobtor/PHD/j8_control/J8_control/build/argj801_sensors' returned '0': AMENT_PREFIX_PATH=/home/rhobtor/PHD/j8_control/J8_control/install/argj801_sensors_msgs:/home/rhobtor/PHD/j8_control/J8_control/install/argj801_ctl_platform_interfaces:${AMENT_PREFIX_PATH} CMAKE_PREFIX_PATH=/home/rhobtor/PHD/j8_control/J8_control/install/argj801_sensors_msgs:/home/rhobtor/PHD/j8_control/J8_control/install/argj801_ctl_platform_interfaces:/home/rhobtor/PHD/ARGOSJ8_IA/ARGOSJ8_IA_/install/wiimote_msgs:/home/rhobtor/PHD/ARGOSJ8_IA/ARGOSJ8_IA_/install/ublox:/home/rhobtor/PHD/ARGOSJ8_IA/ARGOSJ8_IA_/install/ublox_gps:/home/rhobtor/PHD/ARGOSJ8_IA/ARGOSJ8_IA_/install/security_check:/home/rhobtor/PHD/ARGOSJ8_IA/ARGOSJ8_IA_/install/ctl_mission:/home/rhobtor/PHD/ARGOSJ8_IA/ARGOSJ8_IA_/install/ublox_msgs:/home/rhobtor/PHD/ARGOSJ8_IA/ARGOSJ8_IA_/install/ublox_serialization:/home/rhobtor/PHD/ARGOSJ8_IA/ARGOSJ8_IA_/install/spacenav:/home/rhobtor/PHD/ARGOSJ8_IA/ARGOSJ8_IA_/install/laser_segmentation:/home/rhobtor/PHD/ARGOSJ8_IA/ARGOSJ8_IA_/install/slg_msgs:/home/rhobtor/PHD/ARGOSJ8_IA/ARGOSJ8_IA_/install/security_check_interfaces:/home/rhobtor/PHD/ARGOSJ8_IA/ARGOSJ8_IA_/install/joy:/home/rhobtor/PHD/ARGOSJ8_IA/ARGOSJ8_IA_/install/sdl2_vendor:/home/rhobtor/PHD/ARGOSJ8_IA/ARGOSJ8_IA_/install/path_manager:/home/rhobtor/PHD/ARGOSJ8_IA/ARGOSJ8_IA_/install/path_manager_interfaces:/home/rhobtor/PHD/ARGOSJ8_IA/ARGOSJ8_IA_/install/joy_linux:/home/rhobtor/PHD/ARGOSJ8_IA/ARGOSJ8_IA_/install/j8_xacro_model:/home/rhobtor/PHD/ARGOSJ8_IA/ARGOSJ8_IA_/install/hikmicro_thermal_camera:/home/rhobtor/PHD/ARGOSJ8_IA/ARGOSJ8_IA_/install/hector_gazebo_plugins:/home/rhobtor/PHD/ARGOSJ8_IA/ARGOSJ8_IA_/install/fixposition_sensor_pkg:/home/rhobtor/PHD/ARGOSJ8_IA/ARGOSJ8_IA_/install/fixposition_odometry_converter_ros2:/home/rhobtor/PHD/ARGOSJ8_IA/ARGOSJ8_IA_/install/fixposition_driver_ros2:/home/rhobtor/PHD/ARGOSJ8_IA/ARGOSJ8_IA_/install/fixposition_driver_lib:/home/rhobtor/PHD/ARGOSJ8_IA/ARGOSJ8_IA_/install/fixposition_gnss_tf:/home/rhobtor/PHD/ARGOSJ8_IA/ARGOSJ8_IA_/install/ctl_mission_interfaces:/home/rhobtor/PHD/ARGOSJ8_IA/ARGOSJ8_IA_/install/car_cpp:/home/rhobtor/PHD/ARGOSJ8_IA/ARGOSJ8_IA_/install/car_interfaces:/home/rhobtor/PHD/ARGOSJ8_IA/ARGOSJ8_IA_/install/argj801_setup:/home/rhobtor/PHD/ARGOSJ8_IA/ARGOSJ8_IA_/install/argj801_sensors:/home/rhobtor/PHD/ARGOSJ8_IA/ARGOSJ8_IA_/install/argj801_sensors_msgs:/home/rhobtor/PHD/ARGOSJ8_IA/ARGOSJ8_IA_/install/argj801_ctl_platform:/home/rhobtor/PHD/ARGOSJ8_IA/ARGOSJ8_IA_/install/argj801_ctl_platform_interfaces:/home/rhobtor/PHD/model_terrain_ugv/Model_terrain_ugv/install/model_terrain_cpp:/home/rhobtor/PHD/path_dem/install_navigation/path_dem:/home/rhobtor/PHD/path_dem/install/path_dem:/home/rhobtor/PHD/install_global_belief_final/path_dem:/home/rhobtor/PHD/ARGOSJ8_IA/ARGOSJ8_IA_/install/car:/home/rhobtor/PHD/ARGOSJ8_IA/ARGOSJ8_IA_/install/ntrip_client:/home/rhobtor/PHD/ARGOSJ8_IA/ARGOSJ8_IA_/install/j8_gui:/home/rhobtor/PHD/ARGOSJ8_IA/ARGOSJ8_IA_/install/gui:/home/rhobtor/PHD/ARGOSJ8_IA/ARGOSJ8_IA_/install/android_ros2_server:/home/rhobtor/PHD/ARGOSJ8_IA/ARGOSJ8_IA_/install/GUI_pkg:/home/rhobtor/PHD/model_terrain_ugv/Model_terrain_ugv/install/model_terrain:/opt/ros/humble LD_LIBRARY_PATH=/home/rhobtor/PHD/j8_control/J8_control/install/argj801_sensors_msgs/lib:/home/rhobtor/PHD/j8_control/J8_control/install/argj801_ctl_platform_interfaces/lib:${LD_LIBRARY_PATH} PYTHONPATH=/home/rhobtor/PHD/j8_control/J8_control/install/argj801_sensors_msgs/local/lib/python3.10/dist-packages:/home/rhobtor/PHD/j8_control/J8_control/install/argj801_ctl_platform_interfaces/local/lib/python3.10/dist-packages:${PYTHONPATH} /usr/bin/cmake --install /home/rhobtor/PHD/j8_control/J8_control/build/argj801_sensors
[54.435s] Level 1:colcon.colcon_core.environment:checking '/home/rhobtor/PHD/j8_control/J8_control/install/argj801_sensors' for CMake config files
[54.435s] Level 1:colcon.colcon_core.shell:create_environment_hook('argj801_sensors', 'cmake_prefix_path')
[54.435s] INFO:colcon.colcon_core.shell:Creating environment hook '/home/rhobtor/PHD/j8_control/J8_control/install/argj801_sensors/share/argj801_sensors/hook/cmake_prefix_path.ps1'
[54.436s] INFO:colcon.colcon_core.shell:Creating environment descriptor '/home/rhobtor/PHD/j8_control/J8_control/install/argj801_sensors/share/argj801_sensors/hook/cmake_prefix_path.dsv'
[54.436s] INFO:colcon.colcon_core.shell:Creating environment hook '/home/rhobtor/PHD/j8_control/J8_control/install/argj801_sensors/share/argj801_sensors/hook/cmake_prefix_path.sh'
[54.437s] Level 1:colcon.colcon_core.environment:checking '/home/rhobtor/PHD/j8_control/J8_control/install/argj801_sensors/lib'
[54.437s] Level 1:colcon.colcon_core.environment:checking '/home/rhobtor/PHD/j8_control/J8_control/install/argj801_sensors/bin'
[54.437s] Level 1:colcon.colcon_core.environment:checking '/home/rhobtor/PHD/j8_control/J8_control/install/argj801_sensors/lib/pkgconfig/argj801_sensors.pc'
[54.438s] Level 1:colcon.colcon_core.environment:checking '/home/rhobtor/PHD/j8_control/J8_control/install/argj801_sensors/lib/python3.10/site-packages'
[54.438s] Level 1:colcon.colcon_core.environment:checking '/home/rhobtor/PHD/j8_control/J8_control/install/argj801_sensors/bin'
[54.438s] INFO:colcon.colcon_core.shell:Creating package script '/home/rhobtor/PHD/j8_control/J8_control/install/argj801_sensors/share/argj801_sensors/package.ps1'
[54.439s] INFO:colcon.colcon_core.shell:Creating package descriptor '/home/rhobtor/PHD/j8_control/J8_control/install/argj801_sensors/share/argj801_sensors/package.dsv'
[54.439s] INFO:colcon.colcon_core.shell:Creating package script '/home/rhobtor/PHD/j8_control/J8_control/install/argj801_sensors/share/argj801_sensors/package.sh'
[54.440s] INFO:colcon.colcon_core.shell:Creating package script '/home/rhobtor/PHD/j8_control/J8_control/install/argj801_sensors/share/argj801_sensors/package.bash'
[54.440s] INFO:colcon.colcon_core.shell:Creating package script '/home/rhobtor/PHD/j8_control/J8_control/install/argj801_sensors/share/argj801_sensors/package.zsh'
[54.441s] Level 1:colcon.colcon_core.environment:create_file_with_runtime_dependencies(/home/rhobtor/PHD/j8_control/J8_control/install/argj801_sensors/share/colcon-core/packages/argj801_sensors)
[54.442s] Level 1:colcon.colcon_core.environment:create_environment_scripts_only(argj801_sensors)
[54.442s] Level 1:colcon.colcon_core.environment:checking '/home/rhobtor/PHD/j8_control/J8_control/install/argj801_sensors' for CMake module files
[54.442s] Level 1:colcon.colcon_core.environment:checking '/home/rhobtor/PHD/j8_control/J8_control/install/argj801_sensors' for CMake config files
[54.443s] Level 1:colcon.colcon_core.shell:create_environment_hook('argj801_sensors', 'cmake_prefix_path')
[54.443s] INFO:colcon.colcon_core.shell:Creating environment hook '/home/rhobtor/PHD/j8_control/J8_control/install/argj801_sensors/share/argj801_sensors/hook/cmake_prefix_path.ps1'
[54.443s] INFO:colcon.colcon_core.shell:Creating environment descriptor '/home/rhobtor/PHD/j8_control/J8_control/install/argj801_sensors/share/argj801_sensors/hook/cmake_prefix_path.dsv'
[54.444s] INFO:colcon.colcon_core.shell:Creating environment hook '/home/rhobtor/PHD/j8_control/J8_control/install/argj801_sensors/share/argj801_sensors/hook/cmake_prefix_path.sh'
[54.445s] Level 1:colcon.colcon_core.environment:checking '/home/rhobtor/PHD/j8_control/J8_control/install/argj801_sensors/lib'
[54.445s] Level 1:colcon.colcon_core.environment:checking '/home/rhobtor/PHD/j8_control/J8_control/install/argj801_sensors/bin'
[54.445s] Level 1:colcon.colcon_core.environment:checking '/home/rhobtor/PHD/j8_control/J8_control/install/argj801_sensors/lib/pkgconfig/argj801_sensors.pc'
[54.445s] Level 1:colcon.colcon_core.environment:checking '/home/rhobtor/PHD/j8_control/J8_control/install/argj801_sensors/lib/python3.10/site-packages'
[54.445s] Level 1:colcon.colcon_core.environment:checking '/home/rhobtor/PHD/j8_control/J8_control/install/argj801_sensors/bin'
[54.446s] INFO:colcon.colcon_core.shell:Creating package script '/home/rhobtor/PHD/j8_control/J8_control/install/argj801_sensors/share/argj801_sensors/package.ps1'
[54.447s] INFO:colcon.colcon_core.shell:Creating package descriptor '/home/rhobtor/PHD/j8_control/J8_control/install/argj801_sensors/share/argj801_sensors/package.dsv'
[54.447s] INFO:colcon.colcon_core.shell:Creating package script '/home/rhobtor/PHD/j8_control/J8_control/install/argj801_sensors/share/argj801_sensors/package.sh'
[54.448s] INFO:colcon.colcon_core.shell:Creating package script '/home/rhobtor/PHD/j8_control/J8_control/install/argj801_sensors/share/argj801_sensors/package.bash'
[54.448s] INFO:colcon.colcon_core.shell:Creating package script '/home/rhobtor/PHD/j8_control/J8_control/install/argj801_sensors/share/argj801_sensors/package.zsh'
[54.448s] Level 1:colcon.colcon_core.environment:create_file_with_runtime_dependencies(/home/rhobtor/PHD/j8_control/J8_control/install/argj801_sensors/share/colcon-core/packages/argj801_sensors)
[61.394s] DEBUG:colcon.colcon_core.event_handler.log_command:Invoked command in '/home/rhobtor/PHD/j8_control/J8_control/build/j8_xacro_model' returned '0': AMENT_PREFIX_PATH=/home/rhobtor/PHD/j8_control/J8_control/install/argj801_ctl_platform:/home/rhobtor/PHD/j8_control/J8_control/install/argj801_ctl_platform_interfaces:${AMENT_PREFIX_PATH} CMAKE_PREFIX_PATH=/home/rhobtor/PHD/j8_control/J8_control/install/argj801_ctl_platform:/home/rhobtor/PHD/j8_control/J8_control/install/argj801_ctl_platform_interfaces:/home/rhobtor/PHD/ARGOSJ8_IA/ARGOSJ8_IA_/install/wiimote_msgs:/home/rhobtor/PHD/ARGOSJ8_IA/ARGOSJ8_IA_/install/ublox:/home/rhobtor/PHD/ARGOSJ8_IA/ARGOSJ8_IA_/install/ublox_gps:/home/rhobtor/PHD/ARGOSJ8_IA/ARGOSJ8_IA_/install/security_check:/home/rhobtor/PHD/ARGOSJ8_IA/ARGOSJ8_IA_/install/ctl_mission:/home/rhobtor/PHD/ARGOSJ8_IA/ARGOSJ8_IA_/install/ublox_msgs:/home/rhobtor/PHD/ARGOSJ8_IA/ARGOSJ8_IA_/install/ublox_serialization:/home/rhobtor/PHD/ARGOSJ8_IA/ARGOSJ8_IA_/install/spacenav:/home/rhobtor/PHD/ARGOSJ8_IA/ARGOSJ8_IA_/install/laser_segmentation:/home/rhobtor/PHD/ARGOSJ8_IA/ARGOSJ8_IA_/install/slg_msgs:/home/rhobtor/PHD/ARGOSJ8_IA/ARGOSJ8_IA_/install/security_check_interfaces:/home/rhobtor/PHD/ARGOSJ8_IA/ARGOSJ8_IA_/install/joy:/home/rhobtor/PHD/ARGOSJ8_IA/ARGOSJ8_IA_/install/sdl2_vendor:/home/rhobtor/PHD/ARGOSJ8_IA/ARGOSJ8_IA_/install/path_manager:/home/rhobtor/PHD/ARGOSJ8_IA/ARGOSJ8_IA_/install/path_manager_interfaces:/home/rhobtor/PHD/ARGOSJ8_IA/ARGOSJ8_IA_/install/joy_linux:/home/rhobtor/PHD/ARGOSJ8_IA/ARGOSJ8_IA_/install/j8_xacro_model:/home/rhobtor/PHD/ARGOSJ8_IA/ARGOSJ8_IA_/install/hikmicro_thermal_camera:/home/rhobtor/PHD/ARGOSJ8_IA/ARGOSJ8_IA_/install/hector_gazebo_plugins:/home/rhobtor/PHD/ARGOSJ8_IA/ARGOSJ8_IA_/install/fixposition_sensor_pkg:/home/rhobtor/PHD/ARGOSJ8_IA/ARGOSJ8_IA_/install/fixposition_odometry_converter_ros2:/home/rhobtor/PHD/ARGOSJ8_IA/ARGOSJ8_IA_/install/fixposition_driver_ros2:/home/rhobtor/PHD/ARGOSJ8_IA/ARGOSJ8_IA_/install/fixposition_driver_lib:/home/rhobtor/PHD/ARGOSJ8_IA/ARGOSJ8_IA_/install/fixposition_gnss_tf:/home/rhobtor/PHD/ARGOSJ8_IA/ARGOSJ8_IA_/install/ctl_mission_interfaces:/home/rhobtor/PHD/ARGOSJ8_IA/ARGOSJ8_IA_/install/car_cpp:/home/rhobtor/PHD/ARGOSJ8_IA/ARGOSJ8_IA_/install/car_interfaces:/home/rhobtor/PHD/ARGOSJ8_IA/ARGOSJ8_IA_/install/argj801_setup:/home/rhobtor/PHD/ARGOSJ8_IA/ARGOSJ8_IA_/install/argj801_sensors:/home/rhobtor/PHD/ARGOSJ8_IA/ARGOSJ8_IA_/install/argj801_sensors_msgs:/home/rhobtor/PHD/ARGOSJ8_IA/ARGOSJ8_IA_/install/argj801_ctl_platform:/home/rhobtor/PHD/ARGOSJ8_IA/ARGOSJ8_IA_/install/argj801_ctl_platform_interfaces:/home/rhobtor/PHD/model_terrain_ugv/Model_terrain_ugv/install/model_terrain_cpp:/home/rhobtor/PHD/path_dem/install_navigation/path_dem:/home/rhobtor/PHD/path_dem/install/path_dem:/home/rhobtor/PHD/install_global_belief_final/path_dem:/home/rhobtor/PHD/ARGOSJ8_IA/ARGOSJ8_IA_/install/car:/home/rhobtor/PHD/ARGOSJ8_IA/ARGOSJ8_IA_/install/ntrip_client:/home/rhobtor/PHD/ARGOSJ8_IA/ARGOSJ8_IA_/install/j8_gui:/home/rhobtor/PHD/ARGOSJ8_IA/ARGOSJ8_IA_/install/gui:/home/rhobtor/PHD/ARGOSJ8_IA/ARGOSJ8_IA_/install/android_ros2_server:/home/rhobtor/PHD/ARGOSJ8_IA/ARGOSJ8_IA_/install/GUI_pkg:/home/rhobtor/PHD/model_terrain_ugv/Model_terrain_ugv/install/model_terrain:/opt/ros/humble LD_LIBRARY_PATH=/home/rhobtor/PHD/j8_control/J8_control/install/argj801_ctl_platform_interfaces/lib:${LD_LIBRARY_PATH} PYTHONPATH=/home/rhobtor/PHD/j8_control/J8_control/install/argj801_ctl_platform_interfaces/local/lib/python3.10/dist-packages:${PYTHONPATH} /usr/bin/cmake --build /home/rhobtor/PHD/j8_control/J8_control/build/j8_xacro_model -- -j20 -l20
[61.396s] DEBUG:colcon.colcon_core.event_handler.log_command:Invoking command in '/home/rhobtor/PHD/j8_control/J8_control/build/j8_xacro_model': AMENT_PREFIX_PATH=/home/rhobtor/PHD/j8_control/J8_control/install/argj801_ctl_platform:/home/rhobtor/PHD/j8_control/J8_control/install/argj801_ctl_platform_interfaces:${AMENT_PREFIX_PATH} CMAKE_PREFIX_PATH=/home/rhobtor/PHD/j8_control/J8_control/install/argj801_ctl_platform:/home/rhobtor/PHD/j8_control/J8_control/install/argj801_ctl_platform_interfaces:/home/rhobtor/PHD/ARGOSJ8_IA/ARGOSJ8_IA_/install/wiimote_msgs:/home/rhobtor/PHD/ARGOSJ8_IA/ARGOSJ8_IA_/install/ublox:/home/rhobtor/PHD/ARGOSJ8_IA/ARGOSJ8_IA_/install/ublox_gps:/home/rhobtor/PHD/ARGOSJ8_IA/ARGOSJ8_IA_/install/security_check:/home/rhobtor/PHD/ARGOSJ8_IA/ARGOSJ8_IA_/install/ctl_mission:/home/rhobtor/PHD/ARGOSJ8_IA/ARGOSJ8_IA_/install/ublox_msgs:/home/rhobtor/PHD/ARGOSJ8_IA/ARGOSJ8_IA_/install/ublox_serialization:/home/rhobtor/PHD/ARGOSJ8_IA/ARGOSJ8_IA_/install/spacenav:/home/rhobtor/PHD/ARGOSJ8_IA/ARGOSJ8_IA_/install/laser_segmentation:/home/rhobtor/PHD/ARGOSJ8_IA/ARGOSJ8_IA_/install/slg_msgs:/home/rhobtor/PHD/ARGOSJ8_IA/ARGOSJ8_IA_/install/security_check_interfaces:/home/rhobtor/PHD/ARGOSJ8_IA/ARGOSJ8_IA_/install/joy:/home/rhobtor/PHD/ARGOSJ8_IA/ARGOSJ8_IA_/install/sdl2_vendor:/home/rhobtor/PHD/ARGOSJ8_IA/ARGOSJ8_IA_/install/path_manager:/home/rhobtor/PHD/ARGOSJ8_IA/ARGOSJ8_IA_/install/path_manager_interfaces:/home/rhobtor/PHD/ARGOSJ8_IA/ARGOSJ8_IA_/install/joy_linux:/home/rhobtor/PHD/ARGOSJ8_IA/ARGOSJ8_IA_/install/j8_xacro_model:/home/rhobtor/PHD/ARGOSJ8_IA/ARGOSJ8_IA_/install/hikmicro_thermal_camera:/home/rhobtor/PHD/ARGOSJ8_IA/ARGOSJ8_IA_/install/hector_gazebo_plugins:/home/rhobtor/PHD/ARGOSJ8_IA/ARGOSJ8_IA_/install/fixposition_sensor_pkg:/home/rhobtor/PHD/ARGOSJ8_IA/ARGOSJ8_IA_/install/fixposition_odometry_converter_ros2:/home/rhobtor/PHD/ARGOSJ8_IA/ARGOSJ8_IA_/install/fixposition_driver_ros2:/home/rhobtor/PHD/ARGOSJ8_IA/ARGOSJ8_IA_/install/fixposition_driver_lib:/home/rhobtor/PHD/ARGOSJ8_IA/ARGOSJ8_IA_/install/fixposition_gnss_tf:/home/rhobtor/PHD/ARGOSJ8_IA/ARGOSJ8_IA_/install/ctl_mission_interfaces:/home/rhobtor/PHD/ARGOSJ8_IA/ARGOSJ8_IA_/install/car_cpp:/home/rhobtor/PHD/ARGOSJ8_IA/ARGOSJ8_IA_/install/car_interfaces:/home/rhobtor/PHD/ARGOSJ8_IA/ARGOSJ8_IA_/install/argj801_setup:/home/rhobtor/PHD/ARGOSJ8_IA/ARGOSJ8_IA_/install/argj801_sensors:/home/rhobtor/PHD/ARGOSJ8_IA/ARGOSJ8_IA_/install/argj801_sensors_msgs:/home/rhobtor/PHD/ARGOSJ8_IA/ARGOSJ8_IA_/install/argj801_ctl_platform:/home/rhobtor/PHD/ARGOSJ8_IA/ARGOSJ8_IA_/install/argj801_ctl_platform_interfaces:/home/rhobtor/PHD/model_terrain_ugv/Model_terrain_ugv/install/model_terrain_cpp:/home/rhobtor/PHD/path_dem/install_navigation/path_dem:/home/rhobtor/PHD/path_dem/install/path_dem:/home/rhobtor/PHD/install_global_belief_final/path_dem:/home/rhobtor/PHD/ARGOSJ8_IA/ARGOSJ8_IA_/install/car:/home/rhobtor/PHD/ARGOSJ8_IA/ARGOSJ8_IA_/install/ntrip_client:/home/rhobtor/PHD/ARGOSJ8_IA/ARGOSJ8_IA_/install/j8_gui:/home/rhobtor/PHD/ARGOSJ8_IA/ARGOSJ8_IA_/install/gui:/home/rhobtor/PHD/ARGOSJ8_IA/ARGOSJ8_IA_/install/android_ros2_server:/home/rhobtor/PHD/ARGOSJ8_IA/ARGOSJ8_IA_/install/GUI_pkg:/home/rhobtor/PHD/model_terrain_ugv/Model_terrain_ugv/install/model_terrain:/opt/ros/humble LD_LIBRARY_PATH=/home/rhobtor/PHD/j8_control/J8_control/install/argj801_ctl_platform_interfaces/lib:${LD_LIBRARY_PATH} PYTHONPATH=/home/rhobtor/PHD/j8_control/J8_control/install/argj801_ctl_platform_interfaces/local/lib/python3.10/dist-packages:${PYTHONPATH} /usr/bin/cmake --install /home/rhobtor/PHD/j8_control/J8_control/build/j8_xacro_model
[61.434s] Level 1:colcon.colcon_core.environment:create_environment_scripts_only(j8_xacro_model)
[61.435s] Level 1:colcon.colcon_core.environment:checking '/home/rhobtor/PHD/j8_control/J8_control/install/j8_xacro_model' for CMake module files
[61.436s] DEBUG:colcon.colcon_core.event_handler.log_command:Invoked command in '/home/rhobtor/PHD/j8_control/J8_control/build/j8_xacro_model' returned '0': AMENT_PREFIX_PATH=/home/rhobtor/PHD/j8_control/J8_control/install/argj801_ctl_platform:/home/rhobtor/PHD/j8_control/J8_control/install/argj801_ctl_platform_interfaces:${AMENT_PREFIX_PATH} CMAKE_PREFIX_PATH=/home/rhobtor/PHD/j8_control/J8_control/install/argj801_ctl_platform:/home/rhobtor/PHD/j8_control/J8_control/install/argj801_ctl_platform_interfaces:/home/rhobtor/PHD/ARGOSJ8_IA/ARGOSJ8_IA_/install/wiimote_msgs:/home/rhobtor/PHD/ARGOSJ8_IA/ARGOSJ8_IA_/install/ublox:/home/rhobtor/PHD/ARGOSJ8_IA/ARGOSJ8_IA_/install/ublox_gps:/home/rhobtor/PHD/ARGOSJ8_IA/ARGOSJ8_IA_/install/security_check:/home/rhobtor/PHD/ARGOSJ8_IA/ARGOSJ8_IA_/install/ctl_mission:/home/rhobtor/PHD/ARGOSJ8_IA/ARGOSJ8_IA_/install/ublox_msgs:/home/rhobtor/PHD/ARGOSJ8_IA/ARGOSJ8_IA_/install/ublox_serialization:/home/rhobtor/PHD/ARGOSJ8_IA/ARGOSJ8_IA_/install/spacenav:/home/rhobtor/PHD/ARGOSJ8_IA/ARGOSJ8_IA_/install/laser_segmentation:/home/rhobtor/PHD/ARGOSJ8_IA/ARGOSJ8_IA_/install/slg_msgs:/home/rhobtor/PHD/ARGOSJ8_IA/ARGOSJ8_IA_/install/security_check_interfaces:/home/rhobtor/PHD/ARGOSJ8_IA/ARGOSJ8_IA_/install/joy:/home/rhobtor/PHD/ARGOSJ8_IA/ARGOSJ8_IA_/install/sdl2_vendor:/home/rhobtor/PHD/ARGOSJ8_IA/ARGOSJ8_IA_/install/path_manager:/home/rhobtor/PHD/ARGOSJ8_IA/ARGOSJ8_IA_/install/path_manager_interfaces:/home/rhobtor/PHD/ARGOSJ8_IA/ARGOSJ8_IA_/install/joy_linux:/home/rhobtor/PHD/ARGOSJ8_IA/ARGOSJ8_IA_/install/j8_xacro_model:/home/rhobtor/PHD/ARGOSJ8_IA/ARGOSJ8_IA_/install/hikmicro_thermal_camera:/home/rhobtor/PHD/ARGOSJ8_IA/ARGOSJ8_IA_/install/hector_gazebo_plugins:/home/rhobtor/PHD/ARGOSJ8_IA/ARGOSJ8_IA_/install/fixposition_sensor_pkg:/home/rhobtor/PHD/ARGOSJ8_IA/ARGOSJ8_IA_/install/fixposition_odometry_converter_ros2:/home/rhobtor/PHD/ARGOSJ8_IA/ARGOSJ8_IA_/install/fixposition_driver_ros2:/home/rhobtor/PHD/ARGOSJ8_IA/ARGOSJ8_IA_/install/fixposition_driver_lib:/home/rhobtor/PHD/ARGOSJ8_IA/ARGOSJ8_IA_/install/fixposition_gnss_tf:/home/rhobtor/PHD/ARGOSJ8_IA/ARGOSJ8_IA_/install/ctl_mission_interfaces:/home/rhobtor/PHD/ARGOSJ8_IA/ARGOSJ8_IA_/install/car_cpp:/home/rhobtor/PHD/ARGOSJ8_IA/ARGOSJ8_IA_/install/car_interfaces:/home/rhobtor/PHD/ARGOSJ8_IA/ARGOSJ8_IA_/install/argj801_setup:/home/rhobtor/PHD/ARGOSJ8_IA/ARGOSJ8_IA_/install/argj801_sensors:/home/rhobtor/PHD/ARGOSJ8_IA/ARGOSJ8_IA_/install/argj801_sensors_msgs:/home/rhobtor/PHD/ARGOSJ8_IA/ARGOSJ8_IA_/install/argj801_ctl_platform:/home/rhobtor/PHD/ARGOSJ8_IA/ARGOSJ8_IA_/install/argj801_ctl_platform_interfaces:/home/rhobtor/PHD/model_terrain_ugv/Model_terrain_ugv/install/model_terrain_cpp:/home/rhobtor/PHD/path_dem/install_navigation/path_dem:/home/rhobtor/PHD/path_dem/install/path_dem:/home/rhobtor/PHD/install_global_belief_final/path_dem:/home/rhobtor/PHD/ARGOSJ8_IA/ARGOSJ8_IA_/install/car:/home/rhobtor/PHD/ARGOSJ8_IA/ARGOSJ8_IA_/install/ntrip_client:/home/rhobtor/PHD/ARGOSJ8_IA/ARGOSJ8_IA_/install/j8_gui:/home/rhobtor/PHD/ARGOSJ8_IA/ARGOSJ8_IA_/install/gui:/home/rhobtor/PHD/ARGOSJ8_IA/ARGOSJ8_IA_/install/android_ros2_server:/home/rhobtor/PHD/ARGOSJ8_IA/ARGOSJ8_IA_/install/GUI_pkg:/home/rhobtor/PHD/model_terrain_ugv/Model_terrain_ugv/install/model_terrain:/opt/ros/humble LD_LIBRARY_PATH=/home/rhobtor/PHD/j8_control/J8_control/install/argj801_ctl_platform_interfaces/lib:${LD_LIBRARY_PATH} PYTHONPATH=/home/rhobtor/PHD/j8_control/J8_control/install/argj801_ctl_platform_interfaces/local/lib/python3.10/dist-packages:${PYTHONPATH} /usr/bin/cmake --install /home/rhobtor/PHD/j8_control/J8_control/build/j8_xacro_model
[61.436s] Level 1:colcon.colcon_core.environment:checking '/home/rhobtor/PHD/j8_control/J8_control/install/j8_xacro_model' for CMake config files
[61.436s] Level 1:colcon.colcon_core.shell:create_environment_hook('j8_xacro_model', 'cmake_prefix_path')
[61.436s] INFO:colcon.colcon_core.shell:Creating environment hook '/home/rhobtor/PHD/j8_control/J8_control/install/j8_xacro_model/share/j8_xacro_model/hook/cmake_prefix_path.ps1'
[61.437s] INFO:colcon.colcon_core.shell:Creating environment descriptor '/home/rhobtor/PHD/j8_control/J8_control/install/j8_xacro_model/share/j8_xacro_model/hook/cmake_prefix_path.dsv'
[61.437s] INFO:colcon.colcon_core.shell:Creating environment hook '/home/rhobtor/PHD/j8_control/J8_control/install/j8_xacro_model/share/j8_xacro_model/hook/cmake_prefix_path.sh'
[61.438s] Level 1:colcon.colcon_core.environment:checking '/home/rhobtor/PHD/j8_control/J8_control/install/j8_xacro_model/lib'
[61.438s] Level 1:colcon.colcon_core.shell:create_environment_hook('j8_xacro_model', 'ld_library_path_lib')
[61.438s] INFO:colcon.colcon_core.shell:Creating environment hook '/home/rhobtor/PHD/j8_control/J8_control/install/j8_xacro_model/share/j8_xacro_model/hook/ld_library_path_lib.ps1'
[61.438s] INFO:colcon.colcon_core.shell:Creating environment descriptor '/home/rhobtor/PHD/j8_control/J8_control/install/j8_xacro_model/share/j8_xacro_model/hook/ld_library_path_lib.dsv'
[61.438s] INFO:colcon.colcon_core.shell:Creating environment hook '/home/rhobtor/PHD/j8_control/J8_control/install/j8_xacro_model/share/j8_xacro_model/hook/ld_library_path_lib.sh'
[61.438s] Level 1:colcon.colcon_core.environment:checking '/home/rhobtor/PHD/j8_control/J8_control/install/j8_xacro_model/bin'
[61.439s] Level 1:colcon.colcon_core.environment:checking '/home/rhobtor/PHD/j8_control/J8_control/install/j8_xacro_model/lib/pkgconfig/j8_xacro_model.pc'
[61.439s] Level 1:colcon.colcon_core.environment:checking '/home/rhobtor/PHD/j8_control/J8_control/install/j8_xacro_model/lib/python3.10/site-packages'
[61.439s] Level 1:colcon.colcon_core.environment:checking '/home/rhobtor/PHD/j8_control/J8_control/install/j8_xacro_model/bin'
[61.439s] INFO:colcon.colcon_core.shell:Creating package script '/home/rhobtor/PHD/j8_control/J8_control/install/j8_xacro_model/share/j8_xacro_model/package.ps1'
[61.440s] INFO:colcon.colcon_core.shell:Creating package descriptor '/home/rhobtor/PHD/j8_control/J8_control/install/j8_xacro_model/share/j8_xacro_model/package.dsv'
[61.440s] INFO:colcon.colcon_core.shell:Creating package script '/home/rhobtor/PHD/j8_control/J8_control/install/j8_xacro_model/share/j8_xacro_model/package.sh'
[61.441s] INFO:colcon.colcon_core.shell:Creating package script '/home/rhobtor/PHD/j8_control/J8_control/install/j8_xacro_model/share/j8_xacro_model/package.bash'
[61.441s] INFO:colcon.colcon_core.shell:Creating package script '/home/rhobtor/PHD/j8_control/J8_control/install/j8_xacro_model/share/j8_xacro_model/package.zsh'
[61.441s] Level 1:colcon.colcon_core.environment:create_file_with_runtime_dependencies(/home/rhobtor/PHD/j8_control/J8_control/install/j8_xacro_model/share/colcon-core/packages/j8_xacro_model)
[61.442s] Level 1:colcon.colcon_core.environment:create_environment_scripts_only(j8_xacro_model)
[61.442s] Level 1:colcon.colcon_core.environment:checking '/home/rhobtor/PHD/j8_control/J8_control/install/j8_xacro_model' for CMake module files
[61.442s] Level 1:colcon.colcon_core.environment:checking '/home/rhobtor/PHD/j8_control/J8_control/install/j8_xacro_model' for CMake config files
[61.442s] Level 1:colcon.colcon_core.shell:create_environment_hook('j8_xacro_model', 'cmake_prefix_path')
[61.443s] INFO:colcon.colcon_core.shell:Creating environment hook '/home/rhobtor/PHD/j8_control/J8_control/install/j8_xacro_model/share/j8_xacro_model/hook/cmake_prefix_path.ps1'
[61.443s] INFO:colcon.colcon_core.shell:Creating environment descriptor '/home/rhobtor/PHD/j8_control/J8_control/install/j8_xacro_model/share/j8_xacro_model/hook/cmake_prefix_path.dsv'
[61.443s] INFO:colcon.colcon_core.shell:Creating environment hook '/home/rhobtor/PHD/j8_control/J8_control/install/j8_xacro_model/share/j8_xacro_model/hook/cmake_prefix_path.sh'
[61.444s] Level 1:colcon.colcon_core.environment:checking '/home/rhobtor/PHD/j8_control/J8_control/install/j8_xacro_model/lib'
[61.444s] Level 1:colcon.colcon_core.shell:create_environment_hook('j8_xacro_model', 'ld_library_path_lib')
[61.444s] INFO:colcon.colcon_core.shell:Creating environment hook '/home/rhobtor/PHD/j8_control/J8_control/install/j8_xacro_model/share/j8_xacro_model/hook/ld_library_path_lib.ps1'
[61.445s] INFO:colcon.colcon_core.shell:Creating environment descriptor '/home/rhobtor/PHD/j8_control/J8_control/install/j8_xacro_model/share/j8_xacro_model/hook/ld_library_path_lib.dsv'
[61.445s] INFO:colcon.colcon_core.shell:Creating environment hook '/home/rhobtor/PHD/j8_control/J8_control/install/j8_xacro_model/share/j8_xacro_model/hook/ld_library_path_lib.sh'
[61.446s] Level 1:colcon.colcon_core.environment:checking '/home/rhobtor/PHD/j8_control/J8_control/install/j8_xacro_model/bin'
[61.446s] Level 1:colcon.colcon_core.environment:checking '/home/rhobtor/PHD/j8_control/J8_control/install/j8_xacro_model/lib/pkgconfig/j8_xacro_model.pc'
[61.446s] Level 1:colcon.colcon_core.environment:checking '/home/rhobtor/PHD/j8_control/J8_control/install/j8_xacro_model/lib/python3.10/site-packages'
[61.446s] Level 1:colcon.colcon_core.environment:checking '/home/rhobtor/PHD/j8_control/J8_control/install/j8_xacro_model/bin'
[61.446s] INFO:colcon.colcon_core.shell:Creating package script '/home/rhobtor/PHD/j8_control/J8_control/install/j8_xacro_model/share/j8_xacro_model/package.ps1'
[61.447s] INFO:colcon.colcon_core.shell:Creating package descriptor '/home/rhobtor/PHD/j8_control/J8_control/install/j8_xacro_model/share/j8_xacro_model/package.dsv'
[61.447s] INFO:colcon.colcon_core.shell:Creating package script '/home/rhobtor/PHD/j8_control/J8_control/install/j8_xacro_model/share/j8_xacro_model/package.sh'
[61.448s] INFO:colcon.colcon_core.shell:Creating package script '/home/rhobtor/PHD/j8_control/J8_control/install/j8_xacro_model/share/j8_xacro_model/package.bash'
[61.448s] INFO:colcon.colcon_core.shell:Creating package script '/home/rhobtor/PHD/j8_control/J8_control/install/j8_xacro_model/share/j8_xacro_model/package.zsh'
[61.448s] Level 1:colcon.colcon_core.environment:create_file_with_runtime_dependencies(/home/rhobtor/PHD/j8_control/J8_control/install/j8_xacro_model/share/colcon-core/packages/j8_xacro_model)
[62.876s] DEBUG:colcon.colcon_core.event_handler.log_command:Invoked command in '/home/rhobtor/PHD/j8_control/J8_control/build/fixposition_driver_ros2' returned '0': CMAKE_PREFIX_PATH=/home/rhobtor/PHD/j8_control/J8_control/install/fixposition_driver_lib:/home/rhobtor/PHD/j8_control/J8_control/install/fixposition_gnss_tf:/home/rhobtor/PHD/ARGOSJ8_IA/ARGOSJ8_IA_/install/wiimote_msgs:/home/rhobtor/PHD/ARGOSJ8_IA/ARGOSJ8_IA_/install/ublox:/home/rhobtor/PHD/ARGOSJ8_IA/ARGOSJ8_IA_/install/ublox_gps:/home/rhobtor/PHD/ARGOSJ8_IA/ARGOSJ8_IA_/install/security_check:/home/rhobtor/PHD/ARGOSJ8_IA/ARGOSJ8_IA_/install/ctl_mission:/home/rhobtor/PHD/ARGOSJ8_IA/ARGOSJ8_IA_/install/ublox_msgs:/home/rhobtor/PHD/ARGOSJ8_IA/ARGOSJ8_IA_/install/ublox_serialization:/home/rhobtor/PHD/ARGOSJ8_IA/ARGOSJ8_IA_/install/spacenav:/home/rhobtor/PHD/ARGOSJ8_IA/ARGOSJ8_IA_/install/laser_segmentation:/home/rhobtor/PHD/ARGOSJ8_IA/ARGOSJ8_IA_/install/slg_msgs:/home/rhobtor/PHD/ARGOSJ8_IA/ARGOSJ8_IA_/install/security_check_interfaces:/home/rhobtor/PHD/ARGOSJ8_IA/ARGOSJ8_IA_/install/joy:/home/rhobtor/PHD/ARGOSJ8_IA/ARGOSJ8_IA_/install/sdl2_vendor:/home/rhobtor/PHD/ARGOSJ8_IA/ARGOSJ8_IA_/install/path_manager:/home/rhobtor/PHD/ARGOSJ8_IA/ARGOSJ8_IA_/install/path_manager_interfaces:/home/rhobtor/PHD/ARGOSJ8_IA/ARGOSJ8_IA_/install/joy_linux:/home/rhobtor/PHD/ARGOSJ8_IA/ARGOSJ8_IA_/install/j8_xacro_model:/home/rhobtor/PHD/ARGOSJ8_IA/ARGOSJ8_IA_/install/hikmicro_thermal_camera:/home/rhobtor/PHD/ARGOSJ8_IA/ARGOSJ8_IA_/install/hector_gazebo_plugins:/home/rhobtor/PHD/ARGOSJ8_IA/ARGOSJ8_IA_/install/fixposition_sensor_pkg:/home/rhobtor/PHD/ARGOSJ8_IA/ARGOSJ8_IA_/install/fixposition_odometry_converter_ros2:/home/rhobtor/PHD/ARGOSJ8_IA/ARGOSJ8_IA_/install/fixposition_driver_ros2:/home/rhobtor/PHD/ARGOSJ8_IA/ARGOSJ8_IA_/install/fixposition_driver_lib:/home/rhobtor/PHD/ARGOSJ8_IA/ARGOSJ8_IA_/install/fixposition_gnss_tf:/home/rhobtor/PHD/ARGOSJ8_IA/ARGOSJ8_IA_/install/ctl_mission_interfaces:/home/rhobtor/PHD/ARGOSJ8_IA/ARGOSJ8_IA_/install/car_cpp:/home/rhobtor/PHD/ARGOSJ8_IA/ARGOSJ8_IA_/install/car_interfaces:/home/rhobtor/PHD/ARGOSJ8_IA/ARGOSJ8_IA_/install/argj801_setup:/home/rhobtor/PHD/ARGOSJ8_IA/ARGOSJ8_IA_/install/argj801_sensors:/home/rhobtor/PHD/ARGOSJ8_IA/ARGOSJ8_IA_/install/argj801_sensors_msgs:/home/rhobtor/PHD/ARGOSJ8_IA/ARGOSJ8_IA_/install/argj801_ctl_platform:/home/rhobtor/PHD/ARGOSJ8_IA/ARGOSJ8_IA_/install/argj801_ctl_platform_interfaces:/home/rhobtor/PHD/model_terrain_ugv/Model_terrain_ugv/install/model_terrain_cpp:/home/rhobtor/PHD/path_dem/install_navigation/path_dem:/home/rhobtor/PHD/path_dem/install/path_dem:/home/rhobtor/PHD/install_global_belief_final/path_dem:/home/rhobtor/PHD/ARGOSJ8_IA/ARGOSJ8_IA_/install/car:/home/rhobtor/PHD/ARGOSJ8_IA/ARGOSJ8_IA_/install/ntrip_client:/home/rhobtor/PHD/ARGOSJ8_IA/ARGOSJ8_IA_/install/j8_gui:/home/rhobtor/PHD/ARGOSJ8_IA/ARGOSJ8_IA_/install/gui:/home/rhobtor/PHD/ARGOSJ8_IA/ARGOSJ8_IA_/install/android_ros2_server:/home/rhobtor/PHD/ARGOSJ8_IA/ARGOSJ8_IA_/install/GUI_pkg:/home/rhobtor/PHD/model_terrain_ugv/Model_terrain_ugv/install/model_terrain:/opt/ros/humble LD_LIBRARY_PATH=/home/rhobtor/PHD/j8_control/J8_control/install/fixposition_driver_lib/lib:/home/rhobtor/PHD/j8_control/J8_control/install/fixposition_gnss_tf/lib:${LD_LIBRARY_PATH} PKG_CONFIG_PATH=/home/rhobtor/PHD/j8_control/J8_control/install/fixposition_driver_lib/lib/x86_64-linux-gnu/pkgconfig:/home/rhobtor/PHD/j8_control/J8_control/install/fixposition_driver_lib/lib/pkgconfig:/home/rhobtor/PHD/j8_control/J8_control/install/fixposition_gnss_tf/lib/x86_64-linux-gnu/pkgconfig:/home/rhobtor/PHD/j8_control/J8_control/install/fixposition_gnss_tf/lib/pkgconfig:${PKG_CONFIG_PATH} /usr/bin/cmake --build /home/rhobtor/PHD/j8_control/J8_control/build/fixposition_driver_ros2 -- -j20 -l20
[62.878s] DEBUG:colcon.colcon_core.event_handler.log_command:Invoking command in '/home/rhobtor/PHD/j8_control/J8_control/build/fixposition_driver_ros2': CMAKE_PREFIX_PATH=/home/rhobtor/PHD/j8_control/J8_control/install/fixposition_driver_lib:/home/rhobtor/PHD/j8_control/J8_control/install/fixposition_gnss_tf:/home/rhobtor/PHD/ARGOSJ8_IA/ARGOSJ8_IA_/install/wiimote_msgs:/home/rhobtor/PHD/ARGOSJ8_IA/ARGOSJ8_IA_/install/ublox:/home/rhobtor/PHD/ARGOSJ8_IA/ARGOSJ8_IA_/install/ublox_gps:/home/rhobtor/PHD/ARGOSJ8_IA/ARGOSJ8_IA_/install/security_check:/home/rhobtor/PHD/ARGOSJ8_IA/ARGOSJ8_IA_/install/ctl_mission:/home/rhobtor/PHD/ARGOSJ8_IA/ARGOSJ8_IA_/install/ublox_msgs:/home/rhobtor/PHD/ARGOSJ8_IA/ARGOSJ8_IA_/install/ublox_serialization:/home/rhobtor/PHD/ARGOSJ8_IA/ARGOSJ8_IA_/install/spacenav:/home/rhobtor/PHD/ARGOSJ8_IA/ARGOSJ8_IA_/install/laser_segmentation:/home/rhobtor/PHD/ARGOSJ8_IA/ARGOSJ8_IA_/install/slg_msgs:/home/rhobtor/PHD/ARGOSJ8_IA/ARGOSJ8_IA_/install/security_check_interfaces:/home/rhobtor/PHD/ARGOSJ8_IA/ARGOSJ8_IA_/install/joy:/home/rhobtor/PHD/ARGOSJ8_IA/ARGOSJ8_IA_/install/sdl2_vendor:/home/rhobtor/PHD/ARGOSJ8_IA/ARGOSJ8_IA_/install/path_manager:/home/rhobtor/PHD/ARGOSJ8_IA/ARGOSJ8_IA_/install/path_manager_interfaces:/home/rhobtor/PHD/ARGOSJ8_IA/ARGOSJ8_IA_/install/joy_linux:/home/rhobtor/PHD/ARGOSJ8_IA/ARGOSJ8_IA_/install/j8_xacro_model:/home/rhobtor/PHD/ARGOSJ8_IA/ARGOSJ8_IA_/install/hikmicro_thermal_camera:/home/rhobtor/PHD/ARGOSJ8_IA/ARGOSJ8_IA_/install/hector_gazebo_plugins:/home/rhobtor/PHD/ARGOSJ8_IA/ARGOSJ8_IA_/install/fixposition_sensor_pkg:/home/rhobtor/PHD/ARGOSJ8_IA/ARGOSJ8_IA_/install/fixposition_odometry_converter_ros2:/home/rhobtor/PHD/ARGOSJ8_IA/ARGOSJ8_IA_/install/fixposition_driver_ros2:/home/rhobtor/PHD/ARGOSJ8_IA/ARGOSJ8_IA_/install/fixposition_driver_lib:/home/rhobtor/PHD/ARGOSJ8_IA/ARGOSJ8_IA_/install/fixposition_gnss_tf:/home/rhobtor/PHD/ARGOSJ8_IA/ARGOSJ8_IA_/install/ctl_mission_interfaces:/home/rhobtor/PHD/ARGOSJ8_IA/ARGOSJ8_IA_/install/car_cpp:/home/rhobtor/PHD/ARGOSJ8_IA/ARGOSJ8_IA_/install/car_interfaces:/home/rhobtor/PHD/ARGOSJ8_IA/ARGOSJ8_IA_/install/argj801_setup:/home/rhobtor/PHD/ARGOSJ8_IA/ARGOSJ8_IA_/install/argj801_sensors:/home/rhobtor/PHD/ARGOSJ8_IA/ARGOSJ8_IA_/install/argj801_sensors_msgs:/home/rhobtor/PHD/ARGOSJ8_IA/ARGOSJ8_IA_/install/argj801_ctl_platform:/home/rhobtor/PHD/ARGOSJ8_IA/ARGOSJ8_IA_/install/argj801_ctl_platform_interfaces:/home/rhobtor/PHD/model_terrain_ugv/Model_terrain_ugv/install/model_terrain_cpp:/home/rhobtor/PHD/path_dem/install_navigation/path_dem:/home/rhobtor/PHD/path_dem/install/path_dem:/home/rhobtor/PHD/install_global_belief_final/path_dem:/home/rhobtor/PHD/ARGOSJ8_IA/ARGOSJ8_IA_/install/car:/home/rhobtor/PHD/ARGOSJ8_IA/ARGOSJ8_IA_/install/ntrip_client:/home/rhobtor/PHD/ARGOSJ8_IA/ARGOSJ8_IA_/install/j8_gui:/home/rhobtor/PHD/ARGOSJ8_IA/ARGOSJ8_IA_/install/gui:/home/rhobtor/PHD/ARGOSJ8_IA/ARGOSJ8_IA_/install/android_ros2_server:/home/rhobtor/PHD/ARGOSJ8_IA/ARGOSJ8_IA_/install/GUI_pkg:/home/rhobtor/PHD/model_terrain_ugv/Model_terrain_ugv/install/model_terrain:/opt/ros/humble LD_LIBRARY_PATH=/home/rhobtor/PHD/j8_control/J8_control/install/fixposition_driver_lib/lib:/home/rhobtor/PHD/j8_control/J8_control/install/fixposition_gnss_tf/lib:${LD_LIBRARY_PATH} PKG_CONFIG_PATH=/home/rhobtor/PHD/j8_control/J8_control/install/fixposition_driver_lib/lib/x86_64-linux-gnu/pkgconfig:/home/rhobtor/PHD/j8_control/J8_control/install/fixposition_driver_lib/lib/pkgconfig:/home/rhobtor/PHD/j8_control/J8_control/install/fixposition_gnss_tf/lib/x86_64-linux-gnu/pkgconfig:/home/rhobtor/PHD/j8_control/J8_control/install/fixposition_gnss_tf/lib/pkgconfig:${PKG_CONFIG_PATH} /usr/bin/cmake --install /home/rhobtor/PHD/j8_control/J8_control/build/fixposition_driver_ros2
[62.936s] Level 1:colcon.colcon_core.environment:create_environment_scripts_only(fixposition_driver_ros2)
[62.937s] Level 1:colcon.colcon_core.environment:checking '/home/rhobtor/PHD/j8_control/J8_control/install/fixposition_driver_ros2' for CMake module files
[62.937s] DEBUG:colcon.colcon_core.event_handler.log_command:Invoked command in '/home/rhobtor/PHD/j8_control/J8_control/build/fixposition_driver_ros2' returned '0': CMAKE_PREFIX_PATH=/home/rhobtor/PHD/j8_control/J8_control/install/fixposition_driver_lib:/home/rhobtor/PHD/j8_control/J8_control/install/fixposition_gnss_tf:/home/rhobtor/PHD/ARGOSJ8_IA/ARGOSJ8_IA_/install/wiimote_msgs:/home/rhobtor/PHD/ARGOSJ8_IA/ARGOSJ8_IA_/install/ublox:/home/rhobtor/PHD/ARGOSJ8_IA/ARGOSJ8_IA_/install/ublox_gps:/home/rhobtor/PHD/ARGOSJ8_IA/ARGOSJ8_IA_/install/security_check:/home/rhobtor/PHD/ARGOSJ8_IA/ARGOSJ8_IA_/install/ctl_mission:/home/rhobtor/PHD/ARGOSJ8_IA/ARGOSJ8_IA_/install/ublox_msgs:/home/rhobtor/PHD/ARGOSJ8_IA/ARGOSJ8_IA_/install/ublox_serialization:/home/rhobtor/PHD/ARGOSJ8_IA/ARGOSJ8_IA_/install/spacenav:/home/rhobtor/PHD/ARGOSJ8_IA/ARGOSJ8_IA_/install/laser_segmentation:/home/rhobtor/PHD/ARGOSJ8_IA/ARGOSJ8_IA_/install/slg_msgs:/home/rhobtor/PHD/ARGOSJ8_IA/ARGOSJ8_IA_/install/security_check_interfaces:/home/rhobtor/PHD/ARGOSJ8_IA/ARGOSJ8_IA_/install/joy:/home/rhobtor/PHD/ARGOSJ8_IA/ARGOSJ8_IA_/install/sdl2_vendor:/home/rhobtor/PHD/ARGOSJ8_IA/ARGOSJ8_IA_/install/path_manager:/home/rhobtor/PHD/ARGOSJ8_IA/ARGOSJ8_IA_/install/path_manager_interfaces:/home/rhobtor/PHD/ARGOSJ8_IA/ARGOSJ8_IA_/install/joy_linux:/home/rhobtor/PHD/ARGOSJ8_IA/ARGOSJ8_IA_/install/j8_xacro_model:/home/rhobtor/PHD/ARGOSJ8_IA/ARGOSJ8_IA_/install/hikmicro_thermal_camera:/home/rhobtor/PHD/ARGOSJ8_IA/ARGOSJ8_IA_/install/hector_gazebo_plugins:/home/rhobtor/PHD/ARGOSJ8_IA/ARGOSJ8_IA_/install/fixposition_sensor_pkg:/home/rhobtor/PHD/ARGOSJ8_IA/ARGOSJ8_IA_/install/fixposition_odometry_converter_ros2:/home/rhobtor/PHD/ARGOSJ8_IA/ARGOSJ8_IA_/install/fixposition_driver_ros2:/home/rhobtor/PHD/ARGOSJ8_IA/ARGOSJ8_IA_/install/fixposition_driver_lib:/home/rhobtor/PHD/ARGOSJ8_IA/ARGOSJ8_IA_/install/fixposition_gnss_tf:/home/rhobtor/PHD/ARGOSJ8_IA/ARGOSJ8_IA_/install/ctl_mission_interfaces:/home/rhobtor/PHD/ARGOSJ8_IA/ARGOSJ8_IA_/install/car_cpp:/home/rhobtor/PHD/ARGOSJ8_IA/ARGOSJ8_IA_/install/car_interfaces:/home/rhobtor/PHD/ARGOSJ8_IA/ARGOSJ8_IA_/install/argj801_setup:/home/rhobtor/PHD/ARGOSJ8_IA/ARGOSJ8_IA_/install/argj801_sensors:/home/rhobtor/PHD/ARGOSJ8_IA/ARGOSJ8_IA_/install/argj801_sensors_msgs:/home/rhobtor/PHD/ARGOSJ8_IA/ARGOSJ8_IA_/install/argj801_ctl_platform:/home/rhobtor/PHD/ARGOSJ8_IA/ARGOSJ8_IA_/install/argj801_ctl_platform_interfaces:/home/rhobtor/PHD/model_terrain_ugv/Model_terrain_ugv/install/model_terrain_cpp:/home/rhobtor/PHD/path_dem/install_navigation/path_dem:/home/rhobtor/PHD/path_dem/install/path_dem:/home/rhobtor/PHD/install_global_belief_final/path_dem:/home/rhobtor/PHD/ARGOSJ8_IA/ARGOSJ8_IA_/install/car:/home/rhobtor/PHD/ARGOSJ8_IA/ARGOSJ8_IA_/install/ntrip_client:/home/rhobtor/PHD/ARGOSJ8_IA/ARGOSJ8_IA_/install/j8_gui:/home/rhobtor/PHD/ARGOSJ8_IA/ARGOSJ8_IA_/install/gui:/home/rhobtor/PHD/ARGOSJ8_IA/ARGOSJ8_IA_/install/android_ros2_server:/home/rhobtor/PHD/ARGOSJ8_IA/ARGOSJ8_IA_/install/GUI_pkg:/home/rhobtor/PHD/model_terrain_ugv/Model_terrain_ugv/install/model_terrain:/opt/ros/humble LD_LIBRARY_PATH=/home/rhobtor/PHD/j8_control/J8_control/install/fixposition_driver_lib/lib:/home/rhobtor/PHD/j8_control/J8_control/install/fixposition_gnss_tf/lib:${LD_LIBRARY_PATH} PKG_CONFIG_PATH=/home/rhobtor/PHD/j8_control/J8_control/install/fixposition_driver_lib/lib/x86_64-linux-gnu/pkgconfig:/home/rhobtor/PHD/j8_control/J8_control/install/fixposition_driver_lib/lib/pkgconfig:/home/rhobtor/PHD/j8_control/J8_control/install/fixposition_gnss_tf/lib/x86_64-linux-gnu/pkgconfig:/home/rhobtor/PHD/j8_control/J8_control/install/fixposition_gnss_tf/lib/pkgconfig:${PKG_CONFIG_PATH} /usr/bin/cmake --install /home/rhobtor/PHD/j8_control/J8_control/build/fixposition_driver_ros2
[62.938s] Level 1:colcon.colcon_core.environment:checking '/home/rhobtor/PHD/j8_control/J8_control/install/fixposition_driver_ros2' for CMake config files
[62.939s] Level 1:colcon.colcon_core.shell:create_environment_hook('fixposition_driver_ros2', 'cmake_prefix_path')
[62.939s] INFO:colcon.colcon_core.shell:Creating environment hook '/home/rhobtor/PHD/j8_control/J8_control/install/fixposition_driver_ros2/share/fixposition_driver_ros2/hook/cmake_prefix_path.ps1'
[62.940s] INFO:colcon.colcon_core.shell:Creating environment descriptor '/home/rhobtor/PHD/j8_control/J8_control/install/fixposition_driver_ros2/share/fixposition_driver_ros2/hook/cmake_prefix_path.dsv'
[62.940s] INFO:colcon.colcon_core.shell:Creating environment hook '/home/rhobtor/PHD/j8_control/J8_control/install/fixposition_driver_ros2/share/fixposition_driver_ros2/hook/cmake_prefix_path.sh'
[62.941s] Level 1:colcon.colcon_core.environment:checking '/home/rhobtor/PHD/j8_control/J8_control/install/fixposition_driver_ros2/lib'
[62.941s] Level 1:colcon.colcon_core.shell:create_environment_hook('fixposition_driver_ros2', 'ld_library_path_lib')
[62.941s] INFO:colcon.colcon_core.shell:Creating environment hook '/home/rhobtor/PHD/j8_control/J8_control/install/fixposition_driver_ros2/share/fixposition_driver_ros2/hook/ld_library_path_lib.ps1'
[62.942s] INFO:colcon.colcon_core.shell:Creating environment descriptor '/home/rhobtor/PHD/j8_control/J8_control/install/fixposition_driver_ros2/share/fixposition_driver_ros2/hook/ld_library_path_lib.dsv'
[62.942s] INFO:colcon.colcon_core.shell:Creating environment hook '/home/rhobtor/PHD/j8_control/J8_control/install/fixposition_driver_ros2/share/fixposition_driver_ros2/hook/ld_library_path_lib.sh'
[62.942s] Level 1:colcon.colcon_core.environment:checking '/home/rhobtor/PHD/j8_control/J8_control/install/fixposition_driver_ros2/bin'
[62.943s] Level 1:colcon.colcon_core.environment:checking '/home/rhobtor/PHD/j8_control/J8_control/install/fixposition_driver_ros2/lib/pkgconfig/fixposition_driver_ros2.pc'
[62.943s] Level 1:colcon.colcon_core.environment:checking '/home/rhobtor/PHD/j8_control/J8_control/install/fixposition_driver_ros2/lib/python3.10/site-packages'
[62.943s] Level 1:colcon.colcon_core.environment:checking '/home/rhobtor/PHD/j8_control/J8_control/install/fixposition_driver_ros2/bin'
[62.944s] INFO:colcon.colcon_core.shell:Creating package script '/home/rhobtor/PHD/j8_control/J8_control/install/fixposition_driver_ros2/share/fixposition_driver_ros2/package.ps1'
[62.945s] INFO:colcon.colcon_core.shell:Creating package descriptor '/home/rhobtor/PHD/j8_control/J8_control/install/fixposition_driver_ros2/share/fixposition_driver_ros2/package.dsv'
[62.945s] INFO:colcon.colcon_core.shell:Creating package script '/home/rhobtor/PHD/j8_control/J8_control/install/fixposition_driver_ros2/share/fixposition_driver_ros2/package.sh'
[62.946s] INFO:colcon.colcon_core.shell:Creating package script '/home/rhobtor/PHD/j8_control/J8_control/install/fixposition_driver_ros2/share/fixposition_driver_ros2/package.bash'
[62.946s] INFO:colcon.colcon_core.shell:Creating package script '/home/rhobtor/PHD/j8_control/J8_control/install/fixposition_driver_ros2/share/fixposition_driver_ros2/package.zsh'
[62.947s] Level 1:colcon.colcon_core.environment:create_file_with_runtime_dependencies(/home/rhobtor/PHD/j8_control/J8_control/install/fixposition_driver_ros2/share/colcon-core/packages/fixposition_driver_ros2)
[62.947s] Level 1:colcon.colcon_core.environment:create_environment_scripts_only(fixposition_driver_ros2)
[62.947s] Level 1:colcon.colcon_core.environment:checking '/home/rhobtor/PHD/j8_control/J8_control/install/fixposition_driver_ros2' for CMake module files
[62.948s] Level 1:colcon.colcon_core.environment:checking '/home/rhobtor/PHD/j8_control/J8_control/install/fixposition_driver_ros2' for CMake config files
[62.948s] Level 1:colcon.colcon_core.shell:create_environment_hook('fixposition_driver_ros2', 'cmake_prefix_path')
[62.948s] INFO:colcon.colcon_core.shell:Creating environment hook '/home/rhobtor/PHD/j8_control/J8_control/install/fixposition_driver_ros2/share/fixposition_driver_ros2/hook/cmake_prefix_path.ps1'
[62.949s] INFO:colcon.colcon_core.shell:Creating environment descriptor '/home/rhobtor/PHD/j8_control/J8_control/install/fixposition_driver_ros2/share/fixposition_driver_ros2/hook/cmake_prefix_path.dsv'
[62.949s] INFO:colcon.colcon_core.shell:Creating environment hook '/home/rhobtor/PHD/j8_control/J8_control/install/fixposition_driver_ros2/share/fixposition_driver_ros2/hook/cmake_prefix_path.sh'
[62.950s] Level 1:colcon.colcon_core.environment:checking '/home/rhobtor/PHD/j8_control/J8_control/install/fixposition_driver_ros2/lib'
[62.950s] Level 1:colcon.colcon_core.shell:create_environment_hook('fixposition_driver_ros2', 'ld_library_path_lib')
[62.950s] INFO:colcon.colcon_core.shell:Creating environment hook '/home/rhobtor/PHD/j8_control/J8_control/install/fixposition_driver_ros2/share/fixposition_driver_ros2/hook/ld_library_path_lib.ps1'
[62.950s] INFO:colcon.colcon_core.shell:Creating environment descriptor '/home/rhobtor/PHD/j8_control/J8_control/install/fixposition_driver_ros2/share/fixposition_driver_ros2/hook/ld_library_path_lib.dsv'
[62.950s] INFO:colcon.colcon_core.shell:Creating environment hook '/home/rhobtor/PHD/j8_control/J8_control/install/fixposition_driver_ros2/share/fixposition_driver_ros2/hook/ld_library_path_lib.sh'
[62.951s] Level 1:colcon.colcon_core.environment:checking '/home/rhobtor/PHD/j8_control/J8_control/install/fixposition_driver_ros2/bin'
[62.951s] Level 1:colcon.colcon_core.environment:checking '/home/rhobtor/PHD/j8_control/J8_control/install/fixposition_driver_ros2/lib/pkgconfig/fixposition_driver_ros2.pc'
[62.951s] Level 1:colcon.colcon_core.environment:checking '/home/rhobtor/PHD/j8_control/J8_control/install/fixposition_driver_ros2/lib/python3.10/site-packages'
[62.951s] Level 1:colcon.colcon_core.environment:checking '/home/rhobtor/PHD/j8_control/J8_control/install/fixposition_driver_ros2/bin'
[62.951s] INFO:colcon.colcon_core.shell:Creating package script '/home/rhobtor/PHD/j8_control/J8_control/install/fixposition_driver_ros2/share/fixposition_driver_ros2/package.ps1'
[62.952s] INFO:colcon.colcon_core.shell:Creating package descriptor '/home/rhobtor/PHD/j8_control/J8_control/install/fixposition_driver_ros2/share/fixposition_driver_ros2/package.dsv'
[62.952s] INFO:colcon.colcon_core.shell:Creating package script '/home/rhobtor/PHD/j8_control/J8_control/install/fixposition_driver_ros2/share/fixposition_driver_ros2/package.sh'
[62.952s] INFO:colcon.colcon_core.shell:Creating package script '/home/rhobtor/PHD/j8_control/J8_control/install/fixposition_driver_ros2/share/fixposition_driver_ros2/package.bash'
[62.953s] INFO:colcon.colcon_core.shell:Creating package script '/home/rhobtor/PHD/j8_control/J8_control/install/fixposition_driver_ros2/share/fixposition_driver_ros2/package.zsh'
[62.953s] Level 1:colcon.colcon_core.environment:create_file_with_runtime_dependencies(/home/rhobtor/PHD/j8_control/J8_control/install/fixposition_driver_ros2/share/colcon-core/packages/fixposition_driver_ros2)
[62.953s] INFO:colcon.colcon_ros.task.ament_cmake.build:Building ROS package in '/home/rhobtor/PHD/j8_control/J8_control/src/argo_drivers_pkgs/Fixposition_driver_pkg/fixposition_driver-main/fixposition_odometry_converter_ros2' with build type 'ament_cmake'
[62.953s] INFO:colcon.colcon_cmake.task.cmake.build:Building CMake package in '/home/rhobtor/PHD/j8_control/J8_control/src/argo_drivers_pkgs/Fixposition_driver_pkg/fixposition_driver-main/fixposition_odometry_converter_ros2'
[62.954s] INFO:colcon.colcon_core.shell:Skip shell extension 'powershell' for command environment: Not usable outside of PowerShell
[62.954s] DEBUG:colcon.colcon_core.shell:Skip shell extension 'dsv' for command environment
[62.968s] DEBUG:colcon.colcon_core.event_handler.log_command:Invoking command in '/home/rhobtor/PHD/j8_control/J8_control/build/fixposition_odometry_converter_ros2': AMENT_PREFIX_PATH=/home/rhobtor/PHD/j8_control/J8_control/install/fixposition_driver_ros2:${AMENT_PREFIX_PATH} CMAKE_PREFIX_PATH=/home/rhobtor/PHD/j8_control/J8_control/install/fixposition_driver_ros2:/home/rhobtor/PHD/j8_control/J8_control/install/fixposition_driver_lib:/home/rhobtor/PHD/j8_control/J8_control/install/fixposition_gnss_tf:/home/rhobtor/PHD/ARGOSJ8_IA/ARGOSJ8_IA_/install/wiimote_msgs:/home/rhobtor/PHD/ARGOSJ8_IA/ARGOSJ8_IA_/install/ublox:/home/rhobtor/PHD/ARGOSJ8_IA/ARGOSJ8_IA_/install/ublox_gps:/home/rhobtor/PHD/ARGOSJ8_IA/ARGOSJ8_IA_/install/security_check:/home/rhobtor/PHD/ARGOSJ8_IA/ARGOSJ8_IA_/install/ctl_mission:/home/rhobtor/PHD/ARGOSJ8_IA/ARGOSJ8_IA_/install/ublox_msgs:/home/rhobtor/PHD/ARGOSJ8_IA/ARGOSJ8_IA_/install/ublox_serialization:/home/rhobtor/PHD/ARGOSJ8_IA/ARGOSJ8_IA_/install/spacenav:/home/rhobtor/PHD/ARGOSJ8_IA/ARGOSJ8_IA_/install/laser_segmentation:/home/rhobtor/PHD/ARGOSJ8_IA/ARGOSJ8_IA_/install/slg_msgs:/home/rhobtor/PHD/ARGOSJ8_IA/ARGOSJ8_IA_/install/security_check_interfaces:/home/rhobtor/PHD/ARGOSJ8_IA/ARGOSJ8_IA_/install/joy:/home/rhobtor/PHD/ARGOSJ8_IA/ARGOSJ8_IA_/install/sdl2_vendor:/home/rhobtor/PHD/ARGOSJ8_IA/ARGOSJ8_IA_/install/path_manager:/home/rhobtor/PHD/ARGOSJ8_IA/ARGOSJ8_IA_/install/path_manager_interfaces:/home/rhobtor/PHD/ARGOSJ8_IA/ARGOSJ8_IA_/install/joy_linux:/home/rhobtor/PHD/ARGOSJ8_IA/ARGOSJ8_IA_/install/j8_xacro_model:/home/rhobtor/PHD/ARGOSJ8_IA/ARGOSJ8_IA_/install/hikmicro_thermal_camera:/home/rhobtor/PHD/ARGOSJ8_IA/ARGOSJ8_IA_/install/hector_gazebo_plugins:/home/rhobtor/PHD/ARGOSJ8_IA/ARGOSJ8_IA_/install/fixposition_sensor_pkg:/home/rhobtor/PHD/ARGOSJ8_IA/ARGOSJ8_IA_/install/fixposition_odometry_converter_ros2:/home/rhobtor/PHD/ARGOSJ8_IA/ARGOSJ8_IA_/install/fixposition_driver_ros2:/home/rhobtor/PHD/ARGOSJ8_IA/ARGOSJ8_IA_/install/fixposition_driver_lib:/home/rhobtor/PHD/ARGOSJ8_IA/ARGOSJ8_IA_/install/fixposition_gnss_tf:/home/rhobtor/PHD/ARGOSJ8_IA/ARGOSJ8_IA_/install/ctl_mission_interfaces:/home/rhobtor/PHD/ARGOSJ8_IA/ARGOSJ8_IA_/install/car_cpp:/home/rhobtor/PHD/ARGOSJ8_IA/ARGOSJ8_IA_/install/car_interfaces:/home/rhobtor/PHD/ARGOSJ8_IA/ARGOSJ8_IA_/install/argj801_setup:/home/rhobtor/PHD/ARGOSJ8_IA/ARGOSJ8_IA_/install/argj801_sensors:/home/rhobtor/PHD/ARGOSJ8_IA/ARGOSJ8_IA_/install/argj801_sensors_msgs:/home/rhobtor/PHD/ARGOSJ8_IA/ARGOSJ8_IA_/install/argj801_ctl_platform:/home/rhobtor/PHD/ARGOSJ8_IA/ARGOSJ8_IA_/install/argj801_ctl_platform_interfaces:/home/rhobtor/PHD/model_terrain_ugv/Model_terrain_ugv/install/model_terrain_cpp:/home/rhobtor/PHD/path_dem/install_navigation/path_dem:/home/rhobtor/PHD/path_dem/install/path_dem:/home/rhobtor/PHD/install_global_belief_final/path_dem:/home/rhobtor/PHD/ARGOSJ8_IA/ARGOSJ8_IA_/install/car:/home/rhobtor/PHD/ARGOSJ8_IA/ARGOSJ8_IA_/install/ntrip_client:/home/rhobtor/PHD/ARGOSJ8_IA/ARGOSJ8_IA_/install/j8_gui:/home/rhobtor/PHD/ARGOSJ8_IA/ARGOSJ8_IA_/install/gui:/home/rhobtor/PHD/ARGOSJ8_IA/ARGOSJ8_IA_/install/android_ros2_server:/home/rhobtor/PHD/ARGOSJ8_IA/ARGOSJ8_IA_/install/GUI_pkg:/home/rhobtor/PHD/model_terrain_ugv/Model_terrain_ugv/install/model_terrain:/opt/ros/humble LD_LIBRARY_PATH=/home/rhobtor/PHD/j8_control/J8_control/install/fixposition_driver_ros2/lib:/home/rhobtor/PHD/j8_control/J8_control/install/fixposition_driver_lib/lib:/home/rhobtor/PHD/j8_control/J8_control/install/fixposition_gnss_tf/lib:${LD_LIBRARY_PATH} PKG_CONFIG_PATH=/home/rhobtor/PHD/j8_control/J8_control/install/fixposition_driver_lib/lib/x86_64-linux-gnu/pkgconfig:/home/rhobtor/PHD/j8_control/J8_control/install/fixposition_driver_lib/lib/pkgconfig:/home/rhobtor/PHD/j8_control/J8_control/install/fixposition_gnss_tf/lib/x86_64-linux-gnu/pkgconfig:/home/rhobtor/PHD/j8_control/J8_control/install/fixposition_gnss_tf/lib/pkgconfig:${PKG_CONFIG_PATH} PYTHONPATH=/home/rhobtor/PHD/j8_control/J8_control/install/fixposition_driver_ros2/local/lib/python3.10/dist-packages:${PYTHONPATH} /usr/bin/cmake /home/rhobtor/PHD/j8_control/J8_control/src/argo_drivers_pkgs/Fixposition_driver_pkg/fixposition_driver-main/fixposition_odometry_converter_ros2 -DCMAKE_INSTALL_PREFIX=/home/rhobtor/PHD/j8_control/J8_control/install/fixposition_odometry_converter_ros2
[64.398s] DEBUG:colcon.colcon_core.event_handler.log_command:Invoked command in '/home/rhobtor/PHD/j8_control/J8_control/build/fixposition_odometry_converter_ros2' returned '0': AMENT_PREFIX_PATH=/home/rhobtor/PHD/j8_control/J8_control/install/fixposition_driver_ros2:${AMENT_PREFIX_PATH} CMAKE_PREFIX_PATH=/home/rhobtor/PHD/j8_control/J8_control/install/fixposition_driver_ros2:/home/rhobtor/PHD/j8_control/J8_control/install/fixposition_driver_lib:/home/rhobtor/PHD/j8_control/J8_control/install/fixposition_gnss_tf:/home/rhobtor/PHD/ARGOSJ8_IA/ARGOSJ8_IA_/install/wiimote_msgs:/home/rhobtor/PHD/ARGOSJ8_IA/ARGOSJ8_IA_/install/ublox:/home/rhobtor/PHD/ARGOSJ8_IA/ARGOSJ8_IA_/install/ublox_gps:/home/rhobtor/PHD/ARGOSJ8_IA/ARGOSJ8_IA_/install/security_check:/home/rhobtor/PHD/ARGOSJ8_IA/ARGOSJ8_IA_/install/ctl_mission:/home/rhobtor/PHD/ARGOSJ8_IA/ARGOSJ8_IA_/install/ublox_msgs:/home/rhobtor/PHD/ARGOSJ8_IA/ARGOSJ8_IA_/install/ublox_serialization:/home/rhobtor/PHD/ARGOSJ8_IA/ARGOSJ8_IA_/install/spacenav:/home/rhobtor/PHD/ARGOSJ8_IA/ARGOSJ8_IA_/install/laser_segmentation:/home/rhobtor/PHD/ARGOSJ8_IA/ARGOSJ8_IA_/install/slg_msgs:/home/rhobtor/PHD/ARGOSJ8_IA/ARGOSJ8_IA_/install/security_check_interfaces:/home/rhobtor/PHD/ARGOSJ8_IA/ARGOSJ8_IA_/install/joy:/home/rhobtor/PHD/ARGOSJ8_IA/ARGOSJ8_IA_/install/sdl2_vendor:/home/rhobtor/PHD/ARGOSJ8_IA/ARGOSJ8_IA_/install/path_manager:/home/rhobtor/PHD/ARGOSJ8_IA/ARGOSJ8_IA_/install/path_manager_interfaces:/home/rhobtor/PHD/ARGOSJ8_IA/ARGOSJ8_IA_/install/joy_linux:/home/rhobtor/PHD/ARGOSJ8_IA/ARGOSJ8_IA_/install/j8_xacro_model:/home/rhobtor/PHD/ARGOSJ8_IA/ARGOSJ8_IA_/install/hikmicro_thermal_camera:/home/rhobtor/PHD/ARGOSJ8_IA/ARGOSJ8_IA_/install/hector_gazebo_plugins:/home/rhobtor/PHD/ARGOSJ8_IA/ARGOSJ8_IA_/install/fixposition_sensor_pkg:/home/rhobtor/PHD/ARGOSJ8_IA/ARGOSJ8_IA_/install/fixposition_odometry_converter_ros2:/home/rhobtor/PHD/ARGOSJ8_IA/ARGOSJ8_IA_/install/fixposition_driver_ros2:/home/rhobtor/PHD/ARGOSJ8_IA/ARGOSJ8_IA_/install/fixposition_driver_lib:/home/rhobtor/PHD/ARGOSJ8_IA/ARGOSJ8_IA_/install/fixposition_gnss_tf:/home/rhobtor/PHD/ARGOSJ8_IA/ARGOSJ8_IA_/install/ctl_mission_interfaces:/home/rhobtor/PHD/ARGOSJ8_IA/ARGOSJ8_IA_/install/car_cpp:/home/rhobtor/PHD/ARGOSJ8_IA/ARGOSJ8_IA_/install/car_interfaces:/home/rhobtor/PHD/ARGOSJ8_IA/ARGOSJ8_IA_/install/argj801_setup:/home/rhobtor/PHD/ARGOSJ8_IA/ARGOSJ8_IA_/install/argj801_sensors:/home/rhobtor/PHD/ARGOSJ8_IA/ARGOSJ8_IA_/install/argj801_sensors_msgs:/home/rhobtor/PHD/ARGOSJ8_IA/ARGOSJ8_IA_/install/argj801_ctl_platform:/home/rhobtor/PHD/ARGOSJ8_IA/ARGOSJ8_IA_/install/argj801_ctl_platform_interfaces:/home/rhobtor/PHD/model_terrain_ugv/Model_terrain_ugv/install/model_terrain_cpp:/home/rhobtor/PHD/path_dem/install_navigation/path_dem:/home/rhobtor/PHD/path_dem/install/path_dem:/home/rhobtor/PHD/install_global_belief_final/path_dem:/home/rhobtor/PHD/ARGOSJ8_IA/ARGOSJ8_IA_/install/car:/home/rhobtor/PHD/ARGOSJ8_IA/ARGOSJ8_IA_/install/ntrip_client:/home/rhobtor/PHD/ARGOSJ8_IA/ARGOSJ8_IA_/install/j8_gui:/home/rhobtor/PHD/ARGOSJ8_IA/ARGOSJ8_IA_/install/gui:/home/rhobtor/PHD/ARGOSJ8_IA/ARGOSJ8_IA_/install/android_ros2_server:/home/rhobtor/PHD/ARGOSJ8_IA/ARGOSJ8_IA_/install/GUI_pkg:/home/rhobtor/PHD/model_terrain_ugv/Model_terrain_ugv/install/model_terrain:/opt/ros/humble LD_LIBRARY_PATH=/home/rhobtor/PHD/j8_control/J8_control/install/fixposition_driver_ros2/lib:/home/rhobtor/PHD/j8_control/J8_control/install/fixposition_driver_lib/lib:/home/rhobtor/PHD/j8_control/J8_control/install/fixposition_gnss_tf/lib:${LD_LIBRARY_PATH} PKG_CONFIG_PATH=/home/rhobtor/PHD/j8_control/J8_control/install/fixposition_driver_lib/lib/x86_64-linux-gnu/pkgconfig:/home/rhobtor/PHD/j8_control/J8_control/install/fixposition_driver_lib/lib/pkgconfig:/home/rhobtor/PHD/j8_control/J8_control/install/fixposition_gnss_tf/lib/x86_64-linux-gnu/pkgconfig:/home/rhobtor/PHD/j8_control/J8_control/install/fixposition_gnss_tf/lib/pkgconfig:${PKG_CONFIG_PATH} PYTHONPATH=/home/rhobtor/PHD/j8_control/J8_control/install/fixposition_driver_ros2/local/lib/python3.10/dist-packages:${PYTHONPATH} /usr/bin/cmake /home/rhobtor/PHD/j8_control/J8_control/src/argo_drivers_pkgs/Fixposition_driver_pkg/fixposition_driver-main/fixposition_odometry_converter_ros2 -DCMAKE_INSTALL_PREFIX=/home/rhobtor/PHD/j8_control/J8_control/install/fixposition_odometry_converter_ros2
[64.399s] DEBUG:colcon.colcon_core.event_handler.log_command:Invoking command in '/home/rhobtor/PHD/j8_control/J8_control/build/fixposition_odometry_converter_ros2': AMENT_PREFIX_PATH=/home/rhobtor/PHD/j8_control/J8_control/install/fixposition_driver_ros2:${AMENT_PREFIX_PATH} CMAKE_PREFIX_PATH=/home/rhobtor/PHD/j8_control/J8_control/install/fixposition_driver_ros2:/home/rhobtor/PHD/j8_control/J8_control/install/fixposition_driver_lib:/home/rhobtor/PHD/j8_control/J8_control/install/fixposition_gnss_tf:/home/rhobtor/PHD/ARGOSJ8_IA/ARGOSJ8_IA_/install/wiimote_msgs:/home/rhobtor/PHD/ARGOSJ8_IA/ARGOSJ8_IA_/install/ublox:/home/rhobtor/PHD/ARGOSJ8_IA/ARGOSJ8_IA_/install/ublox_gps:/home/rhobtor/PHD/ARGOSJ8_IA/ARGOSJ8_IA_/install/security_check:/home/rhobtor/PHD/ARGOSJ8_IA/ARGOSJ8_IA_/install/ctl_mission:/home/rhobtor/PHD/ARGOSJ8_IA/ARGOSJ8_IA_/install/ublox_msgs:/home/rhobtor/PHD/ARGOSJ8_IA/ARGOSJ8_IA_/install/ublox_serialization:/home/rhobtor/PHD/ARGOSJ8_IA/ARGOSJ8_IA_/install/spacenav:/home/rhobtor/PHD/ARGOSJ8_IA/ARGOSJ8_IA_/install/laser_segmentation:/home/rhobtor/PHD/ARGOSJ8_IA/ARGOSJ8_IA_/install/slg_msgs:/home/rhobtor/PHD/ARGOSJ8_IA/ARGOSJ8_IA_/install/security_check_interfaces:/home/rhobtor/PHD/ARGOSJ8_IA/ARGOSJ8_IA_/install/joy:/home/rhobtor/PHD/ARGOSJ8_IA/ARGOSJ8_IA_/install/sdl2_vendor:/home/rhobtor/PHD/ARGOSJ8_IA/ARGOSJ8_IA_/install/path_manager:/home/rhobtor/PHD/ARGOSJ8_IA/ARGOSJ8_IA_/install/path_manager_interfaces:/home/rhobtor/PHD/ARGOSJ8_IA/ARGOSJ8_IA_/install/joy_linux:/home/rhobtor/PHD/ARGOSJ8_IA/ARGOSJ8_IA_/install/j8_xacro_model:/home/rhobtor/PHD/ARGOSJ8_IA/ARGOSJ8_IA_/install/hikmicro_thermal_camera:/home/rhobtor/PHD/ARGOSJ8_IA/ARGOSJ8_IA_/install/hector_gazebo_plugins:/home/rhobtor/PHD/ARGOSJ8_IA/ARGOSJ8_IA_/install/fixposition_sensor_pkg:/home/rhobtor/PHD/ARGOSJ8_IA/ARGOSJ8_IA_/install/fixposition_odometry_converter_ros2:/home/rhobtor/PHD/ARGOSJ8_IA/ARGOSJ8_IA_/install/fixposition_driver_ros2:/home/rhobtor/PHD/ARGOSJ8_IA/ARGOSJ8_IA_/install/fixposition_driver_lib:/home/rhobtor/PHD/ARGOSJ8_IA/ARGOSJ8_IA_/install/fixposition_gnss_tf:/home/rhobtor/PHD/ARGOSJ8_IA/ARGOSJ8_IA_/install/ctl_mission_interfaces:/home/rhobtor/PHD/ARGOSJ8_IA/ARGOSJ8_IA_/install/car_cpp:/home/rhobtor/PHD/ARGOSJ8_IA/ARGOSJ8_IA_/install/car_interfaces:/home/rhobtor/PHD/ARGOSJ8_IA/ARGOSJ8_IA_/install/argj801_setup:/home/rhobtor/PHD/ARGOSJ8_IA/ARGOSJ8_IA_/install/argj801_sensors:/home/rhobtor/PHD/ARGOSJ8_IA/ARGOSJ8_IA_/install/argj801_sensors_msgs:/home/rhobtor/PHD/ARGOSJ8_IA/ARGOSJ8_IA_/install/argj801_ctl_platform:/home/rhobtor/PHD/ARGOSJ8_IA/ARGOSJ8_IA_/install/argj801_ctl_platform_interfaces:/home/rhobtor/PHD/model_terrain_ugv/Model_terrain_ugv/install/model_terrain_cpp:/home/rhobtor/PHD/path_dem/install_navigation/path_dem:/home/rhobtor/PHD/path_dem/install/path_dem:/home/rhobtor/PHD/install_global_belief_final/path_dem:/home/rhobtor/PHD/ARGOSJ8_IA/ARGOSJ8_IA_/install/car:/home/rhobtor/PHD/ARGOSJ8_IA/ARGOSJ8_IA_/install/ntrip_client:/home/rhobtor/PHD/ARGOSJ8_IA/ARGOSJ8_IA_/install/j8_gui:/home/rhobtor/PHD/ARGOSJ8_IA/ARGOSJ8_IA_/install/gui:/home/rhobtor/PHD/ARGOSJ8_IA/ARGOSJ8_IA_/install/android_ros2_server:/home/rhobtor/PHD/ARGOSJ8_IA/ARGOSJ8_IA_/install/GUI_pkg:/home/rhobtor/PHD/model_terrain_ugv/Model_terrain_ugv/install/model_terrain:/opt/ros/humble LD_LIBRARY_PATH=/home/rhobtor/PHD/j8_control/J8_control/install/fixposition_driver_ros2/lib:/home/rhobtor/PHD/j8_control/J8_control/install/fixposition_driver_lib/lib:/home/rhobtor/PHD/j8_control/J8_control/install/fixposition_gnss_tf/lib:${LD_LIBRARY_PATH} PKG_CONFIG_PATH=/home/rhobtor/PHD/j8_control/J8_control/install/fixposition_driver_lib/lib/x86_64-linux-gnu/pkgconfig:/home/rhobtor/PHD/j8_control/J8_control/install/fixposition_driver_lib/lib/pkgconfig:/home/rhobtor/PHD/j8_control/J8_control/install/fixposition_gnss_tf/lib/x86_64-linux-gnu/pkgconfig:/home/rhobtor/PHD/j8_control/J8_control/install/fixposition_gnss_tf/lib/pkgconfig:${PKG_CONFIG_PATH} PYTHONPATH=/home/rhobtor/PHD/j8_control/J8_control/install/fixposition_driver_ros2/local/lib/python3.10/dist-packages:${PYTHONPATH} /usr/bin/cmake --build /home/rhobtor/PHD/j8_control/J8_control/build/fixposition_odometry_converter_ros2 -- -j20 -l20
[65.165s] DEBUG:colcon.colcon_core.event_handler.log_command:Invoked command in '/home/rhobtor/PHD/j8_control/J8_control/build/hector_gazebo_plugins' returned '0': CMAKE_PREFIX_PATH=${CMAKE_PREFIX_PATH}:/home/rhobtor/PHD/path_dem/install_navigation/path_dem:/home/rhobtor/PHD/path_dem/install/path_dem:/home/rhobtor/PHD/install_global_belief_final/path_dem:/home/rhobtor/PHD/ARGOSJ8_IA/ARGOSJ8_IA_/install/car:/home/rhobtor/PHD/ARGOSJ8_IA/ARGOSJ8_IA_/install/ntrip_client:/home/rhobtor/PHD/ARGOSJ8_IA/ARGOSJ8_IA_/install/j8_gui:/home/rhobtor/PHD/ARGOSJ8_IA/ARGOSJ8_IA_/install/gui:/home/rhobtor/PHD/ARGOSJ8_IA/ARGOSJ8_IA_/install/android_ros2_server:/home/rhobtor/PHD/ARGOSJ8_IA/ARGOSJ8_IA_/install/GUI_pkg:/home/rhobtor/PHD/model_terrain_ugv/Model_terrain_ugv/install/model_terrain:/opt/ros/humble /usr/bin/cmake --build /home/rhobtor/PHD/j8_control/J8_control/build/hector_gazebo_plugins -- -j20 -l20
[65.167s] DEBUG:colcon.colcon_core.event_handler.log_command:Invoking command in '/home/rhobtor/PHD/j8_control/J8_control/build/hector_gazebo_plugins': CMAKE_PREFIX_PATH=${CMAKE_PREFIX_PATH}:/home/rhobtor/PHD/path_dem/install_navigation/path_dem:/home/rhobtor/PHD/path_dem/install/path_dem:/home/rhobtor/PHD/install_global_belief_final/path_dem:/home/rhobtor/PHD/ARGOSJ8_IA/ARGOSJ8_IA_/install/car:/home/rhobtor/PHD/ARGOSJ8_IA/ARGOSJ8_IA_/install/ntrip_client:/home/rhobtor/PHD/ARGOSJ8_IA/ARGOSJ8_IA_/install/j8_gui:/home/rhobtor/PHD/ARGOSJ8_IA/ARGOSJ8_IA_/install/gui:/home/rhobtor/PHD/ARGOSJ8_IA/ARGOSJ8_IA_/install/android_ros2_server:/home/rhobtor/PHD/ARGOSJ8_IA/ARGOSJ8_IA_/install/GUI_pkg:/home/rhobtor/PHD/model_terrain_ugv/Model_terrain_ugv/install/model_terrain:/opt/ros/humble /usr/bin/cmake --install /home/rhobtor/PHD/j8_control/J8_control/build/hector_gazebo_plugins
[65.246s] Level 1:colcon.colcon_core.environment:create_environment_scripts_only(hector_gazebo_plugins)
[65.246s] Level 1:colcon.colcon_core.environment:checking '/home/rhobtor/PHD/j8_control/J8_control/install/hector_gazebo_plugins' for CMake module files
[65.247s] DEBUG:colcon.colcon_core.event_handler.log_command:Invoked command in '/home/rhobtor/PHD/j8_control/J8_control/build/hector_gazebo_plugins' returned '0': CMAKE_PREFIX_PATH=${CMAKE_PREFIX_PATH}:/home/rhobtor/PHD/path_dem/install_navigation/path_dem:/home/rhobtor/PHD/path_dem/install/path_dem:/home/rhobtor/PHD/install_global_belief_final/path_dem:/home/rhobtor/PHD/ARGOSJ8_IA/ARGOSJ8_IA_/install/car:/home/rhobtor/PHD/ARGOSJ8_IA/ARGOSJ8_IA_/install/ntrip_client:/home/rhobtor/PHD/ARGOSJ8_IA/ARGOSJ8_IA_/install/j8_gui:/home/rhobtor/PHD/ARGOSJ8_IA/ARGOSJ8_IA_/install/gui:/home/rhobtor/PHD/ARGOSJ8_IA/ARGOSJ8_IA_/install/android_ros2_server:/home/rhobtor/PHD/ARGOSJ8_IA/ARGOSJ8_IA_/install/GUI_pkg:/home/rhobtor/PHD/model_terrain_ugv/Model_terrain_ugv/install/model_terrain:/opt/ros/humble /usr/bin/cmake --install /home/rhobtor/PHD/j8_control/J8_control/build/hector_gazebo_plugins
[65.248s] Level 1:colcon.colcon_core.environment:checking '/home/rhobtor/PHD/j8_control/J8_control/install/hector_gazebo_plugins' for CMake config files
[65.248s] Level 1:colcon.colcon_core.shell:create_environment_hook('hector_gazebo_plugins', 'cmake_prefix_path')
[65.248s] INFO:colcon.colcon_core.shell:Creating environment hook '/home/rhobtor/PHD/j8_control/J8_control/install/hector_gazebo_plugins/share/hector_gazebo_plugins/hook/cmake_prefix_path.ps1'
[65.249s] INFO:colcon.colcon_core.shell:Creating environment descriptor '/home/rhobtor/PHD/j8_control/J8_control/install/hector_gazebo_plugins/share/hector_gazebo_plugins/hook/cmake_prefix_path.dsv'
[65.249s] INFO:colcon.colcon_core.shell:Creating environment hook '/home/rhobtor/PHD/j8_control/J8_control/install/hector_gazebo_plugins/share/hector_gazebo_plugins/hook/cmake_prefix_path.sh'
[65.250s] Level 1:colcon.colcon_core.environment:checking '/home/rhobtor/PHD/j8_control/J8_control/install/hector_gazebo_plugins/lib'
[65.250s] Level 1:colcon.colcon_core.shell:create_environment_hook('hector_gazebo_plugins', 'ld_library_path_lib')
[65.251s] INFO:colcon.colcon_core.shell:Creating environment hook '/home/rhobtor/PHD/j8_control/J8_control/install/hector_gazebo_plugins/share/hector_gazebo_plugins/hook/ld_library_path_lib.ps1'
[65.251s] INFO:colcon.colcon_core.shell:Creating environment descriptor '/home/rhobtor/PHD/j8_control/J8_control/install/hector_gazebo_plugins/share/hector_gazebo_plugins/hook/ld_library_path_lib.dsv'
[65.251s] INFO:colcon.colcon_core.shell:Creating environment hook '/home/rhobtor/PHD/j8_control/J8_control/install/hector_gazebo_plugins/share/hector_gazebo_plugins/hook/ld_library_path_lib.sh'
[65.252s] Level 1:colcon.colcon_core.environment:checking '/home/rhobtor/PHD/j8_control/J8_control/install/hector_gazebo_plugins/bin'
[65.252s] Level 1:colcon.colcon_core.environment:checking '/home/rhobtor/PHD/j8_control/J8_control/install/hector_gazebo_plugins/lib/pkgconfig/hector_gazebo_plugins.pc'
[65.252s] Level 1:colcon.colcon_core.environment:checking '/home/rhobtor/PHD/j8_control/J8_control/install/hector_gazebo_plugins/lib/python3.10/site-packages'
[65.252s] Level 1:colcon.colcon_core.environment:checking '/home/rhobtor/PHD/j8_control/J8_control/install/hector_gazebo_plugins/bin'
[65.253s] INFO:colcon.colcon_core.shell:Creating package script '/home/rhobtor/PHD/j8_control/J8_control/install/hector_gazebo_plugins/share/hector_gazebo_plugins/package.ps1'
[65.254s] INFO:colcon.colcon_core.shell:Creating package descriptor '/home/rhobtor/PHD/j8_control/J8_control/install/hector_gazebo_plugins/share/hector_gazebo_plugins/package.dsv'
[65.254s] INFO:colcon.colcon_core.shell:Creating package script '/home/rhobtor/PHD/j8_control/J8_control/install/hector_gazebo_plugins/share/hector_gazebo_plugins/package.sh'
[65.254s] INFO:colcon.colcon_core.shell:Creating package script '/home/rhobtor/PHD/j8_control/J8_control/install/hector_gazebo_plugins/share/hector_gazebo_plugins/package.bash'
[65.255s] INFO:colcon.colcon_core.shell:Creating package script '/home/rhobtor/PHD/j8_control/J8_control/install/hector_gazebo_plugins/share/hector_gazebo_plugins/package.zsh'
[65.255s] Level 1:colcon.colcon_core.environment:create_file_with_runtime_dependencies(/home/rhobtor/PHD/j8_control/J8_control/install/hector_gazebo_plugins/share/colcon-core/packages/hector_gazebo_plugins)
[65.256s] Level 1:colcon.colcon_core.environment:create_environment_scripts_only(hector_gazebo_plugins)
[65.256s] Level 1:colcon.colcon_core.environment:checking '/home/rhobtor/PHD/j8_control/J8_control/install/hector_gazebo_plugins' for CMake module files
[65.257s] Level 1:colcon.colcon_core.environment:checking '/home/rhobtor/PHD/j8_control/J8_control/install/hector_gazebo_plugins' for CMake config files
[65.257s] Level 1:colcon.colcon_core.shell:create_environment_hook('hector_gazebo_plugins', 'cmake_prefix_path')
[65.257s] INFO:colcon.colcon_core.shell:Creating environment hook '/home/rhobtor/PHD/j8_control/J8_control/install/hector_gazebo_plugins/share/hector_gazebo_plugins/hook/cmake_prefix_path.ps1'
[65.258s] INFO:colcon.colcon_core.shell:Creating environment descriptor '/home/rhobtor/PHD/j8_control/J8_control/install/hector_gazebo_plugins/share/hector_gazebo_plugins/hook/cmake_prefix_path.dsv'
[65.258s] INFO:colcon.colcon_core.shell:Creating environment hook '/home/rhobtor/PHD/j8_control/J8_control/install/hector_gazebo_plugins/share/hector_gazebo_plugins/hook/cmake_prefix_path.sh'
[65.259s] Level 1:colcon.colcon_core.environment:checking '/home/rhobtor/PHD/j8_control/J8_control/install/hector_gazebo_plugins/lib'
[65.259s] Level 1:colcon.colcon_core.shell:create_environment_hook('hector_gazebo_plugins', 'ld_library_path_lib')
[65.259s] INFO:colcon.colcon_core.shell:Creating environment hook '/home/rhobtor/PHD/j8_control/J8_control/install/hector_gazebo_plugins/share/hector_gazebo_plugins/hook/ld_library_path_lib.ps1'
[65.260s] INFO:colcon.colcon_core.shell:Creating environment descriptor '/home/rhobtor/PHD/j8_control/J8_control/install/hector_gazebo_plugins/share/hector_gazebo_plugins/hook/ld_library_path_lib.dsv'
[65.260s] INFO:colcon.colcon_core.shell:Creating environment hook '/home/rhobtor/PHD/j8_control/J8_control/install/hector_gazebo_plugins/share/hector_gazebo_plugins/hook/ld_library_path_lib.sh'
[65.261s] Level 1:colcon.colcon_core.environment:checking '/home/rhobtor/PHD/j8_control/J8_control/install/hector_gazebo_plugins/bin'
[65.261s] Level 1:colcon.colcon_core.environment:checking '/home/rhobtor/PHD/j8_control/J8_control/install/hector_gazebo_plugins/lib/pkgconfig/hector_gazebo_plugins.pc'
[65.261s] Level 1:colcon.colcon_core.environment:checking '/home/rhobtor/PHD/j8_control/J8_control/install/hector_gazebo_plugins/lib/python3.10/site-packages'
[65.261s] Level 1:colcon.colcon_core.environment:checking '/home/rhobtor/PHD/j8_control/J8_control/install/hector_gazebo_plugins/bin'
[65.261s] INFO:colcon.colcon_core.shell:Creating package script '/home/rhobtor/PHD/j8_control/J8_control/install/hector_gazebo_plugins/share/hector_gazebo_plugins/package.ps1'
[65.262s] INFO:colcon.colcon_core.shell:Creating package descriptor '/home/rhobtor/PHD/j8_control/J8_control/install/hector_gazebo_plugins/share/hector_gazebo_plugins/package.dsv'
[65.262s] INFO:colcon.colcon_core.shell:Creating package script '/home/rhobtor/PHD/j8_control/J8_control/install/hector_gazebo_plugins/share/hector_gazebo_plugins/package.sh'
[65.263s] INFO:colcon.colcon_core.shell:Creating package script '/home/rhobtor/PHD/j8_control/J8_control/install/hector_gazebo_plugins/share/hector_gazebo_plugins/package.bash'
[65.263s] INFO:colcon.colcon_core.shell:Creating package script '/home/rhobtor/PHD/j8_control/J8_control/install/hector_gazebo_plugins/share/hector_gazebo_plugins/package.zsh'
[65.263s] Level 1:colcon.colcon_core.environment:create_file_with_runtime_dependencies(/home/rhobtor/PHD/j8_control/J8_control/install/hector_gazebo_plugins/share/colcon-core/packages/hector_gazebo_plugins)
[83.722s] DEBUG:colcon.colcon_core.event_handler.log_command:Invoked command in '/home/rhobtor/PHD/j8_control/J8_control/build/fixposition_odometry_converter_ros2' returned '0': AMENT_PREFIX_PATH=/home/rhobtor/PHD/j8_control/J8_control/install/fixposition_driver_ros2:${AMENT_PREFIX_PATH} CMAKE_PREFIX_PATH=/home/rhobtor/PHD/j8_control/J8_control/install/fixposition_driver_ros2:/home/rhobtor/PHD/j8_control/J8_control/install/fixposition_driver_lib:/home/rhobtor/PHD/j8_control/J8_control/install/fixposition_gnss_tf:/home/rhobtor/PHD/ARGOSJ8_IA/ARGOSJ8_IA_/install/wiimote_msgs:/home/rhobtor/PHD/ARGOSJ8_IA/ARGOSJ8_IA_/install/ublox:/home/rhobtor/PHD/ARGOSJ8_IA/ARGOSJ8_IA_/install/ublox_gps:/home/rhobtor/PHD/ARGOSJ8_IA/ARGOSJ8_IA_/install/security_check:/home/rhobtor/PHD/ARGOSJ8_IA/ARGOSJ8_IA_/install/ctl_mission:/home/rhobtor/PHD/ARGOSJ8_IA/ARGOSJ8_IA_/install/ublox_msgs:/home/rhobtor/PHD/ARGOSJ8_IA/ARGOSJ8_IA_/install/ublox_serialization:/home/rhobtor/PHD/ARGOSJ8_IA/ARGOSJ8_IA_/install/spacenav:/home/rhobtor/PHD/ARGOSJ8_IA/ARGOSJ8_IA_/install/laser_segmentation:/home/rhobtor/PHD/ARGOSJ8_IA/ARGOSJ8_IA_/install/slg_msgs:/home/rhobtor/PHD/ARGOSJ8_IA/ARGOSJ8_IA_/install/security_check_interfaces:/home/rhobtor/PHD/ARGOSJ8_IA/ARGOSJ8_IA_/install/joy:/home/rhobtor/PHD/ARGOSJ8_IA/ARGOSJ8_IA_/install/sdl2_vendor:/home/rhobtor/PHD/ARGOSJ8_IA/ARGOSJ8_IA_/install/path_manager:/home/rhobtor/PHD/ARGOSJ8_IA/ARGOSJ8_IA_/install/path_manager_interfaces:/home/rhobtor/PHD/ARGOSJ8_IA/ARGOSJ8_IA_/install/joy_linux:/home/rhobtor/PHD/ARGOSJ8_IA/ARGOSJ8_IA_/install/j8_xacro_model:/home/rhobtor/PHD/ARGOSJ8_IA/ARGOSJ8_IA_/install/hikmicro_thermal_camera:/home/rhobtor/PHD/ARGOSJ8_IA/ARGOSJ8_IA_/install/hector_gazebo_plugins:/home/rhobtor/PHD/ARGOSJ8_IA/ARGOSJ8_IA_/install/fixposition_sensor_pkg:/home/rhobtor/PHD/ARGOSJ8_IA/ARGOSJ8_IA_/install/fixposition_odometry_converter_ros2:/home/rhobtor/PHD/ARGOSJ8_IA/ARGOSJ8_IA_/install/fixposition_driver_ros2:/home/rhobtor/PHD/ARGOSJ8_IA/ARGOSJ8_IA_/install/fixposition_driver_lib:/home/rhobtor/PHD/ARGOSJ8_IA/ARGOSJ8_IA_/install/fixposition_gnss_tf:/home/rhobtor/PHD/ARGOSJ8_IA/ARGOSJ8_IA_/install/ctl_mission_interfaces:/home/rhobtor/PHD/ARGOSJ8_IA/ARGOSJ8_IA_/install/car_cpp:/home/rhobtor/PHD/ARGOSJ8_IA/ARGOSJ8_IA_/install/car_interfaces:/home/rhobtor/PHD/ARGOSJ8_IA/ARGOSJ8_IA_/install/argj801_setup:/home/rhobtor/PHD/ARGOSJ8_IA/ARGOSJ8_IA_/install/argj801_sensors:/home/rhobtor/PHD/ARGOSJ8_IA/ARGOSJ8_IA_/install/argj801_sensors_msgs:/home/rhobtor/PHD/ARGOSJ8_IA/ARGOSJ8_IA_/install/argj801_ctl_platform:/home/rhobtor/PHD/ARGOSJ8_IA/ARGOSJ8_IA_/install/argj801_ctl_platform_interfaces:/home/rhobtor/PHD/model_terrain_ugv/Model_terrain_ugv/install/model_terrain_cpp:/home/rhobtor/PHD/path_dem/install_navigation/path_dem:/home/rhobtor/PHD/path_dem/install/path_dem:/home/rhobtor/PHD/install_global_belief_final/path_dem:/home/rhobtor/PHD/ARGOSJ8_IA/ARGOSJ8_IA_/install/car:/home/rhobtor/PHD/ARGOSJ8_IA/ARGOSJ8_IA_/install/ntrip_client:/home/rhobtor/PHD/ARGOSJ8_IA/ARGOSJ8_IA_/install/j8_gui:/home/rhobtor/PHD/ARGOSJ8_IA/ARGOSJ8_IA_/install/gui:/home/rhobtor/PHD/ARGOSJ8_IA/ARGOSJ8_IA_/install/android_ros2_server:/home/rhobtor/PHD/ARGOSJ8_IA/ARGOSJ8_IA_/install/GUI_pkg:/home/rhobtor/PHD/model_terrain_ugv/Model_terrain_ugv/install/model_terrain:/opt/ros/humble LD_LIBRARY_PATH=/home/rhobtor/PHD/j8_control/J8_control/install/fixposition_driver_ros2/lib:/home/rhobtor/PHD/j8_control/J8_control/install/fixposition_driver_lib/lib:/home/rhobtor/PHD/j8_control/J8_control/install/fixposition_gnss_tf/lib:${LD_LIBRARY_PATH} PKG_CONFIG_PATH=/home/rhobtor/PHD/j8_control/J8_control/install/fixposition_driver_lib/lib/x86_64-linux-gnu/pkgconfig:/home/rhobtor/PHD/j8_control/J8_control/install/fixposition_driver_lib/lib/pkgconfig:/home/rhobtor/PHD/j8_control/J8_control/install/fixposition_gnss_tf/lib/x86_64-linux-gnu/pkgconfig:/home/rhobtor/PHD/j8_control/J8_control/install/fixposition_gnss_tf/lib/pkgconfig:${PKG_CONFIG_PATH} PYTHONPATH=/home/rhobtor/PHD/j8_control/J8_control/install/fixposition_driver_ros2/local/lib/python3.10/dist-packages:${PYTHONPATH} /usr/bin/cmake --build /home/rhobtor/PHD/j8_control/J8_control/build/fixposition_odometry_converter_ros2 -- -j20 -l20
[83.724s] DEBUG:colcon.colcon_core.event_handler.log_command:Invoking command in '/home/rhobtor/PHD/j8_control/J8_control/build/fixposition_odometry_converter_ros2': AMENT_PREFIX_PATH=/home/rhobtor/PHD/j8_control/J8_control/install/fixposition_driver_ros2:${AMENT_PREFIX_PATH} CMAKE_PREFIX_PATH=/home/rhobtor/PHD/j8_control/J8_control/install/fixposition_driver_ros2:/home/rhobtor/PHD/j8_control/J8_control/install/fixposition_driver_lib:/home/rhobtor/PHD/j8_control/J8_control/install/fixposition_gnss_tf:/home/rhobtor/PHD/ARGOSJ8_IA/ARGOSJ8_IA_/install/wiimote_msgs:/home/rhobtor/PHD/ARGOSJ8_IA/ARGOSJ8_IA_/install/ublox:/home/rhobtor/PHD/ARGOSJ8_IA/ARGOSJ8_IA_/install/ublox_gps:/home/rhobtor/PHD/ARGOSJ8_IA/ARGOSJ8_IA_/install/security_check:/home/rhobtor/PHD/ARGOSJ8_IA/ARGOSJ8_IA_/install/ctl_mission:/home/rhobtor/PHD/ARGOSJ8_IA/ARGOSJ8_IA_/install/ublox_msgs:/home/rhobtor/PHD/ARGOSJ8_IA/ARGOSJ8_IA_/install/ublox_serialization:/home/rhobtor/PHD/ARGOSJ8_IA/ARGOSJ8_IA_/install/spacenav:/home/rhobtor/PHD/ARGOSJ8_IA/ARGOSJ8_IA_/install/laser_segmentation:/home/rhobtor/PHD/ARGOSJ8_IA/ARGOSJ8_IA_/install/slg_msgs:/home/rhobtor/PHD/ARGOSJ8_IA/ARGOSJ8_IA_/install/security_check_interfaces:/home/rhobtor/PHD/ARGOSJ8_IA/ARGOSJ8_IA_/install/joy:/home/rhobtor/PHD/ARGOSJ8_IA/ARGOSJ8_IA_/install/sdl2_vendor:/home/rhobtor/PHD/ARGOSJ8_IA/ARGOSJ8_IA_/install/path_manager:/home/rhobtor/PHD/ARGOSJ8_IA/ARGOSJ8_IA_/install/path_manager_interfaces:/home/rhobtor/PHD/ARGOSJ8_IA/ARGOSJ8_IA_/install/joy_linux:/home/rhobtor/PHD/ARGOSJ8_IA/ARGOSJ8_IA_/install/j8_xacro_model:/home/rhobtor/PHD/ARGOSJ8_IA/ARGOSJ8_IA_/install/hikmicro_thermal_camera:/home/rhobtor/PHD/ARGOSJ8_IA/ARGOSJ8_IA_/install/hector_gazebo_plugins:/home/rhobtor/PHD/ARGOSJ8_IA/ARGOSJ8_IA_/install/fixposition_sensor_pkg:/home/rhobtor/PHD/ARGOSJ8_IA/ARGOSJ8_IA_/install/fixposition_odometry_converter_ros2:/home/rhobtor/PHD/ARGOSJ8_IA/ARGOSJ8_IA_/install/fixposition_driver_ros2:/home/rhobtor/PHD/ARGOSJ8_IA/ARGOSJ8_IA_/install/fixposition_driver_lib:/home/rhobtor/PHD/ARGOSJ8_IA/ARGOSJ8_IA_/install/fixposition_gnss_tf:/home/rhobtor/PHD/ARGOSJ8_IA/ARGOSJ8_IA_/install/ctl_mission_interfaces:/home/rhobtor/PHD/ARGOSJ8_IA/ARGOSJ8_IA_/install/car_cpp:/home/rhobtor/PHD/ARGOSJ8_IA/ARGOSJ8_IA_/install/car_interfaces:/home/rhobtor/PHD/ARGOSJ8_IA/ARGOSJ8_IA_/install/argj801_setup:/home/rhobtor/PHD/ARGOSJ8_IA/ARGOSJ8_IA_/install/argj801_sensors:/home/rhobtor/PHD/ARGOSJ8_IA/ARGOSJ8_IA_/install/argj801_sensors_msgs:/home/rhobtor/PHD/ARGOSJ8_IA/ARGOSJ8_IA_/install/argj801_ctl_platform:/home/rhobtor/PHD/ARGOSJ8_IA/ARGOSJ8_IA_/install/argj801_ctl_platform_interfaces:/home/rhobtor/PHD/model_terrain_ugv/Model_terrain_ugv/install/model_terrain_cpp:/home/rhobtor/PHD/path_dem/install_navigation/path_dem:/home/rhobtor/PHD/path_dem/install/path_dem:/home/rhobtor/PHD/install_global_belief_final/path_dem:/home/rhobtor/PHD/ARGOSJ8_IA/ARGOSJ8_IA_/install/car:/home/rhobtor/PHD/ARGOSJ8_IA/ARGOSJ8_IA_/install/ntrip_client:/home/rhobtor/PHD/ARGOSJ8_IA/ARGOSJ8_IA_/install/j8_gui:/home/rhobtor/PHD/ARGOSJ8_IA/ARGOSJ8_IA_/install/gui:/home/rhobtor/PHD/ARGOSJ8_IA/ARGOSJ8_IA_/install/android_ros2_server:/home/rhobtor/PHD/ARGOSJ8_IA/ARGOSJ8_IA_/install/GUI_pkg:/home/rhobtor/PHD/model_terrain_ugv/Model_terrain_ugv/install/model_terrain:/opt/ros/humble LD_LIBRARY_PATH=/home/rhobtor/PHD/j8_control/J8_control/install/fixposition_driver_ros2/lib:/home/rhobtor/PHD/j8_control/J8_control/install/fixposition_driver_lib/lib:/home/rhobtor/PHD/j8_control/J8_control/install/fixposition_gnss_tf/lib:${LD_LIBRARY_PATH} PKG_CONFIG_PATH=/home/rhobtor/PHD/j8_control/J8_control/install/fixposition_driver_lib/lib/x86_64-linux-gnu/pkgconfig:/home/rhobtor/PHD/j8_control/J8_control/install/fixposition_driver_lib/lib/pkgconfig:/home/rhobtor/PHD/j8_control/J8_control/install/fixposition_gnss_tf/lib/x86_64-linux-gnu/pkgconfig:/home/rhobtor/PHD/j8_control/J8_control/install/fixposition_gnss_tf/lib/pkgconfig:${PKG_CONFIG_PATH} PYTHONPATH=/home/rhobtor/PHD/j8_control/J8_control/install/fixposition_driver_ros2/local/lib/python3.10/dist-packages:${PYTHONPATH} /usr/bin/cmake --install /home/rhobtor/PHD/j8_control/J8_control/build/fixposition_odometry_converter_ros2
[83.738s] Level 1:colcon.colcon_core.environment:create_environment_scripts_only(fixposition_odometry_converter_ros2)
[83.738s] Level 1:colcon.colcon_core.environment:checking '/home/rhobtor/PHD/j8_control/J8_control/install/fixposition_odometry_converter_ros2' for CMake module files
[83.739s] DEBUG:colcon.colcon_core.event_handler.log_command:Invoked command in '/home/rhobtor/PHD/j8_control/J8_control/build/fixposition_odometry_converter_ros2' returned '0': AMENT_PREFIX_PATH=/home/rhobtor/PHD/j8_control/J8_control/install/fixposition_driver_ros2:${AMENT_PREFIX_PATH} CMAKE_PREFIX_PATH=/home/rhobtor/PHD/j8_control/J8_control/install/fixposition_driver_ros2:/home/rhobtor/PHD/j8_control/J8_control/install/fixposition_driver_lib:/home/rhobtor/PHD/j8_control/J8_control/install/fixposition_gnss_tf:/home/rhobtor/PHD/ARGOSJ8_IA/ARGOSJ8_IA_/install/wiimote_msgs:/home/rhobtor/PHD/ARGOSJ8_IA/ARGOSJ8_IA_/install/ublox:/home/rhobtor/PHD/ARGOSJ8_IA/ARGOSJ8_IA_/install/ublox_gps:/home/rhobtor/PHD/ARGOSJ8_IA/ARGOSJ8_IA_/install/security_check:/home/rhobtor/PHD/ARGOSJ8_IA/ARGOSJ8_IA_/install/ctl_mission:/home/rhobtor/PHD/ARGOSJ8_IA/ARGOSJ8_IA_/install/ublox_msgs:/home/rhobtor/PHD/ARGOSJ8_IA/ARGOSJ8_IA_/install/ublox_serialization:/home/rhobtor/PHD/ARGOSJ8_IA/ARGOSJ8_IA_/install/spacenav:/home/rhobtor/PHD/ARGOSJ8_IA/ARGOSJ8_IA_/install/laser_segmentation:/home/rhobtor/PHD/ARGOSJ8_IA/ARGOSJ8_IA_/install/slg_msgs:/home/rhobtor/PHD/ARGOSJ8_IA/ARGOSJ8_IA_/install/security_check_interfaces:/home/rhobtor/PHD/ARGOSJ8_IA/ARGOSJ8_IA_/install/joy:/home/rhobtor/PHD/ARGOSJ8_IA/ARGOSJ8_IA_/install/sdl2_vendor:/home/rhobtor/PHD/ARGOSJ8_IA/ARGOSJ8_IA_/install/path_manager:/home/rhobtor/PHD/ARGOSJ8_IA/ARGOSJ8_IA_/install/path_manager_interfaces:/home/rhobtor/PHD/ARGOSJ8_IA/ARGOSJ8_IA_/install/joy_linux:/home/rhobtor/PHD/ARGOSJ8_IA/ARGOSJ8_IA_/install/j8_xacro_model:/home/rhobtor/PHD/ARGOSJ8_IA/ARGOSJ8_IA_/install/hikmicro_thermal_camera:/home/rhobtor/PHD/ARGOSJ8_IA/ARGOSJ8_IA_/install/hector_gazebo_plugins:/home/rhobtor/PHD/ARGOSJ8_IA/ARGOSJ8_IA_/install/fixposition_sensor_pkg:/home/rhobtor/PHD/ARGOSJ8_IA/ARGOSJ8_IA_/install/fixposition_odometry_converter_ros2:/home/rhobtor/PHD/ARGOSJ8_IA/ARGOSJ8_IA_/install/fixposition_driver_ros2:/home/rhobtor/PHD/ARGOSJ8_IA/ARGOSJ8_IA_/install/fixposition_driver_lib:/home/rhobtor/PHD/ARGOSJ8_IA/ARGOSJ8_IA_/install/fixposition_gnss_tf:/home/rhobtor/PHD/ARGOSJ8_IA/ARGOSJ8_IA_/install/ctl_mission_interfaces:/home/rhobtor/PHD/ARGOSJ8_IA/ARGOSJ8_IA_/install/car_cpp:/home/rhobtor/PHD/ARGOSJ8_IA/ARGOSJ8_IA_/install/car_interfaces:/home/rhobtor/PHD/ARGOSJ8_IA/ARGOSJ8_IA_/install/argj801_setup:/home/rhobtor/PHD/ARGOSJ8_IA/ARGOSJ8_IA_/install/argj801_sensors:/home/rhobtor/PHD/ARGOSJ8_IA/ARGOSJ8_IA_/install/argj801_sensors_msgs:/home/rhobtor/PHD/ARGOSJ8_IA/ARGOSJ8_IA_/install/argj801_ctl_platform:/home/rhobtor/PHD/ARGOSJ8_IA/ARGOSJ8_IA_/install/argj801_ctl_platform_interfaces:/home/rhobtor/PHD/model_terrain_ugv/Model_terrain_ugv/install/model_terrain_cpp:/home/rhobtor/PHD/path_dem/install_navigation/path_dem:/home/rhobtor/PHD/path_dem/install/path_dem:/home/rhobtor/PHD/install_global_belief_final/path_dem:/home/rhobtor/PHD/ARGOSJ8_IA/ARGOSJ8_IA_/install/car:/home/rhobtor/PHD/ARGOSJ8_IA/ARGOSJ8_IA_/install/ntrip_client:/home/rhobtor/PHD/ARGOSJ8_IA/ARGOSJ8_IA_/install/j8_gui:/home/rhobtor/PHD/ARGOSJ8_IA/ARGOSJ8_IA_/install/gui:/home/rhobtor/PHD/ARGOSJ8_IA/ARGOSJ8_IA_/install/android_ros2_server:/home/rhobtor/PHD/ARGOSJ8_IA/ARGOSJ8_IA_/install/GUI_pkg:/home/rhobtor/PHD/model_terrain_ugv/Model_terrain_ugv/install/model_terrain:/opt/ros/humble LD_LIBRARY_PATH=/home/rhobtor/PHD/j8_control/J8_control/install/fixposition_driver_ros2/lib:/home/rhobtor/PHD/j8_control/J8_control/install/fixposition_driver_lib/lib:/home/rhobtor/PHD/j8_control/J8_control/install/fixposition_gnss_tf/lib:${LD_LIBRARY_PATH} PKG_CONFIG_PATH=/home/rhobtor/PHD/j8_control/J8_control/install/fixposition_driver_lib/lib/x86_64-linux-gnu/pkgconfig:/home/rhobtor/PHD/j8_control/J8_control/install/fixposition_driver_lib/lib/pkgconfig:/home/rhobtor/PHD/j8_control/J8_control/install/fixposition_gnss_tf/lib/x86_64-linux-gnu/pkgconfig:/home/rhobtor/PHD/j8_control/J8_control/install/fixposition_gnss_tf/lib/pkgconfig:${PKG_CONFIG_PATH} PYTHONPATH=/home/rhobtor/PHD/j8_control/J8_control/install/fixposition_driver_ros2/local/lib/python3.10/dist-packages:${PYTHONPATH} /usr/bin/cmake --install /home/rhobtor/PHD/j8_control/J8_control/build/fixposition_odometry_converter_ros2
[83.739s] Level 1:colcon.colcon_core.environment:checking '/home/rhobtor/PHD/j8_control/J8_control/install/fixposition_odometry_converter_ros2' for CMake config files
[83.740s] Level 1:colcon.colcon_core.shell:create_environment_hook('fixposition_odometry_converter_ros2', 'cmake_prefix_path')
[83.740s] INFO:colcon.colcon_core.shell:Creating environment hook '/home/rhobtor/PHD/j8_control/J8_control/install/fixposition_odometry_converter_ros2/share/fixposition_odometry_converter_ros2/hook/cmake_prefix_path.ps1'
[83.740s] INFO:colcon.colcon_core.shell:Creating environment descriptor '/home/rhobtor/PHD/j8_control/J8_control/install/fixposition_odometry_converter_ros2/share/fixposition_odometry_converter_ros2/hook/cmake_prefix_path.dsv'
[83.741s] INFO:colcon.colcon_core.shell:Creating environment hook '/home/rhobtor/PHD/j8_control/J8_control/install/fixposition_odometry_converter_ros2/share/fixposition_odometry_converter_ros2/hook/cmake_prefix_path.sh'
[83.741s] Level 1:colcon.colcon_core.environment:checking '/home/rhobtor/PHD/j8_control/J8_control/install/fixposition_odometry_converter_ros2/lib'
[83.741s] Level 1:colcon.colcon_core.shell:create_environment_hook('fixposition_odometry_converter_ros2', 'ld_library_path_lib')
[83.741s] INFO:colcon.colcon_core.shell:Creating environment hook '/home/rhobtor/PHD/j8_control/J8_control/install/fixposition_odometry_converter_ros2/share/fixposition_odometry_converter_ros2/hook/ld_library_path_lib.ps1'
[83.742s] INFO:colcon.colcon_core.shell:Creating environment descriptor '/home/rhobtor/PHD/j8_control/J8_control/install/fixposition_odometry_converter_ros2/share/fixposition_odometry_converter_ros2/hook/ld_library_path_lib.dsv'
[83.742s] INFO:colcon.colcon_core.shell:Creating environment hook '/home/rhobtor/PHD/j8_control/J8_control/install/fixposition_odometry_converter_ros2/share/fixposition_odometry_converter_ros2/hook/ld_library_path_lib.sh'
[83.742s] Level 1:colcon.colcon_core.environment:checking '/home/rhobtor/PHD/j8_control/J8_control/install/fixposition_odometry_converter_ros2/bin'
[83.742s] Level 1:colcon.colcon_core.environment:checking '/home/rhobtor/PHD/j8_control/J8_control/install/fixposition_odometry_converter_ros2/lib/pkgconfig/fixposition_odometry_converter_ros2.pc'
[83.742s] Level 1:colcon.colcon_core.environment:checking '/home/rhobtor/PHD/j8_control/J8_control/install/fixposition_odometry_converter_ros2/lib/python3.10/site-packages'
[83.742s] Level 1:colcon.colcon_core.environment:checking '/home/rhobtor/PHD/j8_control/J8_control/install/fixposition_odometry_converter_ros2/bin'
[83.743s] INFO:colcon.colcon_core.shell:Creating package script '/home/rhobtor/PHD/j8_control/J8_control/install/fixposition_odometry_converter_ros2/share/fixposition_odometry_converter_ros2/package.ps1'
[83.743s] INFO:colcon.colcon_core.shell:Creating package descriptor '/home/rhobtor/PHD/j8_control/J8_control/install/fixposition_odometry_converter_ros2/share/fixposition_odometry_converter_ros2/package.dsv'
[83.743s] INFO:colcon.colcon_core.shell:Creating package script '/home/rhobtor/PHD/j8_control/J8_control/install/fixposition_odometry_converter_ros2/share/fixposition_odometry_converter_ros2/package.sh'
[83.743s] INFO:colcon.colcon_core.shell:Creating package script '/home/rhobtor/PHD/j8_control/J8_control/install/fixposition_odometry_converter_ros2/share/fixposition_odometry_converter_ros2/package.bash'
[83.744s] INFO:colcon.colcon_core.shell:Creating package script '/home/rhobtor/PHD/j8_control/J8_control/install/fixposition_odometry_converter_ros2/share/fixposition_odometry_converter_ros2/package.zsh'
[83.744s] Level 1:colcon.colcon_core.environment:create_file_with_runtime_dependencies(/home/rhobtor/PHD/j8_control/J8_control/install/fixposition_odometry_converter_ros2/share/colcon-core/packages/fixposition_odometry_converter_ros2)
[83.744s] Level 1:colcon.colcon_core.environment:create_environment_scripts_only(fixposition_odometry_converter_ros2)
[83.744s] Level 1:colcon.colcon_core.environment:checking '/home/rhobtor/PHD/j8_control/J8_control/install/fixposition_odometry_converter_ros2' for CMake module files
[83.744s] Level 1:colcon.colcon_core.environment:checking '/home/rhobtor/PHD/j8_control/J8_control/install/fixposition_odometry_converter_ros2' for CMake config files
[83.745s] Level 1:colcon.colcon_core.shell:create_environment_hook('fixposition_odometry_converter_ros2', 'cmake_prefix_path')
[83.745s] INFO:colcon.colcon_core.shell:Creating environment hook '/home/rhobtor/PHD/j8_control/J8_control/install/fixposition_odometry_converter_ros2/share/fixposition_odometry_converter_ros2/hook/cmake_prefix_path.ps1'
[83.745s] INFO:colcon.colcon_core.shell:Creating environment descriptor '/home/rhobtor/PHD/j8_control/J8_control/install/fixposition_odometry_converter_ros2/share/fixposition_odometry_converter_ros2/hook/cmake_prefix_path.dsv'
[83.745s] INFO:colcon.colcon_core.shell:Creating environment hook '/home/rhobtor/PHD/j8_control/J8_control/install/fixposition_odometry_converter_ros2/share/fixposition_odometry_converter_ros2/hook/cmake_prefix_path.sh'
[83.745s] Level 1:colcon.colcon_core.environment:checking '/home/rhobtor/PHD/j8_control/J8_control/install/fixposition_odometry_converter_ros2/lib'
[83.745s] Level 1:colcon.colcon_core.shell:create_environment_hook('fixposition_odometry_converter_ros2', 'ld_library_path_lib')
[83.746s] INFO:colcon.colcon_core.shell:Creating environment hook '/home/rhobtor/PHD/j8_control/J8_control/install/fixposition_odometry_converter_ros2/share/fixposition_odometry_converter_ros2/hook/ld_library_path_lib.ps1'
[83.746s] INFO:colcon.colcon_core.shell:Creating environment descriptor '/home/rhobtor/PHD/j8_control/J8_control/install/fixposition_odometry_converter_ros2/share/fixposition_odometry_converter_ros2/hook/ld_library_path_lib.dsv'
[83.746s] INFO:colcon.colcon_core.shell:Creating environment hook '/home/rhobtor/PHD/j8_control/J8_control/install/fixposition_odometry_converter_ros2/share/fixposition_odometry_converter_ros2/hook/ld_library_path_lib.sh'
[83.746s] Level 1:colcon.colcon_core.environment:checking '/home/rhobtor/PHD/j8_control/J8_control/install/fixposition_odometry_converter_ros2/bin'
[83.746s] Level 1:colcon.colcon_core.environment:checking '/home/rhobtor/PHD/j8_control/J8_control/install/fixposition_odometry_converter_ros2/lib/pkgconfig/fixposition_odometry_converter_ros2.pc'
[83.746s] Level 1:colcon.colcon_core.environment:checking '/home/rhobtor/PHD/j8_control/J8_control/install/fixposition_odometry_converter_ros2/lib/python3.10/site-packages'
[83.746s] Level 1:colcon.colcon_core.environment:checking '/home/rhobtor/PHD/j8_control/J8_control/install/fixposition_odometry_converter_ros2/bin'
[83.747s] INFO:colcon.colcon_core.shell:Creating package script '/home/rhobtor/PHD/j8_control/J8_control/install/fixposition_odometry_converter_ros2/share/fixposition_odometry_converter_ros2/package.ps1'
[83.747s] INFO:colcon.colcon_core.shell:Creating package descriptor '/home/rhobtor/PHD/j8_control/J8_control/install/fixposition_odometry_converter_ros2/share/fixposition_odometry_converter_ros2/package.dsv'
[83.747s] INFO:colcon.colcon_core.shell:Creating package script '/home/rhobtor/PHD/j8_control/J8_control/install/fixposition_odometry_converter_ros2/share/fixposition_odometry_converter_ros2/package.sh'
[83.748s] INFO:colcon.colcon_core.shell:Creating package script '/home/rhobtor/PHD/j8_control/J8_control/install/fixposition_odometry_converter_ros2/share/fixposition_odometry_converter_ros2/package.bash'
[83.748s] INFO:colcon.colcon_core.shell:Creating package script '/home/rhobtor/PHD/j8_control/J8_control/install/fixposition_odometry_converter_ros2/share/fixposition_odometry_converter_ros2/package.zsh'
[83.748s] Level 1:colcon.colcon_core.environment:create_file_with_runtime_dependencies(/home/rhobtor/PHD/j8_control/J8_control/install/fixposition_odometry_converter_ros2/share/colcon-core/packages/fixposition_odometry_converter_ros2)
[84.615s] DEBUG:colcon.colcon_core.event_handler.log_command:Invoked command in '/home/rhobtor/PHD/j8_control/J8_control/build/car_cpp' returned '0': AMENT_PREFIX_PATH=/home/rhobtor/PHD/j8_control/J8_control/install/car_interfaces:${AMENT_PREFIX_PATH} CMAKE_PREFIX_PATH=/home/rhobtor/PHD/j8_control/J8_control/install/car_interfaces:/home/rhobtor/PHD/ARGOSJ8_IA/ARGOSJ8_IA_/install/wiimote_msgs:/home/rhobtor/PHD/ARGOSJ8_IA/ARGOSJ8_IA_/install/ublox:/home/rhobtor/PHD/ARGOSJ8_IA/ARGOSJ8_IA_/install/ublox_gps:/home/rhobtor/PHD/ARGOSJ8_IA/ARGOSJ8_IA_/install/security_check:/home/rhobtor/PHD/ARGOSJ8_IA/ARGOSJ8_IA_/install/ctl_mission:/home/rhobtor/PHD/ARGOSJ8_IA/ARGOSJ8_IA_/install/ublox_msgs:/home/rhobtor/PHD/ARGOSJ8_IA/ARGOSJ8_IA_/install/ublox_serialization:/home/rhobtor/PHD/ARGOSJ8_IA/ARGOSJ8_IA_/install/spacenav:/home/rhobtor/PHD/ARGOSJ8_IA/ARGOSJ8_IA_/install/laser_segmentation:/home/rhobtor/PHD/ARGOSJ8_IA/ARGOSJ8_IA_/install/slg_msgs:/home/rhobtor/PHD/ARGOSJ8_IA/ARGOSJ8_IA_/install/security_check_interfaces:/home/rhobtor/PHD/ARGOSJ8_IA/ARGOSJ8_IA_/install/joy:/home/rhobtor/PHD/ARGOSJ8_IA/ARGOSJ8_IA_/install/sdl2_vendor:/home/rhobtor/PHD/ARGOSJ8_IA/ARGOSJ8_IA_/install/path_manager:/home/rhobtor/PHD/ARGOSJ8_IA/ARGOSJ8_IA_/install/path_manager_interfaces:/home/rhobtor/PHD/ARGOSJ8_IA/ARGOSJ8_IA_/install/joy_linux:/home/rhobtor/PHD/ARGOSJ8_IA/ARGOSJ8_IA_/install/j8_xacro_model:/home/rhobtor/PHD/ARGOSJ8_IA/ARGOSJ8_IA_/install/hikmicro_thermal_camera:/home/rhobtor/PHD/ARGOSJ8_IA/ARGOSJ8_IA_/install/hector_gazebo_plugins:/home/rhobtor/PHD/ARGOSJ8_IA/ARGOSJ8_IA_/install/fixposition_sensor_pkg:/home/rhobtor/PHD/ARGOSJ8_IA/ARGOSJ8_IA_/install/fixposition_odometry_converter_ros2:/home/rhobtor/PHD/ARGOSJ8_IA/ARGOSJ8_IA_/install/fixposition_driver_ros2:/home/rhobtor/PHD/ARGOSJ8_IA/ARGOSJ8_IA_/install/fixposition_driver_lib:/home/rhobtor/PHD/ARGOSJ8_IA/ARGOSJ8_IA_/install/fixposition_gnss_tf:/home/rhobtor/PHD/ARGOSJ8_IA/ARGOSJ8_IA_/install/ctl_mission_interfaces:/home/rhobtor/PHD/ARGOSJ8_IA/ARGOSJ8_IA_/install/car_cpp:/home/rhobtor/PHD/ARGOSJ8_IA/ARGOSJ8_IA_/install/car_interfaces:/home/rhobtor/PHD/ARGOSJ8_IA/ARGOSJ8_IA_/install/argj801_setup:/home/rhobtor/PHD/ARGOSJ8_IA/ARGOSJ8_IA_/install/argj801_sensors:/home/rhobtor/PHD/ARGOSJ8_IA/ARGOSJ8_IA_/install/argj801_sensors_msgs:/home/rhobtor/PHD/ARGOSJ8_IA/ARGOSJ8_IA_/install/argj801_ctl_platform:/home/rhobtor/PHD/ARGOSJ8_IA/ARGOSJ8_IA_/install/argj801_ctl_platform_interfaces:/home/rhobtor/PHD/model_terrain_ugv/Model_terrain_ugv/install/model_terrain_cpp:/home/rhobtor/PHD/path_dem/install_navigation/path_dem:/home/rhobtor/PHD/path_dem/install/path_dem:/home/rhobtor/PHD/install_global_belief_final/path_dem:/home/rhobtor/PHD/ARGOSJ8_IA/ARGOSJ8_IA_/install/car:/home/rhobtor/PHD/ARGOSJ8_IA/ARGOSJ8_IA_/install/ntrip_client:/home/rhobtor/PHD/ARGOSJ8_IA/ARGOSJ8_IA_/install/j8_gui:/home/rhobtor/PHD/ARGOSJ8_IA/ARGOSJ8_IA_/install/gui:/home/rhobtor/PHD/ARGOSJ8_IA/ARGOSJ8_IA_/install/android_ros2_server:/home/rhobtor/PHD/ARGOSJ8_IA/ARGOSJ8_IA_/install/GUI_pkg:/home/rhobtor/PHD/model_terrain_ugv/Model_terrain_ugv/install/model_terrain:/opt/ros/humble LD_LIBRARY_PATH=/home/rhobtor/PHD/j8_control/J8_control/install/car_interfaces/lib:${LD_LIBRARY_PATH} PYTHONPATH=/home/rhobtor/PHD/j8_control/J8_control/install/car_interfaces/local/lib/python3.10/dist-packages:${PYTHONPATH} /usr/bin/cmake --build /home/rhobtor/PHD/j8_control/J8_control/build/car_cpp -- -j20 -l20
[84.617s] DEBUG:colcon.colcon_core.event_handler.log_command:Invoking command in '/home/rhobtor/PHD/j8_control/J8_control/build/car_cpp': AMENT_PREFIX_PATH=/home/rhobtor/PHD/j8_control/J8_control/install/car_interfaces:${AMENT_PREFIX_PATH} CMAKE_PREFIX_PATH=/home/rhobtor/PHD/j8_control/J8_control/install/car_interfaces:/home/rhobtor/PHD/ARGOSJ8_IA/ARGOSJ8_IA_/install/wiimote_msgs:/home/rhobtor/PHD/ARGOSJ8_IA/ARGOSJ8_IA_/install/ublox:/home/rhobtor/PHD/ARGOSJ8_IA/ARGOSJ8_IA_/install/ublox_gps:/home/rhobtor/PHD/ARGOSJ8_IA/ARGOSJ8_IA_/install/security_check:/home/rhobtor/PHD/ARGOSJ8_IA/ARGOSJ8_IA_/install/ctl_mission:/home/rhobtor/PHD/ARGOSJ8_IA/ARGOSJ8_IA_/install/ublox_msgs:/home/rhobtor/PHD/ARGOSJ8_IA/ARGOSJ8_IA_/install/ublox_serialization:/home/rhobtor/PHD/ARGOSJ8_IA/ARGOSJ8_IA_/install/spacenav:/home/rhobtor/PHD/ARGOSJ8_IA/ARGOSJ8_IA_/install/laser_segmentation:/home/rhobtor/PHD/ARGOSJ8_IA/ARGOSJ8_IA_/install/slg_msgs:/home/rhobtor/PHD/ARGOSJ8_IA/ARGOSJ8_IA_/install/security_check_interfaces:/home/rhobtor/PHD/ARGOSJ8_IA/ARGOSJ8_IA_/install/joy:/home/rhobtor/PHD/ARGOSJ8_IA/ARGOSJ8_IA_/install/sdl2_vendor:/home/rhobtor/PHD/ARGOSJ8_IA/ARGOSJ8_IA_/install/path_manager:/home/rhobtor/PHD/ARGOSJ8_IA/ARGOSJ8_IA_/install/path_manager_interfaces:/home/rhobtor/PHD/ARGOSJ8_IA/ARGOSJ8_IA_/install/joy_linux:/home/rhobtor/PHD/ARGOSJ8_IA/ARGOSJ8_IA_/install/j8_xacro_model:/home/rhobtor/PHD/ARGOSJ8_IA/ARGOSJ8_IA_/install/hikmicro_thermal_camera:/home/rhobtor/PHD/ARGOSJ8_IA/ARGOSJ8_IA_/install/hector_gazebo_plugins:/home/rhobtor/PHD/ARGOSJ8_IA/ARGOSJ8_IA_/install/fixposition_sensor_pkg:/home/rhobtor/PHD/ARGOSJ8_IA/ARGOSJ8_IA_/install/fixposition_odometry_converter_ros2:/home/rhobtor/PHD/ARGOSJ8_IA/ARGOSJ8_IA_/install/fixposition_driver_ros2:/home/rhobtor/PHD/ARGOSJ8_IA/ARGOSJ8_IA_/install/fixposition_driver_lib:/home/rhobtor/PHD/ARGOSJ8_IA/ARGOSJ8_IA_/install/fixposition_gnss_tf:/home/rhobtor/PHD/ARGOSJ8_IA/ARGOSJ8_IA_/install/ctl_mission_interfaces:/home/rhobtor/PHD/ARGOSJ8_IA/ARGOSJ8_IA_/install/car_cpp:/home/rhobtor/PHD/ARGOSJ8_IA/ARGOSJ8_IA_/install/car_interfaces:/home/rhobtor/PHD/ARGOSJ8_IA/ARGOSJ8_IA_/install/argj801_setup:/home/rhobtor/PHD/ARGOSJ8_IA/ARGOSJ8_IA_/install/argj801_sensors:/home/rhobtor/PHD/ARGOSJ8_IA/ARGOSJ8_IA_/install/argj801_sensors_msgs:/home/rhobtor/PHD/ARGOSJ8_IA/ARGOSJ8_IA_/install/argj801_ctl_platform:/home/rhobtor/PHD/ARGOSJ8_IA/ARGOSJ8_IA_/install/argj801_ctl_platform_interfaces:/home/rhobtor/PHD/model_terrain_ugv/Model_terrain_ugv/install/model_terrain_cpp:/home/rhobtor/PHD/path_dem/install_navigation/path_dem:/home/rhobtor/PHD/path_dem/install/path_dem:/home/rhobtor/PHD/install_global_belief_final/path_dem:/home/rhobtor/PHD/ARGOSJ8_IA/ARGOSJ8_IA_/install/car:/home/rhobtor/PHD/ARGOSJ8_IA/ARGOSJ8_IA_/install/ntrip_client:/home/rhobtor/PHD/ARGOSJ8_IA/ARGOSJ8_IA_/install/j8_gui:/home/rhobtor/PHD/ARGOSJ8_IA/ARGOSJ8_IA_/install/gui:/home/rhobtor/PHD/ARGOSJ8_IA/ARGOSJ8_IA_/install/android_ros2_server:/home/rhobtor/PHD/ARGOSJ8_IA/ARGOSJ8_IA_/install/GUI_pkg:/home/rhobtor/PHD/model_terrain_ugv/Model_terrain_ugv/install/model_terrain:/opt/ros/humble LD_LIBRARY_PATH=/home/rhobtor/PHD/j8_control/J8_control/install/car_interfaces/lib:${LD_LIBRARY_PATH} PYTHONPATH=/home/rhobtor/PHD/j8_control/J8_control/install/car_interfaces/local/lib/python3.10/dist-packages:${PYTHONPATH} /usr/bin/cmake --install /home/rhobtor/PHD/j8_control/J8_control/build/car_cpp
[84.668s] Level 1:colcon.colcon_core.environment:create_environment_scripts_only(car_cpp)
[84.669s] Level 1:colcon.colcon_core.environment:checking '/home/rhobtor/PHD/j8_control/J8_control/install/car_cpp' for CMake module files
[84.670s] DEBUG:colcon.colcon_core.event_handler.log_command:Invoked command in '/home/rhobtor/PHD/j8_control/J8_control/build/car_cpp' returned '0': AMENT_PREFIX_PATH=/home/rhobtor/PHD/j8_control/J8_control/install/car_interfaces:${AMENT_PREFIX_PATH} CMAKE_PREFIX_PATH=/home/rhobtor/PHD/j8_control/J8_control/install/car_interfaces:/home/rhobtor/PHD/ARGOSJ8_IA/ARGOSJ8_IA_/install/wiimote_msgs:/home/rhobtor/PHD/ARGOSJ8_IA/ARGOSJ8_IA_/install/ublox:/home/rhobtor/PHD/ARGOSJ8_IA/ARGOSJ8_IA_/install/ublox_gps:/home/rhobtor/PHD/ARGOSJ8_IA/ARGOSJ8_IA_/install/security_check:/home/rhobtor/PHD/ARGOSJ8_IA/ARGOSJ8_IA_/install/ctl_mission:/home/rhobtor/PHD/ARGOSJ8_IA/ARGOSJ8_IA_/install/ublox_msgs:/home/rhobtor/PHD/ARGOSJ8_IA/ARGOSJ8_IA_/install/ublox_serialization:/home/rhobtor/PHD/ARGOSJ8_IA/ARGOSJ8_IA_/install/spacenav:/home/rhobtor/PHD/ARGOSJ8_IA/ARGOSJ8_IA_/install/laser_segmentation:/home/rhobtor/PHD/ARGOSJ8_IA/ARGOSJ8_IA_/install/slg_msgs:/home/rhobtor/PHD/ARGOSJ8_IA/ARGOSJ8_IA_/install/security_check_interfaces:/home/rhobtor/PHD/ARGOSJ8_IA/ARGOSJ8_IA_/install/joy:/home/rhobtor/PHD/ARGOSJ8_IA/ARGOSJ8_IA_/install/sdl2_vendor:/home/rhobtor/PHD/ARGOSJ8_IA/ARGOSJ8_IA_/install/path_manager:/home/rhobtor/PHD/ARGOSJ8_IA/ARGOSJ8_IA_/install/path_manager_interfaces:/home/rhobtor/PHD/ARGOSJ8_IA/ARGOSJ8_IA_/install/joy_linux:/home/rhobtor/PHD/ARGOSJ8_IA/ARGOSJ8_IA_/install/j8_xacro_model:/home/rhobtor/PHD/ARGOSJ8_IA/ARGOSJ8_IA_/install/hikmicro_thermal_camera:/home/rhobtor/PHD/ARGOSJ8_IA/ARGOSJ8_IA_/install/hector_gazebo_plugins:/home/rhobtor/PHD/ARGOSJ8_IA/ARGOSJ8_IA_/install/fixposition_sensor_pkg:/home/rhobtor/PHD/ARGOSJ8_IA/ARGOSJ8_IA_/install/fixposition_odometry_converter_ros2:/home/rhobtor/PHD/ARGOSJ8_IA/ARGOSJ8_IA_/install/fixposition_driver_ros2:/home/rhobtor/PHD/ARGOSJ8_IA/ARGOSJ8_IA_/install/fixposition_driver_lib:/home/rhobtor/PHD/ARGOSJ8_IA/ARGOSJ8_IA_/install/fixposition_gnss_tf:/home/rhobtor/PHD/ARGOSJ8_IA/ARGOSJ8_IA_/install/ctl_mission_interfaces:/home/rhobtor/PHD/ARGOSJ8_IA/ARGOSJ8_IA_/install/car_cpp:/home/rhobtor/PHD/ARGOSJ8_IA/ARGOSJ8_IA_/install/car_interfaces:/home/rhobtor/PHD/ARGOSJ8_IA/ARGOSJ8_IA_/install/argj801_setup:/home/rhobtor/PHD/ARGOSJ8_IA/ARGOSJ8_IA_/install/argj801_sensors:/home/rhobtor/PHD/ARGOSJ8_IA/ARGOSJ8_IA_/install/argj801_sensors_msgs:/home/rhobtor/PHD/ARGOSJ8_IA/ARGOSJ8_IA_/install/argj801_ctl_platform:/home/rhobtor/PHD/ARGOSJ8_IA/ARGOSJ8_IA_/install/argj801_ctl_platform_interfaces:/home/rhobtor/PHD/model_terrain_ugv/Model_terrain_ugv/install/model_terrain_cpp:/home/rhobtor/PHD/path_dem/install_navigation/path_dem:/home/rhobtor/PHD/path_dem/install/path_dem:/home/rhobtor/PHD/install_global_belief_final/path_dem:/home/rhobtor/PHD/ARGOSJ8_IA/ARGOSJ8_IA_/install/car:/home/rhobtor/PHD/ARGOSJ8_IA/ARGOSJ8_IA_/install/ntrip_client:/home/rhobtor/PHD/ARGOSJ8_IA/ARGOSJ8_IA_/install/j8_gui:/home/rhobtor/PHD/ARGOSJ8_IA/ARGOSJ8_IA_/install/gui:/home/rhobtor/PHD/ARGOSJ8_IA/ARGOSJ8_IA_/install/android_ros2_server:/home/rhobtor/PHD/ARGOSJ8_IA/ARGOSJ8_IA_/install/GUI_pkg:/home/rhobtor/PHD/model_terrain_ugv/Model_terrain_ugv/install/model_terrain:/opt/ros/humble LD_LIBRARY_PATH=/home/rhobtor/PHD/j8_control/J8_control/install/car_interfaces/lib:${LD_LIBRARY_PATH} PYTHONPATH=/home/rhobtor/PHD/j8_control/J8_control/install/car_interfaces/local/lib/python3.10/dist-packages:${PYTHONPATH} /usr/bin/cmake --install /home/rhobtor/PHD/j8_control/J8_control/build/car_cpp
[84.670s] Level 1:colcon.colcon_core.environment:checking '/home/rhobtor/PHD/j8_control/J8_control/install/car_cpp' for CMake config files
[84.670s] Level 1:colcon.colcon_core.shell:create_environment_hook('car_cpp', 'cmake_prefix_path')
[84.671s] INFO:colcon.colcon_core.shell:Creating environment hook '/home/rhobtor/PHD/j8_control/J8_control/install/car_cpp/share/car_cpp/hook/cmake_prefix_path.ps1'
[84.671s] INFO:colcon.colcon_core.shell:Creating environment descriptor '/home/rhobtor/PHD/j8_control/J8_control/install/car_cpp/share/car_cpp/hook/cmake_prefix_path.dsv'
[84.672s] INFO:colcon.colcon_core.shell:Creating environment hook '/home/rhobtor/PHD/j8_control/J8_control/install/car_cpp/share/car_cpp/hook/cmake_prefix_path.sh'
[84.672s] Level 1:colcon.colcon_core.environment:checking '/home/rhobtor/PHD/j8_control/J8_control/install/car_cpp/lib'
[84.672s] Level 1:colcon.colcon_core.shell:create_environment_hook('car_cpp', 'ld_library_path_lib')
[84.672s] INFO:colcon.colcon_core.shell:Creating environment hook '/home/rhobtor/PHD/j8_control/J8_control/install/car_cpp/share/car_cpp/hook/ld_library_path_lib.ps1'
[84.673s] INFO:colcon.colcon_core.shell:Creating environment descriptor '/home/rhobtor/PHD/j8_control/J8_control/install/car_cpp/share/car_cpp/hook/ld_library_path_lib.dsv'
[84.673s] INFO:colcon.colcon_core.shell:Creating environment hook '/home/rhobtor/PHD/j8_control/J8_control/install/car_cpp/share/car_cpp/hook/ld_library_path_lib.sh'
[84.674s] Level 1:colcon.colcon_core.environment:checking '/home/rhobtor/PHD/j8_control/J8_control/install/car_cpp/bin'
[84.674s] Level 1:colcon.colcon_core.environment:checking '/home/rhobtor/PHD/j8_control/J8_control/install/car_cpp/lib/pkgconfig/car_cpp.pc'
[84.674s] Level 1:colcon.colcon_core.environment:checking '/home/rhobtor/PHD/j8_control/J8_control/install/car_cpp/lib/python3.10/site-packages'
[84.674s] Level 1:colcon.colcon_core.environment:checking '/home/rhobtor/PHD/j8_control/J8_control/install/car_cpp/bin'
[84.675s] INFO:colcon.colcon_core.shell:Creating package script '/home/rhobtor/PHD/j8_control/J8_control/install/car_cpp/share/car_cpp/package.ps1'
[84.675s] INFO:colcon.colcon_core.shell:Creating package descriptor '/home/rhobtor/PHD/j8_control/J8_control/install/car_cpp/share/car_cpp/package.dsv'
[84.676s] INFO:colcon.colcon_core.shell:Creating package script '/home/rhobtor/PHD/j8_control/J8_control/install/car_cpp/share/car_cpp/package.sh'
[84.676s] INFO:colcon.colcon_core.shell:Creating package script '/home/rhobtor/PHD/j8_control/J8_control/install/car_cpp/share/car_cpp/package.bash'
[84.676s] INFO:colcon.colcon_core.shell:Creating package script '/home/rhobtor/PHD/j8_control/J8_control/install/car_cpp/share/car_cpp/package.zsh'
[84.677s] Level 1:colcon.colcon_core.environment:create_file_with_runtime_dependencies(/home/rhobtor/PHD/j8_control/J8_control/install/car_cpp/share/colcon-core/packages/car_cpp)
[84.677s] Level 1:colcon.colcon_core.environment:create_environment_scripts_only(car_cpp)
[84.678s] Level 1:colcon.colcon_core.environment:checking '/home/rhobtor/PHD/j8_control/J8_control/install/car_cpp' for CMake module files
[84.678s] Level 1:colcon.colcon_core.environment:checking '/home/rhobtor/PHD/j8_control/J8_control/install/car_cpp' for CMake config files
[84.678s] Level 1:colcon.colcon_core.shell:create_environment_hook('car_cpp', 'cmake_prefix_path')
[84.679s] INFO:colcon.colcon_core.shell:Creating environment hook '/home/rhobtor/PHD/j8_control/J8_control/install/car_cpp/share/car_cpp/hook/cmake_prefix_path.ps1'
[84.679s] INFO:colcon.colcon_core.shell:Creating environment descriptor '/home/rhobtor/PHD/j8_control/J8_control/install/car_cpp/share/car_cpp/hook/cmake_prefix_path.dsv'
[84.679s] INFO:colcon.colcon_core.shell:Creating environment hook '/home/rhobtor/PHD/j8_control/J8_control/install/car_cpp/share/car_cpp/hook/cmake_prefix_path.sh'
[84.680s] Level 1:colcon.colcon_core.environment:checking '/home/rhobtor/PHD/j8_control/J8_control/install/car_cpp/lib'
[84.680s] Level 1:colcon.colcon_core.shell:create_environment_hook('car_cpp', 'ld_library_path_lib')
[84.680s] INFO:colcon.colcon_core.shell:Creating environment hook '/home/rhobtor/PHD/j8_control/J8_control/install/car_cpp/share/car_cpp/hook/ld_library_path_lib.ps1'
[84.681s] INFO:colcon.colcon_core.shell:Creating environment descriptor '/home/rhobtor/PHD/j8_control/J8_control/install/car_cpp/share/car_cpp/hook/ld_library_path_lib.dsv'
[84.681s] INFO:colcon.colcon_core.shell:Creating environment hook '/home/rhobtor/PHD/j8_control/J8_control/install/car_cpp/share/car_cpp/hook/ld_library_path_lib.sh'
[84.681s] Level 1:colcon.colcon_core.environment:checking '/home/rhobtor/PHD/j8_control/J8_control/install/car_cpp/bin'
[84.681s] Level 1:colcon.colcon_core.environment:checking '/home/rhobtor/PHD/j8_control/J8_control/install/car_cpp/lib/pkgconfig/car_cpp.pc'
[84.682s] Level 1:colcon.colcon_core.environment:checking '/home/rhobtor/PHD/j8_control/J8_control/install/car_cpp/lib/python3.10/site-packages'
[84.682s] Level 1:colcon.colcon_core.environment:checking '/home/rhobtor/PHD/j8_control/J8_control/install/car_cpp/bin'
[84.682s] INFO:colcon.colcon_core.shell:Creating package script '/home/rhobtor/PHD/j8_control/J8_control/install/car_cpp/share/car_cpp/package.ps1'
[84.683s] INFO:colcon.colcon_core.shell:Creating package descriptor '/home/rhobtor/PHD/j8_control/J8_control/install/car_cpp/share/car_cpp/package.dsv'
[84.684s] INFO:colcon.colcon_core.shell:Creating package script '/home/rhobtor/PHD/j8_control/J8_control/install/car_cpp/share/car_cpp/package.sh'
[84.684s] INFO:colcon.colcon_core.shell:Creating package script '/home/rhobtor/PHD/j8_control/J8_control/install/car_cpp/share/car_cpp/package.bash'
[84.684s] INFO:colcon.colcon_core.shell:Creating package script '/home/rhobtor/PHD/j8_control/J8_control/install/car_cpp/share/car_cpp/package.zsh'
[84.685s] Level 1:colcon.colcon_core.environment:create_file_with_runtime_dependencies(/home/rhobtor/PHD/j8_control/J8_control/install/car_cpp/share/colcon-core/packages/car_cpp)
[87.806s] DEBUG:colcon.colcon_core.event_handler.log_command:Invoked command in '/home/rhobtor/PHD/j8_control/J8_control/build/laser_segmentation' returned '0': AMENT_PREFIX_PATH=/home/rhobtor/PHD/j8_control/J8_control/install/slg_msgs:${AMENT_PREFIX_PATH} CMAKE_PREFIX_PATH=/home/rhobtor/PHD/j8_control/J8_control/install/slg_msgs:/home/rhobtor/PHD/ARGOSJ8_IA/ARGOSJ8_IA_/install/wiimote_msgs:/home/rhobtor/PHD/ARGOSJ8_IA/ARGOSJ8_IA_/install/ublox:/home/rhobtor/PHD/ARGOSJ8_IA/ARGOSJ8_IA_/install/ublox_gps:/home/rhobtor/PHD/ARGOSJ8_IA/ARGOSJ8_IA_/install/security_check:/home/rhobtor/PHD/ARGOSJ8_IA/ARGOSJ8_IA_/install/ctl_mission:/home/rhobtor/PHD/ARGOSJ8_IA/ARGOSJ8_IA_/install/ublox_msgs:/home/rhobtor/PHD/ARGOSJ8_IA/ARGOSJ8_IA_/install/ublox_serialization:/home/rhobtor/PHD/ARGOSJ8_IA/ARGOSJ8_IA_/install/spacenav:/home/rhobtor/PHD/ARGOSJ8_IA/ARGOSJ8_IA_/install/laser_segmentation:/home/rhobtor/PHD/ARGOSJ8_IA/ARGOSJ8_IA_/install/slg_msgs:/home/rhobtor/PHD/ARGOSJ8_IA/ARGOSJ8_IA_/install/security_check_interfaces:/home/rhobtor/PHD/ARGOSJ8_IA/ARGOSJ8_IA_/install/joy:/home/rhobtor/PHD/ARGOSJ8_IA/ARGOSJ8_IA_/install/sdl2_vendor:/home/rhobtor/PHD/ARGOSJ8_IA/ARGOSJ8_IA_/install/path_manager:/home/rhobtor/PHD/ARGOSJ8_IA/ARGOSJ8_IA_/install/path_manager_interfaces:/home/rhobtor/PHD/ARGOSJ8_IA/ARGOSJ8_IA_/install/joy_linux:/home/rhobtor/PHD/ARGOSJ8_IA/ARGOSJ8_IA_/install/j8_xacro_model:/home/rhobtor/PHD/ARGOSJ8_IA/ARGOSJ8_IA_/install/hikmicro_thermal_camera:/home/rhobtor/PHD/ARGOSJ8_IA/ARGOSJ8_IA_/install/hector_gazebo_plugins:/home/rhobtor/PHD/ARGOSJ8_IA/ARGOSJ8_IA_/install/fixposition_sensor_pkg:/home/rhobtor/PHD/ARGOSJ8_IA/ARGOSJ8_IA_/install/fixposition_odometry_converter_ros2:/home/rhobtor/PHD/ARGOSJ8_IA/ARGOSJ8_IA_/install/fixposition_driver_ros2:/home/rhobtor/PHD/ARGOSJ8_IA/ARGOSJ8_IA_/install/fixposition_driver_lib:/home/rhobtor/PHD/ARGOSJ8_IA/ARGOSJ8_IA_/install/fixposition_gnss_tf:/home/rhobtor/PHD/ARGOSJ8_IA/ARGOSJ8_IA_/install/ctl_mission_interfaces:/home/rhobtor/PHD/ARGOSJ8_IA/ARGOSJ8_IA_/install/car_cpp:/home/rhobtor/PHD/ARGOSJ8_IA/ARGOSJ8_IA_/install/car_interfaces:/home/rhobtor/PHD/ARGOSJ8_IA/ARGOSJ8_IA_/install/argj801_setup:/home/rhobtor/PHD/ARGOSJ8_IA/ARGOSJ8_IA_/install/argj801_sensors:/home/rhobtor/PHD/ARGOSJ8_IA/ARGOSJ8_IA_/install/argj801_sensors_msgs:/home/rhobtor/PHD/ARGOSJ8_IA/ARGOSJ8_IA_/install/argj801_ctl_platform:/home/rhobtor/PHD/ARGOSJ8_IA/ARGOSJ8_IA_/install/argj801_ctl_platform_interfaces:/home/rhobtor/PHD/model_terrain_ugv/Model_terrain_ugv/install/model_terrain_cpp:/home/rhobtor/PHD/path_dem/install_navigation/path_dem:/home/rhobtor/PHD/path_dem/install/path_dem:/home/rhobtor/PHD/install_global_belief_final/path_dem:/home/rhobtor/PHD/ARGOSJ8_IA/ARGOSJ8_IA_/install/car:/home/rhobtor/PHD/ARGOSJ8_IA/ARGOSJ8_IA_/install/ntrip_client:/home/rhobtor/PHD/ARGOSJ8_IA/ARGOSJ8_IA_/install/j8_gui:/home/rhobtor/PHD/ARGOSJ8_IA/ARGOSJ8_IA_/install/gui:/home/rhobtor/PHD/ARGOSJ8_IA/ARGOSJ8_IA_/install/android_ros2_server:/home/rhobtor/PHD/ARGOSJ8_IA/ARGOSJ8_IA_/install/GUI_pkg:/home/rhobtor/PHD/model_terrain_ugv/Model_terrain_ugv/install/model_terrain:/opt/ros/humble LD_LIBRARY_PATH=/home/rhobtor/PHD/j8_control/J8_control/install/slg_msgs/lib:${LD_LIBRARY_PATH} PYTHONPATH=/home/rhobtor/PHD/j8_control/J8_control/install/slg_msgs/local/lib/python3.10/dist-packages:${PYTHONPATH} /usr/bin/cmake --build /home/rhobtor/PHD/j8_control/J8_control/build/laser_segmentation -- -j20 -l20
[87.808s] DEBUG:colcon.colcon_core.event_handler.log_command:Invoking command in '/home/rhobtor/PHD/j8_control/J8_control/build/laser_segmentation': AMENT_PREFIX_PATH=/home/rhobtor/PHD/j8_control/J8_control/install/slg_msgs:${AMENT_PREFIX_PATH} CMAKE_PREFIX_PATH=/home/rhobtor/PHD/j8_control/J8_control/install/slg_msgs:/home/rhobtor/PHD/ARGOSJ8_IA/ARGOSJ8_IA_/install/wiimote_msgs:/home/rhobtor/PHD/ARGOSJ8_IA/ARGOSJ8_IA_/install/ublox:/home/rhobtor/PHD/ARGOSJ8_IA/ARGOSJ8_IA_/install/ublox_gps:/home/rhobtor/PHD/ARGOSJ8_IA/ARGOSJ8_IA_/install/security_check:/home/rhobtor/PHD/ARGOSJ8_IA/ARGOSJ8_IA_/install/ctl_mission:/home/rhobtor/PHD/ARGOSJ8_IA/ARGOSJ8_IA_/install/ublox_msgs:/home/rhobtor/PHD/ARGOSJ8_IA/ARGOSJ8_IA_/install/ublox_serialization:/home/rhobtor/PHD/ARGOSJ8_IA/ARGOSJ8_IA_/install/spacenav:/home/rhobtor/PHD/ARGOSJ8_IA/ARGOSJ8_IA_/install/laser_segmentation:/home/rhobtor/PHD/ARGOSJ8_IA/ARGOSJ8_IA_/install/slg_msgs:/home/rhobtor/PHD/ARGOSJ8_IA/ARGOSJ8_IA_/install/security_check_interfaces:/home/rhobtor/PHD/ARGOSJ8_IA/ARGOSJ8_IA_/install/joy:/home/rhobtor/PHD/ARGOSJ8_IA/ARGOSJ8_IA_/install/sdl2_vendor:/home/rhobtor/PHD/ARGOSJ8_IA/ARGOSJ8_IA_/install/path_manager:/home/rhobtor/PHD/ARGOSJ8_IA/ARGOSJ8_IA_/install/path_manager_interfaces:/home/rhobtor/PHD/ARGOSJ8_IA/ARGOSJ8_IA_/install/joy_linux:/home/rhobtor/PHD/ARGOSJ8_IA/ARGOSJ8_IA_/install/j8_xacro_model:/home/rhobtor/PHD/ARGOSJ8_IA/ARGOSJ8_IA_/install/hikmicro_thermal_camera:/home/rhobtor/PHD/ARGOSJ8_IA/ARGOSJ8_IA_/install/hector_gazebo_plugins:/home/rhobtor/PHD/ARGOSJ8_IA/ARGOSJ8_IA_/install/fixposition_sensor_pkg:/home/rhobtor/PHD/ARGOSJ8_IA/ARGOSJ8_IA_/install/fixposition_odometry_converter_ros2:/home/rhobtor/PHD/ARGOSJ8_IA/ARGOSJ8_IA_/install/fixposition_driver_ros2:/home/rhobtor/PHD/ARGOSJ8_IA/ARGOSJ8_IA_/install/fixposition_driver_lib:/home/rhobtor/PHD/ARGOSJ8_IA/ARGOSJ8_IA_/install/fixposition_gnss_tf:/home/rhobtor/PHD/ARGOSJ8_IA/ARGOSJ8_IA_/install/ctl_mission_interfaces:/home/rhobtor/PHD/ARGOSJ8_IA/ARGOSJ8_IA_/install/car_cpp:/home/rhobtor/PHD/ARGOSJ8_IA/ARGOSJ8_IA_/install/car_interfaces:/home/rhobtor/PHD/ARGOSJ8_IA/ARGOSJ8_IA_/install/argj801_setup:/home/rhobtor/PHD/ARGOSJ8_IA/ARGOSJ8_IA_/install/argj801_sensors:/home/rhobtor/PHD/ARGOSJ8_IA/ARGOSJ8_IA_/install/argj801_sensors_msgs:/home/rhobtor/PHD/ARGOSJ8_IA/ARGOSJ8_IA_/install/argj801_ctl_platform:/home/rhobtor/PHD/ARGOSJ8_IA/ARGOSJ8_IA_/install/argj801_ctl_platform_interfaces:/home/rhobtor/PHD/model_terrain_ugv/Model_terrain_ugv/install/model_terrain_cpp:/home/rhobtor/PHD/path_dem/install_navigation/path_dem:/home/rhobtor/PHD/path_dem/install/path_dem:/home/rhobtor/PHD/install_global_belief_final/path_dem:/home/rhobtor/PHD/ARGOSJ8_IA/ARGOSJ8_IA_/install/car:/home/rhobtor/PHD/ARGOSJ8_IA/ARGOSJ8_IA_/install/ntrip_client:/home/rhobtor/PHD/ARGOSJ8_IA/ARGOSJ8_IA_/install/j8_gui:/home/rhobtor/PHD/ARGOSJ8_IA/ARGOSJ8_IA_/install/gui:/home/rhobtor/PHD/ARGOSJ8_IA/ARGOSJ8_IA_/install/android_ros2_server:/home/rhobtor/PHD/ARGOSJ8_IA/ARGOSJ8_IA_/install/GUI_pkg:/home/rhobtor/PHD/model_terrain_ugv/Model_terrain_ugv/install/model_terrain:/opt/ros/humble LD_LIBRARY_PATH=/home/rhobtor/PHD/j8_control/J8_control/install/slg_msgs/lib:${LD_LIBRARY_PATH} PYTHONPATH=/home/rhobtor/PHD/j8_control/J8_control/install/slg_msgs/local/lib/python3.10/dist-packages:${PYTHONPATH} /usr/bin/cmake --install /home/rhobtor/PHD/j8_control/J8_control/build/laser_segmentation
[87.819s] Level 1:colcon.colcon_core.environment:create_environment_scripts_only(laser_segmentation)
[87.820s] Level 1:colcon.colcon_core.environment:checking '/home/rhobtor/PHD/j8_control/J8_control/install/laser_segmentation' for CMake module files
[87.820s] DEBUG:colcon.colcon_core.event_handler.log_command:Invoked command in '/home/rhobtor/PHD/j8_control/J8_control/build/laser_segmentation' returned '0': AMENT_PREFIX_PATH=/home/rhobtor/PHD/j8_control/J8_control/install/slg_msgs:${AMENT_PREFIX_PATH} CMAKE_PREFIX_PATH=/home/rhobtor/PHD/j8_control/J8_control/install/slg_msgs:/home/rhobtor/PHD/ARGOSJ8_IA/ARGOSJ8_IA_/install/wiimote_msgs:/home/rhobtor/PHD/ARGOSJ8_IA/ARGOSJ8_IA_/install/ublox:/home/rhobtor/PHD/ARGOSJ8_IA/ARGOSJ8_IA_/install/ublox_gps:/home/rhobtor/PHD/ARGOSJ8_IA/ARGOSJ8_IA_/install/security_check:/home/rhobtor/PHD/ARGOSJ8_IA/ARGOSJ8_IA_/install/ctl_mission:/home/rhobtor/PHD/ARGOSJ8_IA/ARGOSJ8_IA_/install/ublox_msgs:/home/rhobtor/PHD/ARGOSJ8_IA/ARGOSJ8_IA_/install/ublox_serialization:/home/rhobtor/PHD/ARGOSJ8_IA/ARGOSJ8_IA_/install/spacenav:/home/rhobtor/PHD/ARGOSJ8_IA/ARGOSJ8_IA_/install/laser_segmentation:/home/rhobtor/PHD/ARGOSJ8_IA/ARGOSJ8_IA_/install/slg_msgs:/home/rhobtor/PHD/ARGOSJ8_IA/ARGOSJ8_IA_/install/security_check_interfaces:/home/rhobtor/PHD/ARGOSJ8_IA/ARGOSJ8_IA_/install/joy:/home/rhobtor/PHD/ARGOSJ8_IA/ARGOSJ8_IA_/install/sdl2_vendor:/home/rhobtor/PHD/ARGOSJ8_IA/ARGOSJ8_IA_/install/path_manager:/home/rhobtor/PHD/ARGOSJ8_IA/ARGOSJ8_IA_/install/path_manager_interfaces:/home/rhobtor/PHD/ARGOSJ8_IA/ARGOSJ8_IA_/install/joy_linux:/home/rhobtor/PHD/ARGOSJ8_IA/ARGOSJ8_IA_/install/j8_xacro_model:/home/rhobtor/PHD/ARGOSJ8_IA/ARGOSJ8_IA_/install/hikmicro_thermal_camera:/home/rhobtor/PHD/ARGOSJ8_IA/ARGOSJ8_IA_/install/hector_gazebo_plugins:/home/rhobtor/PHD/ARGOSJ8_IA/ARGOSJ8_IA_/install/fixposition_sensor_pkg:/home/rhobtor/PHD/ARGOSJ8_IA/ARGOSJ8_IA_/install/fixposition_odometry_converter_ros2:/home/rhobtor/PHD/ARGOSJ8_IA/ARGOSJ8_IA_/install/fixposition_driver_ros2:/home/rhobtor/PHD/ARGOSJ8_IA/ARGOSJ8_IA_/install/fixposition_driver_lib:/home/rhobtor/PHD/ARGOSJ8_IA/ARGOSJ8_IA_/install/fixposition_gnss_tf:/home/rhobtor/PHD/ARGOSJ8_IA/ARGOSJ8_IA_/install/ctl_mission_interfaces:/home/rhobtor/PHD/ARGOSJ8_IA/ARGOSJ8_IA_/install/car_cpp:/home/rhobtor/PHD/ARGOSJ8_IA/ARGOSJ8_IA_/install/car_interfaces:/home/rhobtor/PHD/ARGOSJ8_IA/ARGOSJ8_IA_/install/argj801_setup:/home/rhobtor/PHD/ARGOSJ8_IA/ARGOSJ8_IA_/install/argj801_sensors:/home/rhobtor/PHD/ARGOSJ8_IA/ARGOSJ8_IA_/install/argj801_sensors_msgs:/home/rhobtor/PHD/ARGOSJ8_IA/ARGOSJ8_IA_/install/argj801_ctl_platform:/home/rhobtor/PHD/ARGOSJ8_IA/ARGOSJ8_IA_/install/argj801_ctl_platform_interfaces:/home/rhobtor/PHD/model_terrain_ugv/Model_terrain_ugv/install/model_terrain_cpp:/home/rhobtor/PHD/path_dem/install_navigation/path_dem:/home/rhobtor/PHD/path_dem/install/path_dem:/home/rhobtor/PHD/install_global_belief_final/path_dem:/home/rhobtor/PHD/ARGOSJ8_IA/ARGOSJ8_IA_/install/car:/home/rhobtor/PHD/ARGOSJ8_IA/ARGOSJ8_IA_/install/ntrip_client:/home/rhobtor/PHD/ARGOSJ8_IA/ARGOSJ8_IA_/install/j8_gui:/home/rhobtor/PHD/ARGOSJ8_IA/ARGOSJ8_IA_/install/gui:/home/rhobtor/PHD/ARGOSJ8_IA/ARGOSJ8_IA_/install/android_ros2_server:/home/rhobtor/PHD/ARGOSJ8_IA/ARGOSJ8_IA_/install/GUI_pkg:/home/rhobtor/PHD/model_terrain_ugv/Model_terrain_ugv/install/model_terrain:/opt/ros/humble LD_LIBRARY_PATH=/home/rhobtor/PHD/j8_control/J8_control/install/slg_msgs/lib:${LD_LIBRARY_PATH} PYTHONPATH=/home/rhobtor/PHD/j8_control/J8_control/install/slg_msgs/local/lib/python3.10/dist-packages:${PYTHONPATH} /usr/bin/cmake --install /home/rhobtor/PHD/j8_control/J8_control/build/laser_segmentation
[87.820s] Level 1:colcon.colcon_core.environment:checking '/home/rhobtor/PHD/j8_control/J8_control/install/laser_segmentation' for CMake config files
[87.821s] Level 1:colcon.colcon_core.shell:create_environment_hook('laser_segmentation', 'cmake_prefix_path')
[87.821s] INFO:colcon.colcon_core.shell:Creating environment hook '/home/rhobtor/PHD/j8_control/J8_control/install/laser_segmentation/share/laser_segmentation/hook/cmake_prefix_path.ps1'
[87.821s] INFO:colcon.colcon_core.shell:Creating environment descriptor '/home/rhobtor/PHD/j8_control/J8_control/install/laser_segmentation/share/laser_segmentation/hook/cmake_prefix_path.dsv'
[87.822s] INFO:colcon.colcon_core.shell:Creating environment hook '/home/rhobtor/PHD/j8_control/J8_control/install/laser_segmentation/share/laser_segmentation/hook/cmake_prefix_path.sh'
[87.822s] Level 1:colcon.colcon_core.environment:checking '/home/rhobtor/PHD/j8_control/J8_control/install/laser_segmentation/lib'
[87.822s] Level 1:colcon.colcon_core.shell:create_environment_hook('laser_segmentation', 'ld_library_path_lib')
[87.823s] INFO:colcon.colcon_core.shell:Creating environment hook '/home/rhobtor/PHD/j8_control/J8_control/install/laser_segmentation/share/laser_segmentation/hook/ld_library_path_lib.ps1'
[87.823s] INFO:colcon.colcon_core.shell:Creating environment descriptor '/home/rhobtor/PHD/j8_control/J8_control/install/laser_segmentation/share/laser_segmentation/hook/ld_library_path_lib.dsv'
[87.823s] INFO:colcon.colcon_core.shell:Creating environment hook '/home/rhobtor/PHD/j8_control/J8_control/install/laser_segmentation/share/laser_segmentation/hook/ld_library_path_lib.sh'
[87.824s] Level 1:colcon.colcon_core.environment:checking '/home/rhobtor/PHD/j8_control/J8_control/install/laser_segmentation/bin'
[87.824s] Level 1:colcon.colcon_core.environment:checking '/home/rhobtor/PHD/j8_control/J8_control/install/laser_segmentation/lib/pkgconfig/laser_segmentation.pc'
[87.824s] Level 1:colcon.colcon_core.environment:checking '/home/rhobtor/PHD/j8_control/J8_control/install/laser_segmentation/lib/python3.10/site-packages'
[87.824s] Level 1:colcon.colcon_core.environment:checking '/home/rhobtor/PHD/j8_control/J8_control/install/laser_segmentation/bin'
[87.825s] INFO:colcon.colcon_core.shell:Creating package script '/home/rhobtor/PHD/j8_control/J8_control/install/laser_segmentation/share/laser_segmentation/package.ps1'
[87.825s] INFO:colcon.colcon_core.shell:Creating package descriptor '/home/rhobtor/PHD/j8_control/J8_control/install/laser_segmentation/share/laser_segmentation/package.dsv'
[87.826s] INFO:colcon.colcon_core.shell:Creating package script '/home/rhobtor/PHD/j8_control/J8_control/install/laser_segmentation/share/laser_segmentation/package.sh'
[87.826s] INFO:colcon.colcon_core.shell:Creating package script '/home/rhobtor/PHD/j8_control/J8_control/install/laser_segmentation/share/laser_segmentation/package.bash'
[87.827s] INFO:colcon.colcon_core.shell:Creating package script '/home/rhobtor/PHD/j8_control/J8_control/install/laser_segmentation/share/laser_segmentation/package.zsh'
[87.827s] Level 1:colcon.colcon_core.environment:create_file_with_runtime_dependencies(/home/rhobtor/PHD/j8_control/J8_control/install/laser_segmentation/share/colcon-core/packages/laser_segmentation)
[87.828s] Level 1:colcon.colcon_core.environment:create_environment_scripts_only(laser_segmentation)
[87.828s] Level 1:colcon.colcon_core.environment:checking '/home/rhobtor/PHD/j8_control/J8_control/install/laser_segmentation' for CMake module files
[87.828s] Level 1:colcon.colcon_core.environment:checking '/home/rhobtor/PHD/j8_control/J8_control/install/laser_segmentation' for CMake config files
[87.829s] Level 1:colcon.colcon_core.shell:create_environment_hook('laser_segmentation', 'cmake_prefix_path')
[87.829s] INFO:colcon.colcon_core.shell:Creating environment hook '/home/rhobtor/PHD/j8_control/J8_control/install/laser_segmentation/share/laser_segmentation/hook/cmake_prefix_path.ps1'
[87.829s] INFO:colcon.colcon_core.shell:Creating environment descriptor '/home/rhobtor/PHD/j8_control/J8_control/install/laser_segmentation/share/laser_segmentation/hook/cmake_prefix_path.dsv'
[87.829s] INFO:colcon.colcon_core.shell:Creating environment hook '/home/rhobtor/PHD/j8_control/J8_control/install/laser_segmentation/share/laser_segmentation/hook/cmake_prefix_path.sh'
[87.830s] Level 1:colcon.colcon_core.environment:checking '/home/rhobtor/PHD/j8_control/J8_control/install/laser_segmentation/lib'
[87.830s] Level 1:colcon.colcon_core.shell:create_environment_hook('laser_segmentation', 'ld_library_path_lib')
[87.830s] INFO:colcon.colcon_core.shell:Creating environment hook '/home/rhobtor/PHD/j8_control/J8_control/install/laser_segmentation/share/laser_segmentation/hook/ld_library_path_lib.ps1'
[87.830s] INFO:colcon.colcon_core.shell:Creating environment descriptor '/home/rhobtor/PHD/j8_control/J8_control/install/laser_segmentation/share/laser_segmentation/hook/ld_library_path_lib.dsv'
[87.830s] INFO:colcon.colcon_core.shell:Creating environment hook '/home/rhobtor/PHD/j8_control/J8_control/install/laser_segmentation/share/laser_segmentation/hook/ld_library_path_lib.sh'
[87.830s] Level 1:colcon.colcon_core.environment:checking '/home/rhobtor/PHD/j8_control/J8_control/install/laser_segmentation/bin'
[87.830s] Level 1:colcon.colcon_core.environment:checking '/home/rhobtor/PHD/j8_control/J8_control/install/laser_segmentation/lib/pkgconfig/laser_segmentation.pc'
[87.831s] Level 1:colcon.colcon_core.environment:checking '/home/rhobtor/PHD/j8_control/J8_control/install/laser_segmentation/lib/python3.10/site-packages'
[87.831s] Level 1:colcon.colcon_core.environment:checking '/home/rhobtor/PHD/j8_control/J8_control/install/laser_segmentation/bin'
[87.831s] INFO:colcon.colcon_core.shell:Creating package script '/home/rhobtor/PHD/j8_control/J8_control/install/laser_segmentation/share/laser_segmentation/package.ps1'
[87.831s] INFO:colcon.colcon_core.shell:Creating package descriptor '/home/rhobtor/PHD/j8_control/J8_control/install/laser_segmentation/share/laser_segmentation/package.dsv'
[87.832s] INFO:colcon.colcon_core.shell:Creating package script '/home/rhobtor/PHD/j8_control/J8_control/install/laser_segmentation/share/laser_segmentation/package.sh'
[87.832s] INFO:colcon.colcon_core.shell:Creating package script '/home/rhobtor/PHD/j8_control/J8_control/install/laser_segmentation/share/laser_segmentation/package.bash'
[87.832s] INFO:colcon.colcon_core.shell:Creating package script '/home/rhobtor/PHD/j8_control/J8_control/install/laser_segmentation/share/laser_segmentation/package.zsh'
[87.832s] Level 1:colcon.colcon_core.environment:create_file_with_runtime_dependencies(/home/rhobtor/PHD/j8_control/J8_control/install/laser_segmentation/share/colcon-core/packages/laser_segmentation)
[122.788s] DEBUG:colcon.colcon_core.event_handler.log_command:Invoked command in '/home/rhobtor/PHD/j8_control/J8_control/build/ublox_msgs' returned '0': AMENT_PREFIX_PATH=/home/rhobtor/PHD/j8_control/J8_control/install/ublox_serialization:${AMENT_PREFIX_PATH} CMAKE_PREFIX_PATH=/home/rhobtor/PHD/j8_control/J8_control/install/ublox_serialization:/home/rhobtor/PHD/ARGOSJ8_IA/ARGOSJ8_IA_/install/wiimote_msgs:/home/rhobtor/PHD/ARGOSJ8_IA/ARGOSJ8_IA_/install/ublox:/home/rhobtor/PHD/ARGOSJ8_IA/ARGOSJ8_IA_/install/ublox_gps:/home/rhobtor/PHD/ARGOSJ8_IA/ARGOSJ8_IA_/install/security_check:/home/rhobtor/PHD/ARGOSJ8_IA/ARGOSJ8_IA_/install/ctl_mission:/home/rhobtor/PHD/ARGOSJ8_IA/ARGOSJ8_IA_/install/ublox_msgs:/home/rhobtor/PHD/ARGOSJ8_IA/ARGOSJ8_IA_/install/ublox_serialization:/home/rhobtor/PHD/ARGOSJ8_IA/ARGOSJ8_IA_/install/spacenav:/home/rhobtor/PHD/ARGOSJ8_IA/ARGOSJ8_IA_/install/laser_segmentation:/home/rhobtor/PHD/ARGOSJ8_IA/ARGOSJ8_IA_/install/slg_msgs:/home/rhobtor/PHD/ARGOSJ8_IA/ARGOSJ8_IA_/install/security_check_interfaces:/home/rhobtor/PHD/ARGOSJ8_IA/ARGOSJ8_IA_/install/joy:/home/rhobtor/PHD/ARGOSJ8_IA/ARGOSJ8_IA_/install/sdl2_vendor:/home/rhobtor/PHD/ARGOSJ8_IA/ARGOSJ8_IA_/install/path_manager:/home/rhobtor/PHD/ARGOSJ8_IA/ARGOSJ8_IA_/install/path_manager_interfaces:/home/rhobtor/PHD/ARGOSJ8_IA/ARGOSJ8_IA_/install/joy_linux:/home/rhobtor/PHD/ARGOSJ8_IA/ARGOSJ8_IA_/install/j8_xacro_model:/home/rhobtor/PHD/ARGOSJ8_IA/ARGOSJ8_IA_/install/hikmicro_thermal_camera:/home/rhobtor/PHD/ARGOSJ8_IA/ARGOSJ8_IA_/install/hector_gazebo_plugins:/home/rhobtor/PHD/ARGOSJ8_IA/ARGOSJ8_IA_/install/fixposition_sensor_pkg:/home/rhobtor/PHD/ARGOSJ8_IA/ARGOSJ8_IA_/install/fixposition_odometry_converter_ros2:/home/rhobtor/PHD/ARGOSJ8_IA/ARGOSJ8_IA_/install/fixposition_driver_ros2:/home/rhobtor/PHD/ARGOSJ8_IA/ARGOSJ8_IA_/install/fixposition_driver_lib:/home/rhobtor/PHD/ARGOSJ8_IA/ARGOSJ8_IA_/install/fixposition_gnss_tf:/home/rhobtor/PHD/ARGOSJ8_IA/ARGOSJ8_IA_/install/ctl_mission_interfaces:/home/rhobtor/PHD/ARGOSJ8_IA/ARGOSJ8_IA_/install/car_cpp:/home/rhobtor/PHD/ARGOSJ8_IA/ARGOSJ8_IA_/install/car_interfaces:/home/rhobtor/PHD/ARGOSJ8_IA/ARGOSJ8_IA_/install/argj801_setup:/home/rhobtor/PHD/ARGOSJ8_IA/ARGOSJ8_IA_/install/argj801_sensors:/home/rhobtor/PHD/ARGOSJ8_IA/ARGOSJ8_IA_/install/argj801_sensors_msgs:/home/rhobtor/PHD/ARGOSJ8_IA/ARGOSJ8_IA_/install/argj801_ctl_platform:/home/rhobtor/PHD/ARGOSJ8_IA/ARGOSJ8_IA_/install/argj801_ctl_platform_interfaces:/home/rhobtor/PHD/model_terrain_ugv/Model_terrain_ugv/install/model_terrain_cpp:/home/rhobtor/PHD/path_dem/install_navigation/path_dem:/home/rhobtor/PHD/path_dem/install/path_dem:/home/rhobtor/PHD/install_global_belief_final/path_dem:/home/rhobtor/PHD/ARGOSJ8_IA/ARGOSJ8_IA_/install/car:/home/rhobtor/PHD/ARGOSJ8_IA/ARGOSJ8_IA_/install/ntrip_client:/home/rhobtor/PHD/ARGOSJ8_IA/ARGOSJ8_IA_/install/j8_gui:/home/rhobtor/PHD/ARGOSJ8_IA/ARGOSJ8_IA_/install/gui:/home/rhobtor/PHD/ARGOSJ8_IA/ARGOSJ8_IA_/install/android_ros2_server:/home/rhobtor/PHD/ARGOSJ8_IA/ARGOSJ8_IA_/install/GUI_pkg:/home/rhobtor/PHD/model_terrain_ugv/Model_terrain_ugv/install/model_terrain:/opt/ros/humble /usr/bin/cmake --build /home/rhobtor/PHD/j8_control/J8_control/build/ublox_msgs -- -j20 -l20
[122.789s] DEBUG:colcon.colcon_core.event_handler.log_command:Invoking command in '/home/rhobtor/PHD/j8_control/J8_control/build/ublox_msgs': AMENT_PREFIX_PATH=/home/rhobtor/PHD/j8_control/J8_control/install/ublox_serialization:${AMENT_PREFIX_PATH} CMAKE_PREFIX_PATH=/home/rhobtor/PHD/j8_control/J8_control/install/ublox_serialization:/home/rhobtor/PHD/ARGOSJ8_IA/ARGOSJ8_IA_/install/wiimote_msgs:/home/rhobtor/PHD/ARGOSJ8_IA/ARGOSJ8_IA_/install/ublox:/home/rhobtor/PHD/ARGOSJ8_IA/ARGOSJ8_IA_/install/ublox_gps:/home/rhobtor/PHD/ARGOSJ8_IA/ARGOSJ8_IA_/install/security_check:/home/rhobtor/PHD/ARGOSJ8_IA/ARGOSJ8_IA_/install/ctl_mission:/home/rhobtor/PHD/ARGOSJ8_IA/ARGOSJ8_IA_/install/ublox_msgs:/home/rhobtor/PHD/ARGOSJ8_IA/ARGOSJ8_IA_/install/ublox_serialization:/home/rhobtor/PHD/ARGOSJ8_IA/ARGOSJ8_IA_/install/spacenav:/home/rhobtor/PHD/ARGOSJ8_IA/ARGOSJ8_IA_/install/laser_segmentation:/home/rhobtor/PHD/ARGOSJ8_IA/ARGOSJ8_IA_/install/slg_msgs:/home/rhobtor/PHD/ARGOSJ8_IA/ARGOSJ8_IA_/install/security_check_interfaces:/home/rhobtor/PHD/ARGOSJ8_IA/ARGOSJ8_IA_/install/joy:/home/rhobtor/PHD/ARGOSJ8_IA/ARGOSJ8_IA_/install/sdl2_vendor:/home/rhobtor/PHD/ARGOSJ8_IA/ARGOSJ8_IA_/install/path_manager:/home/rhobtor/PHD/ARGOSJ8_IA/ARGOSJ8_IA_/install/path_manager_interfaces:/home/rhobtor/PHD/ARGOSJ8_IA/ARGOSJ8_IA_/install/joy_linux:/home/rhobtor/PHD/ARGOSJ8_IA/ARGOSJ8_IA_/install/j8_xacro_model:/home/rhobtor/PHD/ARGOSJ8_IA/ARGOSJ8_IA_/install/hikmicro_thermal_camera:/home/rhobtor/PHD/ARGOSJ8_IA/ARGOSJ8_IA_/install/hector_gazebo_plugins:/home/rhobtor/PHD/ARGOSJ8_IA/ARGOSJ8_IA_/install/fixposition_sensor_pkg:/home/rhobtor/PHD/ARGOSJ8_IA/ARGOSJ8_IA_/install/fixposition_odometry_converter_ros2:/home/rhobtor/PHD/ARGOSJ8_IA/ARGOSJ8_IA_/install/fixposition_driver_ros2:/home/rhobtor/PHD/ARGOSJ8_IA/ARGOSJ8_IA_/install/fixposition_driver_lib:/home/rhobtor/PHD/ARGOSJ8_IA/ARGOSJ8_IA_/install/fixposition_gnss_tf:/home/rhobtor/PHD/ARGOSJ8_IA/ARGOSJ8_IA_/install/ctl_mission_interfaces:/home/rhobtor/PHD/ARGOSJ8_IA/ARGOSJ8_IA_/install/car_cpp:/home/rhobtor/PHD/ARGOSJ8_IA/ARGOSJ8_IA_/install/car_interfaces:/home/rhobtor/PHD/ARGOSJ8_IA/ARGOSJ8_IA_/install/argj801_setup:/home/rhobtor/PHD/ARGOSJ8_IA/ARGOSJ8_IA_/install/argj801_sensors:/home/rhobtor/PHD/ARGOSJ8_IA/ARGOSJ8_IA_/install/argj801_sensors_msgs:/home/rhobtor/PHD/ARGOSJ8_IA/ARGOSJ8_IA_/install/argj801_ctl_platform:/home/rhobtor/PHD/ARGOSJ8_IA/ARGOSJ8_IA_/install/argj801_ctl_platform_interfaces:/home/rhobtor/PHD/model_terrain_ugv/Model_terrain_ugv/install/model_terrain_cpp:/home/rhobtor/PHD/path_dem/install_navigation/path_dem:/home/rhobtor/PHD/path_dem/install/path_dem:/home/rhobtor/PHD/install_global_belief_final/path_dem:/home/rhobtor/PHD/ARGOSJ8_IA/ARGOSJ8_IA_/install/car:/home/rhobtor/PHD/ARGOSJ8_IA/ARGOSJ8_IA_/install/ntrip_client:/home/rhobtor/PHD/ARGOSJ8_IA/ARGOSJ8_IA_/install/j8_gui:/home/rhobtor/PHD/ARGOSJ8_IA/ARGOSJ8_IA_/install/gui:/home/rhobtor/PHD/ARGOSJ8_IA/ARGOSJ8_IA_/install/android_ros2_server:/home/rhobtor/PHD/ARGOSJ8_IA/ARGOSJ8_IA_/install/GUI_pkg:/home/rhobtor/PHD/model_terrain_ugv/Model_terrain_ugv/install/model_terrain:/opt/ros/humble /usr/bin/cmake --install /home/rhobtor/PHD/j8_control/J8_control/build/ublox_msgs
[123.027s] Level 1:colcon.colcon_core.environment:create_environment_scripts_only(ublox_msgs)
[123.027s] Level 1:colcon.colcon_core.environment:checking '/home/rhobtor/PHD/j8_control/J8_control/install/ublox_msgs' for CMake module files
[123.028s] DEBUG:colcon.colcon_core.event_handler.log_command:Invoked command in '/home/rhobtor/PHD/j8_control/J8_control/build/ublox_msgs' returned '0': AMENT_PREFIX_PATH=/home/rhobtor/PHD/j8_control/J8_control/install/ublox_serialization:${AMENT_PREFIX_PATH} CMAKE_PREFIX_PATH=/home/rhobtor/PHD/j8_control/J8_control/install/ublox_serialization:/home/rhobtor/PHD/ARGOSJ8_IA/ARGOSJ8_IA_/install/wiimote_msgs:/home/rhobtor/PHD/ARGOSJ8_IA/ARGOSJ8_IA_/install/ublox:/home/rhobtor/PHD/ARGOSJ8_IA/ARGOSJ8_IA_/install/ublox_gps:/home/rhobtor/PHD/ARGOSJ8_IA/ARGOSJ8_IA_/install/security_check:/home/rhobtor/PHD/ARGOSJ8_IA/ARGOSJ8_IA_/install/ctl_mission:/home/rhobtor/PHD/ARGOSJ8_IA/ARGOSJ8_IA_/install/ublox_msgs:/home/rhobtor/PHD/ARGOSJ8_IA/ARGOSJ8_IA_/install/ublox_serialization:/home/rhobtor/PHD/ARGOSJ8_IA/ARGOSJ8_IA_/install/spacenav:/home/rhobtor/PHD/ARGOSJ8_IA/ARGOSJ8_IA_/install/laser_segmentation:/home/rhobtor/PHD/ARGOSJ8_IA/ARGOSJ8_IA_/install/slg_msgs:/home/rhobtor/PHD/ARGOSJ8_IA/ARGOSJ8_IA_/install/security_check_interfaces:/home/rhobtor/PHD/ARGOSJ8_IA/ARGOSJ8_IA_/install/joy:/home/rhobtor/PHD/ARGOSJ8_IA/ARGOSJ8_IA_/install/sdl2_vendor:/home/rhobtor/PHD/ARGOSJ8_IA/ARGOSJ8_IA_/install/path_manager:/home/rhobtor/PHD/ARGOSJ8_IA/ARGOSJ8_IA_/install/path_manager_interfaces:/home/rhobtor/PHD/ARGOSJ8_IA/ARGOSJ8_IA_/install/joy_linux:/home/rhobtor/PHD/ARGOSJ8_IA/ARGOSJ8_IA_/install/j8_xacro_model:/home/rhobtor/PHD/ARGOSJ8_IA/ARGOSJ8_IA_/install/hikmicro_thermal_camera:/home/rhobtor/PHD/ARGOSJ8_IA/ARGOSJ8_IA_/install/hector_gazebo_plugins:/home/rhobtor/PHD/ARGOSJ8_IA/ARGOSJ8_IA_/install/fixposition_sensor_pkg:/home/rhobtor/PHD/ARGOSJ8_IA/ARGOSJ8_IA_/install/fixposition_odometry_converter_ros2:/home/rhobtor/PHD/ARGOSJ8_IA/ARGOSJ8_IA_/install/fixposition_driver_ros2:/home/rhobtor/PHD/ARGOSJ8_IA/ARGOSJ8_IA_/install/fixposition_driver_lib:/home/rhobtor/PHD/ARGOSJ8_IA/ARGOSJ8_IA_/install/fixposition_gnss_tf:/home/rhobtor/PHD/ARGOSJ8_IA/ARGOSJ8_IA_/install/ctl_mission_interfaces:/home/rhobtor/PHD/ARGOSJ8_IA/ARGOSJ8_IA_/install/car_cpp:/home/rhobtor/PHD/ARGOSJ8_IA/ARGOSJ8_IA_/install/car_interfaces:/home/rhobtor/PHD/ARGOSJ8_IA/ARGOSJ8_IA_/install/argj801_setup:/home/rhobtor/PHD/ARGOSJ8_IA/ARGOSJ8_IA_/install/argj801_sensors:/home/rhobtor/PHD/ARGOSJ8_IA/ARGOSJ8_IA_/install/argj801_sensors_msgs:/home/rhobtor/PHD/ARGOSJ8_IA/ARGOSJ8_IA_/install/argj801_ctl_platform:/home/rhobtor/PHD/ARGOSJ8_IA/ARGOSJ8_IA_/install/argj801_ctl_platform_interfaces:/home/rhobtor/PHD/model_terrain_ugv/Model_terrain_ugv/install/model_terrain_cpp:/home/rhobtor/PHD/path_dem/install_navigation/path_dem:/home/rhobtor/PHD/path_dem/install/path_dem:/home/rhobtor/PHD/install_global_belief_final/path_dem:/home/rhobtor/PHD/ARGOSJ8_IA/ARGOSJ8_IA_/install/car:/home/rhobtor/PHD/ARGOSJ8_IA/ARGOSJ8_IA_/install/ntrip_client:/home/rhobtor/PHD/ARGOSJ8_IA/ARGOSJ8_IA_/install/j8_gui:/home/rhobtor/PHD/ARGOSJ8_IA/ARGOSJ8_IA_/install/gui:/home/rhobtor/PHD/ARGOSJ8_IA/ARGOSJ8_IA_/install/android_ros2_server:/home/rhobtor/PHD/ARGOSJ8_IA/ARGOSJ8_IA_/install/GUI_pkg:/home/rhobtor/PHD/model_terrain_ugv/Model_terrain_ugv/install/model_terrain:/opt/ros/humble /usr/bin/cmake --install /home/rhobtor/PHD/j8_control/J8_control/build/ublox_msgs
[123.028s] Level 1:colcon.colcon_core.environment:checking '/home/rhobtor/PHD/j8_control/J8_control/install/ublox_msgs' for CMake config files
[123.028s] Level 1:colcon.colcon_core.shell:create_environment_hook('ublox_msgs', 'cmake_prefix_path')
[123.028s] INFO:colcon.colcon_core.shell:Creating environment hook '/home/rhobtor/PHD/j8_control/J8_control/install/ublox_msgs/share/ublox_msgs/hook/cmake_prefix_path.ps1'
[123.029s] INFO:colcon.colcon_core.shell:Creating environment descriptor '/home/rhobtor/PHD/j8_control/J8_control/install/ublox_msgs/share/ublox_msgs/hook/cmake_prefix_path.dsv'
[123.029s] INFO:colcon.colcon_core.shell:Creating environment hook '/home/rhobtor/PHD/j8_control/J8_control/install/ublox_msgs/share/ublox_msgs/hook/cmake_prefix_path.sh'
[123.029s] Level 1:colcon.colcon_core.environment:checking '/home/rhobtor/PHD/j8_control/J8_control/install/ublox_msgs/lib'
[123.029s] Level 1:colcon.colcon_core.shell:create_environment_hook('ublox_msgs', 'ld_library_path_lib')
[123.029s] INFO:colcon.colcon_core.shell:Creating environment hook '/home/rhobtor/PHD/j8_control/J8_control/install/ublox_msgs/share/ublox_msgs/hook/ld_library_path_lib.ps1'
[123.029s] INFO:colcon.colcon_core.shell:Creating environment descriptor '/home/rhobtor/PHD/j8_control/J8_control/install/ublox_msgs/share/ublox_msgs/hook/ld_library_path_lib.dsv'
[123.030s] INFO:colcon.colcon_core.shell:Creating environment hook '/home/rhobtor/PHD/j8_control/J8_control/install/ublox_msgs/share/ublox_msgs/hook/ld_library_path_lib.sh'
[123.030s] Level 1:colcon.colcon_core.environment:checking '/home/rhobtor/PHD/j8_control/J8_control/install/ublox_msgs/bin'
[123.030s] Level 1:colcon.colcon_core.environment:checking '/home/rhobtor/PHD/j8_control/J8_control/install/ublox_msgs/lib/pkgconfig/ublox_msgs.pc'
[123.030s] Level 1:colcon.colcon_core.environment:checking '/home/rhobtor/PHD/j8_control/J8_control/install/ublox_msgs/lib/python3.10/site-packages'
[123.030s] Level 1:colcon.colcon_core.environment:checking '/home/rhobtor/PHD/j8_control/J8_control/install/ublox_msgs/bin'
[123.030s] INFO:colcon.colcon_core.shell:Creating package script '/home/rhobtor/PHD/j8_control/J8_control/install/ublox_msgs/share/ublox_msgs/package.ps1'
[123.031s] INFO:colcon.colcon_core.shell:Creating package descriptor '/home/rhobtor/PHD/j8_control/J8_control/install/ublox_msgs/share/ublox_msgs/package.dsv'
[123.031s] INFO:colcon.colcon_core.shell:Creating package script '/home/rhobtor/PHD/j8_control/J8_control/install/ublox_msgs/share/ublox_msgs/package.sh'
[123.031s] INFO:colcon.colcon_core.shell:Creating package script '/home/rhobtor/PHD/j8_control/J8_control/install/ublox_msgs/share/ublox_msgs/package.bash'
[123.031s] INFO:colcon.colcon_core.shell:Creating package script '/home/rhobtor/PHD/j8_control/J8_control/install/ublox_msgs/share/ublox_msgs/package.zsh'
[123.031s] Level 1:colcon.colcon_core.environment:create_file_with_runtime_dependencies(/home/rhobtor/PHD/j8_control/J8_control/install/ublox_msgs/share/colcon-core/packages/ublox_msgs)
[123.032s] Level 1:colcon.colcon_core.environment:create_environment_scripts_only(ublox_msgs)
[123.032s] Level 1:colcon.colcon_core.environment:checking '/home/rhobtor/PHD/j8_control/J8_control/install/ublox_msgs' for CMake module files
[123.032s] Level 1:colcon.colcon_core.environment:checking '/home/rhobtor/PHD/j8_control/J8_control/install/ublox_msgs' for CMake config files
[123.032s] Level 1:colcon.colcon_core.shell:create_environment_hook('ublox_msgs', 'cmake_prefix_path')
[123.032s] INFO:colcon.colcon_core.shell:Creating environment hook '/home/rhobtor/PHD/j8_control/J8_control/install/ublox_msgs/share/ublox_msgs/hook/cmake_prefix_path.ps1'
[123.033s] INFO:colcon.colcon_core.shell:Creating environment descriptor '/home/rhobtor/PHD/j8_control/J8_control/install/ublox_msgs/share/ublox_msgs/hook/cmake_prefix_path.dsv'
[123.033s] INFO:colcon.colcon_core.shell:Creating environment hook '/home/rhobtor/PHD/j8_control/J8_control/install/ublox_msgs/share/ublox_msgs/hook/cmake_prefix_path.sh'
[123.033s] Level 1:colcon.colcon_core.environment:checking '/home/rhobtor/PHD/j8_control/J8_control/install/ublox_msgs/lib'
[123.033s] Level 1:colcon.colcon_core.shell:create_environment_hook('ublox_msgs', 'ld_library_path_lib')
[123.033s] INFO:colcon.colcon_core.shell:Creating environment hook '/home/rhobtor/PHD/j8_control/J8_control/install/ublox_msgs/share/ublox_msgs/hook/ld_library_path_lib.ps1'
[123.034s] INFO:colcon.colcon_core.shell:Creating environment descriptor '/home/rhobtor/PHD/j8_control/J8_control/install/ublox_msgs/share/ublox_msgs/hook/ld_library_path_lib.dsv'
[123.034s] INFO:colcon.colcon_core.shell:Creating environment hook '/home/rhobtor/PHD/j8_control/J8_control/install/ublox_msgs/share/ublox_msgs/hook/ld_library_path_lib.sh'
[123.034s] Level 1:colcon.colcon_core.environment:checking '/home/rhobtor/PHD/j8_control/J8_control/install/ublox_msgs/bin'
[123.034s] Level 1:colcon.colcon_core.environment:checking '/home/rhobtor/PHD/j8_control/J8_control/install/ublox_msgs/lib/pkgconfig/ublox_msgs.pc'
[123.034s] Level 1:colcon.colcon_core.environment:checking '/home/rhobtor/PHD/j8_control/J8_control/install/ublox_msgs/lib/python3.10/site-packages'
[123.034s] Level 1:colcon.colcon_core.environment:checking '/home/rhobtor/PHD/j8_control/J8_control/install/ublox_msgs/bin'
[123.034s] INFO:colcon.colcon_core.shell:Creating package script '/home/rhobtor/PHD/j8_control/J8_control/install/ublox_msgs/share/ublox_msgs/package.ps1'
[123.035s] INFO:colcon.colcon_core.shell:Creating package descriptor '/home/rhobtor/PHD/j8_control/J8_control/install/ublox_msgs/share/ublox_msgs/package.dsv'
[123.035s] INFO:colcon.colcon_core.shell:Creating package script '/home/rhobtor/PHD/j8_control/J8_control/install/ublox_msgs/share/ublox_msgs/package.sh'
[123.035s] INFO:colcon.colcon_core.shell:Creating package script '/home/rhobtor/PHD/j8_control/J8_control/install/ublox_msgs/share/ublox_msgs/package.bash'
[123.035s] INFO:colcon.colcon_core.shell:Creating package script '/home/rhobtor/PHD/j8_control/J8_control/install/ublox_msgs/share/ublox_msgs/package.zsh'
[123.036s] Level 1:colcon.colcon_core.environment:create_file_with_runtime_dependencies(/home/rhobtor/PHD/j8_control/J8_control/install/ublox_msgs/share/colcon-core/packages/ublox_msgs)
[123.036s] INFO:colcon.colcon_ros.task.ament_cmake.build:Building ROS package in '/home/rhobtor/PHD/j8_control/J8_control/src/ctl_mission/ctl_mission' with build type 'ament_cmake'
[123.036s] INFO:colcon.colcon_cmake.task.cmake.build:Building CMake package in '/home/rhobtor/PHD/j8_control/J8_control/src/ctl_mission/ctl_mission'
[123.036s] INFO:colcon.colcon_core.shell:Skip shell extension 'powershell' for command environment: Not usable outside of PowerShell
[123.036s] DEBUG:colcon.colcon_core.shell:Skip shell extension 'dsv' for command environment
[123.040s] INFO:colcon.colcon_ros.task.ament_cmake.build:Building ROS package in '/home/rhobtor/PHD/j8_control/J8_control/src/argo_drivers_pkgs/ublox/ublox_gps' with build type 'ament_cmake'
[123.040s] INFO:colcon.colcon_cmake.task.cmake.build:Building CMake package in '/home/rhobtor/PHD/j8_control/J8_control/src/argo_drivers_pkgs/ublox/ublox_gps'
[123.040s] INFO:colcon.colcon_core.shell:Skip shell extension 'powershell' for command environment: Not usable outside of PowerShell
[123.040s] DEBUG:colcon.colcon_core.shell:Skip shell extension 'dsv' for command environment
[123.050s] DEBUG:colcon.colcon_core.event_handler.log_command:Invoking command in '/home/rhobtor/PHD/j8_control/J8_control/build/ublox_gps': AMENT_PREFIX_PATH=/home/rhobtor/PHD/j8_control/J8_control/install/ublox_msgs:/home/rhobtor/PHD/j8_control/J8_control/install/ublox_serialization:${AMENT_PREFIX_PATH} CMAKE_PREFIX_PATH=/home/rhobtor/PHD/j8_control/J8_control/install/ublox_msgs:/home/rhobtor/PHD/j8_control/J8_control/install/ublox_serialization:/home/rhobtor/PHD/ARGOSJ8_IA/ARGOSJ8_IA_/install/wiimote_msgs:/home/rhobtor/PHD/ARGOSJ8_IA/ARGOSJ8_IA_/install/ublox:/home/rhobtor/PHD/ARGOSJ8_IA/ARGOSJ8_IA_/install/ublox_gps:/home/rhobtor/PHD/ARGOSJ8_IA/ARGOSJ8_IA_/install/security_check:/home/rhobtor/PHD/ARGOSJ8_IA/ARGOSJ8_IA_/install/ctl_mission:/home/rhobtor/PHD/ARGOSJ8_IA/ARGOSJ8_IA_/install/ublox_msgs:/home/rhobtor/PHD/ARGOSJ8_IA/ARGOSJ8_IA_/install/ublox_serialization:/home/rhobtor/PHD/ARGOSJ8_IA/ARGOSJ8_IA_/install/spacenav:/home/rhobtor/PHD/ARGOSJ8_IA/ARGOSJ8_IA_/install/laser_segmentation:/home/rhobtor/PHD/ARGOSJ8_IA/ARGOSJ8_IA_/install/slg_msgs:/home/rhobtor/PHD/ARGOSJ8_IA/ARGOSJ8_IA_/install/security_check_interfaces:/home/rhobtor/PHD/ARGOSJ8_IA/ARGOSJ8_IA_/install/joy:/home/rhobtor/PHD/ARGOSJ8_IA/ARGOSJ8_IA_/install/sdl2_vendor:/home/rhobtor/PHD/ARGOSJ8_IA/ARGOSJ8_IA_/install/path_manager:/home/rhobtor/PHD/ARGOSJ8_IA/ARGOSJ8_IA_/install/path_manager_interfaces:/home/rhobtor/PHD/ARGOSJ8_IA/ARGOSJ8_IA_/install/joy_linux:/home/rhobtor/PHD/ARGOSJ8_IA/ARGOSJ8_IA_/install/j8_xacro_model:/home/rhobtor/PHD/ARGOSJ8_IA/ARGOSJ8_IA_/install/hikmicro_thermal_camera:/home/rhobtor/PHD/ARGOSJ8_IA/ARGOSJ8_IA_/install/hector_gazebo_plugins:/home/rhobtor/PHD/ARGOSJ8_IA/ARGOSJ8_IA_/install/fixposition_sensor_pkg:/home/rhobtor/PHD/ARGOSJ8_IA/ARGOSJ8_IA_/install/fixposition_odometry_converter_ros2:/home/rhobtor/PHD/ARGOSJ8_IA/ARGOSJ8_IA_/install/fixposition_driver_ros2:/home/rhobtor/PHD/ARGOSJ8_IA/ARGOSJ8_IA_/install/fixposition_driver_lib:/home/rhobtor/PHD/ARGOSJ8_IA/ARGOSJ8_IA_/install/fixposition_gnss_tf:/home/rhobtor/PHD/ARGOSJ8_IA/ARGOSJ8_IA_/install/ctl_mission_interfaces:/home/rhobtor/PHD/ARGOSJ8_IA/ARGOSJ8_IA_/install/car_cpp:/home/rhobtor/PHD/ARGOSJ8_IA/ARGOSJ8_IA_/install/car_interfaces:/home/rhobtor/PHD/ARGOSJ8_IA/ARGOSJ8_IA_/install/argj801_setup:/home/rhobtor/PHD/ARGOSJ8_IA/ARGOSJ8_IA_/install/argj801_sensors:/home/rhobtor/PHD/ARGOSJ8_IA/ARGOSJ8_IA_/install/argj801_sensors_msgs:/home/rhobtor/PHD/ARGOSJ8_IA/ARGOSJ8_IA_/install/argj801_ctl_platform:/home/rhobtor/PHD/ARGOSJ8_IA/ARGOSJ8_IA_/install/argj801_ctl_platform_interfaces:/home/rhobtor/PHD/model_terrain_ugv/Model_terrain_ugv/install/model_terrain_cpp:/home/rhobtor/PHD/path_dem/install_navigation/path_dem:/home/rhobtor/PHD/path_dem/install/path_dem:/home/rhobtor/PHD/install_global_belief_final/path_dem:/home/rhobtor/PHD/ARGOSJ8_IA/ARGOSJ8_IA_/install/car:/home/rhobtor/PHD/ARGOSJ8_IA/ARGOSJ8_IA_/install/ntrip_client:/home/rhobtor/PHD/ARGOSJ8_IA/ARGOSJ8_IA_/install/j8_gui:/home/rhobtor/PHD/ARGOSJ8_IA/ARGOSJ8_IA_/install/gui:/home/rhobtor/PHD/ARGOSJ8_IA/ARGOSJ8_IA_/install/android_ros2_server:/home/rhobtor/PHD/ARGOSJ8_IA/ARGOSJ8_IA_/install/GUI_pkg:/home/rhobtor/PHD/model_terrain_ugv/Model_terrain_ugv/install/model_terrain:/opt/ros/humble LD_LIBRARY_PATH=/home/rhobtor/PHD/j8_control/J8_control/install/ublox_msgs/lib:${LD_LIBRARY_PATH} PYTHONPATH=/home/rhobtor/PHD/j8_control/J8_control/install/ublox_msgs/local/lib/python3.10/dist-packages:${PYTHONPATH} /usr/bin/cmake /home/rhobtor/PHD/j8_control/J8_control/src/argo_drivers_pkgs/ublox/ublox_gps -DCMAKE_INSTALL_PREFIX=/home/rhobtor/PHD/j8_control/J8_control/install/ublox_gps
[123.053s] DEBUG:colcon.colcon_core.event_handler.log_command:Invoking command in '/home/rhobtor/PHD/j8_control/J8_control/build/ctl_mission': AMENT_PREFIX_PATH=/home/rhobtor/PHD/j8_control/J8_control/install/ublox_msgs:/home/rhobtor/PHD/j8_control/J8_control/install/ublox_serialization:/home/rhobtor/PHD/j8_control/J8_control/install/path_manager_interfaces:/home/rhobtor/PHD/j8_control/J8_control/install/ctl_mission_interfaces:${AMENT_PREFIX_PATH} CMAKE_PREFIX_PATH=/home/rhobtor/PHD/j8_control/J8_control/install/ublox_msgs:/home/rhobtor/PHD/j8_control/J8_control/install/ublox_serialization:/home/rhobtor/PHD/j8_control/J8_control/install/path_manager_interfaces:/home/rhobtor/PHD/j8_control/J8_control/install/ctl_mission_interfaces:/home/rhobtor/PHD/ARGOSJ8_IA/ARGOSJ8_IA_/install/wiimote_msgs:/home/rhobtor/PHD/ARGOSJ8_IA/ARGOSJ8_IA_/install/ublox:/home/rhobtor/PHD/ARGOSJ8_IA/ARGOSJ8_IA_/install/ublox_gps:/home/rhobtor/PHD/ARGOSJ8_IA/ARGOSJ8_IA_/install/security_check:/home/rhobtor/PHD/ARGOSJ8_IA/ARGOSJ8_IA_/install/ctl_mission:/home/rhobtor/PHD/ARGOSJ8_IA/ARGOSJ8_IA_/install/ublox_msgs:/home/rhobtor/PHD/ARGOSJ8_IA/ARGOSJ8_IA_/install/ublox_serialization:/home/rhobtor/PHD/ARGOSJ8_IA/ARGOSJ8_IA_/install/spacenav:/home/rhobtor/PHD/ARGOSJ8_IA/ARGOSJ8_IA_/install/laser_segmentation:/home/rhobtor/PHD/ARGOSJ8_IA/ARGOSJ8_IA_/install/slg_msgs:/home/rhobtor/PHD/ARGOSJ8_IA/ARGOSJ8_IA_/install/security_check_interfaces:/home/rhobtor/PHD/ARGOSJ8_IA/ARGOSJ8_IA_/install/joy:/home/rhobtor/PHD/ARGOSJ8_IA/ARGOSJ8_IA_/install/sdl2_vendor:/home/rhobtor/PHD/ARGOSJ8_IA/ARGOSJ8_IA_/install/path_manager:/home/rhobtor/PHD/ARGOSJ8_IA/ARGOSJ8_IA_/install/path_manager_interfaces:/home/rhobtor/PHD/ARGOSJ8_IA/ARGOSJ8_IA_/install/joy_linux:/home/rhobtor/PHD/ARGOSJ8_IA/ARGOSJ8_IA_/install/j8_xacro_model:/home/rhobtor/PHD/ARGOSJ8_IA/ARGOSJ8_IA_/install/hikmicro_thermal_camera:/home/rhobtor/PHD/ARGOSJ8_IA/ARGOSJ8_IA_/install/hector_gazebo_plugins:/home/rhobtor/PHD/ARGOSJ8_IA/ARGOSJ8_IA_/install/fixposition_sensor_pkg:/home/rhobtor/PHD/ARGOSJ8_IA/ARGOSJ8_IA_/install/fixposition_odometry_converter_ros2:/home/rhobtor/PHD/ARGOSJ8_IA/ARGOSJ8_IA_/install/fixposition_driver_ros2:/home/rhobtor/PHD/ARGOSJ8_IA/ARGOSJ8_IA_/install/fixposition_driver_lib:/home/rhobtor/PHD/ARGOSJ8_IA/ARGOSJ8_IA_/install/fixposition_gnss_tf:/home/rhobtor/PHD/ARGOSJ8_IA/ARGOSJ8_IA_/install/ctl_mission_interfaces:/home/rhobtor/PHD/ARGOSJ8_IA/ARGOSJ8_IA_/install/car_cpp:/home/rhobtor/PHD/ARGOSJ8_IA/ARGOSJ8_IA_/install/car_interfaces:/home/rhobtor/PHD/ARGOSJ8_IA/ARGOSJ8_IA_/install/argj801_setup:/home/rhobtor/PHD/ARGOSJ8_IA/ARGOSJ8_IA_/install/argj801_sensors:/home/rhobtor/PHD/ARGOSJ8_IA/ARGOSJ8_IA_/install/argj801_sensors_msgs:/home/rhobtor/PHD/ARGOSJ8_IA/ARGOSJ8_IA_/install/argj801_ctl_platform:/home/rhobtor/PHD/ARGOSJ8_IA/ARGOSJ8_IA_/install/argj801_ctl_platform_interfaces:/home/rhobtor/PHD/model_terrain_ugv/Model_terrain_ugv/install/model_terrain_cpp:/home/rhobtor/PHD/path_dem/install_navigation/path_dem:/home/rhobtor/PHD/path_dem/install/path_dem:/home/rhobtor/PHD/install_global_belief_final/path_dem:/home/rhobtor/PHD/ARGOSJ8_IA/ARGOSJ8_IA_/install/car:/home/rhobtor/PHD/ARGOSJ8_IA/ARGOSJ8_IA_/install/ntrip_client:/home/rhobtor/PHD/ARGOSJ8_IA/ARGOSJ8_IA_/install/j8_gui:/home/rhobtor/PHD/ARGOSJ8_IA/ARGOSJ8_IA_/install/gui:/home/rhobtor/PHD/ARGOSJ8_IA/ARGOSJ8_IA_/install/android_ros2_server:/home/rhobtor/PHD/ARGOSJ8_IA/ARGOSJ8_IA_/install/GUI_pkg:/home/rhobtor/PHD/model_terrain_ugv/Model_terrain_ugv/install/model_terrain:/opt/ros/humble LD_LIBRARY_PATH=/home/rhobtor/PHD/j8_control/J8_control/install/ublox_msgs/lib:/home/rhobtor/PHD/j8_control/J8_control/install/path_manager_interfaces/lib:/home/rhobtor/PHD/j8_control/J8_control/install/ctl_mission_interfaces/lib:${LD_LIBRARY_PATH} PYTHONPATH=/home/rhobtor/PHD/j8_control/J8_control/install/ublox_msgs/local/lib/python3.10/dist-packages:/home/rhobtor/PHD/j8_control/J8_control/install/path_manager_interfaces/local/lib/python3.10/dist-packages:/home/rhobtor/PHD/j8_control/J8_control/install/ctl_mission_interfaces/local/lib/python3.10/dist-packages:${PYTHONPATH} /usr/bin/cmake /home/rhobtor/PHD/j8_control/J8_control/src/ctl_mission/ctl_mission -DCMAKE_INSTALL_PREFIX=/home/rhobtor/PHD/j8_control/J8_control/install/ctl_mission
[124.331s] DEBUG:colcon.colcon_core.event_handler.log_command:Invoked command in '/home/rhobtor/PHD/j8_control/J8_control/build/ublox_gps' returned '0': AMENT_PREFIX_PATH=/home/rhobtor/PHD/j8_control/J8_control/install/ublox_msgs:/home/rhobtor/PHD/j8_control/J8_control/install/ublox_serialization:${AMENT_PREFIX_PATH} CMAKE_PREFIX_PATH=/home/rhobtor/PHD/j8_control/J8_control/install/ublox_msgs:/home/rhobtor/PHD/j8_control/J8_control/install/ublox_serialization:/home/rhobtor/PHD/ARGOSJ8_IA/ARGOSJ8_IA_/install/wiimote_msgs:/home/rhobtor/PHD/ARGOSJ8_IA/ARGOSJ8_IA_/install/ublox:/home/rhobtor/PHD/ARGOSJ8_IA/ARGOSJ8_IA_/install/ublox_gps:/home/rhobtor/PHD/ARGOSJ8_IA/ARGOSJ8_IA_/install/security_check:/home/rhobtor/PHD/ARGOSJ8_IA/ARGOSJ8_IA_/install/ctl_mission:/home/rhobtor/PHD/ARGOSJ8_IA/ARGOSJ8_IA_/install/ublox_msgs:/home/rhobtor/PHD/ARGOSJ8_IA/ARGOSJ8_IA_/install/ublox_serialization:/home/rhobtor/PHD/ARGOSJ8_IA/ARGOSJ8_IA_/install/spacenav:/home/rhobtor/PHD/ARGOSJ8_IA/ARGOSJ8_IA_/install/laser_segmentation:/home/rhobtor/PHD/ARGOSJ8_IA/ARGOSJ8_IA_/install/slg_msgs:/home/rhobtor/PHD/ARGOSJ8_IA/ARGOSJ8_IA_/install/security_check_interfaces:/home/rhobtor/PHD/ARGOSJ8_IA/ARGOSJ8_IA_/install/joy:/home/rhobtor/PHD/ARGOSJ8_IA/ARGOSJ8_IA_/install/sdl2_vendor:/home/rhobtor/PHD/ARGOSJ8_IA/ARGOSJ8_IA_/install/path_manager:/home/rhobtor/PHD/ARGOSJ8_IA/ARGOSJ8_IA_/install/path_manager_interfaces:/home/rhobtor/PHD/ARGOSJ8_IA/ARGOSJ8_IA_/install/joy_linux:/home/rhobtor/PHD/ARGOSJ8_IA/ARGOSJ8_IA_/install/j8_xacro_model:/home/rhobtor/PHD/ARGOSJ8_IA/ARGOSJ8_IA_/install/hikmicro_thermal_camera:/home/rhobtor/PHD/ARGOSJ8_IA/ARGOSJ8_IA_/install/hector_gazebo_plugins:/home/rhobtor/PHD/ARGOSJ8_IA/ARGOSJ8_IA_/install/fixposition_sensor_pkg:/home/rhobtor/PHD/ARGOSJ8_IA/ARGOSJ8_IA_/install/fixposition_odometry_converter_ros2:/home/rhobtor/PHD/ARGOSJ8_IA/ARGOSJ8_IA_/install/fixposition_driver_ros2:/home/rhobtor/PHD/ARGOSJ8_IA/ARGOSJ8_IA_/install/fixposition_driver_lib:/home/rhobtor/PHD/ARGOSJ8_IA/ARGOSJ8_IA_/install/fixposition_gnss_tf:/home/rhobtor/PHD/ARGOSJ8_IA/ARGOSJ8_IA_/install/ctl_mission_interfaces:/home/rhobtor/PHD/ARGOSJ8_IA/ARGOSJ8_IA_/install/car_cpp:/home/rhobtor/PHD/ARGOSJ8_IA/ARGOSJ8_IA_/install/car_interfaces:/home/rhobtor/PHD/ARGOSJ8_IA/ARGOSJ8_IA_/install/argj801_setup:/home/rhobtor/PHD/ARGOSJ8_IA/ARGOSJ8_IA_/install/argj801_sensors:/home/rhobtor/PHD/ARGOSJ8_IA/ARGOSJ8_IA_/install/argj801_sensors_msgs:/home/rhobtor/PHD/ARGOSJ8_IA/ARGOSJ8_IA_/install/argj801_ctl_platform:/home/rhobtor/PHD/ARGOSJ8_IA/ARGOSJ8_IA_/install/argj801_ctl_platform_interfaces:/home/rhobtor/PHD/model_terrain_ugv/Model_terrain_ugv/install/model_terrain_cpp:/home/rhobtor/PHD/path_dem/install_navigation/path_dem:/home/rhobtor/PHD/path_dem/install/path_dem:/home/rhobtor/PHD/install_global_belief_final/path_dem:/home/rhobtor/PHD/ARGOSJ8_IA/ARGOSJ8_IA_/install/car:/home/rhobtor/PHD/ARGOSJ8_IA/ARGOSJ8_IA_/install/ntrip_client:/home/rhobtor/PHD/ARGOSJ8_IA/ARGOSJ8_IA_/install/j8_gui:/home/rhobtor/PHD/ARGOSJ8_IA/ARGOSJ8_IA_/install/gui:/home/rhobtor/PHD/ARGOSJ8_IA/ARGOSJ8_IA_/install/android_ros2_server:/home/rhobtor/PHD/ARGOSJ8_IA/ARGOSJ8_IA_/install/GUI_pkg:/home/rhobtor/PHD/model_terrain_ugv/Model_terrain_ugv/install/model_terrain:/opt/ros/humble LD_LIBRARY_PATH=/home/rhobtor/PHD/j8_control/J8_control/install/ublox_msgs/lib:${LD_LIBRARY_PATH} PYTHONPATH=/home/rhobtor/PHD/j8_control/J8_control/install/ublox_msgs/local/lib/python3.10/dist-packages:${PYTHONPATH} /usr/bin/cmake /home/rhobtor/PHD/j8_control/J8_control/src/argo_drivers_pkgs/ublox/ublox_gps -DCMAKE_INSTALL_PREFIX=/home/rhobtor/PHD/j8_control/J8_control/install/ublox_gps
[124.333s] DEBUG:colcon.colcon_core.event_handler.log_command:Invoking command in '/home/rhobtor/PHD/j8_control/J8_control/build/ublox_gps': AMENT_PREFIX_PATH=/home/rhobtor/PHD/j8_control/J8_control/install/ublox_msgs:/home/rhobtor/PHD/j8_control/J8_control/install/ublox_serialization:${AMENT_PREFIX_PATH} CMAKE_PREFIX_PATH=/home/rhobtor/PHD/j8_control/J8_control/install/ublox_msgs:/home/rhobtor/PHD/j8_control/J8_control/install/ublox_serialization:/home/rhobtor/PHD/ARGOSJ8_IA/ARGOSJ8_IA_/install/wiimote_msgs:/home/rhobtor/PHD/ARGOSJ8_IA/ARGOSJ8_IA_/install/ublox:/home/rhobtor/PHD/ARGOSJ8_IA/ARGOSJ8_IA_/install/ublox_gps:/home/rhobtor/PHD/ARGOSJ8_IA/ARGOSJ8_IA_/install/security_check:/home/rhobtor/PHD/ARGOSJ8_IA/ARGOSJ8_IA_/install/ctl_mission:/home/rhobtor/PHD/ARGOSJ8_IA/ARGOSJ8_IA_/install/ublox_msgs:/home/rhobtor/PHD/ARGOSJ8_IA/ARGOSJ8_IA_/install/ublox_serialization:/home/rhobtor/PHD/ARGOSJ8_IA/ARGOSJ8_IA_/install/spacenav:/home/rhobtor/PHD/ARGOSJ8_IA/ARGOSJ8_IA_/install/laser_segmentation:/home/rhobtor/PHD/ARGOSJ8_IA/ARGOSJ8_IA_/install/slg_msgs:/home/rhobtor/PHD/ARGOSJ8_IA/ARGOSJ8_IA_/install/security_check_interfaces:/home/rhobtor/PHD/ARGOSJ8_IA/ARGOSJ8_IA_/install/joy:/home/rhobtor/PHD/ARGOSJ8_IA/ARGOSJ8_IA_/install/sdl2_vendor:/home/rhobtor/PHD/ARGOSJ8_IA/ARGOSJ8_IA_/install/path_manager:/home/rhobtor/PHD/ARGOSJ8_IA/ARGOSJ8_IA_/install/path_manager_interfaces:/home/rhobtor/PHD/ARGOSJ8_IA/ARGOSJ8_IA_/install/joy_linux:/home/rhobtor/PHD/ARGOSJ8_IA/ARGOSJ8_IA_/install/j8_xacro_model:/home/rhobtor/PHD/ARGOSJ8_IA/ARGOSJ8_IA_/install/hikmicro_thermal_camera:/home/rhobtor/PHD/ARGOSJ8_IA/ARGOSJ8_IA_/install/hector_gazebo_plugins:/home/rhobtor/PHD/ARGOSJ8_IA/ARGOSJ8_IA_/install/fixposition_sensor_pkg:/home/rhobtor/PHD/ARGOSJ8_IA/ARGOSJ8_IA_/install/fixposition_odometry_converter_ros2:/home/rhobtor/PHD/ARGOSJ8_IA/ARGOSJ8_IA_/install/fixposition_driver_ros2:/home/rhobtor/PHD/ARGOSJ8_IA/ARGOSJ8_IA_/install/fixposition_driver_lib:/home/rhobtor/PHD/ARGOSJ8_IA/ARGOSJ8_IA_/install/fixposition_gnss_tf:/home/rhobtor/PHD/ARGOSJ8_IA/ARGOSJ8_IA_/install/ctl_mission_interfaces:/home/rhobtor/PHD/ARGOSJ8_IA/ARGOSJ8_IA_/install/car_cpp:/home/rhobtor/PHD/ARGOSJ8_IA/ARGOSJ8_IA_/install/car_interfaces:/home/rhobtor/PHD/ARGOSJ8_IA/ARGOSJ8_IA_/install/argj801_setup:/home/rhobtor/PHD/ARGOSJ8_IA/ARGOSJ8_IA_/install/argj801_sensors:/home/rhobtor/PHD/ARGOSJ8_IA/ARGOSJ8_IA_/install/argj801_sensors_msgs:/home/rhobtor/PHD/ARGOSJ8_IA/ARGOSJ8_IA_/install/argj801_ctl_platform:/home/rhobtor/PHD/ARGOSJ8_IA/ARGOSJ8_IA_/install/argj801_ctl_platform_interfaces:/home/rhobtor/PHD/model_terrain_ugv/Model_terrain_ugv/install/model_terrain_cpp:/home/rhobtor/PHD/path_dem/install_navigation/path_dem:/home/rhobtor/PHD/path_dem/install/path_dem:/home/rhobtor/PHD/install_global_belief_final/path_dem:/home/rhobtor/PHD/ARGOSJ8_IA/ARGOSJ8_IA_/install/car:/home/rhobtor/PHD/ARGOSJ8_IA/ARGOSJ8_IA_/install/ntrip_client:/home/rhobtor/PHD/ARGOSJ8_IA/ARGOSJ8_IA_/install/j8_gui:/home/rhobtor/PHD/ARGOSJ8_IA/ARGOSJ8_IA_/install/gui:/home/rhobtor/PHD/ARGOSJ8_IA/ARGOSJ8_IA_/install/android_ros2_server:/home/rhobtor/PHD/ARGOSJ8_IA/ARGOSJ8_IA_/install/GUI_pkg:/home/rhobtor/PHD/model_terrain_ugv/Model_terrain_ugv/install/model_terrain:/opt/ros/humble LD_LIBRARY_PATH=/home/rhobtor/PHD/j8_control/J8_control/install/ublox_msgs/lib:${LD_LIBRARY_PATH} PYTHONPATH=/home/rhobtor/PHD/j8_control/J8_control/install/ublox_msgs/local/lib/python3.10/dist-packages:${PYTHONPATH} /usr/bin/cmake --build /home/rhobtor/PHD/j8_control/J8_control/build/ublox_gps -- -j20 -l20
[125.404s] DEBUG:colcon.colcon_core.event_handler.log_command:Invoked command in '/home/rhobtor/PHD/j8_control/J8_control/build/ctl_mission' returned '0': AMENT_PREFIX_PATH=/home/rhobtor/PHD/j8_control/J8_control/install/ublox_msgs:/home/rhobtor/PHD/j8_control/J8_control/install/ublox_serialization:/home/rhobtor/PHD/j8_control/J8_control/install/path_manager_interfaces:/home/rhobtor/PHD/j8_control/J8_control/install/ctl_mission_interfaces:${AMENT_PREFIX_PATH} CMAKE_PREFIX_PATH=/home/rhobtor/PHD/j8_control/J8_control/install/ublox_msgs:/home/rhobtor/PHD/j8_control/J8_control/install/ublox_serialization:/home/rhobtor/PHD/j8_control/J8_control/install/path_manager_interfaces:/home/rhobtor/PHD/j8_control/J8_control/install/ctl_mission_interfaces:/home/rhobtor/PHD/ARGOSJ8_IA/ARGOSJ8_IA_/install/wiimote_msgs:/home/rhobtor/PHD/ARGOSJ8_IA/ARGOSJ8_IA_/install/ublox:/home/rhobtor/PHD/ARGOSJ8_IA/ARGOSJ8_IA_/install/ublox_gps:/home/rhobtor/PHD/ARGOSJ8_IA/ARGOSJ8_IA_/install/security_check:/home/rhobtor/PHD/ARGOSJ8_IA/ARGOSJ8_IA_/install/ctl_mission:/home/rhobtor/PHD/ARGOSJ8_IA/ARGOSJ8_IA_/install/ublox_msgs:/home/rhobtor/PHD/ARGOSJ8_IA/ARGOSJ8_IA_/install/ublox_serialization:/home/rhobtor/PHD/ARGOSJ8_IA/ARGOSJ8_IA_/install/spacenav:/home/rhobtor/PHD/ARGOSJ8_IA/ARGOSJ8_IA_/install/laser_segmentation:/home/rhobtor/PHD/ARGOSJ8_IA/ARGOSJ8_IA_/install/slg_msgs:/home/rhobtor/PHD/ARGOSJ8_IA/ARGOSJ8_IA_/install/security_check_interfaces:/home/rhobtor/PHD/ARGOSJ8_IA/ARGOSJ8_IA_/install/joy:/home/rhobtor/PHD/ARGOSJ8_IA/ARGOSJ8_IA_/install/sdl2_vendor:/home/rhobtor/PHD/ARGOSJ8_IA/ARGOSJ8_IA_/install/path_manager:/home/rhobtor/PHD/ARGOSJ8_IA/ARGOSJ8_IA_/install/path_manager_interfaces:/home/rhobtor/PHD/ARGOSJ8_IA/ARGOSJ8_IA_/install/joy_linux:/home/rhobtor/PHD/ARGOSJ8_IA/ARGOSJ8_IA_/install/j8_xacro_model:/home/rhobtor/PHD/ARGOSJ8_IA/ARGOSJ8_IA_/install/hikmicro_thermal_camera:/home/rhobtor/PHD/ARGOSJ8_IA/ARGOSJ8_IA_/install/hector_gazebo_plugins:/home/rhobtor/PHD/ARGOSJ8_IA/ARGOSJ8_IA_/install/fixposition_sensor_pkg:/home/rhobtor/PHD/ARGOSJ8_IA/ARGOSJ8_IA_/install/fixposition_odometry_converter_ros2:/home/rhobtor/PHD/ARGOSJ8_IA/ARGOSJ8_IA_/install/fixposition_driver_ros2:/home/rhobtor/PHD/ARGOSJ8_IA/ARGOSJ8_IA_/install/fixposition_driver_lib:/home/rhobtor/PHD/ARGOSJ8_IA/ARGOSJ8_IA_/install/fixposition_gnss_tf:/home/rhobtor/PHD/ARGOSJ8_IA/ARGOSJ8_IA_/install/ctl_mission_interfaces:/home/rhobtor/PHD/ARGOSJ8_IA/ARGOSJ8_IA_/install/car_cpp:/home/rhobtor/PHD/ARGOSJ8_IA/ARGOSJ8_IA_/install/car_interfaces:/home/rhobtor/PHD/ARGOSJ8_IA/ARGOSJ8_IA_/install/argj801_setup:/home/rhobtor/PHD/ARGOSJ8_IA/ARGOSJ8_IA_/install/argj801_sensors:/home/rhobtor/PHD/ARGOSJ8_IA/ARGOSJ8_IA_/install/argj801_sensors_msgs:/home/rhobtor/PHD/ARGOSJ8_IA/ARGOSJ8_IA_/install/argj801_ctl_platform:/home/rhobtor/PHD/ARGOSJ8_IA/ARGOSJ8_IA_/install/argj801_ctl_platform_interfaces:/home/rhobtor/PHD/model_terrain_ugv/Model_terrain_ugv/install/model_terrain_cpp:/home/rhobtor/PHD/path_dem/install_navigation/path_dem:/home/rhobtor/PHD/path_dem/install/path_dem:/home/rhobtor/PHD/install_global_belief_final/path_dem:/home/rhobtor/PHD/ARGOSJ8_IA/ARGOSJ8_IA_/install/car:/home/rhobtor/PHD/ARGOSJ8_IA/ARGOSJ8_IA_/install/ntrip_client:/home/rhobtor/PHD/ARGOSJ8_IA/ARGOSJ8_IA_/install/j8_gui:/home/rhobtor/PHD/ARGOSJ8_IA/ARGOSJ8_IA_/install/gui:/home/rhobtor/PHD/ARGOSJ8_IA/ARGOSJ8_IA_/install/android_ros2_server:/home/rhobtor/PHD/ARGOSJ8_IA/ARGOSJ8_IA_/install/GUI_pkg:/home/rhobtor/PHD/model_terrain_ugv/Model_terrain_ugv/install/model_terrain:/opt/ros/humble LD_LIBRARY_PATH=/home/rhobtor/PHD/j8_control/J8_control/install/ublox_msgs/lib:/home/rhobtor/PHD/j8_control/J8_control/install/path_manager_interfaces/lib:/home/rhobtor/PHD/j8_control/J8_control/install/ctl_mission_interfaces/lib:${LD_LIBRARY_PATH} PYTHONPATH=/home/rhobtor/PHD/j8_control/J8_control/install/ublox_msgs/local/lib/python3.10/dist-packages:/home/rhobtor/PHD/j8_control/J8_control/install/path_manager_interfaces/local/lib/python3.10/dist-packages:/home/rhobtor/PHD/j8_control/J8_control/install/ctl_mission_interfaces/local/lib/python3.10/dist-packages:${PYTHONPATH} /usr/bin/cmake /home/rhobtor/PHD/j8_control/J8_control/src/ctl_mission/ctl_mission -DCMAKE_INSTALL_PREFIX=/home/rhobtor/PHD/j8_control/J8_control/install/ctl_mission
[125.405s] DEBUG:colcon.colcon_core.event_handler.log_command:Invoking command in '/home/rhobtor/PHD/j8_control/J8_control/build/ctl_mission': AMENT_PREFIX_PATH=/home/rhobtor/PHD/j8_control/J8_control/install/ublox_msgs:/home/rhobtor/PHD/j8_control/J8_control/install/ublox_serialization:/home/rhobtor/PHD/j8_control/J8_control/install/path_manager_interfaces:/home/rhobtor/PHD/j8_control/J8_control/install/ctl_mission_interfaces:${AMENT_PREFIX_PATH} CMAKE_PREFIX_PATH=/home/rhobtor/PHD/j8_control/J8_control/install/ublox_msgs:/home/rhobtor/PHD/j8_control/J8_control/install/ublox_serialization:/home/rhobtor/PHD/j8_control/J8_control/install/path_manager_interfaces:/home/rhobtor/PHD/j8_control/J8_control/install/ctl_mission_interfaces:/home/rhobtor/PHD/ARGOSJ8_IA/ARGOSJ8_IA_/install/wiimote_msgs:/home/rhobtor/PHD/ARGOSJ8_IA/ARGOSJ8_IA_/install/ublox:/home/rhobtor/PHD/ARGOSJ8_IA/ARGOSJ8_IA_/install/ublox_gps:/home/rhobtor/PHD/ARGOSJ8_IA/ARGOSJ8_IA_/install/security_check:/home/rhobtor/PHD/ARGOSJ8_IA/ARGOSJ8_IA_/install/ctl_mission:/home/rhobtor/PHD/ARGOSJ8_IA/ARGOSJ8_IA_/install/ublox_msgs:/home/rhobtor/PHD/ARGOSJ8_IA/ARGOSJ8_IA_/install/ublox_serialization:/home/rhobtor/PHD/ARGOSJ8_IA/ARGOSJ8_IA_/install/spacenav:/home/rhobtor/PHD/ARGOSJ8_IA/ARGOSJ8_IA_/install/laser_segmentation:/home/rhobtor/PHD/ARGOSJ8_IA/ARGOSJ8_IA_/install/slg_msgs:/home/rhobtor/PHD/ARGOSJ8_IA/ARGOSJ8_IA_/install/security_check_interfaces:/home/rhobtor/PHD/ARGOSJ8_IA/ARGOSJ8_IA_/install/joy:/home/rhobtor/PHD/ARGOSJ8_IA/ARGOSJ8_IA_/install/sdl2_vendor:/home/rhobtor/PHD/ARGOSJ8_IA/ARGOSJ8_IA_/install/path_manager:/home/rhobtor/PHD/ARGOSJ8_IA/ARGOSJ8_IA_/install/path_manager_interfaces:/home/rhobtor/PHD/ARGOSJ8_IA/ARGOSJ8_IA_/install/joy_linux:/home/rhobtor/PHD/ARGOSJ8_IA/ARGOSJ8_IA_/install/j8_xacro_model:/home/rhobtor/PHD/ARGOSJ8_IA/ARGOSJ8_IA_/install/hikmicro_thermal_camera:/home/rhobtor/PHD/ARGOSJ8_IA/ARGOSJ8_IA_/install/hector_gazebo_plugins:/home/rhobtor/PHD/ARGOSJ8_IA/ARGOSJ8_IA_/install/fixposition_sensor_pkg:/home/rhobtor/PHD/ARGOSJ8_IA/ARGOSJ8_IA_/install/fixposition_odometry_converter_ros2:/home/rhobtor/PHD/ARGOSJ8_IA/ARGOSJ8_IA_/install/fixposition_driver_ros2:/home/rhobtor/PHD/ARGOSJ8_IA/ARGOSJ8_IA_/install/fixposition_driver_lib:/home/rhobtor/PHD/ARGOSJ8_IA/ARGOSJ8_IA_/install/fixposition_gnss_tf:/home/rhobtor/PHD/ARGOSJ8_IA/ARGOSJ8_IA_/install/ctl_mission_interfaces:/home/rhobtor/PHD/ARGOSJ8_IA/ARGOSJ8_IA_/install/car_cpp:/home/rhobtor/PHD/ARGOSJ8_IA/ARGOSJ8_IA_/install/car_interfaces:/home/rhobtor/PHD/ARGOSJ8_IA/ARGOSJ8_IA_/install/argj801_setup:/home/rhobtor/PHD/ARGOSJ8_IA/ARGOSJ8_IA_/install/argj801_sensors:/home/rhobtor/PHD/ARGOSJ8_IA/ARGOSJ8_IA_/install/argj801_sensors_msgs:/home/rhobtor/PHD/ARGOSJ8_IA/ARGOSJ8_IA_/install/argj801_ctl_platform:/home/rhobtor/PHD/ARGOSJ8_IA/ARGOSJ8_IA_/install/argj801_ctl_platform_interfaces:/home/rhobtor/PHD/model_terrain_ugv/Model_terrain_ugv/install/model_terrain_cpp:/home/rhobtor/PHD/path_dem/install_navigation/path_dem:/home/rhobtor/PHD/path_dem/install/path_dem:/home/rhobtor/PHD/install_global_belief_final/path_dem:/home/rhobtor/PHD/ARGOSJ8_IA/ARGOSJ8_IA_/install/car:/home/rhobtor/PHD/ARGOSJ8_IA/ARGOSJ8_IA_/install/ntrip_client:/home/rhobtor/PHD/ARGOSJ8_IA/ARGOSJ8_IA_/install/j8_gui:/home/rhobtor/PHD/ARGOSJ8_IA/ARGOSJ8_IA_/install/gui:/home/rhobtor/PHD/ARGOSJ8_IA/ARGOSJ8_IA_/install/android_ros2_server:/home/rhobtor/PHD/ARGOSJ8_IA/ARGOSJ8_IA_/install/GUI_pkg:/home/rhobtor/PHD/model_terrain_ugv/Model_terrain_ugv/install/model_terrain:/opt/ros/humble LD_LIBRARY_PATH=/home/rhobtor/PHD/j8_control/J8_control/install/ublox_msgs/lib:/home/rhobtor/PHD/j8_control/J8_control/install/path_manager_interfaces/lib:/home/rhobtor/PHD/j8_control/J8_control/install/ctl_mission_interfaces/lib:${LD_LIBRARY_PATH} PYTHONPATH=/home/rhobtor/PHD/j8_control/J8_control/install/ublox_msgs/local/lib/python3.10/dist-packages:/home/rhobtor/PHD/j8_control/J8_control/install/path_manager_interfaces/local/lib/python3.10/dist-packages:/home/rhobtor/PHD/j8_control/J8_control/install/ctl_mission_interfaces/local/lib/python3.10/dist-packages:${PYTHONPATH} /usr/bin/cmake --build /home/rhobtor/PHD/j8_control/J8_control/build/ctl_mission -- -j20 -l20
[154.495s] DEBUG:colcon.colcon_core.event_handler.log_command:Invoked command in '/home/rhobtor/PHD/j8_control/J8_control/build/ctl_mission' returned '0': AMENT_PREFIX_PATH=/home/rhobtor/PHD/j8_control/J8_control/install/ublox_msgs:/home/rhobtor/PHD/j8_control/J8_control/install/ublox_serialization:/home/rhobtor/PHD/j8_control/J8_control/install/path_manager_interfaces:/home/rhobtor/PHD/j8_control/J8_control/install/ctl_mission_interfaces:${AMENT_PREFIX_PATH} CMAKE_PREFIX_PATH=/home/rhobtor/PHD/j8_control/J8_control/install/ublox_msgs:/home/rhobtor/PHD/j8_control/J8_control/install/ublox_serialization:/home/rhobtor/PHD/j8_control/J8_control/install/path_manager_interfaces:/home/rhobtor/PHD/j8_control/J8_control/install/ctl_mission_interfaces:/home/rhobtor/PHD/ARGOSJ8_IA/ARGOSJ8_IA_/install/wiimote_msgs:/home/rhobtor/PHD/ARGOSJ8_IA/ARGOSJ8_IA_/install/ublox:/home/rhobtor/PHD/ARGOSJ8_IA/ARGOSJ8_IA_/install/ublox_gps:/home/rhobtor/PHD/ARGOSJ8_IA/ARGOSJ8_IA_/install/security_check:/home/rhobtor/PHD/ARGOSJ8_IA/ARGOSJ8_IA_/install/ctl_mission:/home/rhobtor/PHD/ARGOSJ8_IA/ARGOSJ8_IA_/install/ublox_msgs:/home/rhobtor/PHD/ARGOSJ8_IA/ARGOSJ8_IA_/install/ublox_serialization:/home/rhobtor/PHD/ARGOSJ8_IA/ARGOSJ8_IA_/install/spacenav:/home/rhobtor/PHD/ARGOSJ8_IA/ARGOSJ8_IA_/install/laser_segmentation:/home/rhobtor/PHD/ARGOSJ8_IA/ARGOSJ8_IA_/install/slg_msgs:/home/rhobtor/PHD/ARGOSJ8_IA/ARGOSJ8_IA_/install/security_check_interfaces:/home/rhobtor/PHD/ARGOSJ8_IA/ARGOSJ8_IA_/install/joy:/home/rhobtor/PHD/ARGOSJ8_IA/ARGOSJ8_IA_/install/sdl2_vendor:/home/rhobtor/PHD/ARGOSJ8_IA/ARGOSJ8_IA_/install/path_manager:/home/rhobtor/PHD/ARGOSJ8_IA/ARGOSJ8_IA_/install/path_manager_interfaces:/home/rhobtor/PHD/ARGOSJ8_IA/ARGOSJ8_IA_/install/joy_linux:/home/rhobtor/PHD/ARGOSJ8_IA/ARGOSJ8_IA_/install/j8_xacro_model:/home/rhobtor/PHD/ARGOSJ8_IA/ARGOSJ8_IA_/install/hikmicro_thermal_camera:/home/rhobtor/PHD/ARGOSJ8_IA/ARGOSJ8_IA_/install/hector_gazebo_plugins:/home/rhobtor/PHD/ARGOSJ8_IA/ARGOSJ8_IA_/install/fixposition_sensor_pkg:/home/rhobtor/PHD/ARGOSJ8_IA/ARGOSJ8_IA_/install/fixposition_odometry_converter_ros2:/home/rhobtor/PHD/ARGOSJ8_IA/ARGOSJ8_IA_/install/fixposition_driver_ros2:/home/rhobtor/PHD/ARGOSJ8_IA/ARGOSJ8_IA_/install/fixposition_driver_lib:/home/rhobtor/PHD/ARGOSJ8_IA/ARGOSJ8_IA_/install/fixposition_gnss_tf:/home/rhobtor/PHD/ARGOSJ8_IA/ARGOSJ8_IA_/install/ctl_mission_interfaces:/home/rhobtor/PHD/ARGOSJ8_IA/ARGOSJ8_IA_/install/car_cpp:/home/rhobtor/PHD/ARGOSJ8_IA/ARGOSJ8_IA_/install/car_interfaces:/home/rhobtor/PHD/ARGOSJ8_IA/ARGOSJ8_IA_/install/argj801_setup:/home/rhobtor/PHD/ARGOSJ8_IA/ARGOSJ8_IA_/install/argj801_sensors:/home/rhobtor/PHD/ARGOSJ8_IA/ARGOSJ8_IA_/install/argj801_sensors_msgs:/home/rhobtor/PHD/ARGOSJ8_IA/ARGOSJ8_IA_/install/argj801_ctl_platform:/home/rhobtor/PHD/ARGOSJ8_IA/ARGOSJ8_IA_/install/argj801_ctl_platform_interfaces:/home/rhobtor/PHD/model_terrain_ugv/Model_terrain_ugv/install/model_terrain_cpp:/home/rhobtor/PHD/path_dem/install_navigation/path_dem:/home/rhobtor/PHD/path_dem/install/path_dem:/home/rhobtor/PHD/install_global_belief_final/path_dem:/home/rhobtor/PHD/ARGOSJ8_IA/ARGOSJ8_IA_/install/car:/home/rhobtor/PHD/ARGOSJ8_IA/ARGOSJ8_IA_/install/ntrip_client:/home/rhobtor/PHD/ARGOSJ8_IA/ARGOSJ8_IA_/install/j8_gui:/home/rhobtor/PHD/ARGOSJ8_IA/ARGOSJ8_IA_/install/gui:/home/rhobtor/PHD/ARGOSJ8_IA/ARGOSJ8_IA_/install/android_ros2_server:/home/rhobtor/PHD/ARGOSJ8_IA/ARGOSJ8_IA_/install/GUI_pkg:/home/rhobtor/PHD/model_terrain_ugv/Model_terrain_ugv/install/model_terrain:/opt/ros/humble LD_LIBRARY_PATH=/home/rhobtor/PHD/j8_control/J8_control/install/ublox_msgs/lib:/home/rhobtor/PHD/j8_control/J8_control/install/path_manager_interfaces/lib:/home/rhobtor/PHD/j8_control/J8_control/install/ctl_mission_interfaces/lib:${LD_LIBRARY_PATH} PYTHONPATH=/home/rhobtor/PHD/j8_control/J8_control/install/ublox_msgs/local/lib/python3.10/dist-packages:/home/rhobtor/PHD/j8_control/J8_control/install/path_manager_interfaces/local/lib/python3.10/dist-packages:/home/rhobtor/PHD/j8_control/J8_control/install/ctl_mission_interfaces/local/lib/python3.10/dist-packages:${PYTHONPATH} /usr/bin/cmake --build /home/rhobtor/PHD/j8_control/J8_control/build/ctl_mission -- -j20 -l20
[154.497s] DEBUG:colcon.colcon_core.event_handler.log_command:Invoking command in '/home/rhobtor/PHD/j8_control/J8_control/build/ctl_mission': AMENT_PREFIX_PATH=/home/rhobtor/PHD/j8_control/J8_control/install/ublox_msgs:/home/rhobtor/PHD/j8_control/J8_control/install/ublox_serialization:/home/rhobtor/PHD/j8_control/J8_control/install/path_manager_interfaces:/home/rhobtor/PHD/j8_control/J8_control/install/ctl_mission_interfaces:${AMENT_PREFIX_PATH} CMAKE_PREFIX_PATH=/home/rhobtor/PHD/j8_control/J8_control/install/ublox_msgs:/home/rhobtor/PHD/j8_control/J8_control/install/ublox_serialization:/home/rhobtor/PHD/j8_control/J8_control/install/path_manager_interfaces:/home/rhobtor/PHD/j8_control/J8_control/install/ctl_mission_interfaces:/home/rhobtor/PHD/ARGOSJ8_IA/ARGOSJ8_IA_/install/wiimote_msgs:/home/rhobtor/PHD/ARGOSJ8_IA/ARGOSJ8_IA_/install/ublox:/home/rhobtor/PHD/ARGOSJ8_IA/ARGOSJ8_IA_/install/ublox_gps:/home/rhobtor/PHD/ARGOSJ8_IA/ARGOSJ8_IA_/install/security_check:/home/rhobtor/PHD/ARGOSJ8_IA/ARGOSJ8_IA_/install/ctl_mission:/home/rhobtor/PHD/ARGOSJ8_IA/ARGOSJ8_IA_/install/ublox_msgs:/home/rhobtor/PHD/ARGOSJ8_IA/ARGOSJ8_IA_/install/ublox_serialization:/home/rhobtor/PHD/ARGOSJ8_IA/ARGOSJ8_IA_/install/spacenav:/home/rhobtor/PHD/ARGOSJ8_IA/ARGOSJ8_IA_/install/laser_segmentation:/home/rhobtor/PHD/ARGOSJ8_IA/ARGOSJ8_IA_/install/slg_msgs:/home/rhobtor/PHD/ARGOSJ8_IA/ARGOSJ8_IA_/install/security_check_interfaces:/home/rhobtor/PHD/ARGOSJ8_IA/ARGOSJ8_IA_/install/joy:/home/rhobtor/PHD/ARGOSJ8_IA/ARGOSJ8_IA_/install/sdl2_vendor:/home/rhobtor/PHD/ARGOSJ8_IA/ARGOSJ8_IA_/install/path_manager:/home/rhobtor/PHD/ARGOSJ8_IA/ARGOSJ8_IA_/install/path_manager_interfaces:/home/rhobtor/PHD/ARGOSJ8_IA/ARGOSJ8_IA_/install/joy_linux:/home/rhobtor/PHD/ARGOSJ8_IA/ARGOSJ8_IA_/install/j8_xacro_model:/home/rhobtor/PHD/ARGOSJ8_IA/ARGOSJ8_IA_/install/hikmicro_thermal_camera:/home/rhobtor/PHD/ARGOSJ8_IA/ARGOSJ8_IA_/install/hector_gazebo_plugins:/home/rhobtor/PHD/ARGOSJ8_IA/ARGOSJ8_IA_/install/fixposition_sensor_pkg:/home/rhobtor/PHD/ARGOSJ8_IA/ARGOSJ8_IA_/install/fixposition_odometry_converter_ros2:/home/rhobtor/PHD/ARGOSJ8_IA/ARGOSJ8_IA_/install/fixposition_driver_ros2:/home/rhobtor/PHD/ARGOSJ8_IA/ARGOSJ8_IA_/install/fixposition_driver_lib:/home/rhobtor/PHD/ARGOSJ8_IA/ARGOSJ8_IA_/install/fixposition_gnss_tf:/home/rhobtor/PHD/ARGOSJ8_IA/ARGOSJ8_IA_/install/ctl_mission_interfaces:/home/rhobtor/PHD/ARGOSJ8_IA/ARGOSJ8_IA_/install/car_cpp:/home/rhobtor/PHD/ARGOSJ8_IA/ARGOSJ8_IA_/install/car_interfaces:/home/rhobtor/PHD/ARGOSJ8_IA/ARGOSJ8_IA_/install/argj801_setup:/home/rhobtor/PHD/ARGOSJ8_IA/ARGOSJ8_IA_/install/argj801_sensors:/home/rhobtor/PHD/ARGOSJ8_IA/ARGOSJ8_IA_/install/argj801_sensors_msgs:/home/rhobtor/PHD/ARGOSJ8_IA/ARGOSJ8_IA_/install/argj801_ctl_platform:/home/rhobtor/PHD/ARGOSJ8_IA/ARGOSJ8_IA_/install/argj801_ctl_platform_interfaces:/home/rhobtor/PHD/model_terrain_ugv/Model_terrain_ugv/install/model_terrain_cpp:/home/rhobtor/PHD/path_dem/install_navigation/path_dem:/home/rhobtor/PHD/path_dem/install/path_dem:/home/rhobtor/PHD/install_global_belief_final/path_dem:/home/rhobtor/PHD/ARGOSJ8_IA/ARGOSJ8_IA_/install/car:/home/rhobtor/PHD/ARGOSJ8_IA/ARGOSJ8_IA_/install/ntrip_client:/home/rhobtor/PHD/ARGOSJ8_IA/ARGOSJ8_IA_/install/j8_gui:/home/rhobtor/PHD/ARGOSJ8_IA/ARGOSJ8_IA_/install/gui:/home/rhobtor/PHD/ARGOSJ8_IA/ARGOSJ8_IA_/install/android_ros2_server:/home/rhobtor/PHD/ARGOSJ8_IA/ARGOSJ8_IA_/install/GUI_pkg:/home/rhobtor/PHD/model_terrain_ugv/Model_terrain_ugv/install/model_terrain:/opt/ros/humble LD_LIBRARY_PATH=/home/rhobtor/PHD/j8_control/J8_control/install/ublox_msgs/lib:/home/rhobtor/PHD/j8_control/J8_control/install/path_manager_interfaces/lib:/home/rhobtor/PHD/j8_control/J8_control/install/ctl_mission_interfaces/lib:${LD_LIBRARY_PATH} PYTHONPATH=/home/rhobtor/PHD/j8_control/J8_control/install/ublox_msgs/local/lib/python3.10/dist-packages:/home/rhobtor/PHD/j8_control/J8_control/install/path_manager_interfaces/local/lib/python3.10/dist-packages:/home/rhobtor/PHD/j8_control/J8_control/install/ctl_mission_interfaces/local/lib/python3.10/dist-packages:${PYTHONPATH} /usr/bin/cmake --install /home/rhobtor/PHD/j8_control/J8_control/build/ctl_mission
[155.805s] Level 1:colcon.colcon_core.environment:create_environment_scripts_only(ctl_mission)
[155.805s] Level 1:colcon.colcon_core.environment:checking '/home/rhobtor/PHD/j8_control/J8_control/install/ctl_mission' for CMake module files
[155.806s] DEBUG:colcon.colcon_core.event_handler.log_command:Invoked command in '/home/rhobtor/PHD/j8_control/J8_control/build/ctl_mission' returned '0': AMENT_PREFIX_PATH=/home/rhobtor/PHD/j8_control/J8_control/install/ublox_msgs:/home/rhobtor/PHD/j8_control/J8_control/install/ublox_serialization:/home/rhobtor/PHD/j8_control/J8_control/install/path_manager_interfaces:/home/rhobtor/PHD/j8_control/J8_control/install/ctl_mission_interfaces:${AMENT_PREFIX_PATH} CMAKE_PREFIX_PATH=/home/rhobtor/PHD/j8_control/J8_control/install/ublox_msgs:/home/rhobtor/PHD/j8_control/J8_control/install/ublox_serialization:/home/rhobtor/PHD/j8_control/J8_control/install/path_manager_interfaces:/home/rhobtor/PHD/j8_control/J8_control/install/ctl_mission_interfaces:/home/rhobtor/PHD/ARGOSJ8_IA/ARGOSJ8_IA_/install/wiimote_msgs:/home/rhobtor/PHD/ARGOSJ8_IA/ARGOSJ8_IA_/install/ublox:/home/rhobtor/PHD/ARGOSJ8_IA/ARGOSJ8_IA_/install/ublox_gps:/home/rhobtor/PHD/ARGOSJ8_IA/ARGOSJ8_IA_/install/security_check:/home/rhobtor/PHD/ARGOSJ8_IA/ARGOSJ8_IA_/install/ctl_mission:/home/rhobtor/PHD/ARGOSJ8_IA/ARGOSJ8_IA_/install/ublox_msgs:/home/rhobtor/PHD/ARGOSJ8_IA/ARGOSJ8_IA_/install/ublox_serialization:/home/rhobtor/PHD/ARGOSJ8_IA/ARGOSJ8_IA_/install/spacenav:/home/rhobtor/PHD/ARGOSJ8_IA/ARGOSJ8_IA_/install/laser_segmentation:/home/rhobtor/PHD/ARGOSJ8_IA/ARGOSJ8_IA_/install/slg_msgs:/home/rhobtor/PHD/ARGOSJ8_IA/ARGOSJ8_IA_/install/security_check_interfaces:/home/rhobtor/PHD/ARGOSJ8_IA/ARGOSJ8_IA_/install/joy:/home/rhobtor/PHD/ARGOSJ8_IA/ARGOSJ8_IA_/install/sdl2_vendor:/home/rhobtor/PHD/ARGOSJ8_IA/ARGOSJ8_IA_/install/path_manager:/home/rhobtor/PHD/ARGOSJ8_IA/ARGOSJ8_IA_/install/path_manager_interfaces:/home/rhobtor/PHD/ARGOSJ8_IA/ARGOSJ8_IA_/install/joy_linux:/home/rhobtor/PHD/ARGOSJ8_IA/ARGOSJ8_IA_/install/j8_xacro_model:/home/rhobtor/PHD/ARGOSJ8_IA/ARGOSJ8_IA_/install/hikmicro_thermal_camera:/home/rhobtor/PHD/ARGOSJ8_IA/ARGOSJ8_IA_/install/hector_gazebo_plugins:/home/rhobtor/PHD/ARGOSJ8_IA/ARGOSJ8_IA_/install/fixposition_sensor_pkg:/home/rhobtor/PHD/ARGOSJ8_IA/ARGOSJ8_IA_/install/fixposition_odometry_converter_ros2:/home/rhobtor/PHD/ARGOSJ8_IA/ARGOSJ8_IA_/install/fixposition_driver_ros2:/home/rhobtor/PHD/ARGOSJ8_IA/ARGOSJ8_IA_/install/fixposition_driver_lib:/home/rhobtor/PHD/ARGOSJ8_IA/ARGOSJ8_IA_/install/fixposition_gnss_tf:/home/rhobtor/PHD/ARGOSJ8_IA/ARGOSJ8_IA_/install/ctl_mission_interfaces:/home/rhobtor/PHD/ARGOSJ8_IA/ARGOSJ8_IA_/install/car_cpp:/home/rhobtor/PHD/ARGOSJ8_IA/ARGOSJ8_IA_/install/car_interfaces:/home/rhobtor/PHD/ARGOSJ8_IA/ARGOSJ8_IA_/install/argj801_setup:/home/rhobtor/PHD/ARGOSJ8_IA/ARGOSJ8_IA_/install/argj801_sensors:/home/rhobtor/PHD/ARGOSJ8_IA/ARGOSJ8_IA_/install/argj801_sensors_msgs:/home/rhobtor/PHD/ARGOSJ8_IA/ARGOSJ8_IA_/install/argj801_ctl_platform:/home/rhobtor/PHD/ARGOSJ8_IA/ARGOSJ8_IA_/install/argj801_ctl_platform_interfaces:/home/rhobtor/PHD/model_terrain_ugv/Model_terrain_ugv/install/model_terrain_cpp:/home/rhobtor/PHD/path_dem/install_navigation/path_dem:/home/rhobtor/PHD/path_dem/install/path_dem:/home/rhobtor/PHD/install_global_belief_final/path_dem:/home/rhobtor/PHD/ARGOSJ8_IA/ARGOSJ8_IA_/install/car:/home/rhobtor/PHD/ARGOSJ8_IA/ARGOSJ8_IA_/install/ntrip_client:/home/rhobtor/PHD/ARGOSJ8_IA/ARGOSJ8_IA_/install/j8_gui:/home/rhobtor/PHD/ARGOSJ8_IA/ARGOSJ8_IA_/install/gui:/home/rhobtor/PHD/ARGOSJ8_IA/ARGOSJ8_IA_/install/android_ros2_server:/home/rhobtor/PHD/ARGOSJ8_IA/ARGOSJ8_IA_/install/GUI_pkg:/home/rhobtor/PHD/model_terrain_ugv/Model_terrain_ugv/install/model_terrain:/opt/ros/humble LD_LIBRARY_PATH=/home/rhobtor/PHD/j8_control/J8_control/install/ublox_msgs/lib:/home/rhobtor/PHD/j8_control/J8_control/install/path_manager_interfaces/lib:/home/rhobtor/PHD/j8_control/J8_control/install/ctl_mission_interfaces/lib:${LD_LIBRARY_PATH} PYTHONPATH=/home/rhobtor/PHD/j8_control/J8_control/install/ublox_msgs/local/lib/python3.10/dist-packages:/home/rhobtor/PHD/j8_control/J8_control/install/path_manager_interfaces/local/lib/python3.10/dist-packages:/home/rhobtor/PHD/j8_control/J8_control/install/ctl_mission_interfaces/local/lib/python3.10/dist-packages:${PYTHONPATH} /usr/bin/cmake --install /home/rhobtor/PHD/j8_control/J8_control/build/ctl_mission
[155.806s] Level 1:colcon.colcon_core.environment:checking '/home/rhobtor/PHD/j8_control/J8_control/install/ctl_mission' for CMake config files
[155.806s] Level 1:colcon.colcon_core.shell:create_environment_hook('ctl_mission', 'cmake_prefix_path')
[155.807s] INFO:colcon.colcon_core.shell:Creating environment hook '/home/rhobtor/PHD/j8_control/J8_control/install/ctl_mission/share/ctl_mission/hook/cmake_prefix_path.ps1'
[155.831s] INFO:colcon.colcon_core.shell:Creating environment descriptor '/home/rhobtor/PHD/j8_control/J8_control/install/ctl_mission/share/ctl_mission/hook/cmake_prefix_path.dsv'
[155.866s] INFO:colcon.colcon_core.shell:Creating environment hook '/home/rhobtor/PHD/j8_control/J8_control/install/ctl_mission/share/ctl_mission/hook/cmake_prefix_path.sh'
[155.867s] Level 1:colcon.colcon_core.environment:checking '/home/rhobtor/PHD/j8_control/J8_control/install/ctl_mission/lib'
[155.867s] Level 1:colcon.colcon_core.environment:checking '/home/rhobtor/PHD/j8_control/J8_control/install/ctl_mission/bin'
[155.867s] Level 1:colcon.colcon_core.environment:checking '/home/rhobtor/PHD/j8_control/J8_control/install/ctl_mission/lib/pkgconfig/ctl_mission.pc'
[155.867s] Level 1:colcon.colcon_core.environment:checking '/home/rhobtor/PHD/j8_control/J8_control/install/ctl_mission/lib/python3.10/site-packages'
[155.867s] Level 1:colcon.colcon_core.environment:checking '/home/rhobtor/PHD/j8_control/J8_control/install/ctl_mission/bin'
[155.868s] INFO:colcon.colcon_core.shell:Creating package script '/home/rhobtor/PHD/j8_control/J8_control/install/ctl_mission/share/ctl_mission/package.ps1'
[155.869s] INFO:colcon.colcon_core.shell:Creating package descriptor '/home/rhobtor/PHD/j8_control/J8_control/install/ctl_mission/share/ctl_mission/package.dsv'
[155.869s] INFO:colcon.colcon_core.shell:Creating package script '/home/rhobtor/PHD/j8_control/J8_control/install/ctl_mission/share/ctl_mission/package.sh'
[155.870s] INFO:colcon.colcon_core.shell:Creating package script '/home/rhobtor/PHD/j8_control/J8_control/install/ctl_mission/share/ctl_mission/package.bash'
[155.918s] INFO:colcon.colcon_core.shell:Creating package script '/home/rhobtor/PHD/j8_control/J8_control/install/ctl_mission/share/ctl_mission/package.zsh'
[155.948s] Level 1:colcon.colcon_core.environment:create_file_with_runtime_dependencies(/home/rhobtor/PHD/j8_control/J8_control/install/ctl_mission/share/colcon-core/packages/ctl_mission)
[155.948s] Level 1:colcon.colcon_core.environment:create_environment_scripts_only(ctl_mission)
[155.948s] Level 1:colcon.colcon_core.environment:checking '/home/rhobtor/PHD/j8_control/J8_control/install/ctl_mission' for CMake module files
[155.949s] Level 1:colcon.colcon_core.environment:checking '/home/rhobtor/PHD/j8_control/J8_control/install/ctl_mission' for CMake config files
[155.949s] Level 1:colcon.colcon_core.shell:create_environment_hook('ctl_mission', 'cmake_prefix_path')
[155.949s] INFO:colcon.colcon_core.shell:Creating environment hook '/home/rhobtor/PHD/j8_control/J8_control/install/ctl_mission/share/ctl_mission/hook/cmake_prefix_path.ps1'
[155.949s] INFO:colcon.colcon_core.shell:Creating environment descriptor '/home/rhobtor/PHD/j8_control/J8_control/install/ctl_mission/share/ctl_mission/hook/cmake_prefix_path.dsv'
[155.949s] INFO:colcon.colcon_core.shell:Creating environment hook '/home/rhobtor/PHD/j8_control/J8_control/install/ctl_mission/share/ctl_mission/hook/cmake_prefix_path.sh'
[155.950s] Level 1:colcon.colcon_core.environment:checking '/home/rhobtor/PHD/j8_control/J8_control/install/ctl_mission/lib'
[155.950s] Level 1:colcon.colcon_core.environment:checking '/home/rhobtor/PHD/j8_control/J8_control/install/ctl_mission/bin'
[155.950s] Level 1:colcon.colcon_core.environment:checking '/home/rhobtor/PHD/j8_control/J8_control/install/ctl_mission/lib/pkgconfig/ctl_mission.pc'
[155.950s] Level 1:colcon.colcon_core.environment:checking '/home/rhobtor/PHD/j8_control/J8_control/install/ctl_mission/lib/python3.10/site-packages'
[155.950s] Level 1:colcon.colcon_core.environment:checking '/home/rhobtor/PHD/j8_control/J8_control/install/ctl_mission/bin'
[155.950s] INFO:colcon.colcon_core.shell:Creating package script '/home/rhobtor/PHD/j8_control/J8_control/install/ctl_mission/share/ctl_mission/package.ps1'
[155.951s] INFO:colcon.colcon_core.shell:Creating package descriptor '/home/rhobtor/PHD/j8_control/J8_control/install/ctl_mission/share/ctl_mission/package.dsv'
[155.951s] INFO:colcon.colcon_core.shell:Creating package script '/home/rhobtor/PHD/j8_control/J8_control/install/ctl_mission/share/ctl_mission/package.sh'
[155.951s] INFO:colcon.colcon_core.shell:Creating package script '/home/rhobtor/PHD/j8_control/J8_control/install/ctl_mission/share/ctl_mission/package.bash'
[155.951s] INFO:colcon.colcon_core.shell:Creating package script '/home/rhobtor/PHD/j8_control/J8_control/install/ctl_mission/share/ctl_mission/package.zsh'
[155.951s] Level 1:colcon.colcon_core.environment:create_file_with_runtime_dependencies(/home/rhobtor/PHD/j8_control/J8_control/install/ctl_mission/share/colcon-core/packages/ctl_mission)
[155.952s] INFO:colcon.colcon_ros.task.ament_cmake.build:Building ROS package in '/home/rhobtor/PHD/j8_control/J8_control/src/security_check/security_check' with build type 'ament_cmake'
[155.952s] INFO:colcon.colcon_cmake.task.cmake.build:Building CMake package in '/home/rhobtor/PHD/j8_control/J8_control/src/security_check/security_check'
[155.952s] INFO:colcon.colcon_core.shell:Skip shell extension 'powershell' for command environment: Not usable outside of PowerShell
[155.952s] DEBUG:colcon.colcon_core.shell:Skip shell extension 'dsv' for command environment
[156.166s] DEBUG:colcon.colcon_core.event_handler.log_command:Invoking command in '/home/rhobtor/PHD/j8_control/J8_control/build/security_check': AMENT_PREFIX_PATH=/home/rhobtor/PHD/j8_control/J8_control/install/ctl_mission:/home/rhobtor/PHD/j8_control/J8_control/install/ublox_msgs:/home/rhobtor/PHD/j8_control/J8_control/install/ublox_serialization:/home/rhobtor/PHD/j8_control/J8_control/install/security_check_interfaces:/home/rhobtor/PHD/j8_control/J8_control/install/path_manager_interfaces:/home/rhobtor/PHD/j8_control/J8_control/install/ctl_mission_interfaces:${AMENT_PREFIX_PATH} CMAKE_PREFIX_PATH=/home/rhobtor/PHD/j8_control/J8_control/install/ctl_mission:/home/rhobtor/PHD/j8_control/J8_control/install/ublox_msgs:/home/rhobtor/PHD/j8_control/J8_control/install/ublox_serialization:/home/rhobtor/PHD/j8_control/J8_control/install/security_check_interfaces:/home/rhobtor/PHD/j8_control/J8_control/install/path_manager_interfaces:/home/rhobtor/PHD/j8_control/J8_control/install/ctl_mission_interfaces:/home/rhobtor/PHD/ARGOSJ8_IA/ARGOSJ8_IA_/install/wiimote_msgs:/home/rhobtor/PHD/ARGOSJ8_IA/ARGOSJ8_IA_/install/ublox:/home/rhobtor/PHD/ARGOSJ8_IA/ARGOSJ8_IA_/install/ublox_gps:/home/rhobtor/PHD/ARGOSJ8_IA/ARGOSJ8_IA_/install/security_check:/home/rhobtor/PHD/ARGOSJ8_IA/ARGOSJ8_IA_/install/ctl_mission:/home/rhobtor/PHD/ARGOSJ8_IA/ARGOSJ8_IA_/install/ublox_msgs:/home/rhobtor/PHD/ARGOSJ8_IA/ARGOSJ8_IA_/install/ublox_serialization:/home/rhobtor/PHD/ARGOSJ8_IA/ARGOSJ8_IA_/install/spacenav:/home/rhobtor/PHD/ARGOSJ8_IA/ARGOSJ8_IA_/install/laser_segmentation:/home/rhobtor/PHD/ARGOSJ8_IA/ARGOSJ8_IA_/install/slg_msgs:/home/rhobtor/PHD/ARGOSJ8_IA/ARGOSJ8_IA_/install/security_check_interfaces:/home/rhobtor/PHD/ARGOSJ8_IA/ARGOSJ8_IA_/install/joy:/home/rhobtor/PHD/ARGOSJ8_IA/ARGOSJ8_IA_/install/sdl2_vendor:/home/rhobtor/PHD/ARGOSJ8_IA/ARGOSJ8_IA_/install/path_manager:/home/rhobtor/PHD/ARGOSJ8_IA/ARGOSJ8_IA_/install/path_manager_interfaces:/home/rhobtor/PHD/ARGOSJ8_IA/ARGOSJ8_IA_/install/joy_linux:/home/rhobtor/PHD/ARGOSJ8_IA/ARGOSJ8_IA_/install/j8_xacro_model:/home/rhobtor/PHD/ARGOSJ8_IA/ARGOSJ8_IA_/install/hikmicro_thermal_camera:/home/rhobtor/PHD/ARGOSJ8_IA/ARGOSJ8_IA_/install/hector_gazebo_plugins:/home/rhobtor/PHD/ARGOSJ8_IA/ARGOSJ8_IA_/install/fixposition_sensor_pkg:/home/rhobtor/PHD/ARGOSJ8_IA/ARGOSJ8_IA_/install/fixposition_odometry_converter_ros2:/home/rhobtor/PHD/ARGOSJ8_IA/ARGOSJ8_IA_/install/fixposition_driver_ros2:/home/rhobtor/PHD/ARGOSJ8_IA/ARGOSJ8_IA_/install/fixposition_driver_lib:/home/rhobtor/PHD/ARGOSJ8_IA/ARGOSJ8_IA_/install/fixposition_gnss_tf:/home/rhobtor/PHD/ARGOSJ8_IA/ARGOSJ8_IA_/install/ctl_mission_interfaces:/home/rhobtor/PHD/ARGOSJ8_IA/ARGOSJ8_IA_/install/car_cpp:/home/rhobtor/PHD/ARGOSJ8_IA/ARGOSJ8_IA_/install/car_interfaces:/home/rhobtor/PHD/ARGOSJ8_IA/ARGOSJ8_IA_/install/argj801_setup:/home/rhobtor/PHD/ARGOSJ8_IA/ARGOSJ8_IA_/install/argj801_sensors:/home/rhobtor/PHD/ARGOSJ8_IA/ARGOSJ8_IA_/install/argj801_sensors_msgs:/home/rhobtor/PHD/ARGOSJ8_IA/ARGOSJ8_IA_/install/argj801_ctl_platform:/home/rhobtor/PHD/ARGOSJ8_IA/ARGOSJ8_IA_/install/argj801_ctl_platform_interfaces:/home/rhobtor/PHD/model_terrain_ugv/Model_terrain_ugv/install/model_terrain_cpp:/home/rhobtor/PHD/path_dem/install_navigation/path_dem:/home/rhobtor/PHD/path_dem/install/path_dem:/home/rhobtor/PHD/install_global_belief_final/path_dem:/home/rhobtor/PHD/ARGOSJ8_IA/ARGOSJ8_IA_/install/car:/home/rhobtor/PHD/ARGOSJ8_IA/ARGOSJ8_IA_/install/ntrip_client:/home/rhobtor/PHD/ARGOSJ8_IA/ARGOSJ8_IA_/install/j8_gui:/home/rhobtor/PHD/ARGOSJ8_IA/ARGOSJ8_IA_/install/gui:/home/rhobtor/PHD/ARGOSJ8_IA/ARGOSJ8_IA_/install/android_ros2_server:/home/rhobtor/PHD/ARGOSJ8_IA/ARGOSJ8_IA_/install/GUI_pkg:/home/rhobtor/PHD/model_terrain_ugv/Model_terrain_ugv/install/model_terrain:/opt/ros/humble LD_LIBRARY_PATH=/home/rhobtor/PHD/j8_control/J8_control/install/ublox_msgs/lib:/home/rhobtor/PHD/j8_control/J8_control/install/security_check_interfaces/lib:/home/rhobtor/PHD/j8_control/J8_control/install/path_manager_interfaces/lib:/home/rhobtor/PHD/j8_control/J8_control/install/ctl_mission_interfaces/lib:${LD_LIBRARY_PATH} PYTHONPATH=/home/rhobtor/PHD/j8_control/J8_control/install/ctl_mission/local/lib/python3.10/dist-packages:/home/rhobtor/PHD/j8_control/J8_control/install/ublox_msgs/local/lib/python3.10/dist-packages:/home/rhobtor/PHD/j8_control/J8_control/install/security_check_interfaces/local/lib/python3.10/dist-packages:/home/rhobtor/PHD/j8_control/J8_control/install/path_manager_interfaces/local/lib/python3.10/dist-packages:/home/rhobtor/PHD/j8_control/J8_control/install/ctl_mission_interfaces/local/lib/python3.10/dist-packages:${PYTHONPATH} /usr/bin/cmake /home/rhobtor/PHD/j8_control/J8_control/src/security_check/security_check -DCMAKE_INSTALL_PREFIX=/home/rhobtor/PHD/j8_control/J8_control/install/security_check
[158.610s] DEBUG:colcon.colcon_core.event_handler.log_command:Invoked command in '/home/rhobtor/PHD/j8_control/J8_control/build/security_check' returned '0': AMENT_PREFIX_PATH=/home/rhobtor/PHD/j8_control/J8_control/install/ctl_mission:/home/rhobtor/PHD/j8_control/J8_control/install/ublox_msgs:/home/rhobtor/PHD/j8_control/J8_control/install/ublox_serialization:/home/rhobtor/PHD/j8_control/J8_control/install/security_check_interfaces:/home/rhobtor/PHD/j8_control/J8_control/install/path_manager_interfaces:/home/rhobtor/PHD/j8_control/J8_control/install/ctl_mission_interfaces:${AMENT_PREFIX_PATH} CMAKE_PREFIX_PATH=/home/rhobtor/PHD/j8_control/J8_control/install/ctl_mission:/home/rhobtor/PHD/j8_control/J8_control/install/ublox_msgs:/home/rhobtor/PHD/j8_control/J8_control/install/ublox_serialization:/home/rhobtor/PHD/j8_control/J8_control/install/security_check_interfaces:/home/rhobtor/PHD/j8_control/J8_control/install/path_manager_interfaces:/home/rhobtor/PHD/j8_control/J8_control/install/ctl_mission_interfaces:/home/rhobtor/PHD/ARGOSJ8_IA/ARGOSJ8_IA_/install/wiimote_msgs:/home/rhobtor/PHD/ARGOSJ8_IA/ARGOSJ8_IA_/install/ublox:/home/rhobtor/PHD/ARGOSJ8_IA/ARGOSJ8_IA_/install/ublox_gps:/home/rhobtor/PHD/ARGOSJ8_IA/ARGOSJ8_IA_/install/security_check:/home/rhobtor/PHD/ARGOSJ8_IA/ARGOSJ8_IA_/install/ctl_mission:/home/rhobtor/PHD/ARGOSJ8_IA/ARGOSJ8_IA_/install/ublox_msgs:/home/rhobtor/PHD/ARGOSJ8_IA/ARGOSJ8_IA_/install/ublox_serialization:/home/rhobtor/PHD/ARGOSJ8_IA/ARGOSJ8_IA_/install/spacenav:/home/rhobtor/PHD/ARGOSJ8_IA/ARGOSJ8_IA_/install/laser_segmentation:/home/rhobtor/PHD/ARGOSJ8_IA/ARGOSJ8_IA_/install/slg_msgs:/home/rhobtor/PHD/ARGOSJ8_IA/ARGOSJ8_IA_/install/security_check_interfaces:/home/rhobtor/PHD/ARGOSJ8_IA/ARGOSJ8_IA_/install/joy:/home/rhobtor/PHD/ARGOSJ8_IA/ARGOSJ8_IA_/install/sdl2_vendor:/home/rhobtor/PHD/ARGOSJ8_IA/ARGOSJ8_IA_/install/path_manager:/home/rhobtor/PHD/ARGOSJ8_IA/ARGOSJ8_IA_/install/path_manager_interfaces:/home/rhobtor/PHD/ARGOSJ8_IA/ARGOSJ8_IA_/install/joy_linux:/home/rhobtor/PHD/ARGOSJ8_IA/ARGOSJ8_IA_/install/j8_xacro_model:/home/rhobtor/PHD/ARGOSJ8_IA/ARGOSJ8_IA_/install/hikmicro_thermal_camera:/home/rhobtor/PHD/ARGOSJ8_IA/ARGOSJ8_IA_/install/hector_gazebo_plugins:/home/rhobtor/PHD/ARGOSJ8_IA/ARGOSJ8_IA_/install/fixposition_sensor_pkg:/home/rhobtor/PHD/ARGOSJ8_IA/ARGOSJ8_IA_/install/fixposition_odometry_converter_ros2:/home/rhobtor/PHD/ARGOSJ8_IA/ARGOSJ8_IA_/install/fixposition_driver_ros2:/home/rhobtor/PHD/ARGOSJ8_IA/ARGOSJ8_IA_/install/fixposition_driver_lib:/home/rhobtor/PHD/ARGOSJ8_IA/ARGOSJ8_IA_/install/fixposition_gnss_tf:/home/rhobtor/PHD/ARGOSJ8_IA/ARGOSJ8_IA_/install/ctl_mission_interfaces:/home/rhobtor/PHD/ARGOSJ8_IA/ARGOSJ8_IA_/install/car_cpp:/home/rhobtor/PHD/ARGOSJ8_IA/ARGOSJ8_IA_/install/car_interfaces:/home/rhobtor/PHD/ARGOSJ8_IA/ARGOSJ8_IA_/install/argj801_setup:/home/rhobtor/PHD/ARGOSJ8_IA/ARGOSJ8_IA_/install/argj801_sensors:/home/rhobtor/PHD/ARGOSJ8_IA/ARGOSJ8_IA_/install/argj801_sensors_msgs:/home/rhobtor/PHD/ARGOSJ8_IA/ARGOSJ8_IA_/install/argj801_ctl_platform:/home/rhobtor/PHD/ARGOSJ8_IA/ARGOSJ8_IA_/install/argj801_ctl_platform_interfaces:/home/rhobtor/PHD/model_terrain_ugv/Model_terrain_ugv/install/model_terrain_cpp:/home/rhobtor/PHD/path_dem/install_navigation/path_dem:/home/rhobtor/PHD/path_dem/install/path_dem:/home/rhobtor/PHD/install_global_belief_final/path_dem:/home/rhobtor/PHD/ARGOSJ8_IA/ARGOSJ8_IA_/install/car:/home/rhobtor/PHD/ARGOSJ8_IA/ARGOSJ8_IA_/install/ntrip_client:/home/rhobtor/PHD/ARGOSJ8_IA/ARGOSJ8_IA_/install/j8_gui:/home/rhobtor/PHD/ARGOSJ8_IA/ARGOSJ8_IA_/install/gui:/home/rhobtor/PHD/ARGOSJ8_IA/ARGOSJ8_IA_/install/android_ros2_server:/home/rhobtor/PHD/ARGOSJ8_IA/ARGOSJ8_IA_/install/GUI_pkg:/home/rhobtor/PHD/model_terrain_ugv/Model_terrain_ugv/install/model_terrain:/opt/ros/humble LD_LIBRARY_PATH=/home/rhobtor/PHD/j8_control/J8_control/install/ublox_msgs/lib:/home/rhobtor/PHD/j8_control/J8_control/install/security_check_interfaces/lib:/home/rhobtor/PHD/j8_control/J8_control/install/path_manager_interfaces/lib:/home/rhobtor/PHD/j8_control/J8_control/install/ctl_mission_interfaces/lib:${LD_LIBRARY_PATH} PYTHONPATH=/home/rhobtor/PHD/j8_control/J8_control/install/ctl_mission/local/lib/python3.10/dist-packages:/home/rhobtor/PHD/j8_control/J8_control/install/ublox_msgs/local/lib/python3.10/dist-packages:/home/rhobtor/PHD/j8_control/J8_control/install/security_check_interfaces/local/lib/python3.10/dist-packages:/home/rhobtor/PHD/j8_control/J8_control/install/path_manager_interfaces/local/lib/python3.10/dist-packages:/home/rhobtor/PHD/j8_control/J8_control/install/ctl_mission_interfaces/local/lib/python3.10/dist-packages:${PYTHONPATH} /usr/bin/cmake /home/rhobtor/PHD/j8_control/J8_control/src/security_check/security_check -DCMAKE_INSTALL_PREFIX=/home/rhobtor/PHD/j8_control/J8_control/install/security_check
[158.611s] DEBUG:colcon.colcon_core.event_handler.log_command:Invoking command in '/home/rhobtor/PHD/j8_control/J8_control/build/security_check': AMENT_PREFIX_PATH=/home/rhobtor/PHD/j8_control/J8_control/install/ctl_mission:/home/rhobtor/PHD/j8_control/J8_control/install/ublox_msgs:/home/rhobtor/PHD/j8_control/J8_control/install/ublox_serialization:/home/rhobtor/PHD/j8_control/J8_control/install/security_check_interfaces:/home/rhobtor/PHD/j8_control/J8_control/install/path_manager_interfaces:/home/rhobtor/PHD/j8_control/J8_control/install/ctl_mission_interfaces:${AMENT_PREFIX_PATH} CMAKE_PREFIX_PATH=/home/rhobtor/PHD/j8_control/J8_control/install/ctl_mission:/home/rhobtor/PHD/j8_control/J8_control/install/ublox_msgs:/home/rhobtor/PHD/j8_control/J8_control/install/ublox_serialization:/home/rhobtor/PHD/j8_control/J8_control/install/security_check_interfaces:/home/rhobtor/PHD/j8_control/J8_control/install/path_manager_interfaces:/home/rhobtor/PHD/j8_control/J8_control/install/ctl_mission_interfaces:/home/rhobtor/PHD/ARGOSJ8_IA/ARGOSJ8_IA_/install/wiimote_msgs:/home/rhobtor/PHD/ARGOSJ8_IA/ARGOSJ8_IA_/install/ublox:/home/rhobtor/PHD/ARGOSJ8_IA/ARGOSJ8_IA_/install/ublox_gps:/home/rhobtor/PHD/ARGOSJ8_IA/ARGOSJ8_IA_/install/security_check:/home/rhobtor/PHD/ARGOSJ8_IA/ARGOSJ8_IA_/install/ctl_mission:/home/rhobtor/PHD/ARGOSJ8_IA/ARGOSJ8_IA_/install/ublox_msgs:/home/rhobtor/PHD/ARGOSJ8_IA/ARGOSJ8_IA_/install/ublox_serialization:/home/rhobtor/PHD/ARGOSJ8_IA/ARGOSJ8_IA_/install/spacenav:/home/rhobtor/PHD/ARGOSJ8_IA/ARGOSJ8_IA_/install/laser_segmentation:/home/rhobtor/PHD/ARGOSJ8_IA/ARGOSJ8_IA_/install/slg_msgs:/home/rhobtor/PHD/ARGOSJ8_IA/ARGOSJ8_IA_/install/security_check_interfaces:/home/rhobtor/PHD/ARGOSJ8_IA/ARGOSJ8_IA_/install/joy:/home/rhobtor/PHD/ARGOSJ8_IA/ARGOSJ8_IA_/install/sdl2_vendor:/home/rhobtor/PHD/ARGOSJ8_IA/ARGOSJ8_IA_/install/path_manager:/home/rhobtor/PHD/ARGOSJ8_IA/ARGOSJ8_IA_/install/path_manager_interfaces:/home/rhobtor/PHD/ARGOSJ8_IA/ARGOSJ8_IA_/install/joy_linux:/home/rhobtor/PHD/ARGOSJ8_IA/ARGOSJ8_IA_/install/j8_xacro_model:/home/rhobtor/PHD/ARGOSJ8_IA/ARGOSJ8_IA_/install/hikmicro_thermal_camera:/home/rhobtor/PHD/ARGOSJ8_IA/ARGOSJ8_IA_/install/hector_gazebo_plugins:/home/rhobtor/PHD/ARGOSJ8_IA/ARGOSJ8_IA_/install/fixposition_sensor_pkg:/home/rhobtor/PHD/ARGOSJ8_IA/ARGOSJ8_IA_/install/fixposition_odometry_converter_ros2:/home/rhobtor/PHD/ARGOSJ8_IA/ARGOSJ8_IA_/install/fixposition_driver_ros2:/home/rhobtor/PHD/ARGOSJ8_IA/ARGOSJ8_IA_/install/fixposition_driver_lib:/home/rhobtor/PHD/ARGOSJ8_IA/ARGOSJ8_IA_/install/fixposition_gnss_tf:/home/rhobtor/PHD/ARGOSJ8_IA/ARGOSJ8_IA_/install/ctl_mission_interfaces:/home/rhobtor/PHD/ARGOSJ8_IA/ARGOSJ8_IA_/install/car_cpp:/home/rhobtor/PHD/ARGOSJ8_IA/ARGOSJ8_IA_/install/car_interfaces:/home/rhobtor/PHD/ARGOSJ8_IA/ARGOSJ8_IA_/install/argj801_setup:/home/rhobtor/PHD/ARGOSJ8_IA/ARGOSJ8_IA_/install/argj801_sensors:/home/rhobtor/PHD/ARGOSJ8_IA/ARGOSJ8_IA_/install/argj801_sensors_msgs:/home/rhobtor/PHD/ARGOSJ8_IA/ARGOSJ8_IA_/install/argj801_ctl_platform:/home/rhobtor/PHD/ARGOSJ8_IA/ARGOSJ8_IA_/install/argj801_ctl_platform_interfaces:/home/rhobtor/PHD/model_terrain_ugv/Model_terrain_ugv/install/model_terrain_cpp:/home/rhobtor/PHD/path_dem/install_navigation/path_dem:/home/rhobtor/PHD/path_dem/install/path_dem:/home/rhobtor/PHD/install_global_belief_final/path_dem:/home/rhobtor/PHD/ARGOSJ8_IA/ARGOSJ8_IA_/install/car:/home/rhobtor/PHD/ARGOSJ8_IA/ARGOSJ8_IA_/install/ntrip_client:/home/rhobtor/PHD/ARGOSJ8_IA/ARGOSJ8_IA_/install/j8_gui:/home/rhobtor/PHD/ARGOSJ8_IA/ARGOSJ8_IA_/install/gui:/home/rhobtor/PHD/ARGOSJ8_IA/ARGOSJ8_IA_/install/android_ros2_server:/home/rhobtor/PHD/ARGOSJ8_IA/ARGOSJ8_IA_/install/GUI_pkg:/home/rhobtor/PHD/model_terrain_ugv/Model_terrain_ugv/install/model_terrain:/opt/ros/humble LD_LIBRARY_PATH=/home/rhobtor/PHD/j8_control/J8_control/install/ublox_msgs/lib:/home/rhobtor/PHD/j8_control/J8_control/install/security_check_interfaces/lib:/home/rhobtor/PHD/j8_control/J8_control/install/path_manager_interfaces/lib:/home/rhobtor/PHD/j8_control/J8_control/install/ctl_mission_interfaces/lib:${LD_LIBRARY_PATH} PYTHONPATH=/home/rhobtor/PHD/j8_control/J8_control/install/ctl_mission/local/lib/python3.10/dist-packages:/home/rhobtor/PHD/j8_control/J8_control/install/ublox_msgs/local/lib/python3.10/dist-packages:/home/rhobtor/PHD/j8_control/J8_control/install/security_check_interfaces/local/lib/python3.10/dist-packages:/home/rhobtor/PHD/j8_control/J8_control/install/path_manager_interfaces/local/lib/python3.10/dist-packages:/home/rhobtor/PHD/j8_control/J8_control/install/ctl_mission_interfaces/local/lib/python3.10/dist-packages:${PYTHONPATH} /usr/bin/cmake --build /home/rhobtor/PHD/j8_control/J8_control/build/security_check -- -j20 -l20
[165.020s] DEBUG:colcon.colcon_core.event_handler.log_command:Invoked command in '/home/rhobtor/PHD/j8_control/J8_control/build/ublox_gps' returned '0': AMENT_PREFIX_PATH=/home/rhobtor/PHD/j8_control/J8_control/install/ublox_msgs:/home/rhobtor/PHD/j8_control/J8_control/install/ublox_serialization:${AMENT_PREFIX_PATH} CMAKE_PREFIX_PATH=/home/rhobtor/PHD/j8_control/J8_control/install/ublox_msgs:/home/rhobtor/PHD/j8_control/J8_control/install/ublox_serialization:/home/rhobtor/PHD/ARGOSJ8_IA/ARGOSJ8_IA_/install/wiimote_msgs:/home/rhobtor/PHD/ARGOSJ8_IA/ARGOSJ8_IA_/install/ublox:/home/rhobtor/PHD/ARGOSJ8_IA/ARGOSJ8_IA_/install/ublox_gps:/home/rhobtor/PHD/ARGOSJ8_IA/ARGOSJ8_IA_/install/security_check:/home/rhobtor/PHD/ARGOSJ8_IA/ARGOSJ8_IA_/install/ctl_mission:/home/rhobtor/PHD/ARGOSJ8_IA/ARGOSJ8_IA_/install/ublox_msgs:/home/rhobtor/PHD/ARGOSJ8_IA/ARGOSJ8_IA_/install/ublox_serialization:/home/rhobtor/PHD/ARGOSJ8_IA/ARGOSJ8_IA_/install/spacenav:/home/rhobtor/PHD/ARGOSJ8_IA/ARGOSJ8_IA_/install/laser_segmentation:/home/rhobtor/PHD/ARGOSJ8_IA/ARGOSJ8_IA_/install/slg_msgs:/home/rhobtor/PHD/ARGOSJ8_IA/ARGOSJ8_IA_/install/security_check_interfaces:/home/rhobtor/PHD/ARGOSJ8_IA/ARGOSJ8_IA_/install/joy:/home/rhobtor/PHD/ARGOSJ8_IA/ARGOSJ8_IA_/install/sdl2_vendor:/home/rhobtor/PHD/ARGOSJ8_IA/ARGOSJ8_IA_/install/path_manager:/home/rhobtor/PHD/ARGOSJ8_IA/ARGOSJ8_IA_/install/path_manager_interfaces:/home/rhobtor/PHD/ARGOSJ8_IA/ARGOSJ8_IA_/install/joy_linux:/home/rhobtor/PHD/ARGOSJ8_IA/ARGOSJ8_IA_/install/j8_xacro_model:/home/rhobtor/PHD/ARGOSJ8_IA/ARGOSJ8_IA_/install/hikmicro_thermal_camera:/home/rhobtor/PHD/ARGOSJ8_IA/ARGOSJ8_IA_/install/hector_gazebo_plugins:/home/rhobtor/PHD/ARGOSJ8_IA/ARGOSJ8_IA_/install/fixposition_sensor_pkg:/home/rhobtor/PHD/ARGOSJ8_IA/ARGOSJ8_IA_/install/fixposition_odometry_converter_ros2:/home/rhobtor/PHD/ARGOSJ8_IA/ARGOSJ8_IA_/install/fixposition_driver_ros2:/home/rhobtor/PHD/ARGOSJ8_IA/ARGOSJ8_IA_/install/fixposition_driver_lib:/home/rhobtor/PHD/ARGOSJ8_IA/ARGOSJ8_IA_/install/fixposition_gnss_tf:/home/rhobtor/PHD/ARGOSJ8_IA/ARGOSJ8_IA_/install/ctl_mission_interfaces:/home/rhobtor/PHD/ARGOSJ8_IA/ARGOSJ8_IA_/install/car_cpp:/home/rhobtor/PHD/ARGOSJ8_IA/ARGOSJ8_IA_/install/car_interfaces:/home/rhobtor/PHD/ARGOSJ8_IA/ARGOSJ8_IA_/install/argj801_setup:/home/rhobtor/PHD/ARGOSJ8_IA/ARGOSJ8_IA_/install/argj801_sensors:/home/rhobtor/PHD/ARGOSJ8_IA/ARGOSJ8_IA_/install/argj801_sensors_msgs:/home/rhobtor/PHD/ARGOSJ8_IA/ARGOSJ8_IA_/install/argj801_ctl_platform:/home/rhobtor/PHD/ARGOSJ8_IA/ARGOSJ8_IA_/install/argj801_ctl_platform_interfaces:/home/rhobtor/PHD/model_terrain_ugv/Model_terrain_ugv/install/model_terrain_cpp:/home/rhobtor/PHD/path_dem/install_navigation/path_dem:/home/rhobtor/PHD/path_dem/install/path_dem:/home/rhobtor/PHD/install_global_belief_final/path_dem:/home/rhobtor/PHD/ARGOSJ8_IA/ARGOSJ8_IA_/install/car:/home/rhobtor/PHD/ARGOSJ8_IA/ARGOSJ8_IA_/install/ntrip_client:/home/rhobtor/PHD/ARGOSJ8_IA/ARGOSJ8_IA_/install/j8_gui:/home/rhobtor/PHD/ARGOSJ8_IA/ARGOSJ8_IA_/install/gui:/home/rhobtor/PHD/ARGOSJ8_IA/ARGOSJ8_IA_/install/android_ros2_server:/home/rhobtor/PHD/ARGOSJ8_IA/ARGOSJ8_IA_/install/GUI_pkg:/home/rhobtor/PHD/model_terrain_ugv/Model_terrain_ugv/install/model_terrain:/opt/ros/humble LD_LIBRARY_PATH=/home/rhobtor/PHD/j8_control/J8_control/install/ublox_msgs/lib:${LD_LIBRARY_PATH} PYTHONPATH=/home/rhobtor/PHD/j8_control/J8_control/install/ublox_msgs/local/lib/python3.10/dist-packages:${PYTHONPATH} /usr/bin/cmake --build /home/rhobtor/PHD/j8_control/J8_control/build/ublox_gps -- -j20 -l20
[165.040s] DEBUG:colcon.colcon_core.event_handler.log_command:Invoking command in '/home/rhobtor/PHD/j8_control/J8_control/build/ublox_gps': AMENT_PREFIX_PATH=/home/rhobtor/PHD/j8_control/J8_control/install/ublox_msgs:/home/rhobtor/PHD/j8_control/J8_control/install/ublox_serialization:${AMENT_PREFIX_PATH} CMAKE_PREFIX_PATH=/home/rhobtor/PHD/j8_control/J8_control/install/ublox_msgs:/home/rhobtor/PHD/j8_control/J8_control/install/ublox_serialization:/home/rhobtor/PHD/ARGOSJ8_IA/ARGOSJ8_IA_/install/wiimote_msgs:/home/rhobtor/PHD/ARGOSJ8_IA/ARGOSJ8_IA_/install/ublox:/home/rhobtor/PHD/ARGOSJ8_IA/ARGOSJ8_IA_/install/ublox_gps:/home/rhobtor/PHD/ARGOSJ8_IA/ARGOSJ8_IA_/install/security_check:/home/rhobtor/PHD/ARGOSJ8_IA/ARGOSJ8_IA_/install/ctl_mission:/home/rhobtor/PHD/ARGOSJ8_IA/ARGOSJ8_IA_/install/ublox_msgs:/home/rhobtor/PHD/ARGOSJ8_IA/ARGOSJ8_IA_/install/ublox_serialization:/home/rhobtor/PHD/ARGOSJ8_IA/ARGOSJ8_IA_/install/spacenav:/home/rhobtor/PHD/ARGOSJ8_IA/ARGOSJ8_IA_/install/laser_segmentation:/home/rhobtor/PHD/ARGOSJ8_IA/ARGOSJ8_IA_/install/slg_msgs:/home/rhobtor/PHD/ARGOSJ8_IA/ARGOSJ8_IA_/install/security_check_interfaces:/home/rhobtor/PHD/ARGOSJ8_IA/ARGOSJ8_IA_/install/joy:/home/rhobtor/PHD/ARGOSJ8_IA/ARGOSJ8_IA_/install/sdl2_vendor:/home/rhobtor/PHD/ARGOSJ8_IA/ARGOSJ8_IA_/install/path_manager:/home/rhobtor/PHD/ARGOSJ8_IA/ARGOSJ8_IA_/install/path_manager_interfaces:/home/rhobtor/PHD/ARGOSJ8_IA/ARGOSJ8_IA_/install/joy_linux:/home/rhobtor/PHD/ARGOSJ8_IA/ARGOSJ8_IA_/install/j8_xacro_model:/home/rhobtor/PHD/ARGOSJ8_IA/ARGOSJ8_IA_/install/hikmicro_thermal_camera:/home/rhobtor/PHD/ARGOSJ8_IA/ARGOSJ8_IA_/install/hector_gazebo_plugins:/home/rhobtor/PHD/ARGOSJ8_IA/ARGOSJ8_IA_/install/fixposition_sensor_pkg:/home/rhobtor/PHD/ARGOSJ8_IA/ARGOSJ8_IA_/install/fixposition_odometry_converter_ros2:/home/rhobtor/PHD/ARGOSJ8_IA/ARGOSJ8_IA_/install/fixposition_driver_ros2:/home/rhobtor/PHD/ARGOSJ8_IA/ARGOSJ8_IA_/install/fixposition_driver_lib:/home/rhobtor/PHD/ARGOSJ8_IA/ARGOSJ8_IA_/install/fixposition_gnss_tf:/home/rhobtor/PHD/ARGOSJ8_IA/ARGOSJ8_IA_/install/ctl_mission_interfaces:/home/rhobtor/PHD/ARGOSJ8_IA/ARGOSJ8_IA_/install/car_cpp:/home/rhobtor/PHD/ARGOSJ8_IA/ARGOSJ8_IA_/install/car_interfaces:/home/rhobtor/PHD/ARGOSJ8_IA/ARGOSJ8_IA_/install/argj801_setup:/home/rhobtor/PHD/ARGOSJ8_IA/ARGOSJ8_IA_/install/argj801_sensors:/home/rhobtor/PHD/ARGOSJ8_IA/ARGOSJ8_IA_/install/argj801_sensors_msgs:/home/rhobtor/PHD/ARGOSJ8_IA/ARGOSJ8_IA_/install/argj801_ctl_platform:/home/rhobtor/PHD/ARGOSJ8_IA/ARGOSJ8_IA_/install/argj801_ctl_platform_interfaces:/home/rhobtor/PHD/model_terrain_ugv/Model_terrain_ugv/install/model_terrain_cpp:/home/rhobtor/PHD/path_dem/install_navigation/path_dem:/home/rhobtor/PHD/path_dem/install/path_dem:/home/rhobtor/PHD/install_global_belief_final/path_dem:/home/rhobtor/PHD/ARGOSJ8_IA/ARGOSJ8_IA_/install/car:/home/rhobtor/PHD/ARGOSJ8_IA/ARGOSJ8_IA_/install/ntrip_client:/home/rhobtor/PHD/ARGOSJ8_IA/ARGOSJ8_IA_/install/j8_gui:/home/rhobtor/PHD/ARGOSJ8_IA/ARGOSJ8_IA_/install/gui:/home/rhobtor/PHD/ARGOSJ8_IA/ARGOSJ8_IA_/install/android_ros2_server:/home/rhobtor/PHD/ARGOSJ8_IA/ARGOSJ8_IA_/install/GUI_pkg:/home/rhobtor/PHD/model_terrain_ugv/Model_terrain_ugv/install/model_terrain:/opt/ros/humble LD_LIBRARY_PATH=/home/rhobtor/PHD/j8_control/J8_control/install/ublox_msgs/lib:${LD_LIBRARY_PATH} PYTHONPATH=/home/rhobtor/PHD/j8_control/J8_control/install/ublox_msgs/local/lib/python3.10/dist-packages:${PYTHONPATH} /usr/bin/cmake --install /home/rhobtor/PHD/j8_control/J8_control/build/ublox_gps
[165.114s] Level 1:colcon.colcon_core.environment:create_environment_scripts_only(ublox_gps)
[165.114s] Level 1:colcon.colcon_core.environment:checking '/home/rhobtor/PHD/j8_control/J8_control/install/ublox_gps' for CMake module files
[165.114s] DEBUG:colcon.colcon_core.event_handler.log_command:Invoked command in '/home/rhobtor/PHD/j8_control/J8_control/build/ublox_gps' returned '0': AMENT_PREFIX_PATH=/home/rhobtor/PHD/j8_control/J8_control/install/ublox_msgs:/home/rhobtor/PHD/j8_control/J8_control/install/ublox_serialization:${AMENT_PREFIX_PATH} CMAKE_PREFIX_PATH=/home/rhobtor/PHD/j8_control/J8_control/install/ublox_msgs:/home/rhobtor/PHD/j8_control/J8_control/install/ublox_serialization:/home/rhobtor/PHD/ARGOSJ8_IA/ARGOSJ8_IA_/install/wiimote_msgs:/home/rhobtor/PHD/ARGOSJ8_IA/ARGOSJ8_IA_/install/ublox:/home/rhobtor/PHD/ARGOSJ8_IA/ARGOSJ8_IA_/install/ublox_gps:/home/rhobtor/PHD/ARGOSJ8_IA/ARGOSJ8_IA_/install/security_check:/home/rhobtor/PHD/ARGOSJ8_IA/ARGOSJ8_IA_/install/ctl_mission:/home/rhobtor/PHD/ARGOSJ8_IA/ARGOSJ8_IA_/install/ublox_msgs:/home/rhobtor/PHD/ARGOSJ8_IA/ARGOSJ8_IA_/install/ublox_serialization:/home/rhobtor/PHD/ARGOSJ8_IA/ARGOSJ8_IA_/install/spacenav:/home/rhobtor/PHD/ARGOSJ8_IA/ARGOSJ8_IA_/install/laser_segmentation:/home/rhobtor/PHD/ARGOSJ8_IA/ARGOSJ8_IA_/install/slg_msgs:/home/rhobtor/PHD/ARGOSJ8_IA/ARGOSJ8_IA_/install/security_check_interfaces:/home/rhobtor/PHD/ARGOSJ8_IA/ARGOSJ8_IA_/install/joy:/home/rhobtor/PHD/ARGOSJ8_IA/ARGOSJ8_IA_/install/sdl2_vendor:/home/rhobtor/PHD/ARGOSJ8_IA/ARGOSJ8_IA_/install/path_manager:/home/rhobtor/PHD/ARGOSJ8_IA/ARGOSJ8_IA_/install/path_manager_interfaces:/home/rhobtor/PHD/ARGOSJ8_IA/ARGOSJ8_IA_/install/joy_linux:/home/rhobtor/PHD/ARGOSJ8_IA/ARGOSJ8_IA_/install/j8_xacro_model:/home/rhobtor/PHD/ARGOSJ8_IA/ARGOSJ8_IA_/install/hikmicro_thermal_camera:/home/rhobtor/PHD/ARGOSJ8_IA/ARGOSJ8_IA_/install/hector_gazebo_plugins:/home/rhobtor/PHD/ARGOSJ8_IA/ARGOSJ8_IA_/install/fixposition_sensor_pkg:/home/rhobtor/PHD/ARGOSJ8_IA/ARGOSJ8_IA_/install/fixposition_odometry_converter_ros2:/home/rhobtor/PHD/ARGOSJ8_IA/ARGOSJ8_IA_/install/fixposition_driver_ros2:/home/rhobtor/PHD/ARGOSJ8_IA/ARGOSJ8_IA_/install/fixposition_driver_lib:/home/rhobtor/PHD/ARGOSJ8_IA/ARGOSJ8_IA_/install/fixposition_gnss_tf:/home/rhobtor/PHD/ARGOSJ8_IA/ARGOSJ8_IA_/install/ctl_mission_interfaces:/home/rhobtor/PHD/ARGOSJ8_IA/ARGOSJ8_IA_/install/car_cpp:/home/rhobtor/PHD/ARGOSJ8_IA/ARGOSJ8_IA_/install/car_interfaces:/home/rhobtor/PHD/ARGOSJ8_IA/ARGOSJ8_IA_/install/argj801_setup:/home/rhobtor/PHD/ARGOSJ8_IA/ARGOSJ8_IA_/install/argj801_sensors:/home/rhobtor/PHD/ARGOSJ8_IA/ARGOSJ8_IA_/install/argj801_sensors_msgs:/home/rhobtor/PHD/ARGOSJ8_IA/ARGOSJ8_IA_/install/argj801_ctl_platform:/home/rhobtor/PHD/ARGOSJ8_IA/ARGOSJ8_IA_/install/argj801_ctl_platform_interfaces:/home/rhobtor/PHD/model_terrain_ugv/Model_terrain_ugv/install/model_terrain_cpp:/home/rhobtor/PHD/path_dem/install_navigation/path_dem:/home/rhobtor/PHD/path_dem/install/path_dem:/home/rhobtor/PHD/install_global_belief_final/path_dem:/home/rhobtor/PHD/ARGOSJ8_IA/ARGOSJ8_IA_/install/car:/home/rhobtor/PHD/ARGOSJ8_IA/ARGOSJ8_IA_/install/ntrip_client:/home/rhobtor/PHD/ARGOSJ8_IA/ARGOSJ8_IA_/install/j8_gui:/home/rhobtor/PHD/ARGOSJ8_IA/ARGOSJ8_IA_/install/gui:/home/rhobtor/PHD/ARGOSJ8_IA/ARGOSJ8_IA_/install/android_ros2_server:/home/rhobtor/PHD/ARGOSJ8_IA/ARGOSJ8_IA_/install/GUI_pkg:/home/rhobtor/PHD/model_terrain_ugv/Model_terrain_ugv/install/model_terrain:/opt/ros/humble LD_LIBRARY_PATH=/home/rhobtor/PHD/j8_control/J8_control/install/ublox_msgs/lib:${LD_LIBRARY_PATH} PYTHONPATH=/home/rhobtor/PHD/j8_control/J8_control/install/ublox_msgs/local/lib/python3.10/dist-packages:${PYTHONPATH} /usr/bin/cmake --install /home/rhobtor/PHD/j8_control/J8_control/build/ublox_gps
[165.115s] Level 1:colcon.colcon_core.environment:checking '/home/rhobtor/PHD/j8_control/J8_control/install/ublox_gps' for CMake config files
[165.115s] Level 1:colcon.colcon_core.shell:create_environment_hook('ublox_gps', 'cmake_prefix_path')
[165.115s] INFO:colcon.colcon_core.shell:Creating environment hook '/home/rhobtor/PHD/j8_control/J8_control/install/ublox_gps/share/ublox_gps/hook/cmake_prefix_path.ps1'
[165.115s] INFO:colcon.colcon_core.shell:Creating environment descriptor '/home/rhobtor/PHD/j8_control/J8_control/install/ublox_gps/share/ublox_gps/hook/cmake_prefix_path.dsv'
[165.115s] INFO:colcon.colcon_core.shell:Creating environment hook '/home/rhobtor/PHD/j8_control/J8_control/install/ublox_gps/share/ublox_gps/hook/cmake_prefix_path.sh'
[165.116s] Level 1:colcon.colcon_core.environment:checking '/home/rhobtor/PHD/j8_control/J8_control/install/ublox_gps/lib'
[165.116s] Level 1:colcon.colcon_core.shell:create_environment_hook('ublox_gps', 'ld_library_path_lib')
[165.116s] INFO:colcon.colcon_core.shell:Creating environment hook '/home/rhobtor/PHD/j8_control/J8_control/install/ublox_gps/share/ublox_gps/hook/ld_library_path_lib.ps1'
[165.116s] INFO:colcon.colcon_core.shell:Creating environment descriptor '/home/rhobtor/PHD/j8_control/J8_control/install/ublox_gps/share/ublox_gps/hook/ld_library_path_lib.dsv'
[165.116s] INFO:colcon.colcon_core.shell:Creating environment hook '/home/rhobtor/PHD/j8_control/J8_control/install/ublox_gps/share/ublox_gps/hook/ld_library_path_lib.sh'
[165.116s] Level 1:colcon.colcon_core.environment:checking '/home/rhobtor/PHD/j8_control/J8_control/install/ublox_gps/bin'
[165.117s] Level 1:colcon.colcon_core.environment:checking '/home/rhobtor/PHD/j8_control/J8_control/install/ublox_gps/lib/pkgconfig/ublox_gps.pc'
[165.117s] Level 1:colcon.colcon_core.environment:checking '/home/rhobtor/PHD/j8_control/J8_control/install/ublox_gps/lib/python3.10/site-packages'
[165.117s] Level 1:colcon.colcon_core.environment:checking '/home/rhobtor/PHD/j8_control/J8_control/install/ublox_gps/bin'
[165.117s] INFO:colcon.colcon_core.shell:Creating package script '/home/rhobtor/PHD/j8_control/J8_control/install/ublox_gps/share/ublox_gps/package.ps1'
[165.117s] INFO:colcon.colcon_core.shell:Creating package descriptor '/home/rhobtor/PHD/j8_control/J8_control/install/ublox_gps/share/ublox_gps/package.dsv'
[165.118s] INFO:colcon.colcon_core.shell:Creating package script '/home/rhobtor/PHD/j8_control/J8_control/install/ublox_gps/share/ublox_gps/package.sh'
[165.118s] INFO:colcon.colcon_core.shell:Creating package script '/home/rhobtor/PHD/j8_control/J8_control/install/ublox_gps/share/ublox_gps/package.bash'
[165.118s] INFO:colcon.colcon_core.shell:Creating package script '/home/rhobtor/PHD/j8_control/J8_control/install/ublox_gps/share/ublox_gps/package.zsh'
[165.118s] Level 1:colcon.colcon_core.environment:create_file_with_runtime_dependencies(/home/rhobtor/PHD/j8_control/J8_control/install/ublox_gps/share/colcon-core/packages/ublox_gps)
[165.119s] Level 1:colcon.colcon_core.environment:create_environment_scripts_only(ublox_gps)
[165.119s] Level 1:colcon.colcon_core.environment:checking '/home/rhobtor/PHD/j8_control/J8_control/install/ublox_gps' for CMake module files
[165.119s] Level 1:colcon.colcon_core.environment:checking '/home/rhobtor/PHD/j8_control/J8_control/install/ublox_gps' for CMake config files
[165.119s] Level 1:colcon.colcon_core.shell:create_environment_hook('ublox_gps', 'cmake_prefix_path')
[165.119s] INFO:colcon.colcon_core.shell:Creating environment hook '/home/rhobtor/PHD/j8_control/J8_control/install/ublox_gps/share/ublox_gps/hook/cmake_prefix_path.ps1'
[165.119s] INFO:colcon.colcon_core.shell:Creating environment descriptor '/home/rhobtor/PHD/j8_control/J8_control/install/ublox_gps/share/ublox_gps/hook/cmake_prefix_path.dsv'
[165.120s] INFO:colcon.colcon_core.shell:Creating environment hook '/home/rhobtor/PHD/j8_control/J8_control/install/ublox_gps/share/ublox_gps/hook/cmake_prefix_path.sh'
[165.120s] Level 1:colcon.colcon_core.environment:checking '/home/rhobtor/PHD/j8_control/J8_control/install/ublox_gps/lib'
[165.120s] Level 1:colcon.colcon_core.shell:create_environment_hook('ublox_gps', 'ld_library_path_lib')
[165.120s] INFO:colcon.colcon_core.shell:Creating environment hook '/home/rhobtor/PHD/j8_control/J8_control/install/ublox_gps/share/ublox_gps/hook/ld_library_path_lib.ps1'
[165.120s] INFO:colcon.colcon_core.shell:Creating environment descriptor '/home/rhobtor/PHD/j8_control/J8_control/install/ublox_gps/share/ublox_gps/hook/ld_library_path_lib.dsv'
[165.120s] INFO:colcon.colcon_core.shell:Creating environment hook '/home/rhobtor/PHD/j8_control/J8_control/install/ublox_gps/share/ublox_gps/hook/ld_library_path_lib.sh'
[165.121s] Level 1:colcon.colcon_core.environment:checking '/home/rhobtor/PHD/j8_control/J8_control/install/ublox_gps/bin'
[165.121s] Level 1:colcon.colcon_core.environment:checking '/home/rhobtor/PHD/j8_control/J8_control/install/ublox_gps/lib/pkgconfig/ublox_gps.pc'
[165.121s] Level 1:colcon.colcon_core.environment:checking '/home/rhobtor/PHD/j8_control/J8_control/install/ublox_gps/lib/python3.10/site-packages'
[165.121s] Level 1:colcon.colcon_core.environment:checking '/home/rhobtor/PHD/j8_control/J8_control/install/ublox_gps/bin'
[165.121s] INFO:colcon.colcon_core.shell:Creating package script '/home/rhobtor/PHD/j8_control/J8_control/install/ublox_gps/share/ublox_gps/package.ps1'
[165.122s] INFO:colcon.colcon_core.shell:Creating package descriptor '/home/rhobtor/PHD/j8_control/J8_control/install/ublox_gps/share/ublox_gps/package.dsv'
[165.122s] INFO:colcon.colcon_core.shell:Creating package script '/home/rhobtor/PHD/j8_control/J8_control/install/ublox_gps/share/ublox_gps/package.sh'
[165.122s] INFO:colcon.colcon_core.shell:Creating package script '/home/rhobtor/PHD/j8_control/J8_control/install/ublox_gps/share/ublox_gps/package.bash'
[165.122s] INFO:colcon.colcon_core.shell:Creating package script '/home/rhobtor/PHD/j8_control/J8_control/install/ublox_gps/share/ublox_gps/package.zsh'
[165.122s] Level 1:colcon.colcon_core.environment:create_file_with_runtime_dependencies(/home/rhobtor/PHD/j8_control/J8_control/install/ublox_gps/share/colcon-core/packages/ublox_gps)
[165.123s] INFO:colcon.colcon_ros.task.ament_cmake.build:Building ROS package in '/home/rhobtor/PHD/j8_control/J8_control/src/argo_drivers_pkgs/ublox/ublox' with build type 'ament_cmake'
[165.123s] INFO:colcon.colcon_cmake.task.cmake.build:Building CMake package in '/home/rhobtor/PHD/j8_control/J8_control/src/argo_drivers_pkgs/ublox/ublox'
[165.123s] INFO:colcon.colcon_core.shell:Skip shell extension 'powershell' for command environment: Not usable outside of PowerShell
[165.123s] DEBUG:colcon.colcon_core.shell:Skip shell extension 'dsv' for command environment
[165.137s] DEBUG:colcon.colcon_core.event_handler.log_command:Invoking command in '/home/rhobtor/PHD/j8_control/J8_control/build/ublox': AMENT_PREFIX_PATH=/home/rhobtor/PHD/j8_control/J8_control/install/ublox_gps:/home/rhobtor/PHD/j8_control/J8_control/install/ublox_msgs:/home/rhobtor/PHD/j8_control/J8_control/install/ublox_serialization:${AMENT_PREFIX_PATH} CMAKE_PREFIX_PATH=/home/rhobtor/PHD/j8_control/J8_control/install/ublox_gps:/home/rhobtor/PHD/j8_control/J8_control/install/ublox_msgs:/home/rhobtor/PHD/j8_control/J8_control/install/ublox_serialization:/home/rhobtor/PHD/ARGOSJ8_IA/ARGOSJ8_IA_/install/wiimote_msgs:/home/rhobtor/PHD/ARGOSJ8_IA/ARGOSJ8_IA_/install/ublox:/home/rhobtor/PHD/ARGOSJ8_IA/ARGOSJ8_IA_/install/ublox_gps:/home/rhobtor/PHD/ARGOSJ8_IA/ARGOSJ8_IA_/install/security_check:/home/rhobtor/PHD/ARGOSJ8_IA/ARGOSJ8_IA_/install/ctl_mission:/home/rhobtor/PHD/ARGOSJ8_IA/ARGOSJ8_IA_/install/ublox_msgs:/home/rhobtor/PHD/ARGOSJ8_IA/ARGOSJ8_IA_/install/ublox_serialization:/home/rhobtor/PHD/ARGOSJ8_IA/ARGOSJ8_IA_/install/spacenav:/home/rhobtor/PHD/ARGOSJ8_IA/ARGOSJ8_IA_/install/laser_segmentation:/home/rhobtor/PHD/ARGOSJ8_IA/ARGOSJ8_IA_/install/slg_msgs:/home/rhobtor/PHD/ARGOSJ8_IA/ARGOSJ8_IA_/install/security_check_interfaces:/home/rhobtor/PHD/ARGOSJ8_IA/ARGOSJ8_IA_/install/joy:/home/rhobtor/PHD/ARGOSJ8_IA/ARGOSJ8_IA_/install/sdl2_vendor:/home/rhobtor/PHD/ARGOSJ8_IA/ARGOSJ8_IA_/install/path_manager:/home/rhobtor/PHD/ARGOSJ8_IA/ARGOSJ8_IA_/install/path_manager_interfaces:/home/rhobtor/PHD/ARGOSJ8_IA/ARGOSJ8_IA_/install/joy_linux:/home/rhobtor/PHD/ARGOSJ8_IA/ARGOSJ8_IA_/install/j8_xacro_model:/home/rhobtor/PHD/ARGOSJ8_IA/ARGOSJ8_IA_/install/hikmicro_thermal_camera:/home/rhobtor/PHD/ARGOSJ8_IA/ARGOSJ8_IA_/install/hector_gazebo_plugins:/home/rhobtor/PHD/ARGOSJ8_IA/ARGOSJ8_IA_/install/fixposition_sensor_pkg:/home/rhobtor/PHD/ARGOSJ8_IA/ARGOSJ8_IA_/install/fixposition_odometry_converter_ros2:/home/rhobtor/PHD/ARGOSJ8_IA/ARGOSJ8_IA_/install/fixposition_driver_ros2:/home/rhobtor/PHD/ARGOSJ8_IA/ARGOSJ8_IA_/install/fixposition_driver_lib:/home/rhobtor/PHD/ARGOSJ8_IA/ARGOSJ8_IA_/install/fixposition_gnss_tf:/home/rhobtor/PHD/ARGOSJ8_IA/ARGOSJ8_IA_/install/ctl_mission_interfaces:/home/rhobtor/PHD/ARGOSJ8_IA/ARGOSJ8_IA_/install/car_cpp:/home/rhobtor/PHD/ARGOSJ8_IA/ARGOSJ8_IA_/install/car_interfaces:/home/rhobtor/PHD/ARGOSJ8_IA/ARGOSJ8_IA_/install/argj801_setup:/home/rhobtor/PHD/ARGOSJ8_IA/ARGOSJ8_IA_/install/argj801_sensors:/home/rhobtor/PHD/ARGOSJ8_IA/ARGOSJ8_IA_/install/argj801_sensors_msgs:/home/rhobtor/PHD/ARGOSJ8_IA/ARGOSJ8_IA_/install/argj801_ctl_platform:/home/rhobtor/PHD/ARGOSJ8_IA/ARGOSJ8_IA_/install/argj801_ctl_platform_interfaces:/home/rhobtor/PHD/model_terrain_ugv/Model_terrain_ugv/install/model_terrain_cpp:/home/rhobtor/PHD/path_dem/install_navigation/path_dem:/home/rhobtor/PHD/path_dem/install/path_dem:/home/rhobtor/PHD/install_global_belief_final/path_dem:/home/rhobtor/PHD/ARGOSJ8_IA/ARGOSJ8_IA_/install/car:/home/rhobtor/PHD/ARGOSJ8_IA/ARGOSJ8_IA_/install/ntrip_client:/home/rhobtor/PHD/ARGOSJ8_IA/ARGOSJ8_IA_/install/j8_gui:/home/rhobtor/PHD/ARGOSJ8_IA/ARGOSJ8_IA_/install/gui:/home/rhobtor/PHD/ARGOSJ8_IA/ARGOSJ8_IA_/install/android_ros2_server:/home/rhobtor/PHD/ARGOSJ8_IA/ARGOSJ8_IA_/install/GUI_pkg:/home/rhobtor/PHD/model_terrain_ugv/Model_terrain_ugv/install/model_terrain:/opt/ros/humble LD_LIBRARY_PATH=/home/rhobtor/PHD/j8_control/J8_control/install/ublox_gps/lib:/home/rhobtor/PHD/j8_control/J8_control/install/ublox_msgs/lib:${LD_LIBRARY_PATH} PYTHONPATH=/home/rhobtor/PHD/j8_control/J8_control/install/ublox_msgs/local/lib/python3.10/dist-packages:${PYTHONPATH} /usr/bin/cmake /home/rhobtor/PHD/j8_control/J8_control/src/argo_drivers_pkgs/ublox/ublox -DCMAKE_INSTALL_PREFIX=/home/rhobtor/PHD/j8_control/J8_control/install/ublox
[165.895s] DEBUG:colcon.colcon_core.event_handler.log_command:Invoked command in '/home/rhobtor/PHD/j8_control/J8_control/build/ublox' returned '0': AMENT_PREFIX_PATH=/home/rhobtor/PHD/j8_control/J8_control/install/ublox_gps:/home/rhobtor/PHD/j8_control/J8_control/install/ublox_msgs:/home/rhobtor/PHD/j8_control/J8_control/install/ublox_serialization:${AMENT_PREFIX_PATH} CMAKE_PREFIX_PATH=/home/rhobtor/PHD/j8_control/J8_control/install/ublox_gps:/home/rhobtor/PHD/j8_control/J8_control/install/ublox_msgs:/home/rhobtor/PHD/j8_control/J8_control/install/ublox_serialization:/home/rhobtor/PHD/ARGOSJ8_IA/ARGOSJ8_IA_/install/wiimote_msgs:/home/rhobtor/PHD/ARGOSJ8_IA/ARGOSJ8_IA_/install/ublox:/home/rhobtor/PHD/ARGOSJ8_IA/ARGOSJ8_IA_/install/ublox_gps:/home/rhobtor/PHD/ARGOSJ8_IA/ARGOSJ8_IA_/install/security_check:/home/rhobtor/PHD/ARGOSJ8_IA/ARGOSJ8_IA_/install/ctl_mission:/home/rhobtor/PHD/ARGOSJ8_IA/ARGOSJ8_IA_/install/ublox_msgs:/home/rhobtor/PHD/ARGOSJ8_IA/ARGOSJ8_IA_/install/ublox_serialization:/home/rhobtor/PHD/ARGOSJ8_IA/ARGOSJ8_IA_/install/spacenav:/home/rhobtor/PHD/ARGOSJ8_IA/ARGOSJ8_IA_/install/laser_segmentation:/home/rhobtor/PHD/ARGOSJ8_IA/ARGOSJ8_IA_/install/slg_msgs:/home/rhobtor/PHD/ARGOSJ8_IA/ARGOSJ8_IA_/install/security_check_interfaces:/home/rhobtor/PHD/ARGOSJ8_IA/ARGOSJ8_IA_/install/joy:/home/rhobtor/PHD/ARGOSJ8_IA/ARGOSJ8_IA_/install/sdl2_vendor:/home/rhobtor/PHD/ARGOSJ8_IA/ARGOSJ8_IA_/install/path_manager:/home/rhobtor/PHD/ARGOSJ8_IA/ARGOSJ8_IA_/install/path_manager_interfaces:/home/rhobtor/PHD/ARGOSJ8_IA/ARGOSJ8_IA_/install/joy_linux:/home/rhobtor/PHD/ARGOSJ8_IA/ARGOSJ8_IA_/install/j8_xacro_model:/home/rhobtor/PHD/ARGOSJ8_IA/ARGOSJ8_IA_/install/hikmicro_thermal_camera:/home/rhobtor/PHD/ARGOSJ8_IA/ARGOSJ8_IA_/install/hector_gazebo_plugins:/home/rhobtor/PHD/ARGOSJ8_IA/ARGOSJ8_IA_/install/fixposition_sensor_pkg:/home/rhobtor/PHD/ARGOSJ8_IA/ARGOSJ8_IA_/install/fixposition_odometry_converter_ros2:/home/rhobtor/PHD/ARGOSJ8_IA/ARGOSJ8_IA_/install/fixposition_driver_ros2:/home/rhobtor/PHD/ARGOSJ8_IA/ARGOSJ8_IA_/install/fixposition_driver_lib:/home/rhobtor/PHD/ARGOSJ8_IA/ARGOSJ8_IA_/install/fixposition_gnss_tf:/home/rhobtor/PHD/ARGOSJ8_IA/ARGOSJ8_IA_/install/ctl_mission_interfaces:/home/rhobtor/PHD/ARGOSJ8_IA/ARGOSJ8_IA_/install/car_cpp:/home/rhobtor/PHD/ARGOSJ8_IA/ARGOSJ8_IA_/install/car_interfaces:/home/rhobtor/PHD/ARGOSJ8_IA/ARGOSJ8_IA_/install/argj801_setup:/home/rhobtor/PHD/ARGOSJ8_IA/ARGOSJ8_IA_/install/argj801_sensors:/home/rhobtor/PHD/ARGOSJ8_IA/ARGOSJ8_IA_/install/argj801_sensors_msgs:/home/rhobtor/PHD/ARGOSJ8_IA/ARGOSJ8_IA_/install/argj801_ctl_platform:/home/rhobtor/PHD/ARGOSJ8_IA/ARGOSJ8_IA_/install/argj801_ctl_platform_interfaces:/home/rhobtor/PHD/model_terrain_ugv/Model_terrain_ugv/install/model_terrain_cpp:/home/rhobtor/PHD/path_dem/install_navigation/path_dem:/home/rhobtor/PHD/path_dem/install/path_dem:/home/rhobtor/PHD/install_global_belief_final/path_dem:/home/rhobtor/PHD/ARGOSJ8_IA/ARGOSJ8_IA_/install/car:/home/rhobtor/PHD/ARGOSJ8_IA/ARGOSJ8_IA_/install/ntrip_client:/home/rhobtor/PHD/ARGOSJ8_IA/ARGOSJ8_IA_/install/j8_gui:/home/rhobtor/PHD/ARGOSJ8_IA/ARGOSJ8_IA_/install/gui:/home/rhobtor/PHD/ARGOSJ8_IA/ARGOSJ8_IA_/install/android_ros2_server:/home/rhobtor/PHD/ARGOSJ8_IA/ARGOSJ8_IA_/install/GUI_pkg:/home/rhobtor/PHD/model_terrain_ugv/Model_terrain_ugv/install/model_terrain:/opt/ros/humble LD_LIBRARY_PATH=/home/rhobtor/PHD/j8_control/J8_control/install/ublox_gps/lib:/home/rhobtor/PHD/j8_control/J8_control/install/ublox_msgs/lib:${LD_LIBRARY_PATH} PYTHONPATH=/home/rhobtor/PHD/j8_control/J8_control/install/ublox_msgs/local/lib/python3.10/dist-packages:${PYTHONPATH} /usr/bin/cmake /home/rhobtor/PHD/j8_control/J8_control/src/argo_drivers_pkgs/ublox/ublox -DCMAKE_INSTALL_PREFIX=/home/rhobtor/PHD/j8_control/J8_control/install/ublox
[165.897s] DEBUG:colcon.colcon_core.event_handler.log_command:Invoking command in '/home/rhobtor/PHD/j8_control/J8_control/build/ublox': AMENT_PREFIX_PATH=/home/rhobtor/PHD/j8_control/J8_control/install/ublox_gps:/home/rhobtor/PHD/j8_control/J8_control/install/ublox_msgs:/home/rhobtor/PHD/j8_control/J8_control/install/ublox_serialization:${AMENT_PREFIX_PATH} CMAKE_PREFIX_PATH=/home/rhobtor/PHD/j8_control/J8_control/install/ublox_gps:/home/rhobtor/PHD/j8_control/J8_control/install/ublox_msgs:/home/rhobtor/PHD/j8_control/J8_control/install/ublox_serialization:/home/rhobtor/PHD/ARGOSJ8_IA/ARGOSJ8_IA_/install/wiimote_msgs:/home/rhobtor/PHD/ARGOSJ8_IA/ARGOSJ8_IA_/install/ublox:/home/rhobtor/PHD/ARGOSJ8_IA/ARGOSJ8_IA_/install/ublox_gps:/home/rhobtor/PHD/ARGOSJ8_IA/ARGOSJ8_IA_/install/security_check:/home/rhobtor/PHD/ARGOSJ8_IA/ARGOSJ8_IA_/install/ctl_mission:/home/rhobtor/PHD/ARGOSJ8_IA/ARGOSJ8_IA_/install/ublox_msgs:/home/rhobtor/PHD/ARGOSJ8_IA/ARGOSJ8_IA_/install/ublox_serialization:/home/rhobtor/PHD/ARGOSJ8_IA/ARGOSJ8_IA_/install/spacenav:/home/rhobtor/PHD/ARGOSJ8_IA/ARGOSJ8_IA_/install/laser_segmentation:/home/rhobtor/PHD/ARGOSJ8_IA/ARGOSJ8_IA_/install/slg_msgs:/home/rhobtor/PHD/ARGOSJ8_IA/ARGOSJ8_IA_/install/security_check_interfaces:/home/rhobtor/PHD/ARGOSJ8_IA/ARGOSJ8_IA_/install/joy:/home/rhobtor/PHD/ARGOSJ8_IA/ARGOSJ8_IA_/install/sdl2_vendor:/home/rhobtor/PHD/ARGOSJ8_IA/ARGOSJ8_IA_/install/path_manager:/home/rhobtor/PHD/ARGOSJ8_IA/ARGOSJ8_IA_/install/path_manager_interfaces:/home/rhobtor/PHD/ARGOSJ8_IA/ARGOSJ8_IA_/install/joy_linux:/home/rhobtor/PHD/ARGOSJ8_IA/ARGOSJ8_IA_/install/j8_xacro_model:/home/rhobtor/PHD/ARGOSJ8_IA/ARGOSJ8_IA_/install/hikmicro_thermal_camera:/home/rhobtor/PHD/ARGOSJ8_IA/ARGOSJ8_IA_/install/hector_gazebo_plugins:/home/rhobtor/PHD/ARGOSJ8_IA/ARGOSJ8_IA_/install/fixposition_sensor_pkg:/home/rhobtor/PHD/ARGOSJ8_IA/ARGOSJ8_IA_/install/fixposition_odometry_converter_ros2:/home/rhobtor/PHD/ARGOSJ8_IA/ARGOSJ8_IA_/install/fixposition_driver_ros2:/home/rhobtor/PHD/ARGOSJ8_IA/ARGOSJ8_IA_/install/fixposition_driver_lib:/home/rhobtor/PHD/ARGOSJ8_IA/ARGOSJ8_IA_/install/fixposition_gnss_tf:/home/rhobtor/PHD/ARGOSJ8_IA/ARGOSJ8_IA_/install/ctl_mission_interfaces:/home/rhobtor/PHD/ARGOSJ8_IA/ARGOSJ8_IA_/install/car_cpp:/home/rhobtor/PHD/ARGOSJ8_IA/ARGOSJ8_IA_/install/car_interfaces:/home/rhobtor/PHD/ARGOSJ8_IA/ARGOSJ8_IA_/install/argj801_setup:/home/rhobtor/PHD/ARGOSJ8_IA/ARGOSJ8_IA_/install/argj801_sensors:/home/rhobtor/PHD/ARGOSJ8_IA/ARGOSJ8_IA_/install/argj801_sensors_msgs:/home/rhobtor/PHD/ARGOSJ8_IA/ARGOSJ8_IA_/install/argj801_ctl_platform:/home/rhobtor/PHD/ARGOSJ8_IA/ARGOSJ8_IA_/install/argj801_ctl_platform_interfaces:/home/rhobtor/PHD/model_terrain_ugv/Model_terrain_ugv/install/model_terrain_cpp:/home/rhobtor/PHD/path_dem/install_navigation/path_dem:/home/rhobtor/PHD/path_dem/install/path_dem:/home/rhobtor/PHD/install_global_belief_final/path_dem:/home/rhobtor/PHD/ARGOSJ8_IA/ARGOSJ8_IA_/install/car:/home/rhobtor/PHD/ARGOSJ8_IA/ARGOSJ8_IA_/install/ntrip_client:/home/rhobtor/PHD/ARGOSJ8_IA/ARGOSJ8_IA_/install/j8_gui:/home/rhobtor/PHD/ARGOSJ8_IA/ARGOSJ8_IA_/install/gui:/home/rhobtor/PHD/ARGOSJ8_IA/ARGOSJ8_IA_/install/android_ros2_server:/home/rhobtor/PHD/ARGOSJ8_IA/ARGOSJ8_IA_/install/GUI_pkg:/home/rhobtor/PHD/model_terrain_ugv/Model_terrain_ugv/install/model_terrain:/opt/ros/humble LD_LIBRARY_PATH=/home/rhobtor/PHD/j8_control/J8_control/install/ublox_gps/lib:/home/rhobtor/PHD/j8_control/J8_control/install/ublox_msgs/lib:${LD_LIBRARY_PATH} PYTHONPATH=/home/rhobtor/PHD/j8_control/J8_control/install/ublox_msgs/local/lib/python3.10/dist-packages:${PYTHONPATH} /usr/bin/cmake --build /home/rhobtor/PHD/j8_control/J8_control/build/ublox -- -j20 -l20
[165.933s] DEBUG:colcon.colcon_core.event_handler.log_command:Invoked command in '/home/rhobtor/PHD/j8_control/J8_control/build/ublox' returned '0': AMENT_PREFIX_PATH=/home/rhobtor/PHD/j8_control/J8_control/install/ublox_gps:/home/rhobtor/PHD/j8_control/J8_control/install/ublox_msgs:/home/rhobtor/PHD/j8_control/J8_control/install/ublox_serialization:${AMENT_PREFIX_PATH} CMAKE_PREFIX_PATH=/home/rhobtor/PHD/j8_control/J8_control/install/ublox_gps:/home/rhobtor/PHD/j8_control/J8_control/install/ublox_msgs:/home/rhobtor/PHD/j8_control/J8_control/install/ublox_serialization:/home/rhobtor/PHD/ARGOSJ8_IA/ARGOSJ8_IA_/install/wiimote_msgs:/home/rhobtor/PHD/ARGOSJ8_IA/ARGOSJ8_IA_/install/ublox:/home/rhobtor/PHD/ARGOSJ8_IA/ARGOSJ8_IA_/install/ublox_gps:/home/rhobtor/PHD/ARGOSJ8_IA/ARGOSJ8_IA_/install/security_check:/home/rhobtor/PHD/ARGOSJ8_IA/ARGOSJ8_IA_/install/ctl_mission:/home/rhobtor/PHD/ARGOSJ8_IA/ARGOSJ8_IA_/install/ublox_msgs:/home/rhobtor/PHD/ARGOSJ8_IA/ARGOSJ8_IA_/install/ublox_serialization:/home/rhobtor/PHD/ARGOSJ8_IA/ARGOSJ8_IA_/install/spacenav:/home/rhobtor/PHD/ARGOSJ8_IA/ARGOSJ8_IA_/install/laser_segmentation:/home/rhobtor/PHD/ARGOSJ8_IA/ARGOSJ8_IA_/install/slg_msgs:/home/rhobtor/PHD/ARGOSJ8_IA/ARGOSJ8_IA_/install/security_check_interfaces:/home/rhobtor/PHD/ARGOSJ8_IA/ARGOSJ8_IA_/install/joy:/home/rhobtor/PHD/ARGOSJ8_IA/ARGOSJ8_IA_/install/sdl2_vendor:/home/rhobtor/PHD/ARGOSJ8_IA/ARGOSJ8_IA_/install/path_manager:/home/rhobtor/PHD/ARGOSJ8_IA/ARGOSJ8_IA_/install/path_manager_interfaces:/home/rhobtor/PHD/ARGOSJ8_IA/ARGOSJ8_IA_/install/joy_linux:/home/rhobtor/PHD/ARGOSJ8_IA/ARGOSJ8_IA_/install/j8_xacro_model:/home/rhobtor/PHD/ARGOSJ8_IA/ARGOSJ8_IA_/install/hikmicro_thermal_camera:/home/rhobtor/PHD/ARGOSJ8_IA/ARGOSJ8_IA_/install/hector_gazebo_plugins:/home/rhobtor/PHD/ARGOSJ8_IA/ARGOSJ8_IA_/install/fixposition_sensor_pkg:/home/rhobtor/PHD/ARGOSJ8_IA/ARGOSJ8_IA_/install/fixposition_odometry_converter_ros2:/home/rhobtor/PHD/ARGOSJ8_IA/ARGOSJ8_IA_/install/fixposition_driver_ros2:/home/rhobtor/PHD/ARGOSJ8_IA/ARGOSJ8_IA_/install/fixposition_driver_lib:/home/rhobtor/PHD/ARGOSJ8_IA/ARGOSJ8_IA_/install/fixposition_gnss_tf:/home/rhobtor/PHD/ARGOSJ8_IA/ARGOSJ8_IA_/install/ctl_mission_interfaces:/home/rhobtor/PHD/ARGOSJ8_IA/ARGOSJ8_IA_/install/car_cpp:/home/rhobtor/PHD/ARGOSJ8_IA/ARGOSJ8_IA_/install/car_interfaces:/home/rhobtor/PHD/ARGOSJ8_IA/ARGOSJ8_IA_/install/argj801_setup:/home/rhobtor/PHD/ARGOSJ8_IA/ARGOSJ8_IA_/install/argj801_sensors:/home/rhobtor/PHD/ARGOSJ8_IA/ARGOSJ8_IA_/install/argj801_sensors_msgs:/home/rhobtor/PHD/ARGOSJ8_IA/ARGOSJ8_IA_/install/argj801_ctl_platform:/home/rhobtor/PHD/ARGOSJ8_IA/ARGOSJ8_IA_/install/argj801_ctl_platform_interfaces:/home/rhobtor/PHD/model_terrain_ugv/Model_terrain_ugv/install/model_terrain_cpp:/home/rhobtor/PHD/path_dem/install_navigation/path_dem:/home/rhobtor/PHD/path_dem/install/path_dem:/home/rhobtor/PHD/install_global_belief_final/path_dem:/home/rhobtor/PHD/ARGOSJ8_IA/ARGOSJ8_IA_/install/car:/home/rhobtor/PHD/ARGOSJ8_IA/ARGOSJ8_IA_/install/ntrip_client:/home/rhobtor/PHD/ARGOSJ8_IA/ARGOSJ8_IA_/install/j8_gui:/home/rhobtor/PHD/ARGOSJ8_IA/ARGOSJ8_IA_/install/gui:/home/rhobtor/PHD/ARGOSJ8_IA/ARGOSJ8_IA_/install/android_ros2_server:/home/rhobtor/PHD/ARGOSJ8_IA/ARGOSJ8_IA_/install/GUI_pkg:/home/rhobtor/PHD/model_terrain_ugv/Model_terrain_ugv/install/model_terrain:/opt/ros/humble LD_LIBRARY_PATH=/home/rhobtor/PHD/j8_control/J8_control/install/ublox_gps/lib:/home/rhobtor/PHD/j8_control/J8_control/install/ublox_msgs/lib:${LD_LIBRARY_PATH} PYTHONPATH=/home/rhobtor/PHD/j8_control/J8_control/install/ublox_msgs/local/lib/python3.10/dist-packages:${PYTHONPATH} /usr/bin/cmake --build /home/rhobtor/PHD/j8_control/J8_control/build/ublox -- -j20 -l20
[165.935s] DEBUG:colcon.colcon_core.event_handler.log_command:Invoking command in '/home/rhobtor/PHD/j8_control/J8_control/build/ublox': AMENT_PREFIX_PATH=/home/rhobtor/PHD/j8_control/J8_control/install/ublox_gps:/home/rhobtor/PHD/j8_control/J8_control/install/ublox_msgs:/home/rhobtor/PHD/j8_control/J8_control/install/ublox_serialization:${AMENT_PREFIX_PATH} CMAKE_PREFIX_PATH=/home/rhobtor/PHD/j8_control/J8_control/install/ublox_gps:/home/rhobtor/PHD/j8_control/J8_control/install/ublox_msgs:/home/rhobtor/PHD/j8_control/J8_control/install/ublox_serialization:/home/rhobtor/PHD/ARGOSJ8_IA/ARGOSJ8_IA_/install/wiimote_msgs:/home/rhobtor/PHD/ARGOSJ8_IA/ARGOSJ8_IA_/install/ublox:/home/rhobtor/PHD/ARGOSJ8_IA/ARGOSJ8_IA_/install/ublox_gps:/home/rhobtor/PHD/ARGOSJ8_IA/ARGOSJ8_IA_/install/security_check:/home/rhobtor/PHD/ARGOSJ8_IA/ARGOSJ8_IA_/install/ctl_mission:/home/rhobtor/PHD/ARGOSJ8_IA/ARGOSJ8_IA_/install/ublox_msgs:/home/rhobtor/PHD/ARGOSJ8_IA/ARGOSJ8_IA_/install/ublox_serialization:/home/rhobtor/PHD/ARGOSJ8_IA/ARGOSJ8_IA_/install/spacenav:/home/rhobtor/PHD/ARGOSJ8_IA/ARGOSJ8_IA_/install/laser_segmentation:/home/rhobtor/PHD/ARGOSJ8_IA/ARGOSJ8_IA_/install/slg_msgs:/home/rhobtor/PHD/ARGOSJ8_IA/ARGOSJ8_IA_/install/security_check_interfaces:/home/rhobtor/PHD/ARGOSJ8_IA/ARGOSJ8_IA_/install/joy:/home/rhobtor/PHD/ARGOSJ8_IA/ARGOSJ8_IA_/install/sdl2_vendor:/home/rhobtor/PHD/ARGOSJ8_IA/ARGOSJ8_IA_/install/path_manager:/home/rhobtor/PHD/ARGOSJ8_IA/ARGOSJ8_IA_/install/path_manager_interfaces:/home/rhobtor/PHD/ARGOSJ8_IA/ARGOSJ8_IA_/install/joy_linux:/home/rhobtor/PHD/ARGOSJ8_IA/ARGOSJ8_IA_/install/j8_xacro_model:/home/rhobtor/PHD/ARGOSJ8_IA/ARGOSJ8_IA_/install/hikmicro_thermal_camera:/home/rhobtor/PHD/ARGOSJ8_IA/ARGOSJ8_IA_/install/hector_gazebo_plugins:/home/rhobtor/PHD/ARGOSJ8_IA/ARGOSJ8_IA_/install/fixposition_sensor_pkg:/home/rhobtor/PHD/ARGOSJ8_IA/ARGOSJ8_IA_/install/fixposition_odometry_converter_ros2:/home/rhobtor/PHD/ARGOSJ8_IA/ARGOSJ8_IA_/install/fixposition_driver_ros2:/home/rhobtor/PHD/ARGOSJ8_IA/ARGOSJ8_IA_/install/fixposition_driver_lib:/home/rhobtor/PHD/ARGOSJ8_IA/ARGOSJ8_IA_/install/fixposition_gnss_tf:/home/rhobtor/PHD/ARGOSJ8_IA/ARGOSJ8_IA_/install/ctl_mission_interfaces:/home/rhobtor/PHD/ARGOSJ8_IA/ARGOSJ8_IA_/install/car_cpp:/home/rhobtor/PHD/ARGOSJ8_IA/ARGOSJ8_IA_/install/car_interfaces:/home/rhobtor/PHD/ARGOSJ8_IA/ARGOSJ8_IA_/install/argj801_setup:/home/rhobtor/PHD/ARGOSJ8_IA/ARGOSJ8_IA_/install/argj801_sensors:/home/rhobtor/PHD/ARGOSJ8_IA/ARGOSJ8_IA_/install/argj801_sensors_msgs:/home/rhobtor/PHD/ARGOSJ8_IA/ARGOSJ8_IA_/install/argj801_ctl_platform:/home/rhobtor/PHD/ARGOSJ8_IA/ARGOSJ8_IA_/install/argj801_ctl_platform_interfaces:/home/rhobtor/PHD/model_terrain_ugv/Model_terrain_ugv/install/model_terrain_cpp:/home/rhobtor/PHD/path_dem/install_navigation/path_dem:/home/rhobtor/PHD/path_dem/install/path_dem:/home/rhobtor/PHD/install_global_belief_final/path_dem:/home/rhobtor/PHD/ARGOSJ8_IA/ARGOSJ8_IA_/install/car:/home/rhobtor/PHD/ARGOSJ8_IA/ARGOSJ8_IA_/install/ntrip_client:/home/rhobtor/PHD/ARGOSJ8_IA/ARGOSJ8_IA_/install/j8_gui:/home/rhobtor/PHD/ARGOSJ8_IA/ARGOSJ8_IA_/install/gui:/home/rhobtor/PHD/ARGOSJ8_IA/ARGOSJ8_IA_/install/android_ros2_server:/home/rhobtor/PHD/ARGOSJ8_IA/ARGOSJ8_IA_/install/GUI_pkg:/home/rhobtor/PHD/model_terrain_ugv/Model_terrain_ugv/install/model_terrain:/opt/ros/humble LD_LIBRARY_PATH=/home/rhobtor/PHD/j8_control/J8_control/install/ublox_gps/lib:/home/rhobtor/PHD/j8_control/J8_control/install/ublox_msgs/lib:${LD_LIBRARY_PATH} PYTHONPATH=/home/rhobtor/PHD/j8_control/J8_control/install/ublox_msgs/local/lib/python3.10/dist-packages:${PYTHONPATH} /usr/bin/cmake --install /home/rhobtor/PHD/j8_control/J8_control/build/ublox
[165.943s] Level 1:colcon.colcon_core.environment:create_environment_scripts_only(ublox)
[165.944s] Level 1:colcon.colcon_core.environment:checking '/home/rhobtor/PHD/j8_control/J8_control/install/ublox' for CMake module files
[165.944s] DEBUG:colcon.colcon_core.event_handler.log_command:Invoked command in '/home/rhobtor/PHD/j8_control/J8_control/build/ublox' returned '0': AMENT_PREFIX_PATH=/home/rhobtor/PHD/j8_control/J8_control/install/ublox_gps:/home/rhobtor/PHD/j8_control/J8_control/install/ublox_msgs:/home/rhobtor/PHD/j8_control/J8_control/install/ublox_serialization:${AMENT_PREFIX_PATH} CMAKE_PREFIX_PATH=/home/rhobtor/PHD/j8_control/J8_control/install/ublox_gps:/home/rhobtor/PHD/j8_control/J8_control/install/ublox_msgs:/home/rhobtor/PHD/j8_control/J8_control/install/ublox_serialization:/home/rhobtor/PHD/ARGOSJ8_IA/ARGOSJ8_IA_/install/wiimote_msgs:/home/rhobtor/PHD/ARGOSJ8_IA/ARGOSJ8_IA_/install/ublox:/home/rhobtor/PHD/ARGOSJ8_IA/ARGOSJ8_IA_/install/ublox_gps:/home/rhobtor/PHD/ARGOSJ8_IA/ARGOSJ8_IA_/install/security_check:/home/rhobtor/PHD/ARGOSJ8_IA/ARGOSJ8_IA_/install/ctl_mission:/home/rhobtor/PHD/ARGOSJ8_IA/ARGOSJ8_IA_/install/ublox_msgs:/home/rhobtor/PHD/ARGOSJ8_IA/ARGOSJ8_IA_/install/ublox_serialization:/home/rhobtor/PHD/ARGOSJ8_IA/ARGOSJ8_IA_/install/spacenav:/home/rhobtor/PHD/ARGOSJ8_IA/ARGOSJ8_IA_/install/laser_segmentation:/home/rhobtor/PHD/ARGOSJ8_IA/ARGOSJ8_IA_/install/slg_msgs:/home/rhobtor/PHD/ARGOSJ8_IA/ARGOSJ8_IA_/install/security_check_interfaces:/home/rhobtor/PHD/ARGOSJ8_IA/ARGOSJ8_IA_/install/joy:/home/rhobtor/PHD/ARGOSJ8_IA/ARGOSJ8_IA_/install/sdl2_vendor:/home/rhobtor/PHD/ARGOSJ8_IA/ARGOSJ8_IA_/install/path_manager:/home/rhobtor/PHD/ARGOSJ8_IA/ARGOSJ8_IA_/install/path_manager_interfaces:/home/rhobtor/PHD/ARGOSJ8_IA/ARGOSJ8_IA_/install/joy_linux:/home/rhobtor/PHD/ARGOSJ8_IA/ARGOSJ8_IA_/install/j8_xacro_model:/home/rhobtor/PHD/ARGOSJ8_IA/ARGOSJ8_IA_/install/hikmicro_thermal_camera:/home/rhobtor/PHD/ARGOSJ8_IA/ARGOSJ8_IA_/install/hector_gazebo_plugins:/home/rhobtor/PHD/ARGOSJ8_IA/ARGOSJ8_IA_/install/fixposition_sensor_pkg:/home/rhobtor/PHD/ARGOSJ8_IA/ARGOSJ8_IA_/install/fixposition_odometry_converter_ros2:/home/rhobtor/PHD/ARGOSJ8_IA/ARGOSJ8_IA_/install/fixposition_driver_ros2:/home/rhobtor/PHD/ARGOSJ8_IA/ARGOSJ8_IA_/install/fixposition_driver_lib:/home/rhobtor/PHD/ARGOSJ8_IA/ARGOSJ8_IA_/install/fixposition_gnss_tf:/home/rhobtor/PHD/ARGOSJ8_IA/ARGOSJ8_IA_/install/ctl_mission_interfaces:/home/rhobtor/PHD/ARGOSJ8_IA/ARGOSJ8_IA_/install/car_cpp:/home/rhobtor/PHD/ARGOSJ8_IA/ARGOSJ8_IA_/install/car_interfaces:/home/rhobtor/PHD/ARGOSJ8_IA/ARGOSJ8_IA_/install/argj801_setup:/home/rhobtor/PHD/ARGOSJ8_IA/ARGOSJ8_IA_/install/argj801_sensors:/home/rhobtor/PHD/ARGOSJ8_IA/ARGOSJ8_IA_/install/argj801_sensors_msgs:/home/rhobtor/PHD/ARGOSJ8_IA/ARGOSJ8_IA_/install/argj801_ctl_platform:/home/rhobtor/PHD/ARGOSJ8_IA/ARGOSJ8_IA_/install/argj801_ctl_platform_interfaces:/home/rhobtor/PHD/model_terrain_ugv/Model_terrain_ugv/install/model_terrain_cpp:/home/rhobtor/PHD/path_dem/install_navigation/path_dem:/home/rhobtor/PHD/path_dem/install/path_dem:/home/rhobtor/PHD/install_global_belief_final/path_dem:/home/rhobtor/PHD/ARGOSJ8_IA/ARGOSJ8_IA_/install/car:/home/rhobtor/PHD/ARGOSJ8_IA/ARGOSJ8_IA_/install/ntrip_client:/home/rhobtor/PHD/ARGOSJ8_IA/ARGOSJ8_IA_/install/j8_gui:/home/rhobtor/PHD/ARGOSJ8_IA/ARGOSJ8_IA_/install/gui:/home/rhobtor/PHD/ARGOSJ8_IA/ARGOSJ8_IA_/install/android_ros2_server:/home/rhobtor/PHD/ARGOSJ8_IA/ARGOSJ8_IA_/install/GUI_pkg:/home/rhobtor/PHD/model_terrain_ugv/Model_terrain_ugv/install/model_terrain:/opt/ros/humble LD_LIBRARY_PATH=/home/rhobtor/PHD/j8_control/J8_control/install/ublox_gps/lib:/home/rhobtor/PHD/j8_control/J8_control/install/ublox_msgs/lib:${LD_LIBRARY_PATH} PYTHONPATH=/home/rhobtor/PHD/j8_control/J8_control/install/ublox_msgs/local/lib/python3.10/dist-packages:${PYTHONPATH} /usr/bin/cmake --install /home/rhobtor/PHD/j8_control/J8_control/build/ublox
[165.944s] Level 1:colcon.colcon_core.environment:checking '/home/rhobtor/PHD/j8_control/J8_control/install/ublox' for CMake config files
[165.945s] Level 1:colcon.colcon_core.shell:create_environment_hook('ublox', 'cmake_prefix_path')
[165.945s] INFO:colcon.colcon_core.shell:Creating environment hook '/home/rhobtor/PHD/j8_control/J8_control/install/ublox/share/ublox/hook/cmake_prefix_path.ps1'
[165.945s] INFO:colcon.colcon_core.shell:Creating environment descriptor '/home/rhobtor/PHD/j8_control/J8_control/install/ublox/share/ublox/hook/cmake_prefix_path.dsv'
[165.946s] INFO:colcon.colcon_core.shell:Creating environment hook '/home/rhobtor/PHD/j8_control/J8_control/install/ublox/share/ublox/hook/cmake_prefix_path.sh'
[165.946s] Level 1:colcon.colcon_core.environment:checking '/home/rhobtor/PHD/j8_control/J8_control/install/ublox/bin'
[165.946s] Level 1:colcon.colcon_core.environment:checking '/home/rhobtor/PHD/j8_control/J8_control/install/ublox/lib/pkgconfig/ublox.pc'
[165.946s] Level 1:colcon.colcon_core.environment:checking '/home/rhobtor/PHD/j8_control/J8_control/install/ublox/lib/python3.10/site-packages'
[165.946s] Level 1:colcon.colcon_core.environment:checking '/home/rhobtor/PHD/j8_control/J8_control/install/ublox/bin'
[165.946s] INFO:colcon.colcon_core.shell:Creating package script '/home/rhobtor/PHD/j8_control/J8_control/install/ublox/share/ublox/package.ps1'
[165.947s] INFO:colcon.colcon_core.shell:Creating package descriptor '/home/rhobtor/PHD/j8_control/J8_control/install/ublox/share/ublox/package.dsv'
[165.947s] INFO:colcon.colcon_core.shell:Creating package script '/home/rhobtor/PHD/j8_control/J8_control/install/ublox/share/ublox/package.sh'
[165.947s] INFO:colcon.colcon_core.shell:Creating package script '/home/rhobtor/PHD/j8_control/J8_control/install/ublox/share/ublox/package.bash'
[165.947s] INFO:colcon.colcon_core.shell:Creating package script '/home/rhobtor/PHD/j8_control/J8_control/install/ublox/share/ublox/package.zsh'
[165.947s] Level 1:colcon.colcon_core.environment:create_file_with_runtime_dependencies(/home/rhobtor/PHD/j8_control/J8_control/install/ublox/share/colcon-core/packages/ublox)
[165.948s] Level 1:colcon.colcon_core.environment:create_environment_scripts_only(ublox)
[165.948s] Level 1:colcon.colcon_core.environment:checking '/home/rhobtor/PHD/j8_control/J8_control/install/ublox' for CMake module files
[165.948s] Level 1:colcon.colcon_core.environment:checking '/home/rhobtor/PHD/j8_control/J8_control/install/ublox' for CMake config files
[165.948s] Level 1:colcon.colcon_core.shell:create_environment_hook('ublox', 'cmake_prefix_path')
[165.948s] INFO:colcon.colcon_core.shell:Creating environment hook '/home/rhobtor/PHD/j8_control/J8_control/install/ublox/share/ublox/hook/cmake_prefix_path.ps1'
[165.948s] INFO:colcon.colcon_core.shell:Creating environment descriptor '/home/rhobtor/PHD/j8_control/J8_control/install/ublox/share/ublox/hook/cmake_prefix_path.dsv'
[165.949s] INFO:colcon.colcon_core.shell:Creating environment hook '/home/rhobtor/PHD/j8_control/J8_control/install/ublox/share/ublox/hook/cmake_prefix_path.sh'
[165.949s] Level 1:colcon.colcon_core.environment:checking '/home/rhobtor/PHD/j8_control/J8_control/install/ublox/bin'
[165.949s] Level 1:colcon.colcon_core.environment:checking '/home/rhobtor/PHD/j8_control/J8_control/install/ublox/lib/pkgconfig/ublox.pc'
[165.949s] Level 1:colcon.colcon_core.environment:checking '/home/rhobtor/PHD/j8_control/J8_control/install/ublox/lib/python3.10/site-packages'
[165.949s] Level 1:colcon.colcon_core.environment:checking '/home/rhobtor/PHD/j8_control/J8_control/install/ublox/bin'
[165.950s] INFO:colcon.colcon_core.shell:Creating package script '/home/rhobtor/PHD/j8_control/J8_control/install/ublox/share/ublox/package.ps1'
[165.950s] INFO:colcon.colcon_core.shell:Creating package descriptor '/home/rhobtor/PHD/j8_control/J8_control/install/ublox/share/ublox/package.dsv'
[165.953s] INFO:colcon.colcon_core.shell:Creating package script '/home/rhobtor/PHD/j8_control/J8_control/install/ublox/share/ublox/package.sh'
[165.953s] INFO:colcon.colcon_core.shell:Creating package script '/home/rhobtor/PHD/j8_control/J8_control/install/ublox/share/ublox/package.bash'
[165.953s] INFO:colcon.colcon_core.shell:Creating package script '/home/rhobtor/PHD/j8_control/J8_control/install/ublox/share/ublox/package.zsh'
[165.954s] Level 1:colcon.colcon_core.environment:create_file_with_runtime_dependencies(/home/rhobtor/PHD/j8_control/J8_control/install/ublox/share/colcon-core/packages/ublox)
[170.776s] DEBUG:colcon.colcon_core.event_handler.log_command:Invoked command in '/home/rhobtor/PHD/j8_control/J8_control/build/security_check' returned '0': AMENT_PREFIX_PATH=/home/rhobtor/PHD/j8_control/J8_control/install/ctl_mission:/home/rhobtor/PHD/j8_control/J8_control/install/ublox_msgs:/home/rhobtor/PHD/j8_control/J8_control/install/ublox_serialization:/home/rhobtor/PHD/j8_control/J8_control/install/security_check_interfaces:/home/rhobtor/PHD/j8_control/J8_control/install/path_manager_interfaces:/home/rhobtor/PHD/j8_control/J8_control/install/ctl_mission_interfaces:${AMENT_PREFIX_PATH} CMAKE_PREFIX_PATH=/home/rhobtor/PHD/j8_control/J8_control/install/ctl_mission:/home/rhobtor/PHD/j8_control/J8_control/install/ublox_msgs:/home/rhobtor/PHD/j8_control/J8_control/install/ublox_serialization:/home/rhobtor/PHD/j8_control/J8_control/install/security_check_interfaces:/home/rhobtor/PHD/j8_control/J8_control/install/path_manager_interfaces:/home/rhobtor/PHD/j8_control/J8_control/install/ctl_mission_interfaces:/home/rhobtor/PHD/ARGOSJ8_IA/ARGOSJ8_IA_/install/wiimote_msgs:/home/rhobtor/PHD/ARGOSJ8_IA/ARGOSJ8_IA_/install/ublox:/home/rhobtor/PHD/ARGOSJ8_IA/ARGOSJ8_IA_/install/ublox_gps:/home/rhobtor/PHD/ARGOSJ8_IA/ARGOSJ8_IA_/install/security_check:/home/rhobtor/PHD/ARGOSJ8_IA/ARGOSJ8_IA_/install/ctl_mission:/home/rhobtor/PHD/ARGOSJ8_IA/ARGOSJ8_IA_/install/ublox_msgs:/home/rhobtor/PHD/ARGOSJ8_IA/ARGOSJ8_IA_/install/ublox_serialization:/home/rhobtor/PHD/ARGOSJ8_IA/ARGOSJ8_IA_/install/spacenav:/home/rhobtor/PHD/ARGOSJ8_IA/ARGOSJ8_IA_/install/laser_segmentation:/home/rhobtor/PHD/ARGOSJ8_IA/ARGOSJ8_IA_/install/slg_msgs:/home/rhobtor/PHD/ARGOSJ8_IA/ARGOSJ8_IA_/install/security_check_interfaces:/home/rhobtor/PHD/ARGOSJ8_IA/ARGOSJ8_IA_/install/joy:/home/rhobtor/PHD/ARGOSJ8_IA/ARGOSJ8_IA_/install/sdl2_vendor:/home/rhobtor/PHD/ARGOSJ8_IA/ARGOSJ8_IA_/install/path_manager:/home/rhobtor/PHD/ARGOSJ8_IA/ARGOSJ8_IA_/install/path_manager_interfaces:/home/rhobtor/PHD/ARGOSJ8_IA/ARGOSJ8_IA_/install/joy_linux:/home/rhobtor/PHD/ARGOSJ8_IA/ARGOSJ8_IA_/install/j8_xacro_model:/home/rhobtor/PHD/ARGOSJ8_IA/ARGOSJ8_IA_/install/hikmicro_thermal_camera:/home/rhobtor/PHD/ARGOSJ8_IA/ARGOSJ8_IA_/install/hector_gazebo_plugins:/home/rhobtor/PHD/ARGOSJ8_IA/ARGOSJ8_IA_/install/fixposition_sensor_pkg:/home/rhobtor/PHD/ARGOSJ8_IA/ARGOSJ8_IA_/install/fixposition_odometry_converter_ros2:/home/rhobtor/PHD/ARGOSJ8_IA/ARGOSJ8_IA_/install/fixposition_driver_ros2:/home/rhobtor/PHD/ARGOSJ8_IA/ARGOSJ8_IA_/install/fixposition_driver_lib:/home/rhobtor/PHD/ARGOSJ8_IA/ARGOSJ8_IA_/install/fixposition_gnss_tf:/home/rhobtor/PHD/ARGOSJ8_IA/ARGOSJ8_IA_/install/ctl_mission_interfaces:/home/rhobtor/PHD/ARGOSJ8_IA/ARGOSJ8_IA_/install/car_cpp:/home/rhobtor/PHD/ARGOSJ8_IA/ARGOSJ8_IA_/install/car_interfaces:/home/rhobtor/PHD/ARGOSJ8_IA/ARGOSJ8_IA_/install/argj801_setup:/home/rhobtor/PHD/ARGOSJ8_IA/ARGOSJ8_IA_/install/argj801_sensors:/home/rhobtor/PHD/ARGOSJ8_IA/ARGOSJ8_IA_/install/argj801_sensors_msgs:/home/rhobtor/PHD/ARGOSJ8_IA/ARGOSJ8_IA_/install/argj801_ctl_platform:/home/rhobtor/PHD/ARGOSJ8_IA/ARGOSJ8_IA_/install/argj801_ctl_platform_interfaces:/home/rhobtor/PHD/model_terrain_ugv/Model_terrain_ugv/install/model_terrain_cpp:/home/rhobtor/PHD/path_dem/install_navigation/path_dem:/home/rhobtor/PHD/path_dem/install/path_dem:/home/rhobtor/PHD/install_global_belief_final/path_dem:/home/rhobtor/PHD/ARGOSJ8_IA/ARGOSJ8_IA_/install/car:/home/rhobtor/PHD/ARGOSJ8_IA/ARGOSJ8_IA_/install/ntrip_client:/home/rhobtor/PHD/ARGOSJ8_IA/ARGOSJ8_IA_/install/j8_gui:/home/rhobtor/PHD/ARGOSJ8_IA/ARGOSJ8_IA_/install/gui:/home/rhobtor/PHD/ARGOSJ8_IA/ARGOSJ8_IA_/install/android_ros2_server:/home/rhobtor/PHD/ARGOSJ8_IA/ARGOSJ8_IA_/install/GUI_pkg:/home/rhobtor/PHD/model_terrain_ugv/Model_terrain_ugv/install/model_terrain:/opt/ros/humble LD_LIBRARY_PATH=/home/rhobtor/PHD/j8_control/J8_control/install/ublox_msgs/lib:/home/rhobtor/PHD/j8_control/J8_control/install/security_check_interfaces/lib:/home/rhobtor/PHD/j8_control/J8_control/install/path_manager_interfaces/lib:/home/rhobtor/PHD/j8_control/J8_control/install/ctl_mission_interfaces/lib:${LD_LIBRARY_PATH} PYTHONPATH=/home/rhobtor/PHD/j8_control/J8_control/install/ctl_mission/local/lib/python3.10/dist-packages:/home/rhobtor/PHD/j8_control/J8_control/install/ublox_msgs/local/lib/python3.10/dist-packages:/home/rhobtor/PHD/j8_control/J8_control/install/security_check_interfaces/local/lib/python3.10/dist-packages:/home/rhobtor/PHD/j8_control/J8_control/install/path_manager_interfaces/local/lib/python3.10/dist-packages:/home/rhobtor/PHD/j8_control/J8_control/install/ctl_mission_interfaces/local/lib/python3.10/dist-packages:${PYTHONPATH} /usr/bin/cmake --build /home/rhobtor/PHD/j8_control/J8_control/build/security_check -- -j20 -l20
[170.777s] DEBUG:colcon.colcon_core.event_handler.log_command:Invoking command in '/home/rhobtor/PHD/j8_control/J8_control/build/security_check': AMENT_PREFIX_PATH=/home/rhobtor/PHD/j8_control/J8_control/install/ctl_mission:/home/rhobtor/PHD/j8_control/J8_control/install/ublox_msgs:/home/rhobtor/PHD/j8_control/J8_control/install/ublox_serialization:/home/rhobtor/PHD/j8_control/J8_control/install/security_check_interfaces:/home/rhobtor/PHD/j8_control/J8_control/install/path_manager_interfaces:/home/rhobtor/PHD/j8_control/J8_control/install/ctl_mission_interfaces:${AMENT_PREFIX_PATH} CMAKE_PREFIX_PATH=/home/rhobtor/PHD/j8_control/J8_control/install/ctl_mission:/home/rhobtor/PHD/j8_control/J8_control/install/ublox_msgs:/home/rhobtor/PHD/j8_control/J8_control/install/ublox_serialization:/home/rhobtor/PHD/j8_control/J8_control/install/security_check_interfaces:/home/rhobtor/PHD/j8_control/J8_control/install/path_manager_interfaces:/home/rhobtor/PHD/j8_control/J8_control/install/ctl_mission_interfaces:/home/rhobtor/PHD/ARGOSJ8_IA/ARGOSJ8_IA_/install/wiimote_msgs:/home/rhobtor/PHD/ARGOSJ8_IA/ARGOSJ8_IA_/install/ublox:/home/rhobtor/PHD/ARGOSJ8_IA/ARGOSJ8_IA_/install/ublox_gps:/home/rhobtor/PHD/ARGOSJ8_IA/ARGOSJ8_IA_/install/security_check:/home/rhobtor/PHD/ARGOSJ8_IA/ARGOSJ8_IA_/install/ctl_mission:/home/rhobtor/PHD/ARGOSJ8_IA/ARGOSJ8_IA_/install/ublox_msgs:/home/rhobtor/PHD/ARGOSJ8_IA/ARGOSJ8_IA_/install/ublox_serialization:/home/rhobtor/PHD/ARGOSJ8_IA/ARGOSJ8_IA_/install/spacenav:/home/rhobtor/PHD/ARGOSJ8_IA/ARGOSJ8_IA_/install/laser_segmentation:/home/rhobtor/PHD/ARGOSJ8_IA/ARGOSJ8_IA_/install/slg_msgs:/home/rhobtor/PHD/ARGOSJ8_IA/ARGOSJ8_IA_/install/security_check_interfaces:/home/rhobtor/PHD/ARGOSJ8_IA/ARGOSJ8_IA_/install/joy:/home/rhobtor/PHD/ARGOSJ8_IA/ARGOSJ8_IA_/install/sdl2_vendor:/home/rhobtor/PHD/ARGOSJ8_IA/ARGOSJ8_IA_/install/path_manager:/home/rhobtor/PHD/ARGOSJ8_IA/ARGOSJ8_IA_/install/path_manager_interfaces:/home/rhobtor/PHD/ARGOSJ8_IA/ARGOSJ8_IA_/install/joy_linux:/home/rhobtor/PHD/ARGOSJ8_IA/ARGOSJ8_IA_/install/j8_xacro_model:/home/rhobtor/PHD/ARGOSJ8_IA/ARGOSJ8_IA_/install/hikmicro_thermal_camera:/home/rhobtor/PHD/ARGOSJ8_IA/ARGOSJ8_IA_/install/hector_gazebo_plugins:/home/rhobtor/PHD/ARGOSJ8_IA/ARGOSJ8_IA_/install/fixposition_sensor_pkg:/home/rhobtor/PHD/ARGOSJ8_IA/ARGOSJ8_IA_/install/fixposition_odometry_converter_ros2:/home/rhobtor/PHD/ARGOSJ8_IA/ARGOSJ8_IA_/install/fixposition_driver_ros2:/home/rhobtor/PHD/ARGOSJ8_IA/ARGOSJ8_IA_/install/fixposition_driver_lib:/home/rhobtor/PHD/ARGOSJ8_IA/ARGOSJ8_IA_/install/fixposition_gnss_tf:/home/rhobtor/PHD/ARGOSJ8_IA/ARGOSJ8_IA_/install/ctl_mission_interfaces:/home/rhobtor/PHD/ARGOSJ8_IA/ARGOSJ8_IA_/install/car_cpp:/home/rhobtor/PHD/ARGOSJ8_IA/ARGOSJ8_IA_/install/car_interfaces:/home/rhobtor/PHD/ARGOSJ8_IA/ARGOSJ8_IA_/install/argj801_setup:/home/rhobtor/PHD/ARGOSJ8_IA/ARGOSJ8_IA_/install/argj801_sensors:/home/rhobtor/PHD/ARGOSJ8_IA/ARGOSJ8_IA_/install/argj801_sensors_msgs:/home/rhobtor/PHD/ARGOSJ8_IA/ARGOSJ8_IA_/install/argj801_ctl_platform:/home/rhobtor/PHD/ARGOSJ8_IA/ARGOSJ8_IA_/install/argj801_ctl_platform_interfaces:/home/rhobtor/PHD/model_terrain_ugv/Model_terrain_ugv/install/model_terrain_cpp:/home/rhobtor/PHD/path_dem/install_navigation/path_dem:/home/rhobtor/PHD/path_dem/install/path_dem:/home/rhobtor/PHD/install_global_belief_final/path_dem:/home/rhobtor/PHD/ARGOSJ8_IA/ARGOSJ8_IA_/install/car:/home/rhobtor/PHD/ARGOSJ8_IA/ARGOSJ8_IA_/install/ntrip_client:/home/rhobtor/PHD/ARGOSJ8_IA/ARGOSJ8_IA_/install/j8_gui:/home/rhobtor/PHD/ARGOSJ8_IA/ARGOSJ8_IA_/install/gui:/home/rhobtor/PHD/ARGOSJ8_IA/ARGOSJ8_IA_/install/android_ros2_server:/home/rhobtor/PHD/ARGOSJ8_IA/ARGOSJ8_IA_/install/GUI_pkg:/home/rhobtor/PHD/model_terrain_ugv/Model_terrain_ugv/install/model_terrain:/opt/ros/humble LD_LIBRARY_PATH=/home/rhobtor/PHD/j8_control/J8_control/install/ublox_msgs/lib:/home/rhobtor/PHD/j8_control/J8_control/install/security_check_interfaces/lib:/home/rhobtor/PHD/j8_control/J8_control/install/path_manager_interfaces/lib:/home/rhobtor/PHD/j8_control/J8_control/install/ctl_mission_interfaces/lib:${LD_LIBRARY_PATH} PYTHONPATH=/home/rhobtor/PHD/j8_control/J8_control/install/ctl_mission/local/lib/python3.10/dist-packages:/home/rhobtor/PHD/j8_control/J8_control/install/ublox_msgs/local/lib/python3.10/dist-packages:/home/rhobtor/PHD/j8_control/J8_control/install/security_check_interfaces/local/lib/python3.10/dist-packages:/home/rhobtor/PHD/j8_control/J8_control/install/path_manager_interfaces/local/lib/python3.10/dist-packages:/home/rhobtor/PHD/j8_control/J8_control/install/ctl_mission_interfaces/local/lib/python3.10/dist-packages:${PYTHONPATH} /usr/bin/cmake --install /home/rhobtor/PHD/j8_control/J8_control/build/security_check
[170.825s] Level 1:colcon.colcon_core.environment:create_environment_scripts_only(security_check)
[170.825s] Level 1:colcon.colcon_core.environment:checking '/home/rhobtor/PHD/j8_control/J8_control/install/security_check' for CMake module files
[170.825s] DEBUG:colcon.colcon_core.event_handler.log_command:Invoked command in '/home/rhobtor/PHD/j8_control/J8_control/build/security_check' returned '0': AMENT_PREFIX_PATH=/home/rhobtor/PHD/j8_control/J8_control/install/ctl_mission:/home/rhobtor/PHD/j8_control/J8_control/install/ublox_msgs:/home/rhobtor/PHD/j8_control/J8_control/install/ublox_serialization:/home/rhobtor/PHD/j8_control/J8_control/install/security_check_interfaces:/home/rhobtor/PHD/j8_control/J8_control/install/path_manager_interfaces:/home/rhobtor/PHD/j8_control/J8_control/install/ctl_mission_interfaces:${AMENT_PREFIX_PATH} CMAKE_PREFIX_PATH=/home/rhobtor/PHD/j8_control/J8_control/install/ctl_mission:/home/rhobtor/PHD/j8_control/J8_control/install/ublox_msgs:/home/rhobtor/PHD/j8_control/J8_control/install/ublox_serialization:/home/rhobtor/PHD/j8_control/J8_control/install/security_check_interfaces:/home/rhobtor/PHD/j8_control/J8_control/install/path_manager_interfaces:/home/rhobtor/PHD/j8_control/J8_control/install/ctl_mission_interfaces:/home/rhobtor/PHD/ARGOSJ8_IA/ARGOSJ8_IA_/install/wiimote_msgs:/home/rhobtor/PHD/ARGOSJ8_IA/ARGOSJ8_IA_/install/ublox:/home/rhobtor/PHD/ARGOSJ8_IA/ARGOSJ8_IA_/install/ublox_gps:/home/rhobtor/PHD/ARGOSJ8_IA/ARGOSJ8_IA_/install/security_check:/home/rhobtor/PHD/ARGOSJ8_IA/ARGOSJ8_IA_/install/ctl_mission:/home/rhobtor/PHD/ARGOSJ8_IA/ARGOSJ8_IA_/install/ublox_msgs:/home/rhobtor/PHD/ARGOSJ8_IA/ARGOSJ8_IA_/install/ublox_serialization:/home/rhobtor/PHD/ARGOSJ8_IA/ARGOSJ8_IA_/install/spacenav:/home/rhobtor/PHD/ARGOSJ8_IA/ARGOSJ8_IA_/install/laser_segmentation:/home/rhobtor/PHD/ARGOSJ8_IA/ARGOSJ8_IA_/install/slg_msgs:/home/rhobtor/PHD/ARGOSJ8_IA/ARGOSJ8_IA_/install/security_check_interfaces:/home/rhobtor/PHD/ARGOSJ8_IA/ARGOSJ8_IA_/install/joy:/home/rhobtor/PHD/ARGOSJ8_IA/ARGOSJ8_IA_/install/sdl2_vendor:/home/rhobtor/PHD/ARGOSJ8_IA/ARGOSJ8_IA_/install/path_manager:/home/rhobtor/PHD/ARGOSJ8_IA/ARGOSJ8_IA_/install/path_manager_interfaces:/home/rhobtor/PHD/ARGOSJ8_IA/ARGOSJ8_IA_/install/joy_linux:/home/rhobtor/PHD/ARGOSJ8_IA/ARGOSJ8_IA_/install/j8_xacro_model:/home/rhobtor/PHD/ARGOSJ8_IA/ARGOSJ8_IA_/install/hikmicro_thermal_camera:/home/rhobtor/PHD/ARGOSJ8_IA/ARGOSJ8_IA_/install/hector_gazebo_plugins:/home/rhobtor/PHD/ARGOSJ8_IA/ARGOSJ8_IA_/install/fixposition_sensor_pkg:/home/rhobtor/PHD/ARGOSJ8_IA/ARGOSJ8_IA_/install/fixposition_odometry_converter_ros2:/home/rhobtor/PHD/ARGOSJ8_IA/ARGOSJ8_IA_/install/fixposition_driver_ros2:/home/rhobtor/PHD/ARGOSJ8_IA/ARGOSJ8_IA_/install/fixposition_driver_lib:/home/rhobtor/PHD/ARGOSJ8_IA/ARGOSJ8_IA_/install/fixposition_gnss_tf:/home/rhobtor/PHD/ARGOSJ8_IA/ARGOSJ8_IA_/install/ctl_mission_interfaces:/home/rhobtor/PHD/ARGOSJ8_IA/ARGOSJ8_IA_/install/car_cpp:/home/rhobtor/PHD/ARGOSJ8_IA/ARGOSJ8_IA_/install/car_interfaces:/home/rhobtor/PHD/ARGOSJ8_IA/ARGOSJ8_IA_/install/argj801_setup:/home/rhobtor/PHD/ARGOSJ8_IA/ARGOSJ8_IA_/install/argj801_sensors:/home/rhobtor/PHD/ARGOSJ8_IA/ARGOSJ8_IA_/install/argj801_sensors_msgs:/home/rhobtor/PHD/ARGOSJ8_IA/ARGOSJ8_IA_/install/argj801_ctl_platform:/home/rhobtor/PHD/ARGOSJ8_IA/ARGOSJ8_IA_/install/argj801_ctl_platform_interfaces:/home/rhobtor/PHD/model_terrain_ugv/Model_terrain_ugv/install/model_terrain_cpp:/home/rhobtor/PHD/path_dem/install_navigation/path_dem:/home/rhobtor/PHD/path_dem/install/path_dem:/home/rhobtor/PHD/install_global_belief_final/path_dem:/home/rhobtor/PHD/ARGOSJ8_IA/ARGOSJ8_IA_/install/car:/home/rhobtor/PHD/ARGOSJ8_IA/ARGOSJ8_IA_/install/ntrip_client:/home/rhobtor/PHD/ARGOSJ8_IA/ARGOSJ8_IA_/install/j8_gui:/home/rhobtor/PHD/ARGOSJ8_IA/ARGOSJ8_IA_/install/gui:/home/rhobtor/PHD/ARGOSJ8_IA/ARGOSJ8_IA_/install/android_ros2_server:/home/rhobtor/PHD/ARGOSJ8_IA/ARGOSJ8_IA_/install/GUI_pkg:/home/rhobtor/PHD/model_terrain_ugv/Model_terrain_ugv/install/model_terrain:/opt/ros/humble LD_LIBRARY_PATH=/home/rhobtor/PHD/j8_control/J8_control/install/ublox_msgs/lib:/home/rhobtor/PHD/j8_control/J8_control/install/security_check_interfaces/lib:/home/rhobtor/PHD/j8_control/J8_control/install/path_manager_interfaces/lib:/home/rhobtor/PHD/j8_control/J8_control/install/ctl_mission_interfaces/lib:${LD_LIBRARY_PATH} PYTHONPATH=/home/rhobtor/PHD/j8_control/J8_control/install/ctl_mission/local/lib/python3.10/dist-packages:/home/rhobtor/PHD/j8_control/J8_control/install/ublox_msgs/local/lib/python3.10/dist-packages:/home/rhobtor/PHD/j8_control/J8_control/install/security_check_interfaces/local/lib/python3.10/dist-packages:/home/rhobtor/PHD/j8_control/J8_control/install/path_manager_interfaces/local/lib/python3.10/dist-packages:/home/rhobtor/PHD/j8_control/J8_control/install/ctl_mission_interfaces/local/lib/python3.10/dist-packages:${PYTHONPATH} /usr/bin/cmake --install /home/rhobtor/PHD/j8_control/J8_control/build/security_check
[170.826s] Level 1:colcon.colcon_core.environment:checking '/home/rhobtor/PHD/j8_control/J8_control/install/security_check' for CMake config files
[170.826s] Level 1:colcon.colcon_core.shell:create_environment_hook('security_check', 'cmake_prefix_path')
[170.826s] INFO:colcon.colcon_core.shell:Creating environment hook '/home/rhobtor/PHD/j8_control/J8_control/install/security_check/share/security_check/hook/cmake_prefix_path.ps1'
[170.826s] INFO:colcon.colcon_core.shell:Creating environment descriptor '/home/rhobtor/PHD/j8_control/J8_control/install/security_check/share/security_check/hook/cmake_prefix_path.dsv'
[170.826s] INFO:colcon.colcon_core.shell:Creating environment hook '/home/rhobtor/PHD/j8_control/J8_control/install/security_check/share/security_check/hook/cmake_prefix_path.sh'
[170.827s] Level 1:colcon.colcon_core.environment:checking '/home/rhobtor/PHD/j8_control/J8_control/install/security_check/lib'
[170.827s] Level 1:colcon.colcon_core.environment:checking '/home/rhobtor/PHD/j8_control/J8_control/install/security_check/bin'
[170.827s] Level 1:colcon.colcon_core.environment:checking '/home/rhobtor/PHD/j8_control/J8_control/install/security_check/lib/pkgconfig/security_check.pc'
[170.827s] Level 1:colcon.colcon_core.environment:checking '/home/rhobtor/PHD/j8_control/J8_control/install/security_check/lib/python3.10/site-packages'
[170.827s] Level 1:colcon.colcon_core.environment:checking '/home/rhobtor/PHD/j8_control/J8_control/install/security_check/bin'
[170.827s] INFO:colcon.colcon_core.shell:Creating package script '/home/rhobtor/PHD/j8_control/J8_control/install/security_check/share/security_check/package.ps1'
[170.828s] INFO:colcon.colcon_core.shell:Creating package descriptor '/home/rhobtor/PHD/j8_control/J8_control/install/security_check/share/security_check/package.dsv'
[170.828s] INFO:colcon.colcon_core.shell:Creating package script '/home/rhobtor/PHD/j8_control/J8_control/install/security_check/share/security_check/package.sh'
[170.828s] INFO:colcon.colcon_core.shell:Creating package script '/home/rhobtor/PHD/j8_control/J8_control/install/security_check/share/security_check/package.bash'
[170.828s] INFO:colcon.colcon_core.shell:Creating package script '/home/rhobtor/PHD/j8_control/J8_control/install/security_check/share/security_check/package.zsh'
[170.828s] Level 1:colcon.colcon_core.environment:create_file_with_runtime_dependencies(/home/rhobtor/PHD/j8_control/J8_control/install/security_check/share/colcon-core/packages/security_check)
[170.829s] Level 1:colcon.colcon_core.environment:create_environment_scripts_only(security_check)
[170.829s] Level 1:colcon.colcon_core.environment:checking '/home/rhobtor/PHD/j8_control/J8_control/install/security_check' for CMake module files
[170.829s] Level 1:colcon.colcon_core.environment:checking '/home/rhobtor/PHD/j8_control/J8_control/install/security_check' for CMake config files
[170.829s] Level 1:colcon.colcon_core.shell:create_environment_hook('security_check', 'cmake_prefix_path')
[170.829s] INFO:colcon.colcon_core.shell:Creating environment hook '/home/rhobtor/PHD/j8_control/J8_control/install/security_check/share/security_check/hook/cmake_prefix_path.ps1'
[170.829s] INFO:colcon.colcon_core.shell:Creating environment descriptor '/home/rhobtor/PHD/j8_control/J8_control/install/security_check/share/security_check/hook/cmake_prefix_path.dsv'
[170.829s] INFO:colcon.colcon_core.shell:Creating environment hook '/home/rhobtor/PHD/j8_control/J8_control/install/security_check/share/security_check/hook/cmake_prefix_path.sh'
[170.830s] Level 1:colcon.colcon_core.environment:checking '/home/rhobtor/PHD/j8_control/J8_control/install/security_check/lib'
[170.830s] Level 1:colcon.colcon_core.environment:checking '/home/rhobtor/PHD/j8_control/J8_control/install/security_check/bin'
[170.830s] Level 1:colcon.colcon_core.environment:checking '/home/rhobtor/PHD/j8_control/J8_control/install/security_check/lib/pkgconfig/security_check.pc'
[170.830s] Level 1:colcon.colcon_core.environment:checking '/home/rhobtor/PHD/j8_control/J8_control/install/security_check/lib/python3.10/site-packages'
[170.830s] Level 1:colcon.colcon_core.environment:checking '/home/rhobtor/PHD/j8_control/J8_control/install/security_check/bin'
[170.830s] INFO:colcon.colcon_core.shell:Creating package script '/home/rhobtor/PHD/j8_control/J8_control/install/security_check/share/security_check/package.ps1'
[170.831s] INFO:colcon.colcon_core.shell:Creating package descriptor '/home/rhobtor/PHD/j8_control/J8_control/install/security_check/share/security_check/package.dsv'
[170.831s] INFO:colcon.colcon_core.shell:Creating package script '/home/rhobtor/PHD/j8_control/J8_control/install/security_check/share/security_check/package.sh'
[170.831s] INFO:colcon.colcon_core.shell:Creating package script '/home/rhobtor/PHD/j8_control/J8_control/install/security_check/share/security_check/package.bash'
[170.831s] INFO:colcon.colcon_core.shell:Creating package script '/home/rhobtor/PHD/j8_control/J8_control/install/security_check/share/security_check/package.zsh'
[170.831s] Level 1:colcon.colcon_core.environment:create_file_with_runtime_dependencies(/home/rhobtor/PHD/j8_control/J8_control/install/security_check/share/colcon-core/packages/security_check)
[170.831s] DEBUG:colcon.colcon_parallel_executor.executor.parallel:closing loop
[170.832s] DEBUG:colcon.colcon_parallel_executor.executor.parallel:loop closed
[170.832s] DEBUG:colcon.colcon_parallel_executor.executor.parallel:run_until_complete finished with '0'
[170.832s] DEBUG:colcon.colcon_core.event_reactor:joining thread
[170.915s] INFO:colcon.colcon_core.plugin_system:Skipping extension 'colcon_notification.desktop_notification.terminal_notifier': Not used on non-Darwin systems
[170.915s] INFO:colcon.colcon_core.plugin_system:Skipping extension 'colcon_notification.desktop_notification.win32': Not used on non-Windows systems
[170.915s] INFO:colcon.colcon_notification.desktop_notification:Sending desktop notification using 'notify2'
[170.925s] DEBUG:colcon.colcon_core.event_reactor:joined thread
[170.925s] INFO:colcon.colcon_core.shell:Creating prefix script '/home/rhobtor/PHD/j8_control/J8_control/install/local_setup.ps1'
[170.941s] INFO:colcon.colcon_core.shell:Creating prefix util module '/home/rhobtor/PHD/j8_control/J8_control/install/_local_setup_util_ps1.py'
[170.955s] INFO:colcon.colcon_core.shell:Creating prefix chain script '/home/rhobtor/PHD/j8_control/J8_control/install/setup.ps1'
[170.956s] INFO:colcon.colcon_core.shell:Creating prefix script '/home/rhobtor/PHD/j8_control/J8_control/install/local_setup.sh'
[170.957s] INFO:colcon.colcon_core.shell:Creating prefix util module '/home/rhobtor/PHD/j8_control/J8_control/install/_local_setup_util_sh.py'
[170.957s] INFO:colcon.colcon_core.shell:Creating prefix chain script '/home/rhobtor/PHD/j8_control/J8_control/install/setup.sh'
[170.958s] INFO:colcon.colcon_core.shell:Creating prefix script '/home/rhobtor/PHD/j8_control/J8_control/install/local_setup.bash'
[170.984s] INFO:colcon.colcon_core.shell:Creating prefix chain script '/home/rhobtor/PHD/j8_control/J8_control/install/setup.bash'
[170.985s] INFO:colcon.colcon_core.shell:Creating prefix script '/home/rhobtor/PHD/j8_control/J8_control/install/local_setup.zsh'
[171.003s] INFO:colcon.colcon_core.shell:Creating prefix chain script '/home/rhobtor/PHD/j8_control/J8_control/install/setup.zsh'
