[0.083s] DEBUG:colcon:Command line arguments: ['/usr/bin/colcon', 'build']
[0.083s] DEBUG:colcon:Parsed command line arguments: Namespace(log_base=None, log_level=None, verb_name='build', build_base='build', install_base='install', merge_install=False, symlink_install=False, test_result_base=None, continue_on_error=False, executor='parallel', parallel_workers=24, event_handlers=None, ignore_user_meta=False, metas=['./colcon.meta'], base_paths=['.'], packages_ignore=None, packages_ignore_regex=None, paths=None, packages_up_to=None, packages_up_to_regex=None, packages_above=None, packages_above_and_dependencies=None, packages_above_depth=None, packages_select_by_dep=None, packages_skip_by_dep=None, packages_skip_up_to=None, packages_select_build_failed=False, packages_skip_build_finished=False, packages_select_test_failures=False, packages_skip_test_passed=False, packages_select=None, packages_skip=None, packages_select_regex=None, packages_skip_regex=None, packages_start=None, packages_end=None, allow_overriding=[], cmake_args=None, cmake_target=None, cmake_target_skip_unavailable=False, cmake_clean_cache=False, cmake_clean_first=False, cmake_force_configure=False, ament_cmake_args=None, catkin_cmake_args=None, catkin_skip_building_tests=False, mixin_files=None, mixin=None, verb_parser=<colcon_mixin.mixin.mixin_argument.MixinArgumentDecorator object at 0x7f1ba2df25c0>, verb_extension=<colcon_core.verb.build.BuildVerb object at 0x7f1ba2efbbb0>, main=<bound method BuildVerb.main of <colcon_core.verb.build.BuildVerb object at 0x7f1ba2efbbb0>>, mixin_verb=('build',))
[0.335s] Level 1:colcon.colcon_core.package_discovery:discover_packages(colcon_meta) check parameters
[0.335s] Level 1:colcon.colcon_core.package_discovery:discover_packages(recursive) check parameters
[0.335s] Level 1:colcon.colcon_core.package_discovery:discover_packages(ignore) check parameters
[0.335s] Level 1:colcon.colcon_core.package_discovery:discover_packages(path) check parameters
[0.335s] Level 1:colcon.colcon_core.package_discovery:discover_packages(colcon_meta) discover
[0.335s] Level 1:colcon.colcon_core.package_discovery:discover_packages(recursive) discover
[0.335s] INFO:colcon.colcon_core.package_discovery:Crawling recursively for packages in '/home/roverj8/LUIS/ARGJ08/ARGOSJ8_IA_'
[0.336s] Level 1:colcon.colcon_core.package_identification:_identify(.) by extensions ['ignore', 'ignore_ament_install']
[0.336s] Level 1:colcon.colcon_core.package_identification:_identify(.) by extension 'ignore'
[0.336s] Level 1:colcon.colcon_core.package_identification:_identify(.) by extension 'ignore_ament_install'
[0.336s] Level 1:colcon.colcon_core.package_identification:_identify(.) by extensions ['colcon_pkg']
[0.336s] Level 1:colcon.colcon_core.package_identification:_identify(.) by extension 'colcon_pkg'
[0.336s] Level 1:colcon.colcon_core.package_identification:_identify(.) by extensions ['colcon_meta']
[0.336s] Level 1:colcon.colcon_core.package_identification:_identify(.) by extension 'colcon_meta'
[0.336s] Level 1:colcon.colcon_core.package_identification:_identify(.) by extensions ['ros']
[0.336s] Level 1:colcon.colcon_core.package_identification:_identify(.) by extension 'ros'
[0.361s] Level 1:colcon.colcon_core.package_identification:_identify(.) by extensions ['cmake', 'python']
[0.361s] Level 1:colcon.colcon_core.package_identification:_identify(.) by extension 'cmake'
[0.361s] Level 1:colcon.colcon_core.package_identification:_identify(.) by extension 'python'
[0.361s] Level 1:colcon.colcon_core.package_identification:_identify(.) by extensions ['python_setup_py']
[0.361s] Level 1:colcon.colcon_core.package_identification:_identify(.) by extension 'python_setup_py'
[0.361s] Level 1:colcon.colcon_core.package_identification:_identify(build) by extensions ['ignore', 'ignore_ament_install']
[0.361s] Level 1:colcon.colcon_core.package_identification:_identify(build) by extension 'ignore'
[0.361s] Level 1:colcon.colcon_core.package_identification:_identify(build) ignored
[0.361s] Level 1:colcon.colcon_core.package_identification:_identify(docs) by extensions ['ignore', 'ignore_ament_install']
[0.361s] Level 1:colcon.colcon_core.package_identification:_identify(docs) by extension 'ignore'
[0.361s] Level 1:colcon.colcon_core.package_identification:_identify(docs) by extension 'ignore_ament_install'
[0.362s] Level 1:colcon.colcon_core.package_identification:_identify(docs) by extensions ['colcon_pkg']
[0.362s] Level 1:colcon.colcon_core.package_identification:_identify(docs) by extension 'colcon_pkg'
[0.362s] Level 1:colcon.colcon_core.package_identification:_identify(docs) by extensions ['colcon_meta']
[0.362s] Level 1:colcon.colcon_core.package_identification:_identify(docs) by extension 'colcon_meta'
[0.362s] Level 1:colcon.colcon_core.package_identification:_identify(docs) by extensions ['ros']
[0.362s] Level 1:colcon.colcon_core.package_identification:_identify(docs) by extension 'ros'
[0.362s] Level 1:colcon.colcon_core.package_identification:_identify(docs) by extensions ['cmake', 'python']
[0.362s] Level 1:colcon.colcon_core.package_identification:_identify(docs) by extension 'cmake'
[0.362s] Level 1:colcon.colcon_core.package_identification:_identify(docs) by extension 'python'
[0.362s] Level 1:colcon.colcon_core.package_identification:_identify(docs) by extensions ['python_setup_py']
[0.362s] Level 1:colcon.colcon_core.package_identification:_identify(docs) by extension 'python_setup_py'
[0.362s] Level 1:colcon.colcon_core.package_identification:_identify(install) by extensions ['ignore', 'ignore_ament_install']
[0.362s] Level 1:colcon.colcon_core.package_identification:_identify(install) by extension 'ignore'
[0.362s] Level 1:colcon.colcon_core.package_identification:_identify(install) ignored
[0.362s] Level 1:colcon.colcon_core.package_identification:_identify(log) by extensions ['ignore', 'ignore_ament_install']
[0.362s] Level 1:colcon.colcon_core.package_identification:_identify(log) by extension 'ignore'
[0.362s] Level 1:colcon.colcon_core.package_identification:_identify(log) ignored
[0.362s] Level 1:colcon.colcon_core.package_identification:_identify(src) by extensions ['ignore', 'ignore_ament_install']
[0.362s] Level 1:colcon.colcon_core.package_identification:_identify(src) by extension 'ignore'
[0.362s] Level 1:colcon.colcon_core.package_identification:_identify(src) by extension 'ignore_ament_install'
[0.362s] Level 1:colcon.colcon_core.package_identification:_identify(src) by extensions ['colcon_pkg']
[0.362s] Level 1:colcon.colcon_core.package_identification:_identify(src) by extension 'colcon_pkg'
[0.362s] Level 1:colcon.colcon_core.package_identification:_identify(src) by extensions ['colcon_meta']
[0.362s] Level 1:colcon.colcon_core.package_identification:_identify(src) by extension 'colcon_meta'
[0.362s] Level 1:colcon.colcon_core.package_identification:_identify(src) by extensions ['ros']
[0.362s] Level 1:colcon.colcon_core.package_identification:_identify(src) by extension 'ros'
[0.362s] Level 1:colcon.colcon_core.package_identification:_identify(src) by extensions ['cmake', 'python']
[0.362s] Level 1:colcon.colcon_core.package_identification:_identify(src) by extension 'cmake'
[0.362s] Level 1:colcon.colcon_core.package_identification:_identify(src) by extension 'python'
[0.362s] Level 1:colcon.colcon_core.package_identification:_identify(src) by extensions ['python_setup_py']
[0.362s] Level 1:colcon.colcon_core.package_identification:_identify(src) by extension 'python_setup_py'
[0.362s] Level 1:colcon.colcon_core.package_identification:_identify(src/GUI_pkg) by extensions ['ignore', 'ignore_ament_install']
[0.362s] Level 1:colcon.colcon_core.package_identification:_identify(src/GUI_pkg) by extension 'ignore'
[0.362s] Level 1:colcon.colcon_core.package_identification:_identify(src/GUI_pkg) by extension 'ignore_ament_install'
[0.363s] Level 1:colcon.colcon_core.package_identification:_identify(src/GUI_pkg) by extensions ['colcon_pkg']
[0.363s] Level 1:colcon.colcon_core.package_identification:_identify(src/GUI_pkg) by extension 'colcon_pkg'
[0.363s] Level 1:colcon.colcon_core.package_identification:_identify(src/GUI_pkg) by extensions ['colcon_meta']
[0.363s] Level 1:colcon.colcon_core.package_identification:_identify(src/GUI_pkg) by extension 'colcon_meta'
[0.363s] Level 1:colcon.colcon_core.package_identification:_identify(src/GUI_pkg) by extensions ['ros']
[0.363s] Level 1:colcon.colcon_core.package_identification:_identify(src/GUI_pkg) by extension 'ros'
[0.365s] DEBUG:colcon.colcon_core.package_identification:Package 'src/GUI_pkg' with type 'ros.ament_python' and name 'GUI_pkg'
[0.365s] Level 1:colcon.colcon_core.package_identification:_identify(src/android_ros2_server) by extensions ['ignore', 'ignore_ament_install']
[0.365s] Level 1:colcon.colcon_core.package_identification:_identify(src/android_ros2_server) by extension 'ignore'
[0.365s] Level 1:colcon.colcon_core.package_identification:_identify(src/android_ros2_server) by extension 'ignore_ament_install'
[0.365s] Level 1:colcon.colcon_core.package_identification:_identify(src/android_ros2_server) by extensions ['colcon_pkg']
[0.365s] Level 1:colcon.colcon_core.package_identification:_identify(src/android_ros2_server) by extension 'colcon_pkg'
[0.365s] Level 1:colcon.colcon_core.package_identification:_identify(src/android_ros2_server) by extensions ['colcon_meta']
[0.365s] Level 1:colcon.colcon_core.package_identification:_identify(src/android_ros2_server) by extension 'colcon_meta'
[0.365s] Level 1:colcon.colcon_core.package_identification:_identify(src/android_ros2_server) by extensions ['ros']
[0.365s] Level 1:colcon.colcon_core.package_identification:_identify(src/android_ros2_server) by extension 'ros'
[0.365s] DEBUG:colcon.colcon_core.package_identification:Package 'src/android_ros2_server' with type 'ros.ament_python' and name 'android_ros2_server'
[0.366s] Level 1:colcon.colcon_core.package_identification:_identify(src/argj801_ctl_platform) by extensions ['ignore', 'ignore_ament_install']
[0.366s] Level 1:colcon.colcon_core.package_identification:_identify(src/argj801_ctl_platform) by extension 'ignore'
[0.366s] Level 1:colcon.colcon_core.package_identification:_identify(src/argj801_ctl_platform) by extension 'ignore_ament_install'
[0.366s] Level 1:colcon.colcon_core.package_identification:_identify(src/argj801_ctl_platform) by extensions ['colcon_pkg']
[0.366s] Level 1:colcon.colcon_core.package_identification:_identify(src/argj801_ctl_platform) by extension 'colcon_pkg'
[0.366s] Level 1:colcon.colcon_core.package_identification:_identify(src/argj801_ctl_platform) by extensions ['colcon_meta']
[0.366s] Level 1:colcon.colcon_core.package_identification:_identify(src/argj801_ctl_platform) by extension 'colcon_meta'
[0.366s] Level 1:colcon.colcon_core.package_identification:_identify(src/argj801_ctl_platform) by extensions ['ros']
[0.366s] Level 1:colcon.colcon_core.package_identification:_identify(src/argj801_ctl_platform) by extension 'ros'
[0.366s] Level 1:colcon.colcon_core.package_identification:_identify(src/argj801_ctl_platform) by extensions ['cmake', 'python']
[0.366s] Level 1:colcon.colcon_core.package_identification:_identify(src/argj801_ctl_platform) by extension 'cmake'
[0.366s] Level 1:colcon.colcon_core.package_identification:_identify(src/argj801_ctl_platform) by extension 'python'
[0.366s] Level 1:colcon.colcon_core.package_identification:_identify(src/argj801_ctl_platform) by extensions ['python_setup_py']
[0.366s] Level 1:colcon.colcon_core.package_identification:_identify(src/argj801_ctl_platform) by extension 'python_setup_py'
[0.366s] Level 1:colcon.colcon_core.package_identification:_identify(src/argj801_ctl_platform/argj801_ctl_platform) by extensions ['ignore', 'ignore_ament_install']
[0.366s] Level 1:colcon.colcon_core.package_identification:_identify(src/argj801_ctl_platform/argj801_ctl_platform) by extension 'ignore'
[0.366s] Level 1:colcon.colcon_core.package_identification:_identify(src/argj801_ctl_platform/argj801_ctl_platform) by extension 'ignore_ament_install'
[0.366s] Level 1:colcon.colcon_core.package_identification:_identify(src/argj801_ctl_platform/argj801_ctl_platform) by extensions ['colcon_pkg']
[0.366s] Level 1:colcon.colcon_core.package_identification:_identify(src/argj801_ctl_platform/argj801_ctl_platform) by extension 'colcon_pkg'
[0.366s] Level 1:colcon.colcon_core.package_identification:_identify(src/argj801_ctl_platform/argj801_ctl_platform) by extensions ['colcon_meta']
[0.366s] Level 1:colcon.colcon_core.package_identification:_identify(src/argj801_ctl_platform/argj801_ctl_platform) by extension 'colcon_meta'
[0.366s] Level 1:colcon.colcon_core.package_identification:_identify(src/argj801_ctl_platform/argj801_ctl_platform) by extensions ['ros']
[0.366s] Level 1:colcon.colcon_core.package_identification:_identify(src/argj801_ctl_platform/argj801_ctl_platform) by extension 'ros'
[0.367s] DEBUG:colcon.colcon_core.package_identification:Package 'src/argj801_ctl_platform/argj801_ctl_platform' with type 'ros.ament_cmake' and name 'argj801_ctl_platform'
[0.367s] Level 1:colcon.colcon_core.package_identification:_identify(src/argj801_ctl_platform/argj801_ctl_platform_interfaces) by extensions ['ignore', 'ignore_ament_install']
[0.367s] Level 1:colcon.colcon_core.package_identification:_identify(src/argj801_ctl_platform/argj801_ctl_platform_interfaces) by extension 'ignore'
[0.367s] Level 1:colcon.colcon_core.package_identification:_identify(src/argj801_ctl_platform/argj801_ctl_platform_interfaces) by extension 'ignore_ament_install'
[0.367s] Level 1:colcon.colcon_core.package_identification:_identify(src/argj801_ctl_platform/argj801_ctl_platform_interfaces) by extensions ['colcon_pkg']
[0.367s] Level 1:colcon.colcon_core.package_identification:_identify(src/argj801_ctl_platform/argj801_ctl_platform_interfaces) by extension 'colcon_pkg'
[0.367s] Level 1:colcon.colcon_core.package_identification:_identify(src/argj801_ctl_platform/argj801_ctl_platform_interfaces) by extensions ['colcon_meta']
[0.367s] Level 1:colcon.colcon_core.package_identification:_identify(src/argj801_ctl_platform/argj801_ctl_platform_interfaces) by extension 'colcon_meta'
[0.367s] Level 1:colcon.colcon_core.package_identification:_identify(src/argj801_ctl_platform/argj801_ctl_platform_interfaces) by extensions ['ros']
[0.367s] Level 1:colcon.colcon_core.package_identification:_identify(src/argj801_ctl_platform/argj801_ctl_platform_interfaces) by extension 'ros'
[0.367s] DEBUG:colcon.colcon_core.package_identification:Package 'src/argj801_ctl_platform/argj801_ctl_platform_interfaces' with type 'ros.ament_cmake' and name 'argj801_ctl_platform_interfaces'
[0.367s] Level 1:colcon.colcon_core.package_identification:_identify(src/argj801_setup) by extensions ['ignore', 'ignore_ament_install']
[0.367s] Level 1:colcon.colcon_core.package_identification:_identify(src/argj801_setup) by extension 'ignore'
[0.368s] Level 1:colcon.colcon_core.package_identification:_identify(src/argj801_setup) by extension 'ignore_ament_install'
[0.368s] Level 1:colcon.colcon_core.package_identification:_identify(src/argj801_setup) by extensions ['colcon_pkg']
[0.368s] Level 1:colcon.colcon_core.package_identification:_identify(src/argj801_setup) by extension 'colcon_pkg'
[0.368s] Level 1:colcon.colcon_core.package_identification:_identify(src/argj801_setup) by extensions ['colcon_meta']
[0.368s] Level 1:colcon.colcon_core.package_identification:_identify(src/argj801_setup) by extension 'colcon_meta'
[0.368s] Level 1:colcon.colcon_core.package_identification:_identify(src/argj801_setup) by extensions ['ros']
[0.368s] Level 1:colcon.colcon_core.package_identification:_identify(src/argj801_setup) by extension 'ros'
[0.368s] DEBUG:colcon.colcon_core.package_identification:Package 'src/argj801_setup' with type 'ros.ament_cmake' and name 'argj801_setup'
[0.368s] Level 1:colcon.colcon_core.package_identification:_identify(src/argo_drivers_pkgs) by extensions ['ignore', 'ignore_ament_install']
[0.368s] Level 1:colcon.colcon_core.package_identification:_identify(src/argo_drivers_pkgs) by extension 'ignore'
[0.368s] Level 1:colcon.colcon_core.package_identification:_identify(src/argo_drivers_pkgs) by extension 'ignore_ament_install'
[0.368s] Level 1:colcon.colcon_core.package_identification:_identify(src/argo_drivers_pkgs) by extensions ['colcon_pkg']
[0.368s] Level 1:colcon.colcon_core.package_identification:_identify(src/argo_drivers_pkgs) by extension 'colcon_pkg'
[0.368s] Level 1:colcon.colcon_core.package_identification:_identify(src/argo_drivers_pkgs) by extensions ['colcon_meta']
[0.368s] Level 1:colcon.colcon_core.package_identification:_identify(src/argo_drivers_pkgs) by extension 'colcon_meta'
[0.368s] Level 1:colcon.colcon_core.package_identification:_identify(src/argo_drivers_pkgs) by extensions ['ros']
[0.368s] Level 1:colcon.colcon_core.package_identification:_identify(src/argo_drivers_pkgs) by extension 'ros'
[0.368s] Level 1:colcon.colcon_core.package_identification:_identify(src/argo_drivers_pkgs) by extensions ['cmake', 'python']
[0.368s] Level 1:colcon.colcon_core.package_identification:_identify(src/argo_drivers_pkgs) by extension 'cmake'
[0.368s] Level 1:colcon.colcon_core.package_identification:_identify(src/argo_drivers_pkgs) by extension 'python'
[0.368s] Level 1:colcon.colcon_core.package_identification:_identify(src/argo_drivers_pkgs) by extensions ['python_setup_py']
[0.368s] Level 1:colcon.colcon_core.package_identification:_identify(src/argo_drivers_pkgs) by extension 'python_setup_py'
[0.368s] Level 1:colcon.colcon_core.package_identification:_identify(src/argo_drivers_pkgs/Fixposition_driver_pkg) by extensions ['ignore', 'ignore_ament_install']
[0.368s] Level 1:colcon.colcon_core.package_identification:_identify(src/argo_drivers_pkgs/Fixposition_driver_pkg) by extension 'ignore'
[0.369s] Level 1:colcon.colcon_core.package_identification:_identify(src/argo_drivers_pkgs/Fixposition_driver_pkg) by extension 'ignore_ament_install'
[0.369s] Level 1:colcon.colcon_core.package_identification:_identify(src/argo_drivers_pkgs/Fixposition_driver_pkg) by extensions ['colcon_pkg']
[0.369s] Level 1:colcon.colcon_core.package_identification:_identify(src/argo_drivers_pkgs/Fixposition_driver_pkg) by extension 'colcon_pkg'
[0.369s] Level 1:colcon.colcon_core.package_identification:_identify(src/argo_drivers_pkgs/Fixposition_driver_pkg) by extensions ['colcon_meta']
[0.369s] Level 1:colcon.colcon_core.package_identification:_identify(src/argo_drivers_pkgs/Fixposition_driver_pkg) by extension 'colcon_meta'
[0.369s] Level 1:colcon.colcon_core.package_identification:_identify(src/argo_drivers_pkgs/Fixposition_driver_pkg) by extensions ['ros']
[0.369s] Level 1:colcon.colcon_core.package_identification:_identify(src/argo_drivers_pkgs/Fixposition_driver_pkg) by extension 'ros'
[0.369s] Level 1:colcon.colcon_core.package_identification:_identify(src/argo_drivers_pkgs/Fixposition_driver_pkg) by extensions ['cmake', 'python']
[0.369s] Level 1:colcon.colcon_core.package_identification:_identify(src/argo_drivers_pkgs/Fixposition_driver_pkg) by extension 'cmake'
[0.369s] Level 1:colcon.colcon_core.package_identification:_identify(src/argo_drivers_pkgs/Fixposition_driver_pkg) by extension 'python'
[0.369s] Level 1:colcon.colcon_core.package_identification:_identify(src/argo_drivers_pkgs/Fixposition_driver_pkg) by extensions ['python_setup_py']
[0.369s] Level 1:colcon.colcon_core.package_identification:_identify(src/argo_drivers_pkgs/Fixposition_driver_pkg) by extension 'python_setup_py'
[0.369s] Level 1:colcon.colcon_core.package_identification:_identify(src/argo_drivers_pkgs/Fixposition_driver_pkg/fixposition_driver-main) by extensions ['ignore', 'ignore_ament_install']
[0.369s] Level 1:colcon.colcon_core.package_identification:_identify(src/argo_drivers_pkgs/Fixposition_driver_pkg/fixposition_driver-main) by extension 'ignore'
[0.369s] Level 1:colcon.colcon_core.package_identification:_identify(src/argo_drivers_pkgs/Fixposition_driver_pkg/fixposition_driver-main) by extension 'ignore_ament_install'
[0.369s] Level 1:colcon.colcon_core.package_identification:_identify(src/argo_drivers_pkgs/Fixposition_driver_pkg/fixposition_driver-main) by extensions ['colcon_pkg']
[0.369s] Level 1:colcon.colcon_core.package_identification:_identify(src/argo_drivers_pkgs/Fixposition_driver_pkg/fixposition_driver-main) by extension 'colcon_pkg'
[0.369s] Level 1:colcon.colcon_core.package_identification:_identify(src/argo_drivers_pkgs/Fixposition_driver_pkg/fixposition_driver-main) by extensions ['colcon_meta']
[0.369s] Level 1:colcon.colcon_core.package_identification:_identify(src/argo_drivers_pkgs/Fixposition_driver_pkg/fixposition_driver-main) by extension 'colcon_meta'
[0.369s] Level 1:colcon.colcon_core.package_identification:_identify(src/argo_drivers_pkgs/Fixposition_driver_pkg/fixposition_driver-main) by extensions ['ros']
[0.369s] Level 1:colcon.colcon_core.package_identification:_identify(src/argo_drivers_pkgs/Fixposition_driver_pkg/fixposition_driver-main) by extension 'ros'
[0.369s] Level 1:colcon.colcon_core.package_identification:_identify(src/argo_drivers_pkgs/Fixposition_driver_pkg/fixposition_driver-main) by extensions ['cmake', 'python']
[0.369s] Level 1:colcon.colcon_core.package_identification:_identify(src/argo_drivers_pkgs/Fixposition_driver_pkg/fixposition_driver-main) by extension 'cmake'
[0.369s] Level 1:colcon.colcon_core.package_identification:_identify(src/argo_drivers_pkgs/Fixposition_driver_pkg/fixposition_driver-main) by extension 'python'
[0.369s] Level 1:colcon.colcon_core.package_identification:_identify(src/argo_drivers_pkgs/Fixposition_driver_pkg/fixposition_driver-main) by extensions ['python_setup_py']
[0.369s] Level 1:colcon.colcon_core.package_identification:_identify(src/argo_drivers_pkgs/Fixposition_driver_pkg/fixposition_driver-main) by extension 'python_setup_py'
[0.369s] Level 1:colcon.colcon_core.package_identification:_identify(src/argo_drivers_pkgs/Fixposition_driver_pkg/fixposition_driver-main/fixposition_driver_lib) by extensions ['ignore', 'ignore_ament_install']
[0.369s] Level 1:colcon.colcon_core.package_identification:_identify(src/argo_drivers_pkgs/Fixposition_driver_pkg/fixposition_driver-main/fixposition_driver_lib) by extension 'ignore'
[0.369s] Level 1:colcon.colcon_core.package_identification:_identify(src/argo_drivers_pkgs/Fixposition_driver_pkg/fixposition_driver-main/fixposition_driver_lib) by extension 'ignore_ament_install'
[0.369s] Level 1:colcon.colcon_core.package_identification:_identify(src/argo_drivers_pkgs/Fixposition_driver_pkg/fixposition_driver-main/fixposition_driver_lib) by extensions ['colcon_pkg']
[0.369s] Level 1:colcon.colcon_core.package_identification:_identify(src/argo_drivers_pkgs/Fixposition_driver_pkg/fixposition_driver-main/fixposition_driver_lib) by extension 'colcon_pkg'
[0.369s] Level 1:colcon.colcon_core.package_identification:_identify(src/argo_drivers_pkgs/Fixposition_driver_pkg/fixposition_driver-main/fixposition_driver_lib) by extensions ['colcon_meta']
[0.369s] Level 1:colcon.colcon_core.package_identification:_identify(src/argo_drivers_pkgs/Fixposition_driver_pkg/fixposition_driver-main/fixposition_driver_lib) by extension 'colcon_meta'
[0.369s] Level 1:colcon.colcon_core.package_identification:_identify(src/argo_drivers_pkgs/Fixposition_driver_pkg/fixposition_driver-main/fixposition_driver_lib) by extensions ['ros']
[0.369s] Level 1:colcon.colcon_core.package_identification:_identify(src/argo_drivers_pkgs/Fixposition_driver_pkg/fixposition_driver-main/fixposition_driver_lib) by extension 'ros'
[0.371s] DEBUG:colcon.colcon_core.package_identification:Package 'src/argo_drivers_pkgs/Fixposition_driver_pkg/fixposition_driver-main/fixposition_driver_lib' with type 'ros.cmake' and name 'fixposition_driver_lib'
[0.371s] Level 1:colcon.colcon_core.package_identification:_identify(src/argo_drivers_pkgs/Fixposition_driver_pkg/fixposition_driver-main/fixposition_driver_ros1) by extensions ['ignore', 'ignore_ament_install']
[0.371s] Level 1:colcon.colcon_core.package_identification:_identify(src/argo_drivers_pkgs/Fixposition_driver_pkg/fixposition_driver-main/fixposition_driver_ros1) by extension 'ignore'
[0.371s] Level 1:colcon.colcon_core.package_identification:_identify(src/argo_drivers_pkgs/Fixposition_driver_pkg/fixposition_driver-main/fixposition_driver_ros1) ignored
[0.371s] Level 1:colcon.colcon_core.package_identification:_identify(src/argo_drivers_pkgs/Fixposition_driver_pkg/fixposition_driver-main/fixposition_driver_ros2) by extensions ['ignore', 'ignore_ament_install']
[0.371s] Level 1:colcon.colcon_core.package_identification:_identify(src/argo_drivers_pkgs/Fixposition_driver_pkg/fixposition_driver-main/fixposition_driver_ros2) by extension 'ignore'
[0.371s] Level 1:colcon.colcon_core.package_identification:_identify(src/argo_drivers_pkgs/Fixposition_driver_pkg/fixposition_driver-main/fixposition_driver_ros2) by extension 'ignore_ament_install'
[0.372s] Level 1:colcon.colcon_core.package_identification:_identify(src/argo_drivers_pkgs/Fixposition_driver_pkg/fixposition_driver-main/fixposition_driver_ros2) by extensions ['colcon_pkg']
[0.372s] Level 1:colcon.colcon_core.package_identification:_identify(src/argo_drivers_pkgs/Fixposition_driver_pkg/fixposition_driver-main/fixposition_driver_ros2) by extension 'colcon_pkg'
[0.372s] Level 1:colcon.colcon_core.package_identification:_identify(src/argo_drivers_pkgs/Fixposition_driver_pkg/fixposition_driver-main/fixposition_driver_ros2) by extensions ['colcon_meta']
[0.372s] Level 1:colcon.colcon_core.package_identification:_identify(src/argo_drivers_pkgs/Fixposition_driver_pkg/fixposition_driver-main/fixposition_driver_ros2) by extension 'colcon_meta'
[0.372s] Level 1:colcon.colcon_core.package_identification:_identify(src/argo_drivers_pkgs/Fixposition_driver_pkg/fixposition_driver-main/fixposition_driver_ros2) by extensions ['ros']
[0.372s] Level 1:colcon.colcon_core.package_identification:_identify(src/argo_drivers_pkgs/Fixposition_driver_pkg/fixposition_driver-main/fixposition_driver_ros2) by extension 'ros'
[0.372s] DEBUG:colcon.colcon_core.package_identification:Package 'src/argo_drivers_pkgs/Fixposition_driver_pkg/fixposition_driver-main/fixposition_driver_ros2' with type 'ros.ament_cmake' and name 'fixposition_driver_ros2'
[0.372s] Level 1:colcon.colcon_core.package_identification:_identify(src/argo_drivers_pkgs/Fixposition_driver_pkg/fixposition_driver-main/fixposition_odometry_converter_ros2) by extensions ['ignore', 'ignore_ament_install']
[0.372s] Level 1:colcon.colcon_core.package_identification:_identify(src/argo_drivers_pkgs/Fixposition_driver_pkg/fixposition_driver-main/fixposition_odometry_converter_ros2) by extension 'ignore'
[0.372s] Level 1:colcon.colcon_core.package_identification:_identify(src/argo_drivers_pkgs/Fixposition_driver_pkg/fixposition_driver-main/fixposition_odometry_converter_ros2) by extension 'ignore_ament_install'
[0.372s] Level 1:colcon.colcon_core.package_identification:_identify(src/argo_drivers_pkgs/Fixposition_driver_pkg/fixposition_driver-main/fixposition_odometry_converter_ros2) by extensions ['colcon_pkg']
[0.372s] Level 1:colcon.colcon_core.package_identification:_identify(src/argo_drivers_pkgs/Fixposition_driver_pkg/fixposition_driver-main/fixposition_odometry_converter_ros2) by extension 'colcon_pkg'
[0.373s] Level 1:colcon.colcon_core.package_identification:_identify(src/argo_drivers_pkgs/Fixposition_driver_pkg/fixposition_driver-main/fixposition_odometry_converter_ros2) by extensions ['colcon_meta']
[0.373s] Level 1:colcon.colcon_core.package_identification:_identify(src/argo_drivers_pkgs/Fixposition_driver_pkg/fixposition_driver-main/fixposition_odometry_converter_ros2) by extension 'colcon_meta'
[0.373s] Level 1:colcon.colcon_core.package_identification:_identify(src/argo_drivers_pkgs/Fixposition_driver_pkg/fixposition_driver-main/fixposition_odometry_converter_ros2) by extensions ['ros']
[0.373s] Level 1:colcon.colcon_core.package_identification:_identify(src/argo_drivers_pkgs/Fixposition_driver_pkg/fixposition_driver-main/fixposition_odometry_converter_ros2) by extension 'ros'
[0.373s] DEBUG:colcon.colcon_core.package_identification:Package 'src/argo_drivers_pkgs/Fixposition_driver_pkg/fixposition_driver-main/fixposition_odometry_converter_ros2' with type 'ros.ament_cmake' and name 'fixposition_odometry_converter_ros2'
[0.373s] Level 1:colcon.colcon_core.package_identification:_identify(src/argo_drivers_pkgs/Fixposition_driver_pkg/fixposition_driver-main/test) by extensions ['ignore', 'ignore_ament_install']
[0.373s] Level 1:colcon.colcon_core.package_identification:_identify(src/argo_drivers_pkgs/Fixposition_driver_pkg/fixposition_driver-main/test) by extension 'ignore'
[0.373s] Level 1:colcon.colcon_core.package_identification:_identify(src/argo_drivers_pkgs/Fixposition_driver_pkg/fixposition_driver-main/test) by extension 'ignore_ament_install'
[0.373s] Level 1:colcon.colcon_core.package_identification:_identify(src/argo_drivers_pkgs/Fixposition_driver_pkg/fixposition_driver-main/test) by extensions ['colcon_pkg']
[0.373s] Level 1:colcon.colcon_core.package_identification:_identify(src/argo_drivers_pkgs/Fixposition_driver_pkg/fixposition_driver-main/test) by extension 'colcon_pkg'
[0.373s] Level 1:colcon.colcon_core.package_identification:_identify(src/argo_drivers_pkgs/Fixposition_driver_pkg/fixposition_driver-main/test) by extensions ['colcon_meta']
[0.373s] Level 1:colcon.colcon_core.package_identification:_identify(src/argo_drivers_pkgs/Fixposition_driver_pkg/fixposition_driver-main/test) by extension 'colcon_meta'
[0.373s] Level 1:colcon.colcon_core.package_identification:_identify(src/argo_drivers_pkgs/Fixposition_driver_pkg/fixposition_driver-main/test) by extensions ['ros']
[0.373s] Level 1:colcon.colcon_core.package_identification:_identify(src/argo_drivers_pkgs/Fixposition_driver_pkg/fixposition_driver-main/test) by extension 'ros'
[0.373s] Level 1:colcon.colcon_core.package_identification:_identify(src/argo_drivers_pkgs/Fixposition_driver_pkg/fixposition_driver-main/test) by extensions ['cmake', 'python']
[0.373s] Level 1:colcon.colcon_core.package_identification:_identify(src/argo_drivers_pkgs/Fixposition_driver_pkg/fixposition_driver-main/test) by extension 'cmake'
[0.373s] Level 1:colcon.colcon_core.package_identification:_identify(src/argo_drivers_pkgs/Fixposition_driver_pkg/fixposition_driver-main/test) by extension 'python'
[0.373s] Level 1:colcon.colcon_core.package_identification:_identify(src/argo_drivers_pkgs/Fixposition_driver_pkg/fixposition_driver-main/test) by extensions ['python_setup_py']
[0.373s] Level 1:colcon.colcon_core.package_identification:_identify(src/argo_drivers_pkgs/Fixposition_driver_pkg/fixposition_driver-main/test) by extension 'python_setup_py'
[0.373s] Level 1:colcon.colcon_core.package_identification:_identify(src/argo_drivers_pkgs/Fixposition_driver_pkg/fixposition_driver-main/test/data) by extensions ['ignore', 'ignore_ament_install']
[0.373s] Level 1:colcon.colcon_core.package_identification:_identify(src/argo_drivers_pkgs/Fixposition_driver_pkg/fixposition_driver-main/test/data) by extension 'ignore'
[0.374s] Level 1:colcon.colcon_core.package_identification:_identify(src/argo_drivers_pkgs/Fixposition_driver_pkg/fixposition_driver-main/test/data) by extension 'ignore_ament_install'
[0.374s] Level 1:colcon.colcon_core.package_identification:_identify(src/argo_drivers_pkgs/Fixposition_driver_pkg/fixposition_driver-main/test/data) by extensions ['colcon_pkg']
[0.374s] Level 1:colcon.colcon_core.package_identification:_identify(src/argo_drivers_pkgs/Fixposition_driver_pkg/fixposition_driver-main/test/data) by extension 'colcon_pkg'
[0.374s] Level 1:colcon.colcon_core.package_identification:_identify(src/argo_drivers_pkgs/Fixposition_driver_pkg/fixposition_driver-main/test/data) by extensions ['colcon_meta']
[0.374s] Level 1:colcon.colcon_core.package_identification:_identify(src/argo_drivers_pkgs/Fixposition_driver_pkg/fixposition_driver-main/test/data) by extension 'colcon_meta'
[0.374s] Level 1:colcon.colcon_core.package_identification:_identify(src/argo_drivers_pkgs/Fixposition_driver_pkg/fixposition_driver-main/test/data) by extensions ['ros']
[0.374s] Level 1:colcon.colcon_core.package_identification:_identify(src/argo_drivers_pkgs/Fixposition_driver_pkg/fixposition_driver-main/test/data) by extension 'ros'
[0.374s] Level 1:colcon.colcon_core.package_identification:_identify(src/argo_drivers_pkgs/Fixposition_driver_pkg/fixposition_driver-main/test/data) by extensions ['cmake', 'python']
[0.374s] Level 1:colcon.colcon_core.package_identification:_identify(src/argo_drivers_pkgs/Fixposition_driver_pkg/fixposition_driver-main/test/data) by extension 'cmake'
[0.374s] Level 1:colcon.colcon_core.package_identification:_identify(src/argo_drivers_pkgs/Fixposition_driver_pkg/fixposition_driver-main/test/data) by extension 'python'
[0.374s] Level 1:colcon.colcon_core.package_identification:_identify(src/argo_drivers_pkgs/Fixposition_driver_pkg/fixposition_driver-main/test/data) by extensions ['python_setup_py']
[0.374s] Level 1:colcon.colcon_core.package_identification:_identify(src/argo_drivers_pkgs/Fixposition_driver_pkg/fixposition_driver-main/test/data) by extension 'python_setup_py'
[0.374s] Level 1:colcon.colcon_core.package_identification:_identify(src/argo_drivers_pkgs/Fixposition_driver_pkg/fixposition_gnss_tf-main) by extensions ['ignore', 'ignore_ament_install']
[0.374s] Level 1:colcon.colcon_core.package_identification:_identify(src/argo_drivers_pkgs/Fixposition_driver_pkg/fixposition_gnss_tf-main) by extension 'ignore'
[0.374s] Level 1:colcon.colcon_core.package_identification:_identify(src/argo_drivers_pkgs/Fixposition_driver_pkg/fixposition_gnss_tf-main) by extension 'ignore_ament_install'
[0.374s] Level 1:colcon.colcon_core.package_identification:_identify(src/argo_drivers_pkgs/Fixposition_driver_pkg/fixposition_gnss_tf-main) by extensions ['colcon_pkg']
[0.374s] Level 1:colcon.colcon_core.package_identification:_identify(src/argo_drivers_pkgs/Fixposition_driver_pkg/fixposition_gnss_tf-main) by extension 'colcon_pkg'
[0.374s] Level 1:colcon.colcon_core.package_identification:_identify(src/argo_drivers_pkgs/Fixposition_driver_pkg/fixposition_gnss_tf-main) by extensions ['colcon_meta']
[0.374s] Level 1:colcon.colcon_core.package_identification:_identify(src/argo_drivers_pkgs/Fixposition_driver_pkg/fixposition_gnss_tf-main) by extension 'colcon_meta'
[0.374s] Level 1:colcon.colcon_core.package_identification:_identify(src/argo_drivers_pkgs/Fixposition_driver_pkg/fixposition_gnss_tf-main) by extensions ['ros']
[0.374s] Level 1:colcon.colcon_core.package_identification:_identify(src/argo_drivers_pkgs/Fixposition_driver_pkg/fixposition_gnss_tf-main) by extension 'ros'
[0.375s] DEBUG:colcon.colcon_core.package_identification:Package 'src/argo_drivers_pkgs/Fixposition_driver_pkg/fixposition_gnss_tf-main' with type 'ros.cmake' and name 'fixposition_gnss_tf'
[0.375s] Level 1:colcon.colcon_core.package_identification:_identify(src/argo_drivers_pkgs/argj801_sensors) by extensions ['ignore', 'ignore_ament_install']
[0.375s] Level 1:colcon.colcon_core.package_identification:_identify(src/argo_drivers_pkgs/argj801_sensors) by extension 'ignore'
[0.375s] Level 1:colcon.colcon_core.package_identification:_identify(src/argo_drivers_pkgs/argj801_sensors) by extension 'ignore_ament_install'
[0.375s] Level 1:colcon.colcon_core.package_identification:_identify(src/argo_drivers_pkgs/argj801_sensors) by extensions ['colcon_pkg']
[0.375s] Level 1:colcon.colcon_core.package_identification:_identify(src/argo_drivers_pkgs/argj801_sensors) by extension 'colcon_pkg'
[0.375s] Level 1:colcon.colcon_core.package_identification:_identify(src/argo_drivers_pkgs/argj801_sensors) by extensions ['colcon_meta']
[0.375s] Level 1:colcon.colcon_core.package_identification:_identify(src/argo_drivers_pkgs/argj801_sensors) by extension 'colcon_meta'
[0.375s] Level 1:colcon.colcon_core.package_identification:_identify(src/argo_drivers_pkgs/argj801_sensors) by extensions ['ros']
[0.375s] Level 1:colcon.colcon_core.package_identification:_identify(src/argo_drivers_pkgs/argj801_sensors) by extension 'ros'
[0.375s] Level 1:colcon.colcon_core.package_identification:_identify(src/argo_drivers_pkgs/argj801_sensors) by extensions ['cmake', 'python']
[0.375s] Level 1:colcon.colcon_core.package_identification:_identify(src/argo_drivers_pkgs/argj801_sensors) by extension 'cmake'
[0.375s] Level 1:colcon.colcon_core.package_identification:_identify(src/argo_drivers_pkgs/argj801_sensors) by extension 'python'
[0.375s] Level 1:colcon.colcon_core.package_identification:_identify(src/argo_drivers_pkgs/argj801_sensors) by extensions ['python_setup_py']
[0.375s] Level 1:colcon.colcon_core.package_identification:_identify(src/argo_drivers_pkgs/argj801_sensors) by extension 'python_setup_py'
[0.375s] Level 1:colcon.colcon_core.package_identification:_identify(src/argo_drivers_pkgs/argj801_sensors/argj801_sensors) by extensions ['ignore', 'ignore_ament_install']
[0.375s] Level 1:colcon.colcon_core.package_identification:_identify(src/argo_drivers_pkgs/argj801_sensors/argj801_sensors) by extension 'ignore'
[0.375s] Level 1:colcon.colcon_core.package_identification:_identify(src/argo_drivers_pkgs/argj801_sensors/argj801_sensors) by extension 'ignore_ament_install'
[0.375s] Level 1:colcon.colcon_core.package_identification:_identify(src/argo_drivers_pkgs/argj801_sensors/argj801_sensors) by extensions ['colcon_pkg']
[0.375s] Level 1:colcon.colcon_core.package_identification:_identify(src/argo_drivers_pkgs/argj801_sensors/argj801_sensors) by extension 'colcon_pkg'
[0.375s] Level 1:colcon.colcon_core.package_identification:_identify(src/argo_drivers_pkgs/argj801_sensors/argj801_sensors) by extensions ['colcon_meta']
[0.375s] Level 1:colcon.colcon_core.package_identification:_identify(src/argo_drivers_pkgs/argj801_sensors/argj801_sensors) by extension 'colcon_meta'
[0.375s] Level 1:colcon.colcon_core.package_identification:_identify(src/argo_drivers_pkgs/argj801_sensors/argj801_sensors) by extensions ['ros']
[0.375s] Level 1:colcon.colcon_core.package_identification:_identify(src/argo_drivers_pkgs/argj801_sensors/argj801_sensors) by extension 'ros'
[0.376s] DEBUG:colcon.colcon_core.package_identification:Package 'src/argo_drivers_pkgs/argj801_sensors/argj801_sensors' with type 'ros.ament_cmake' and name 'argj801_sensors'
[0.376s] Level 1:colcon.colcon_core.package_identification:_identify(src/argo_drivers_pkgs/argj801_sensors/argj801_sensors_msgs) by extensions ['ignore', 'ignore_ament_install']
[0.376s] Level 1:colcon.colcon_core.package_identification:_identify(src/argo_drivers_pkgs/argj801_sensors/argj801_sensors_msgs) by extension 'ignore'
[0.376s] Level 1:colcon.colcon_core.package_identification:_identify(src/argo_drivers_pkgs/argj801_sensors/argj801_sensors_msgs) by extension 'ignore_ament_install'
[0.376s] Level 1:colcon.colcon_core.package_identification:_identify(src/argo_drivers_pkgs/argj801_sensors/argj801_sensors_msgs) by extensions ['colcon_pkg']
[0.376s] Level 1:colcon.colcon_core.package_identification:_identify(src/argo_drivers_pkgs/argj801_sensors/argj801_sensors_msgs) by extension 'colcon_pkg'
[0.376s] Level 1:colcon.colcon_core.package_identification:_identify(src/argo_drivers_pkgs/argj801_sensors/argj801_sensors_msgs) by extensions ['colcon_meta']
[0.376s] Level 1:colcon.colcon_core.package_identification:_identify(src/argo_drivers_pkgs/argj801_sensors/argj801_sensors_msgs) by extension 'colcon_meta'
[0.376s] Level 1:colcon.colcon_core.package_identification:_identify(src/argo_drivers_pkgs/argj801_sensors/argj801_sensors_msgs) by extensions ['ros']
[0.376s] Level 1:colcon.colcon_core.package_identification:_identify(src/argo_drivers_pkgs/argj801_sensors/argj801_sensors_msgs) by extension 'ros'
[0.376s] DEBUG:colcon.colcon_core.package_identification:Package 'src/argo_drivers_pkgs/argj801_sensors/argj801_sensors_msgs' with type 'ros.ament_cmake' and name 'argj801_sensors_msgs'
[0.377s] Level 1:colcon.colcon_core.package_identification:_identify(src/argo_drivers_pkgs/ntrip_client) by extensions ['ignore', 'ignore_ament_install']
[0.377s] Level 1:colcon.colcon_core.package_identification:_identify(src/argo_drivers_pkgs/ntrip_client) by extension 'ignore'
[0.377s] Level 1:colcon.colcon_core.package_identification:_identify(src/argo_drivers_pkgs/ntrip_client) by extension 'ignore_ament_install'
[0.377s] Level 1:colcon.colcon_core.package_identification:_identify(src/argo_drivers_pkgs/ntrip_client) by extensions ['colcon_pkg']
[0.377s] Level 1:colcon.colcon_core.package_identification:_identify(src/argo_drivers_pkgs/ntrip_client) by extension 'colcon_pkg'
[0.377s] Level 1:colcon.colcon_core.package_identification:_identify(src/argo_drivers_pkgs/ntrip_client) by extensions ['colcon_meta']
[0.377s] Level 1:colcon.colcon_core.package_identification:_identify(src/argo_drivers_pkgs/ntrip_client) by extension 'colcon_meta'
[0.377s] Level 1:colcon.colcon_core.package_identification:_identify(src/argo_drivers_pkgs/ntrip_client) by extensions ['ros']
[0.377s] Level 1:colcon.colcon_core.package_identification:_identify(src/argo_drivers_pkgs/ntrip_client) by extension 'ros'
[0.377s] DEBUG:colcon.colcon_core.package_identification:Package 'src/argo_drivers_pkgs/ntrip_client' with type 'ros.ament_python' and name 'ntrip_client'
[0.377s] Level 1:colcon.colcon_core.package_identification:_identify(src/argo_drivers_pkgs/ublox) by extensions ['ignore', 'ignore_ament_install']
[0.377s] Level 1:colcon.colcon_core.package_identification:_identify(src/argo_drivers_pkgs/ublox) by extension 'ignore'
[0.377s] Level 1:colcon.colcon_core.package_identification:_identify(src/argo_drivers_pkgs/ublox) by extension 'ignore_ament_install'
[0.377s] Level 1:colcon.colcon_core.package_identification:_identify(src/argo_drivers_pkgs/ublox) by extensions ['colcon_pkg']
[0.377s] Level 1:colcon.colcon_core.package_identification:_identify(src/argo_drivers_pkgs/ublox) by extension 'colcon_pkg'
[0.377s] Level 1:colcon.colcon_core.package_identification:_identify(src/argo_drivers_pkgs/ublox) by extensions ['colcon_meta']
[0.377s] Level 1:colcon.colcon_core.package_identification:_identify(src/argo_drivers_pkgs/ublox) by extension 'colcon_meta'
[0.378s] Level 1:colcon.colcon_core.package_identification:_identify(src/argo_drivers_pkgs/ublox) by extensions ['ros']
[0.378s] Level 1:colcon.colcon_core.package_identification:_identify(src/argo_drivers_pkgs/ublox) by extension 'ros'
[0.378s] Level 1:colcon.colcon_core.package_identification:_identify(src/argo_drivers_pkgs/ublox) by extensions ['cmake', 'python']
[0.378s] Level 1:colcon.colcon_core.package_identification:_identify(src/argo_drivers_pkgs/ublox) by extension 'cmake'
[0.378s] Level 1:colcon.colcon_core.package_identification:_identify(src/argo_drivers_pkgs/ublox) by extension 'python'
[0.378s] Level 1:colcon.colcon_core.package_identification:_identify(src/argo_drivers_pkgs/ublox) by extensions ['python_setup_py']
[0.378s] Level 1:colcon.colcon_core.package_identification:_identify(src/argo_drivers_pkgs/ublox) by extension 'python_setup_py'
[0.378s] Level 1:colcon.colcon_core.package_identification:_identify(src/argo_drivers_pkgs/ublox/ublox) by extensions ['ignore', 'ignore_ament_install']
[0.378s] Level 1:colcon.colcon_core.package_identification:_identify(src/argo_drivers_pkgs/ublox/ublox) by extension 'ignore'
[0.378s] Level 1:colcon.colcon_core.package_identification:_identify(src/argo_drivers_pkgs/ublox/ublox) by extension 'ignore_ament_install'
[0.378s] Level 1:colcon.colcon_core.package_identification:_identify(src/argo_drivers_pkgs/ublox/ublox) by extensions ['colcon_pkg']
[0.378s] Level 1:colcon.colcon_core.package_identification:_identify(src/argo_drivers_pkgs/ublox/ublox) by extension 'colcon_pkg'
[0.378s] Level 1:colcon.colcon_core.package_identification:_identify(src/argo_drivers_pkgs/ublox/ublox) by extensions ['colcon_meta']
[0.378s] Level 1:colcon.colcon_core.package_identification:_identify(src/argo_drivers_pkgs/ublox/ublox) by extension 'colcon_meta'
[0.378s] Level 1:colcon.colcon_core.package_identification:_identify(src/argo_drivers_pkgs/ublox/ublox) by extensions ['ros']
[0.378s] Level 1:colcon.colcon_core.package_identification:_identify(src/argo_drivers_pkgs/ublox/ublox) by extension 'ros'
[0.378s] DEBUG:colcon.colcon_core.package_identification:Package 'src/argo_drivers_pkgs/ublox/ublox' with type 'ros.ament_cmake' and name 'ublox'
[0.378s] Level 1:colcon.colcon_core.package_identification:_identify(src/argo_drivers_pkgs/ublox/ublox_gps) by extensions ['ignore', 'ignore_ament_install']
[0.378s] Level 1:colcon.colcon_core.package_identification:_identify(src/argo_drivers_pkgs/ublox/ublox_gps) by extension 'ignore'
[0.378s] Level 1:colcon.colcon_core.package_identification:_identify(src/argo_drivers_pkgs/ublox/ublox_gps) by extension 'ignore_ament_install'
[0.378s] Level 1:colcon.colcon_core.package_identification:_identify(src/argo_drivers_pkgs/ublox/ublox_gps) by extensions ['colcon_pkg']
[0.378s] Level 1:colcon.colcon_core.package_identification:_identify(src/argo_drivers_pkgs/ublox/ublox_gps) by extension 'colcon_pkg'
[0.378s] Level 1:colcon.colcon_core.package_identification:_identify(src/argo_drivers_pkgs/ublox/ublox_gps) by extensions ['colcon_meta']
[0.378s] Level 1:colcon.colcon_core.package_identification:_identify(src/argo_drivers_pkgs/ublox/ublox_gps) by extension 'colcon_meta'
[0.378s] Level 1:colcon.colcon_core.package_identification:_identify(src/argo_drivers_pkgs/ublox/ublox_gps) by extensions ['ros']
[0.378s] Level 1:colcon.colcon_core.package_identification:_identify(src/argo_drivers_pkgs/ublox/ublox_gps) by extension 'ros'
[0.379s] DEBUG:colcon.colcon_core.package_identification:Package 'src/argo_drivers_pkgs/ublox/ublox_gps' with type 'ros.ament_cmake' and name 'ublox_gps'
[0.379s] Level 1:colcon.colcon_core.package_identification:_identify(src/argo_drivers_pkgs/ublox/ublox_msgs) by extensions ['ignore', 'ignore_ament_install']
[0.379s] Level 1:colcon.colcon_core.package_identification:_identify(src/argo_drivers_pkgs/ublox/ublox_msgs) by extension 'ignore'
[0.379s] Level 1:colcon.colcon_core.package_identification:_identify(src/argo_drivers_pkgs/ublox/ublox_msgs) by extension 'ignore_ament_install'
[0.379s] Level 1:colcon.colcon_core.package_identification:_identify(src/argo_drivers_pkgs/ublox/ublox_msgs) by extensions ['colcon_pkg']
[0.379s] Level 1:colcon.colcon_core.package_identification:_identify(src/argo_drivers_pkgs/ublox/ublox_msgs) by extension 'colcon_pkg'
[0.379s] Level 1:colcon.colcon_core.package_identification:_identify(src/argo_drivers_pkgs/ublox/ublox_msgs) by extensions ['colcon_meta']
[0.380s] Level 1:colcon.colcon_core.package_identification:_identify(src/argo_drivers_pkgs/ublox/ublox_msgs) by extension 'colcon_meta'
[0.380s] Level 1:colcon.colcon_core.package_identification:_identify(src/argo_drivers_pkgs/ublox/ublox_msgs) by extensions ['ros']
[0.380s] Level 1:colcon.colcon_core.package_identification:_identify(src/argo_drivers_pkgs/ublox/ublox_msgs) by extension 'ros'
[0.380s] DEBUG:colcon.colcon_core.package_identification:Package 'src/argo_drivers_pkgs/ublox/ublox_msgs' with type 'ros.ament_cmake' and name 'ublox_msgs'
[0.380s] Level 1:colcon.colcon_core.package_identification:_identify(src/argo_drivers_pkgs/ublox/ublox_serialization) by extensions ['ignore', 'ignore_ament_install']
[0.380s] Level 1:colcon.colcon_core.package_identification:_identify(src/argo_drivers_pkgs/ublox/ublox_serialization) by extension 'ignore'
[0.380s] Level 1:colcon.colcon_core.package_identification:_identify(src/argo_drivers_pkgs/ublox/ublox_serialization) by extension 'ignore_ament_install'
[0.380s] Level 1:colcon.colcon_core.package_identification:_identify(src/argo_drivers_pkgs/ublox/ublox_serialization) by extensions ['colcon_pkg']
[0.380s] Level 1:colcon.colcon_core.package_identification:_identify(src/argo_drivers_pkgs/ublox/ublox_serialization) by extension 'colcon_pkg'
[0.380s] Level 1:colcon.colcon_core.package_identification:_identify(src/argo_drivers_pkgs/ublox/ublox_serialization) by extensions ['colcon_meta']
[0.380s] Level 1:colcon.colcon_core.package_identification:_identify(src/argo_drivers_pkgs/ublox/ublox_serialization) by extension 'colcon_meta'
[0.380s] Level 1:colcon.colcon_core.package_identification:_identify(src/argo_drivers_pkgs/ublox/ublox_serialization) by extensions ['ros']
[0.380s] Level 1:colcon.colcon_core.package_identification:_identify(src/argo_drivers_pkgs/ublox/ublox_serialization) by extension 'ros'
[0.381s] DEBUG:colcon.colcon_core.package_identification:Package 'src/argo_drivers_pkgs/ublox/ublox_serialization' with type 'ros.ament_cmake' and name 'ublox_serialization'
[0.381s] Level 1:colcon.colcon_core.package_identification:_identify(src/car_cpp) by extensions ['ignore', 'ignore_ament_install']
[0.381s] Level 1:colcon.colcon_core.package_identification:_identify(src/car_cpp) by extension 'ignore'
[0.381s] Level 1:colcon.colcon_core.package_identification:_identify(src/car_cpp) by extension 'ignore_ament_install'
[0.381s] Level 1:colcon.colcon_core.package_identification:_identify(src/car_cpp) by extensions ['colcon_pkg']
[0.381s] Level 1:colcon.colcon_core.package_identification:_identify(src/car_cpp) by extension 'colcon_pkg'
[0.381s] Level 1:colcon.colcon_core.package_identification:_identify(src/car_cpp) by extensions ['colcon_meta']
[0.381s] Level 1:colcon.colcon_core.package_identification:_identify(src/car_cpp) by extension 'colcon_meta'
[0.381s] Level 1:colcon.colcon_core.package_identification:_identify(src/car_cpp) by extensions ['ros']
[0.381s] Level 1:colcon.colcon_core.package_identification:_identify(src/car_cpp) by extension 'ros'
[0.381s] DEBUG:colcon.colcon_core.package_identification:Package 'src/car_cpp' with type 'ros.ament_cmake' and name 'car_cpp'
[0.381s] Level 1:colcon.colcon_core.package_identification:_identify(src/car_interfaces) by extensions ['ignore', 'ignore_ament_install']
[0.382s] Level 1:colcon.colcon_core.package_identification:_identify(src/car_interfaces) by extension 'ignore'
[0.382s] Level 1:colcon.colcon_core.package_identification:_identify(src/car_interfaces) by extension 'ignore_ament_install'
[0.382s] Level 1:colcon.colcon_core.package_identification:_identify(src/car_interfaces) by extensions ['colcon_pkg']
[0.382s] Level 1:colcon.colcon_core.package_identification:_identify(src/car_interfaces) by extension 'colcon_pkg'
[0.382s] Level 1:colcon.colcon_core.package_identification:_identify(src/car_interfaces) by extensions ['colcon_meta']
[0.382s] Level 1:colcon.colcon_core.package_identification:_identify(src/car_interfaces) by extension 'colcon_meta'
[0.382s] Level 1:colcon.colcon_core.package_identification:_identify(src/car_interfaces) by extensions ['ros']
[0.382s] Level 1:colcon.colcon_core.package_identification:_identify(src/car_interfaces) by extension 'ros'
[0.382s] DEBUG:colcon.colcon_core.package_identification:Package 'src/car_interfaces' with type 'ros.ament_cmake' and name 'car_interfaces'
[0.382s] Level 1:colcon.colcon_core.package_identification:_identify(src/car_python) by extensions ['ignore', 'ignore_ament_install']
[0.382s] Level 1:colcon.colcon_core.package_identification:_identify(src/car_python) by extension 'ignore'
[0.382s] Level 1:colcon.colcon_core.package_identification:_identify(src/car_python) by extension 'ignore_ament_install'
[0.382s] Level 1:colcon.colcon_core.package_identification:_identify(src/car_python) by extensions ['colcon_pkg']
[0.382s] Level 1:colcon.colcon_core.package_identification:_identify(src/car_python) by extension 'colcon_pkg'
[0.382s] Level 1:colcon.colcon_core.package_identification:_identify(src/car_python) by extensions ['colcon_meta']
[0.382s] Level 1:colcon.colcon_core.package_identification:_identify(src/car_python) by extension 'colcon_meta'
[0.382s] Level 1:colcon.colcon_core.package_identification:_identify(src/car_python) by extensions ['ros']
[0.382s] Level 1:colcon.colcon_core.package_identification:_identify(src/car_python) by extension 'ros'
[0.384s] DEBUG:colcon.colcon_core.package_identification:Package 'src/car_python' with type 'ros.ament_python' and name 'car'
[0.384s] Level 1:colcon.colcon_core.package_identification:_identify(src/ctl_mission) by extensions ['ignore', 'ignore_ament_install']
[0.384s] Level 1:colcon.colcon_core.package_identification:_identify(src/ctl_mission) by extension 'ignore'
[0.384s] Level 1:colcon.colcon_core.package_identification:_identify(src/ctl_mission) by extension 'ignore_ament_install'
[0.384s] Level 1:colcon.colcon_core.package_identification:_identify(src/ctl_mission) by extensions ['colcon_pkg']
[0.384s] Level 1:colcon.colcon_core.package_identification:_identify(src/ctl_mission) by extension 'colcon_pkg'
[0.384s] Level 1:colcon.colcon_core.package_identification:_identify(src/ctl_mission) by extensions ['colcon_meta']
[0.384s] Level 1:colcon.colcon_core.package_identification:_identify(src/ctl_mission) by extension 'colcon_meta'
[0.384s] Level 1:colcon.colcon_core.package_identification:_identify(src/ctl_mission) by extensions ['ros']
[0.384s] Level 1:colcon.colcon_core.package_identification:_identify(src/ctl_mission) by extension 'ros'
[0.384s] Level 1:colcon.colcon_core.package_identification:_identify(src/ctl_mission) by extensions ['cmake', 'python']
[0.384s] Level 1:colcon.colcon_core.package_identification:_identify(src/ctl_mission) by extension 'cmake'
[0.384s] Level 1:colcon.colcon_core.package_identification:_identify(src/ctl_mission) by extension 'python'
[0.384s] Level 1:colcon.colcon_core.package_identification:_identify(src/ctl_mission) by extensions ['python_setup_py']
[0.384s] Level 1:colcon.colcon_core.package_identification:_identify(src/ctl_mission) by extension 'python_setup_py'
[0.384s] Level 1:colcon.colcon_core.package_identification:_identify(src/ctl_mission/ctl_mission) by extensions ['ignore', 'ignore_ament_install']
[0.384s] Level 1:colcon.colcon_core.package_identification:_identify(src/ctl_mission/ctl_mission) by extension 'ignore'
[0.384s] Level 1:colcon.colcon_core.package_identification:_identify(src/ctl_mission/ctl_mission) by extension 'ignore_ament_install'
[0.385s] Level 1:colcon.colcon_core.package_identification:_identify(src/ctl_mission/ctl_mission) by extensions ['colcon_pkg']
[0.385s] Level 1:colcon.colcon_core.package_identification:_identify(src/ctl_mission/ctl_mission) by extension 'colcon_pkg'
[0.385s] Level 1:colcon.colcon_core.package_identification:_identify(src/ctl_mission/ctl_mission) by extensions ['colcon_meta']
[0.385s] Level 1:colcon.colcon_core.package_identification:_identify(src/ctl_mission/ctl_mission) by extension 'colcon_meta'
[0.385s] Level 1:colcon.colcon_core.package_identification:_identify(src/ctl_mission/ctl_mission) by extensions ['ros']
[0.385s] Level 1:colcon.colcon_core.package_identification:_identify(src/ctl_mission/ctl_mission) by extension 'ros'
[0.385s] DEBUG:colcon.colcon_core.package_identification:Package 'src/ctl_mission/ctl_mission' with type 'ros.ament_cmake' and name 'ctl_mission'
[0.385s] Level 1:colcon.colcon_core.package_identification:_identify(src/ctl_mission/ctl_mission_interfaces) by extensions ['ignore', 'ignore_ament_install']
[0.385s] Level 1:colcon.colcon_core.package_identification:_identify(src/ctl_mission/ctl_mission_interfaces) by extension 'ignore'
[0.385s] Level 1:colcon.colcon_core.package_identification:_identify(src/ctl_mission/ctl_mission_interfaces) by extension 'ignore_ament_install'
[0.385s] Level 1:colcon.colcon_core.package_identification:_identify(src/ctl_mission/ctl_mission_interfaces) by extensions ['colcon_pkg']
[0.385s] Level 1:colcon.colcon_core.package_identification:_identify(src/ctl_mission/ctl_mission_interfaces) by extension 'colcon_pkg'
[0.385s] Level 1:colcon.colcon_core.package_identification:_identify(src/ctl_mission/ctl_mission_interfaces) by extensions ['colcon_meta']
[0.385s] Level 1:colcon.colcon_core.package_identification:_identify(src/ctl_mission/ctl_mission_interfaces) by extension 'colcon_meta'
[0.385s] Level 1:colcon.colcon_core.package_identification:_identify(src/ctl_mission/ctl_mission_interfaces) by extensions ['ros']
[0.385s] Level 1:colcon.colcon_core.package_identification:_identify(src/ctl_mission/ctl_mission_interfaces) by extension 'ros'
[0.386s] DEBUG:colcon.colcon_core.package_identification:Package 'src/ctl_mission/ctl_mission_interfaces' with type 'ros.ament_cmake' and name 'ctl_mission_interfaces'
[0.386s] Level 1:colcon.colcon_core.package_identification:_identify(src/ctl_mission/images) by extensions ['ignore', 'ignore_ament_install']
[0.386s] Level 1:colcon.colcon_core.package_identification:_identify(src/ctl_mission/images) by extension 'ignore'
[0.386s] Level 1:colcon.colcon_core.package_identification:_identify(src/ctl_mission/images) by extension 'ignore_ament_install'
[0.386s] Level 1:colcon.colcon_core.package_identification:_identify(src/ctl_mission/images) by extensions ['colcon_pkg']
[0.386s] Level 1:colcon.colcon_core.package_identification:_identify(src/ctl_mission/images) by extension 'colcon_pkg'
[0.386s] Level 1:colcon.colcon_core.package_identification:_identify(src/ctl_mission/images) by extensions ['colcon_meta']
[0.386s] Level 1:colcon.colcon_core.package_identification:_identify(src/ctl_mission/images) by extension 'colcon_meta'
[0.386s] Level 1:colcon.colcon_core.package_identification:_identify(src/ctl_mission/images) by extensions ['ros']
[0.386s] Level 1:colcon.colcon_core.package_identification:_identify(src/ctl_mission/images) by extension 'ros'
[0.386s] Level 1:colcon.colcon_core.package_identification:_identify(src/ctl_mission/images) by extensions ['cmake', 'python']
[0.386s] Level 1:colcon.colcon_core.package_identification:_identify(src/ctl_mission/images) by extension 'cmake'
[0.386s] Level 1:colcon.colcon_core.package_identification:_identify(src/ctl_mission/images) by extension 'python'
[0.386s] Level 1:colcon.colcon_core.package_identification:_identify(src/ctl_mission/images) by extensions ['python_setup_py']
[0.386s] Level 1:colcon.colcon_core.package_identification:_identify(src/ctl_mission/images) by extension 'python_setup_py'
[0.386s] Level 1:colcon.colcon_core.package_identification:_identify(src/gazebo_sim_pkgs) by extensions ['ignore', 'ignore_ament_install']
[0.386s] Level 1:colcon.colcon_core.package_identification:_identify(src/gazebo_sim_pkgs) by extension 'ignore'
[0.386s] Level 1:colcon.colcon_core.package_identification:_identify(src/gazebo_sim_pkgs) by extension 'ignore_ament_install'
[0.386s] Level 1:colcon.colcon_core.package_identification:_identify(src/gazebo_sim_pkgs) by extensions ['colcon_pkg']
[0.386s] Level 1:colcon.colcon_core.package_identification:_identify(src/gazebo_sim_pkgs) by extension 'colcon_pkg'
[0.386s] Level 1:colcon.colcon_core.package_identification:_identify(src/gazebo_sim_pkgs) by extensions ['colcon_meta']
[0.387s] Level 1:colcon.colcon_core.package_identification:_identify(src/gazebo_sim_pkgs) by extension 'colcon_meta'
[0.387s] Level 1:colcon.colcon_core.package_identification:_identify(src/gazebo_sim_pkgs) by extensions ['ros']
[0.387s] Level 1:colcon.colcon_core.package_identification:_identify(src/gazebo_sim_pkgs) by extension 'ros'
[0.387s] Level 1:colcon.colcon_core.package_identification:_identify(src/gazebo_sim_pkgs) by extensions ['cmake', 'python']
[0.387s] Level 1:colcon.colcon_core.package_identification:_identify(src/gazebo_sim_pkgs) by extension 'cmake'
[0.387s] Level 1:colcon.colcon_core.package_identification:_identify(src/gazebo_sim_pkgs) by extension 'python'
[0.387s] Level 1:colcon.colcon_core.package_identification:_identify(src/gazebo_sim_pkgs) by extensions ['python_setup_py']
[0.387s] Level 1:colcon.colcon_core.package_identification:_identify(src/gazebo_sim_pkgs) by extension 'python_setup_py'
[0.387s] Level 1:colcon.colcon_core.package_identification:_identify(src/gazebo_sim_pkgs/fix_position_pkg) by extensions ['ignore', 'ignore_ament_install']
[0.387s] Level 1:colcon.colcon_core.package_identification:_identify(src/gazebo_sim_pkgs/fix_position_pkg) by extension 'ignore'
[0.387s] Level 1:colcon.colcon_core.package_identification:_identify(src/gazebo_sim_pkgs/fix_position_pkg) by extension 'ignore_ament_install'
[0.387s] Level 1:colcon.colcon_core.package_identification:_identify(src/gazebo_sim_pkgs/fix_position_pkg) by extensions ['colcon_pkg']
[0.387s] Level 1:colcon.colcon_core.package_identification:_identify(src/gazebo_sim_pkgs/fix_position_pkg) by extension 'colcon_pkg'
[0.387s] Level 1:colcon.colcon_core.package_identification:_identify(src/gazebo_sim_pkgs/fix_position_pkg) by extensions ['colcon_meta']
[0.387s] Level 1:colcon.colcon_core.package_identification:_identify(src/gazebo_sim_pkgs/fix_position_pkg) by extension 'colcon_meta'
[0.387s] Level 1:colcon.colcon_core.package_identification:_identify(src/gazebo_sim_pkgs/fix_position_pkg) by extensions ['ros']
[0.387s] Level 1:colcon.colcon_core.package_identification:_identify(src/gazebo_sim_pkgs/fix_position_pkg) by extension 'ros'
[0.388s] DEBUG:colcon.colcon_core.package_identification:Package 'src/gazebo_sim_pkgs/fix_position_pkg' with type 'ros.ament_cmake' and name 'fixposition_sensor_pkg'
[0.388s] Level 1:colcon.colcon_core.package_identification:_identify(src/gazebo_sim_pkgs/j8_xacro_model) by extensions ['ignore', 'ignore_ament_install']
[0.388s] Level 1:colcon.colcon_core.package_identification:_identify(src/gazebo_sim_pkgs/j8_xacro_model) by extension 'ignore'
[0.388s] Level 1:colcon.colcon_core.package_identification:_identify(src/gazebo_sim_pkgs/j8_xacro_model) by extension 'ignore_ament_install'
[0.388s] Level 1:colcon.colcon_core.package_identification:_identify(src/gazebo_sim_pkgs/j8_xacro_model) by extensions ['colcon_pkg']
[0.388s] Level 1:colcon.colcon_core.package_identification:_identify(src/gazebo_sim_pkgs/j8_xacro_model) by extension 'colcon_pkg'
[0.388s] Level 1:colcon.colcon_core.package_identification:_identify(src/gazebo_sim_pkgs/j8_xacro_model) by extensions ['colcon_meta']
[0.388s] Level 1:colcon.colcon_core.package_identification:_identify(src/gazebo_sim_pkgs/j8_xacro_model) by extension 'colcon_meta'
[0.388s] Level 1:colcon.colcon_core.package_identification:_identify(src/gazebo_sim_pkgs/j8_xacro_model) by extensions ['ros']
[0.388s] Level 1:colcon.colcon_core.package_identification:_identify(src/gazebo_sim_pkgs/j8_xacro_model) by extension 'ros'
[0.389s] DEBUG:colcon.colcon_core.package_identification:Package 'src/gazebo_sim_pkgs/j8_xacro_model' with type 'ros.ament_cmake' and name 'j8_xacro_model'
[0.389s] Level 1:colcon.colcon_core.package_identification:_identify(src/gui) by extensions ['ignore', 'ignore_ament_install']
[0.389s] Level 1:colcon.colcon_core.package_identification:_identify(src/gui) by extension 'ignore'
[0.389s] Level 1:colcon.colcon_core.package_identification:_identify(src/gui) by extension 'ignore_ament_install'
[0.389s] Level 1:colcon.colcon_core.package_identification:_identify(src/gui) by extensions ['colcon_pkg']
[0.389s] Level 1:colcon.colcon_core.package_identification:_identify(src/gui) by extension 'colcon_pkg'
[0.389s] Level 1:colcon.colcon_core.package_identification:_identify(src/gui) by extensions ['colcon_meta']
[0.389s] Level 1:colcon.colcon_core.package_identification:_identify(src/gui) by extension 'colcon_meta'
[0.389s] Level 1:colcon.colcon_core.package_identification:_identify(src/gui) by extensions ['ros']
[0.389s] Level 1:colcon.colcon_core.package_identification:_identify(src/gui) by extension 'ros'
[0.389s] DEBUG:colcon.colcon_core.package_identification:Package 'src/gui' with type 'ros.ament_python' and name 'gui'
[0.389s] Level 1:colcon.colcon_core.package_identification:_identify(src/hector_gazebo) by extensions ['ignore', 'ignore_ament_install']
[0.389s] Level 1:colcon.colcon_core.package_identification:_identify(src/hector_gazebo) by extension 'ignore'
[0.389s] Level 1:colcon.colcon_core.package_identification:_identify(src/hector_gazebo) by extension 'ignore_ament_install'
[0.389s] Level 1:colcon.colcon_core.package_identification:_identify(src/hector_gazebo) by extensions ['colcon_pkg']
[0.390s] Level 1:colcon.colcon_core.package_identification:_identify(src/hector_gazebo) by extension 'colcon_pkg'
[0.390s] Level 1:colcon.colcon_core.package_identification:_identify(src/hector_gazebo) by extensions ['colcon_meta']
[0.390s] Level 1:colcon.colcon_core.package_identification:_identify(src/hector_gazebo) by extension 'colcon_meta'
[0.390s] Level 1:colcon.colcon_core.package_identification:_identify(src/hector_gazebo) by extensions ['ros']
[0.390s] Level 1:colcon.colcon_core.package_identification:_identify(src/hector_gazebo) by extension 'ros'
[0.390s] DEBUG:colcon.colcon_core.package_identification:Package 'src/hector_gazebo' with type 'ros.ament_cmake' and name 'hector_gazebo_plugins'
[0.390s] Level 1:colcon.colcon_core.package_identification:_identify(src/hikmicro_thermal_camera) by extensions ['ignore', 'ignore_ament_install']
[0.390s] Level 1:colcon.colcon_core.package_identification:_identify(src/hikmicro_thermal_camera) by extension 'ignore'
[0.390s] Level 1:colcon.colcon_core.package_identification:_identify(src/hikmicro_thermal_camera) by extension 'ignore_ament_install'
[0.390s] Level 1:colcon.colcon_core.package_identification:_identify(src/hikmicro_thermal_camera) by extensions ['colcon_pkg']
[0.390s] Level 1:colcon.colcon_core.package_identification:_identify(src/hikmicro_thermal_camera) by extension 'colcon_pkg'
[0.390s] Level 1:colcon.colcon_core.package_identification:_identify(src/hikmicro_thermal_camera) by extensions ['colcon_meta']
[0.390s] Level 1:colcon.colcon_core.package_identification:_identify(src/hikmicro_thermal_camera) by extension 'colcon_meta'
[0.390s] Level 1:colcon.colcon_core.package_identification:_identify(src/hikmicro_thermal_camera) by extensions ['ros']
[0.390s] Level 1:colcon.colcon_core.package_identification:_identify(src/hikmicro_thermal_camera) by extension 'ros'
[0.391s] DEBUG:colcon.colcon_core.package_identification:Package 'src/hikmicro_thermal_camera' with type 'ros.ament_cmake' and name 'hikmicro_thermal_camera'
[0.391s] Level 1:colcon.colcon_core.package_identification:_identify(src/j8_joystick) by extensions ['ignore', 'ignore_ament_install']
[0.391s] Level 1:colcon.colcon_core.package_identification:_identify(src/j8_joystick) by extension 'ignore'
[0.391s] Level 1:colcon.colcon_core.package_identification:_identify(src/j8_joystick) by extension 'ignore_ament_install'
[0.391s] Level 1:colcon.colcon_core.package_identification:_identify(src/j8_joystick) by extensions ['colcon_pkg']
[0.391s] Level 1:colcon.colcon_core.package_identification:_identify(src/j8_joystick) by extension 'colcon_pkg'
[0.391s] Level 1:colcon.colcon_core.package_identification:_identify(src/j8_joystick) by extensions ['colcon_meta']
[0.391s] Level 1:colcon.colcon_core.package_identification:_identify(src/j8_joystick) by extension 'colcon_meta'
[0.391s] Level 1:colcon.colcon_core.package_identification:_identify(src/j8_joystick) by extensions ['ros']
[0.391s] Level 1:colcon.colcon_core.package_identification:_identify(src/j8_joystick) by extension 'ros'
[0.391s] Level 1:colcon.colcon_core.package_identification:_identify(src/j8_joystick) by extensions ['cmake', 'python']
[0.391s] Level 1:colcon.colcon_core.package_identification:_identify(src/j8_joystick) by extension 'cmake'
[0.391s] Level 1:colcon.colcon_core.package_identification:_identify(src/j8_joystick) by extension 'python'
[0.391s] Level 1:colcon.colcon_core.package_identification:_identify(src/j8_joystick) by extensions ['python_setup_py']
[0.391s] Level 1:colcon.colcon_core.package_identification:_identify(src/j8_joystick) by extension 'python_setup_py'
[0.391s] Level 1:colcon.colcon_core.package_identification:_identify(src/j8_joystick/joy) by extensions ['ignore', 'ignore_ament_install']
[0.391s] Level 1:colcon.colcon_core.package_identification:_identify(src/j8_joystick/joy) by extension 'ignore'
[0.391s] Level 1:colcon.colcon_core.package_identification:_identify(src/j8_joystick/joy) by extension 'ignore_ament_install'
[0.391s] Level 1:colcon.colcon_core.package_identification:_identify(src/j8_joystick/joy) by extensions ['colcon_pkg']
[0.391s] Level 1:colcon.colcon_core.package_identification:_identify(src/j8_joystick/joy) by extension 'colcon_pkg'
[0.391s] Level 1:colcon.colcon_core.package_identification:_identify(src/j8_joystick/joy) by extensions ['colcon_meta']
[0.391s] Level 1:colcon.colcon_core.package_identification:_identify(src/j8_joystick/joy) by extension 'colcon_meta'
[0.392s] Level 1:colcon.colcon_core.package_identification:_identify(src/j8_joystick/joy) by extensions ['ros']
[0.392s] Level 1:colcon.colcon_core.package_identification:_identify(src/j8_joystick/joy) by extension 'ros'
[0.392s] DEBUG:colcon.colcon_core.package_identification:Package 'src/j8_joystick/joy' with type 'ros.ament_cmake' and name 'joy'
[0.392s] Level 1:colcon.colcon_core.package_identification:_identify(src/j8_joystick/joy_linux) by extensions ['ignore', 'ignore_ament_install']
[0.392s] Level 1:colcon.colcon_core.package_identification:_identify(src/j8_joystick/joy_linux) by extension 'ignore'
[0.392s] Level 1:colcon.colcon_core.package_identification:_identify(src/j8_joystick/joy_linux) by extension 'ignore_ament_install'
[0.392s] Level 1:colcon.colcon_core.package_identification:_identify(src/j8_joystick/joy_linux) by extensions ['colcon_pkg']
[0.392s] Level 1:colcon.colcon_core.package_identification:_identify(src/j8_joystick/joy_linux) by extension 'colcon_pkg'
[0.392s] Level 1:colcon.colcon_core.package_identification:_identify(src/j8_joystick/joy_linux) by extensions ['colcon_meta']
[0.392s] Level 1:colcon.colcon_core.package_identification:_identify(src/j8_joystick/joy_linux) by extension 'colcon_meta'
[0.392s] Level 1:colcon.colcon_core.package_identification:_identify(src/j8_joystick/joy_linux) by extensions ['ros']
[0.392s] Level 1:colcon.colcon_core.package_identification:_identify(src/j8_joystick/joy_linux) by extension 'ros'
[0.393s] DEBUG:colcon.colcon_core.package_identification:Package 'src/j8_joystick/joy_linux' with type 'ros.ament_cmake' and name 'joy_linux'
[0.393s] Level 1:colcon.colcon_core.package_identification:_identify(src/j8_joystick/joystick_drivers) by extensions ['ignore', 'ignore_ament_install']
[0.393s] Level 1:colcon.colcon_core.package_identification:_identify(src/j8_joystick/joystick_drivers) by extension 'ignore'
[0.393s] Level 1:colcon.colcon_core.package_identification:_identify(src/j8_joystick/joystick_drivers) by extension 'ignore_ament_install'
[0.393s] Level 1:colcon.colcon_core.package_identification:_identify(src/j8_joystick/joystick_drivers) by extensions ['colcon_pkg']
[0.393s] Level 1:colcon.colcon_core.package_identification:_identify(src/j8_joystick/joystick_drivers) by extension 'colcon_pkg'
[0.393s] Level 1:colcon.colcon_core.package_identification:_identify(src/j8_joystick/joystick_drivers) by extensions ['colcon_meta']
[0.394s] Level 1:colcon.colcon_core.package_identification:_identify(src/j8_joystick/joystick_drivers) by extension 'colcon_meta'
[0.394s] Level 1:colcon.colcon_core.package_identification:_identify(src/j8_joystick/joystick_drivers) by extensions ['ros']
[0.394s] Level 1:colcon.colcon_core.package_identification:_identify(src/j8_joystick/joystick_drivers) by extension 'ros'
[0.394s] Level 1:colcon.colcon_core.package_identification:_identify(src/j8_joystick/joystick_drivers) ignored
[0.394s] Level 1:colcon.colcon_core.package_identification:_identify(src/j8_joystick/ps3joy) by extensions ['ignore', 'ignore_ament_install']
[0.394s] Level 1:colcon.colcon_core.package_identification:_identify(src/j8_joystick/ps3joy) by extension 'ignore'
[0.394s] Level 1:colcon.colcon_core.package_identification:_identify(src/j8_joystick/ps3joy) by extension 'ignore_ament_install'
[0.394s] Level 1:colcon.colcon_core.package_identification:_identify(src/j8_joystick/ps3joy) by extensions ['colcon_pkg']
[0.394s] Level 1:colcon.colcon_core.package_identification:_identify(src/j8_joystick/ps3joy) by extension 'colcon_pkg'
[0.394s] Level 1:colcon.colcon_core.package_identification:_identify(src/j8_joystick/ps3joy) by extensions ['colcon_meta']
[0.394s] Level 1:colcon.colcon_core.package_identification:_identify(src/j8_joystick/ps3joy) by extension 'colcon_meta'
[0.394s] Level 1:colcon.colcon_core.package_identification:_identify(src/j8_joystick/ps3joy) by extensions ['ros']
[0.394s] Level 1:colcon.colcon_core.package_identification:_identify(src/j8_joystick/ps3joy) by extension 'ros'
[0.394s] Level 1:colcon.colcon_core.package_identification:_identify(src/j8_joystick/ps3joy) ignored
[0.394s] Level 1:colcon.colcon_core.package_identification:_identify(src/j8_joystick/sdl2_vendor) by extensions ['ignore', 'ignore_ament_install']
[0.394s] Level 1:colcon.colcon_core.package_identification:_identify(src/j8_joystick/sdl2_vendor) by extension 'ignore'
[0.394s] Level 1:colcon.colcon_core.package_identification:_identify(src/j8_joystick/sdl2_vendor) by extension 'ignore_ament_install'
[0.394s] Level 1:colcon.colcon_core.package_identification:_identify(src/j8_joystick/sdl2_vendor) by extensions ['colcon_pkg']
[0.394s] Level 1:colcon.colcon_core.package_identification:_identify(src/j8_joystick/sdl2_vendor) by extension 'colcon_pkg'
[0.394s] Level 1:colcon.colcon_core.package_identification:_identify(src/j8_joystick/sdl2_vendor) by extensions ['colcon_meta']
[0.394s] Level 1:colcon.colcon_core.package_identification:_identify(src/j8_joystick/sdl2_vendor) by extension 'colcon_meta'
[0.394s] Level 1:colcon.colcon_core.package_identification:_identify(src/j8_joystick/sdl2_vendor) by extensions ['ros']
[0.394s] Level 1:colcon.colcon_core.package_identification:_identify(src/j8_joystick/sdl2_vendor) by extension 'ros'
[0.394s] DEBUG:colcon.colcon_core.package_identification:Package 'src/j8_joystick/sdl2_vendor' with type 'ros.ament_cmake' and name 'sdl2_vendor'
[0.395s] Level 1:colcon.colcon_core.package_identification:_identify(src/j8_joystick/spacenav) by extensions ['ignore', 'ignore_ament_install']
[0.395s] Level 1:colcon.colcon_core.package_identification:_identify(src/j8_joystick/spacenav) by extension 'ignore'
[0.395s] Level 1:colcon.colcon_core.package_identification:_identify(src/j8_joystick/spacenav) by extension 'ignore_ament_install'
[0.395s] Level 1:colcon.colcon_core.package_identification:_identify(src/j8_joystick/spacenav) by extensions ['colcon_pkg']
[0.395s] Level 1:colcon.colcon_core.package_identification:_identify(src/j8_joystick/spacenav) by extension 'colcon_pkg'
[0.395s] Level 1:colcon.colcon_core.package_identification:_identify(src/j8_joystick/spacenav) by extensions ['colcon_meta']
[0.395s] Level 1:colcon.colcon_core.package_identification:_identify(src/j8_joystick/spacenav) by extension 'colcon_meta'
[0.395s] Level 1:colcon.colcon_core.package_identification:_identify(src/j8_joystick/spacenav) by extensions ['ros']
[0.395s] Level 1:colcon.colcon_core.package_identification:_identify(src/j8_joystick/spacenav) by extension 'ros'
[0.395s] DEBUG:colcon.colcon_core.package_identification:Package 'src/j8_joystick/spacenav' with type 'ros.ament_cmake' and name 'spacenav'
[0.395s] Level 1:colcon.colcon_core.package_identification:_identify(src/j8_joystick/wiimote_msgs) by extensions ['ignore', 'ignore_ament_install']
[0.395s] Level 1:colcon.colcon_core.package_identification:_identify(src/j8_joystick/wiimote_msgs) by extension 'ignore'
[0.395s] Level 1:colcon.colcon_core.package_identification:_identify(src/j8_joystick/wiimote_msgs) by extension 'ignore_ament_install'
[0.395s] Level 1:colcon.colcon_core.package_identification:_identify(src/j8_joystick/wiimote_msgs) by extensions ['colcon_pkg']
[0.395s] Level 1:colcon.colcon_core.package_identification:_identify(src/j8_joystick/wiimote_msgs) by extension 'colcon_pkg'
[0.395s] Level 1:colcon.colcon_core.package_identification:_identify(src/j8_joystick/wiimote_msgs) by extensions ['colcon_meta']
[0.395s] Level 1:colcon.colcon_core.package_identification:_identify(src/j8_joystick/wiimote_msgs) by extension 'colcon_meta'
[0.395s] Level 1:colcon.colcon_core.package_identification:_identify(src/j8_joystick/wiimote_msgs) by extensions ['ros']
[0.396s] Level 1:colcon.colcon_core.package_identification:_identify(src/j8_joystick/wiimote_msgs) by extension 'ros'
[0.396s] DEBUG:colcon.colcon_core.package_identification:Package 'src/j8_joystick/wiimote_msgs' with type 'ros.ament_cmake' and name 'wiimote_msgs'
[0.396s] Level 1:colcon.colcon_core.package_identification:_identify(src/lidar_process_pkgs) by extensions ['ignore', 'ignore_ament_install']
[0.396s] Level 1:colcon.colcon_core.package_identification:_identify(src/lidar_process_pkgs) by extension 'ignore'
[0.396s] Level 1:colcon.colcon_core.package_identification:_identify(src/lidar_process_pkgs) by extension 'ignore_ament_install'
[0.396s] Level 1:colcon.colcon_core.package_identification:_identify(src/lidar_process_pkgs) by extensions ['colcon_pkg']
[0.396s] Level 1:colcon.colcon_core.package_identification:_identify(src/lidar_process_pkgs) by extension 'colcon_pkg'
[0.396s] Level 1:colcon.colcon_core.package_identification:_identify(src/lidar_process_pkgs) by extensions ['colcon_meta']
[0.396s] Level 1:colcon.colcon_core.package_identification:_identify(src/lidar_process_pkgs) by extension 'colcon_meta'
[0.396s] Level 1:colcon.colcon_core.package_identification:_identify(src/lidar_process_pkgs) by extensions ['ros']
[0.396s] Level 1:colcon.colcon_core.package_identification:_identify(src/lidar_process_pkgs) by extension 'ros'
[0.396s] Level 1:colcon.colcon_core.package_identification:_identify(src/lidar_process_pkgs) by extensions ['cmake', 'python']
[0.396s] Level 1:colcon.colcon_core.package_identification:_identify(src/lidar_process_pkgs) by extension 'cmake'
[0.396s] Level 1:colcon.colcon_core.package_identification:_identify(src/lidar_process_pkgs) by extension 'python'
[0.396s] Level 1:colcon.colcon_core.package_identification:_identify(src/lidar_process_pkgs) by extensions ['python_setup_py']
[0.396s] Level 1:colcon.colcon_core.package_identification:_identify(src/lidar_process_pkgs) by extension 'python_setup_py'
[0.396s] Level 1:colcon.colcon_core.package_identification:_identify(src/lidar_process_pkgs/laser_segmentation) by extensions ['ignore', 'ignore_ament_install']
[0.396s] Level 1:colcon.colcon_core.package_identification:_identify(src/lidar_process_pkgs/laser_segmentation) by extension 'ignore'
[0.396s] Level 1:colcon.colcon_core.package_identification:_identify(src/lidar_process_pkgs/laser_segmentation) by extension 'ignore_ament_install'
[0.397s] Level 1:colcon.colcon_core.package_identification:_identify(src/lidar_process_pkgs/laser_segmentation) by extensions ['colcon_pkg']
[0.397s] Level 1:colcon.colcon_core.package_identification:_identify(src/lidar_process_pkgs/laser_segmentation) by extension 'colcon_pkg'
[0.397s] Level 1:colcon.colcon_core.package_identification:_identify(src/lidar_process_pkgs/laser_segmentation) by extensions ['colcon_meta']
[0.397s] Level 1:colcon.colcon_core.package_identification:_identify(src/lidar_process_pkgs/laser_segmentation) by extension 'colcon_meta'
[0.397s] Level 1:colcon.colcon_core.package_identification:_identify(src/lidar_process_pkgs/laser_segmentation) by extensions ['ros']
[0.397s] Level 1:colcon.colcon_core.package_identification:_identify(src/lidar_process_pkgs/laser_segmentation) by extension 'ros'
[0.397s] DEBUG:colcon.colcon_core.package_identification:Package 'src/lidar_process_pkgs/laser_segmentation' with type 'ros.ament_cmake' and name 'laser_segmentation'
[0.397s] Level 1:colcon.colcon_core.package_identification:_identify(src/lidar_process_pkgs/slg_msgs) by extensions ['ignore', 'ignore_ament_install']
[0.397s] Level 1:colcon.colcon_core.package_identification:_identify(src/lidar_process_pkgs/slg_msgs) by extension 'ignore'
[0.397s] Level 1:colcon.colcon_core.package_identification:_identify(src/lidar_process_pkgs/slg_msgs) by extension 'ignore_ament_install'
[0.397s] Level 1:colcon.colcon_core.package_identification:_identify(src/lidar_process_pkgs/slg_msgs) by extensions ['colcon_pkg']
[0.397s] Level 1:colcon.colcon_core.package_identification:_identify(src/lidar_process_pkgs/slg_msgs) by extension 'colcon_pkg'
[0.397s] Level 1:colcon.colcon_core.package_identification:_identify(src/lidar_process_pkgs/slg_msgs) by extensions ['colcon_meta']
[0.397s] Level 1:colcon.colcon_core.package_identification:_identify(src/lidar_process_pkgs/slg_msgs) by extension 'colcon_meta'
[0.398s] Level 1:colcon.colcon_core.package_identification:_identify(src/lidar_process_pkgs/slg_msgs) by extensions ['ros']
[0.398s] Level 1:colcon.colcon_core.package_identification:_identify(src/lidar_process_pkgs/slg_msgs) by extension 'ros'
[0.403s] DEBUG:colcon.colcon_core.package_identification:Package 'src/lidar_process_pkgs/slg_msgs' with type 'ros.ament_cmake' and name 'slg_msgs'
[0.403s] Level 1:colcon.colcon_core.package_identification:_identify(src/path_manager) by extensions ['ignore', 'ignore_ament_install']
[0.403s] Level 1:colcon.colcon_core.package_identification:_identify(src/path_manager) by extension 'ignore'
[0.403s] Level 1:colcon.colcon_core.package_identification:_identify(src/path_manager) by extension 'ignore_ament_install'
[0.403s] Level 1:colcon.colcon_core.package_identification:_identify(src/path_manager) by extensions ['colcon_pkg']
[0.403s] Level 1:colcon.colcon_core.package_identification:_identify(src/path_manager) by extension 'colcon_pkg'
[0.403s] Level 1:colcon.colcon_core.package_identification:_identify(src/path_manager) by extensions ['colcon_meta']
[0.403s] Level 1:colcon.colcon_core.package_identification:_identify(src/path_manager) by extension 'colcon_meta'
[0.403s] Level 1:colcon.colcon_core.package_identification:_identify(src/path_manager) by extensions ['ros']
[0.403s] Level 1:colcon.colcon_core.package_identification:_identify(src/path_manager) by extension 'ros'
[0.403s] Level 1:colcon.colcon_core.package_identification:_identify(src/path_manager) by extensions ['cmake', 'python']
[0.403s] Level 1:colcon.colcon_core.package_identification:_identify(src/path_manager) by extension 'cmake'
[0.403s] Level 1:colcon.colcon_core.package_identification:_identify(src/path_manager) by extension 'python'
[0.403s] Level 1:colcon.colcon_core.package_identification:_identify(src/path_manager) by extensions ['python_setup_py']
[0.403s] Level 1:colcon.colcon_core.package_identification:_identify(src/path_manager) by extension 'python_setup_py'
[0.403s] Level 1:colcon.colcon_core.package_identification:_identify(src/path_manager/path_manager) by extensions ['ignore', 'ignore_ament_install']
[0.404s] Level 1:colcon.colcon_core.package_identification:_identify(src/path_manager/path_manager) by extension 'ignore'
[0.404s] Level 1:colcon.colcon_core.package_identification:_identify(src/path_manager/path_manager) by extension 'ignore_ament_install'
[0.404s] Level 1:colcon.colcon_core.package_identification:_identify(src/path_manager/path_manager) by extensions ['colcon_pkg']
[0.404s] Level 1:colcon.colcon_core.package_identification:_identify(src/path_manager/path_manager) by extension 'colcon_pkg'
[0.404s] Level 1:colcon.colcon_core.package_identification:_identify(src/path_manager/path_manager) by extensions ['colcon_meta']
[0.404s] Level 1:colcon.colcon_core.package_identification:_identify(src/path_manager/path_manager) by extension 'colcon_meta'
[0.404s] Level 1:colcon.colcon_core.package_identification:_identify(src/path_manager/path_manager) by extensions ['ros']
[0.404s] Level 1:colcon.colcon_core.package_identification:_identify(src/path_manager/path_manager) by extension 'ros'
[0.404s] DEBUG:colcon.colcon_core.package_identification:Package 'src/path_manager/path_manager' with type 'ros.ament_cmake' and name 'path_manager'
[0.404s] Level 1:colcon.colcon_core.package_identification:_identify(src/path_manager/path_manager_interfaces) by extensions ['ignore', 'ignore_ament_install']
[0.404s] Level 1:colcon.colcon_core.package_identification:_identify(src/path_manager/path_manager_interfaces) by extension 'ignore'
[0.404s] Level 1:colcon.colcon_core.package_identification:_identify(src/path_manager/path_manager_interfaces) by extension 'ignore_ament_install'
[0.404s] Level 1:colcon.colcon_core.package_identification:_identify(src/path_manager/path_manager_interfaces) by extensions ['colcon_pkg']
[0.404s] Level 1:colcon.colcon_core.package_identification:_identify(src/path_manager/path_manager_interfaces) by extension 'colcon_pkg'
[0.404s] Level 1:colcon.colcon_core.package_identification:_identify(src/path_manager/path_manager_interfaces) by extensions ['colcon_meta']
[0.404s] Level 1:colcon.colcon_core.package_identification:_identify(src/path_manager/path_manager_interfaces) by extension 'colcon_meta'
[0.404s] Level 1:colcon.colcon_core.package_identification:_identify(src/path_manager/path_manager_interfaces) by extensions ['ros']
[0.404s] Level 1:colcon.colcon_core.package_identification:_identify(src/path_manager/path_manager_interfaces) by extension 'ros'
[0.405s] DEBUG:colcon.colcon_core.package_identification:Package 'src/path_manager/path_manager_interfaces' with type 'ros.ament_cmake' and name 'path_manager_interfaces'
[0.405s] Level 1:colcon.colcon_core.package_identification:_identify(src/security_check) by extensions ['ignore', 'ignore_ament_install']
[0.405s] Level 1:colcon.colcon_core.package_identification:_identify(src/security_check) by extension 'ignore'
[0.405s] Level 1:colcon.colcon_core.package_identification:_identify(src/security_check) by extension 'ignore_ament_install'
[0.405s] Level 1:colcon.colcon_core.package_identification:_identify(src/security_check) by extensions ['colcon_pkg']
[0.405s] Level 1:colcon.colcon_core.package_identification:_identify(src/security_check) by extension 'colcon_pkg'
[0.405s] Level 1:colcon.colcon_core.package_identification:_identify(src/security_check) by extensions ['colcon_meta']
[0.405s] Level 1:colcon.colcon_core.package_identification:_identify(src/security_check) by extension 'colcon_meta'
[0.405s] Level 1:colcon.colcon_core.package_identification:_identify(src/security_check) by extensions ['ros']
[0.405s] Level 1:colcon.colcon_core.package_identification:_identify(src/security_check) by extension 'ros'
[0.405s] Level 1:colcon.colcon_core.package_identification:_identify(src/security_check) by extensions ['cmake', 'python']
[0.405s] Level 1:colcon.colcon_core.package_identification:_identify(src/security_check) by extension 'cmake'
[0.405s] Level 1:colcon.colcon_core.package_identification:_identify(src/security_check) by extension 'python'
[0.405s] Level 1:colcon.colcon_core.package_identification:_identify(src/security_check) by extensions ['python_setup_py']
[0.405s] Level 1:colcon.colcon_core.package_identification:_identify(src/security_check) by extension 'python_setup_py'
[0.405s] Level 1:colcon.colcon_core.package_identification:_identify(src/security_check/security_check) by extensions ['ignore', 'ignore_ament_install']
[0.405s] Level 1:colcon.colcon_core.package_identification:_identify(src/security_check/security_check) by extension 'ignore'
[0.405s] Level 1:colcon.colcon_core.package_identification:_identify(src/security_check/security_check) by extension 'ignore_ament_install'
[0.405s] Level 1:colcon.colcon_core.package_identification:_identify(src/security_check/security_check) by extensions ['colcon_pkg']
[0.405s] Level 1:colcon.colcon_core.package_identification:_identify(src/security_check/security_check) by extension 'colcon_pkg'
[0.405s] Level 1:colcon.colcon_core.package_identification:_identify(src/security_check/security_check) by extensions ['colcon_meta']
[0.405s] Level 1:colcon.colcon_core.package_identification:_identify(src/security_check/security_check) by extension 'colcon_meta'
[0.405s] Level 1:colcon.colcon_core.package_identification:_identify(src/security_check/security_check) by extensions ['ros']
[0.405s] Level 1:colcon.colcon_core.package_identification:_identify(src/security_check/security_check) by extension 'ros'
[0.406s] DEBUG:colcon.colcon_core.package_identification:Package 'src/security_check/security_check' with type 'ros.ament_cmake' and name 'security_check'
[0.406s] Level 1:colcon.colcon_core.package_identification:_identify(src/security_check/security_check_interfaces) by extensions ['ignore', 'ignore_ament_install']
[0.406s] Level 1:colcon.colcon_core.package_identification:_identify(src/security_check/security_check_interfaces) by extension 'ignore'
[0.406s] Level 1:colcon.colcon_core.package_identification:_identify(src/security_check/security_check_interfaces) by extension 'ignore_ament_install'
[0.406s] Level 1:colcon.colcon_core.package_identification:_identify(src/security_check/security_check_interfaces) by extensions ['colcon_pkg']
[0.406s] Level 1:colcon.colcon_core.package_identification:_identify(src/security_check/security_check_interfaces) by extension 'colcon_pkg'
[0.406s] Level 1:colcon.colcon_core.package_identification:_identify(src/security_check/security_check_interfaces) by extensions ['colcon_meta']
[0.406s] Level 1:colcon.colcon_core.package_identification:_identify(src/security_check/security_check_interfaces) by extension 'colcon_meta'
[0.406s] Level 1:colcon.colcon_core.package_identification:_identify(src/security_check/security_check_interfaces) by extensions ['ros']
[0.407s] Level 1:colcon.colcon_core.package_identification:_identify(src/security_check/security_check_interfaces) by extension 'ros'
[0.407s] DEBUG:colcon.colcon_core.package_identification:Package 'src/security_check/security_check_interfaces' with type 'ros.ament_cmake' and name 'security_check_interfaces'
[0.407s] Level 1:colcon.colcon_core.package_identification:_identify(src/test_gui_j8) by extensions ['ignore', 'ignore_ament_install']
[0.407s] Level 1:colcon.colcon_core.package_identification:_identify(src/test_gui_j8) by extension 'ignore'
[0.407s] Level 1:colcon.colcon_core.package_identification:_identify(src/test_gui_j8) by extension 'ignore_ament_install'
[0.407s] Level 1:colcon.colcon_core.package_identification:_identify(src/test_gui_j8) by extensions ['colcon_pkg']
[0.407s] Level 1:colcon.colcon_core.package_identification:_identify(src/test_gui_j8) by extension 'colcon_pkg'
[0.407s] Level 1:colcon.colcon_core.package_identification:_identify(src/test_gui_j8) by extensions ['colcon_meta']
[0.407s] Level 1:colcon.colcon_core.package_identification:_identify(src/test_gui_j8) by extension 'colcon_meta'
[0.407s] Level 1:colcon.colcon_core.package_identification:_identify(src/test_gui_j8) by extensions ['ros']
[0.407s] Level 1:colcon.colcon_core.package_identification:_identify(src/test_gui_j8) by extension 'ros'
[0.407s] Level 1:colcon.colcon_core.package_identification:_identify(src/test_gui_j8) by extensions ['cmake', 'python']
[0.407s] Level 1:colcon.colcon_core.package_identification:_identify(src/test_gui_j8) by extension 'cmake'
[0.407s] Level 1:colcon.colcon_core.package_identification:_identify(src/test_gui_j8) by extension 'python'
[0.407s] Level 1:colcon.colcon_core.package_identification:_identify(src/test_gui_j8) by extensions ['python_setup_py']
[0.407s] Level 1:colcon.colcon_core.package_identification:_identify(src/test_gui_j8) by extension 'python_setup_py'
[0.407s] Level 1:colcon.colcon_core.package_identification:_identify(src/test_gui_j8/src) by extensions ['ignore', 'ignore_ament_install']
[0.407s] Level 1:colcon.colcon_core.package_identification:_identify(src/test_gui_j8/src) by extension 'ignore'
[0.407s] Level 1:colcon.colcon_core.package_identification:_identify(src/test_gui_j8/src) by extension 'ignore_ament_install'
[0.407s] Level 1:colcon.colcon_core.package_identification:_identify(src/test_gui_j8/src) by extensions ['colcon_pkg']
[0.408s] Level 1:colcon.colcon_core.package_identification:_identify(src/test_gui_j8/src) by extension 'colcon_pkg'
[0.408s] Level 1:colcon.colcon_core.package_identification:_identify(src/test_gui_j8/src) by extensions ['colcon_meta']
[0.408s] Level 1:colcon.colcon_core.package_identification:_identify(src/test_gui_j8/src) by extension 'colcon_meta'
[0.408s] Level 1:colcon.colcon_core.package_identification:_identify(src/test_gui_j8/src) by extensions ['ros']
[0.408s] Level 1:colcon.colcon_core.package_identification:_identify(src/test_gui_j8/src) by extension 'ros'
[0.408s] Level 1:colcon.colcon_core.package_identification:_identify(src/test_gui_j8/src) by extensions ['cmake', 'python']
[0.408s] Level 1:colcon.colcon_core.package_identification:_identify(src/test_gui_j8/src) by extension 'cmake'
[0.408s] Level 1:colcon.colcon_core.package_identification:_identify(src/test_gui_j8/src) by extension 'python'
[0.408s] Level 1:colcon.colcon_core.package_identification:_identify(src/test_gui_j8/src) by extensions ['python_setup_py']
[0.408s] Level 1:colcon.colcon_core.package_identification:_identify(src/test_gui_j8/src) by extension 'python_setup_py'
[0.408s] Level 1:colcon.colcon_core.package_identification:_identify(src/test_gui_j8/src/j8_gui) by extensions ['ignore', 'ignore_ament_install']
[0.408s] Level 1:colcon.colcon_core.package_identification:_identify(src/test_gui_j8/src/j8_gui) by extension 'ignore'
[0.408s] Level 1:colcon.colcon_core.package_identification:_identify(src/test_gui_j8/src/j8_gui) by extension 'ignore_ament_install'
[0.408s] Level 1:colcon.colcon_core.package_identification:_identify(src/test_gui_j8/src/j8_gui) by extensions ['colcon_pkg']
[0.408s] Level 1:colcon.colcon_core.package_identification:_identify(src/test_gui_j8/src/j8_gui) by extension 'colcon_pkg'
[0.408s] Level 1:colcon.colcon_core.package_identification:_identify(src/test_gui_j8/src/j8_gui) by extensions ['colcon_meta']
[0.408s] Level 1:colcon.colcon_core.package_identification:_identify(src/test_gui_j8/src/j8_gui) by extension 'colcon_meta'
[0.408s] Level 1:colcon.colcon_core.package_identification:_identify(src/test_gui_j8/src/j8_gui) by extensions ['ros']
[0.408s] Level 1:colcon.colcon_core.package_identification:_identify(src/test_gui_j8/src/j8_gui) by extension 'ros'
[0.408s] DEBUG:colcon.colcon_core.package_identification:Package 'src/test_gui_j8/src/j8_gui' with type 'ros.ament_python' and name 'j8_gui'
[0.408s] Level 1:colcon.colcon_core.package_discovery:discover_packages(recursive) using defaults
[0.408s] Level 1:colcon.colcon_core.package_discovery:discover_packages(ignore) discover
[0.408s] Level 1:colcon.colcon_core.package_discovery:discover_packages(ignore) using defaults
[0.408s] Level 1:colcon.colcon_core.package_discovery:discover_packages(path) discover
[0.408s] Level 1:colcon.colcon_core.package_discovery:discover_packages(path) using defaults
[0.454s] Level 1:colcon.colcon_core.package_discovery:discover_packages(prefix_path) check parameters
[0.454s] Level 1:colcon.colcon_core.package_discovery:discover_packages(prefix_path) discover
[0.456s] Level 1:colcon.colcon_core.package_discovery:discover_packages(prefix_path) using defaults
[0.457s] Level 5:colcon.colcon_core.verb:set package 'GUI_pkg' build argument 'cmake_args' from command line to 'None'
[0.457s] Level 5:colcon.colcon_core.verb:set package 'GUI_pkg' build argument 'cmake_target' from command line to 'None'
[0.457s] Level 5:colcon.colcon_core.verb:set package 'GUI_pkg' build argument 'cmake_target_skip_unavailable' from command line to 'False'
[0.457s] Level 5:colcon.colcon_core.verb:set package 'GUI_pkg' build argument 'cmake_clean_cache' from command line to 'False'
[0.457s] Level 5:colcon.colcon_core.verb:set package 'GUI_pkg' build argument 'cmake_clean_first' from command line to 'False'
[0.457s] Level 5:colcon.colcon_core.verb:set package 'GUI_pkg' build argument 'cmake_force_configure' from command line to 'False'
[0.457s] Level 5:colcon.colcon_core.verb:set package 'GUI_pkg' build argument 'ament_cmake_args' from command line to 'None'
[0.457s] Level 5:colcon.colcon_core.verb:set package 'GUI_pkg' build argument 'catkin_cmake_args' from command line to 'None'
[0.457s] Level 5:colcon.colcon_core.verb:set package 'GUI_pkg' build argument 'catkin_skip_building_tests' from command line to 'False'
[0.457s] DEBUG:colcon.colcon_core.verb:Building package 'GUI_pkg' with the following arguments: {'ament_cmake_args': None, 'build_base': '/home/roverj8/LUIS/ARGJ08/ARGOSJ8_IA_/build/GUI_pkg', 'catkin_cmake_args': None, 'catkin_skip_building_tests': False, 'cmake_args': None, 'cmake_clean_cache': False, 'cmake_clean_first': False, 'cmake_force_configure': False, 'cmake_target': None, 'cmake_target_skip_unavailable': False, 'install_base': '/home/roverj8/LUIS/ARGJ08/ARGOSJ8_IA_/install/GUI_pkg', 'merge_install': False, 'path': '/home/roverj8/LUIS/ARGJ08/ARGOSJ8_IA_/src/GUI_pkg', 'symlink_install': False, 'test_result_base': None}
[0.457s] Level 5:colcon.colcon_core.verb:set package 'android_ros2_server' build argument 'cmake_args' from command line to 'None'
[0.457s] Level 5:colcon.colcon_core.verb:set package 'android_ros2_server' build argument 'cmake_target' from command line to 'None'
[0.457s] Level 5:colcon.colcon_core.verb:set package 'android_ros2_server' build argument 'cmake_target_skip_unavailable' from command line to 'False'
[0.457s] Level 5:colcon.colcon_core.verb:set package 'android_ros2_server' build argument 'cmake_clean_cache' from command line to 'False'
[0.457s] Level 5:colcon.colcon_core.verb:set package 'android_ros2_server' build argument 'cmake_clean_first' from command line to 'False'
[0.457s] Level 5:colcon.colcon_core.verb:set package 'android_ros2_server' build argument 'cmake_force_configure' from command line to 'False'
[0.457s] Level 5:colcon.colcon_core.verb:set package 'android_ros2_server' build argument 'ament_cmake_args' from command line to 'None'
[0.457s] Level 5:colcon.colcon_core.verb:set package 'android_ros2_server' build argument 'catkin_cmake_args' from command line to 'None'
[0.457s] Level 5:colcon.colcon_core.verb:set package 'android_ros2_server' build argument 'catkin_skip_building_tests' from command line to 'False'
[0.457s] DEBUG:colcon.colcon_core.verb:Building package 'android_ros2_server' with the following arguments: {'ament_cmake_args': None, 'build_base': '/home/roverj8/LUIS/ARGJ08/ARGOSJ8_IA_/build/android_ros2_server', 'catkin_cmake_args': None, 'catkin_skip_building_tests': False, 'cmake_args': None, 'cmake_clean_cache': False, 'cmake_clean_first': False, 'cmake_force_configure': False, 'cmake_target': None, 'cmake_target_skip_unavailable': False, 'install_base': '/home/roverj8/LUIS/ARGJ08/ARGOSJ8_IA_/install/android_ros2_server', 'merge_install': False, 'path': '/home/roverj8/LUIS/ARGJ08/ARGOSJ8_IA_/src/android_ros2_server', 'symlink_install': False, 'test_result_base': None}
[0.457s] Level 5:colcon.colcon_core.verb:set package 'argj801_ctl_platform_interfaces' build argument 'cmake_args' from command line to 'None'
[0.457s] Level 5:colcon.colcon_core.verb:set package 'argj801_ctl_platform_interfaces' build argument 'cmake_target' from command line to 'None'
[0.457s] Level 5:colcon.colcon_core.verb:set package 'argj801_ctl_platform_interfaces' build argument 'cmake_target_skip_unavailable' from command line to 'False'
[0.457s] Level 5:colcon.colcon_core.verb:set package 'argj801_ctl_platform_interfaces' build argument 'cmake_clean_cache' from command line to 'False'
[0.457s] Level 5:colcon.colcon_core.verb:set package 'argj801_ctl_platform_interfaces' build argument 'cmake_clean_first' from command line to 'False'
[0.457s] Level 5:colcon.colcon_core.verb:set package 'argj801_ctl_platform_interfaces' build argument 'cmake_force_configure' from command line to 'False'
[0.457s] Level 5:colcon.colcon_core.verb:set package 'argj801_ctl_platform_interfaces' build argument 'ament_cmake_args' from command line to 'None'
[0.457s] Level 5:colcon.colcon_core.verb:set package 'argj801_ctl_platform_interfaces' build argument 'catkin_cmake_args' from command line to 'None'
[0.457s] Level 5:colcon.colcon_core.verb:set package 'argj801_ctl_platform_interfaces' build argument 'catkin_skip_building_tests' from command line to 'False'
[0.457s] DEBUG:colcon.colcon_core.verb:Building package 'argj801_ctl_platform_interfaces' with the following arguments: {'ament_cmake_args': None, 'build_base': '/home/roverj8/LUIS/ARGJ08/ARGOSJ8_IA_/build/argj801_ctl_platform_interfaces', 'catkin_cmake_args': None, 'catkin_skip_building_tests': False, 'cmake_args': None, 'cmake_clean_cache': False, 'cmake_clean_first': False, 'cmake_force_configure': False, 'cmake_target': None, 'cmake_target_skip_unavailable': False, 'install_base': '/home/roverj8/LUIS/ARGJ08/ARGOSJ8_IA_/install/argj801_ctl_platform_interfaces', 'merge_install': False, 'path': '/home/roverj8/LUIS/ARGJ08/ARGOSJ8_IA_/src/argj801_ctl_platform/argj801_ctl_platform_interfaces', 'symlink_install': False, 'test_result_base': None}
[0.458s] Level 5:colcon.colcon_core.verb:set package 'argj801_sensors_msgs' build argument 'cmake_args' from command line to 'None'
[0.458s] Level 5:colcon.colcon_core.verb:set package 'argj801_sensors_msgs' build argument 'cmake_target' from command line to 'None'
[0.458s] Level 5:colcon.colcon_core.verb:set package 'argj801_sensors_msgs' build argument 'cmake_target_skip_unavailable' from command line to 'False'
[0.458s] Level 5:colcon.colcon_core.verb:set package 'argj801_sensors_msgs' build argument 'cmake_clean_cache' from command line to 'False'
[0.458s] Level 5:colcon.colcon_core.verb:set package 'argj801_sensors_msgs' build argument 'cmake_clean_first' from command line to 'False'
[0.458s] Level 5:colcon.colcon_core.verb:set package 'argj801_sensors_msgs' build argument 'cmake_force_configure' from command line to 'False'
[0.458s] Level 5:colcon.colcon_core.verb:set package 'argj801_sensors_msgs' build argument 'ament_cmake_args' from command line to 'None'
[0.458s] Level 5:colcon.colcon_core.verb:set package 'argj801_sensors_msgs' build argument 'catkin_cmake_args' from command line to 'None'
[0.458s] Level 5:colcon.colcon_core.verb:set package 'argj801_sensors_msgs' build argument 'catkin_skip_building_tests' from command line to 'False'
[0.458s] DEBUG:colcon.colcon_core.verb:Building package 'argj801_sensors_msgs' with the following arguments: {'ament_cmake_args': None, 'build_base': '/home/roverj8/LUIS/ARGJ08/ARGOSJ8_IA_/build/argj801_sensors_msgs', 'catkin_cmake_args': None, 'catkin_skip_building_tests': False, 'cmake_args': None, 'cmake_clean_cache': False, 'cmake_clean_first': False, 'cmake_force_configure': False, 'cmake_target': None, 'cmake_target_skip_unavailable': False, 'install_base': '/home/roverj8/LUIS/ARGJ08/ARGOSJ8_IA_/install/argj801_sensors_msgs', 'merge_install': False, 'path': '/home/roverj8/LUIS/ARGJ08/ARGOSJ8_IA_/src/argo_drivers_pkgs/argj801_sensors/argj801_sensors_msgs', 'symlink_install': False, 'test_result_base': None}
[0.458s] Level 5:colcon.colcon_core.verb:set package 'argj801_setup' build argument 'cmake_args' from command line to 'None'
[0.458s] Level 5:colcon.colcon_core.verb:set package 'argj801_setup' build argument 'cmake_target' from command line to 'None'
[0.458s] Level 5:colcon.colcon_core.verb:set package 'argj801_setup' build argument 'cmake_target_skip_unavailable' from command line to 'False'
[0.458s] Level 5:colcon.colcon_core.verb:set package 'argj801_setup' build argument 'cmake_clean_cache' from command line to 'False'
[0.458s] Level 5:colcon.colcon_core.verb:set package 'argj801_setup' build argument 'cmake_clean_first' from command line to 'False'
[0.458s] Level 5:colcon.colcon_core.verb:set package 'argj801_setup' build argument 'cmake_force_configure' from command line to 'False'
[0.458s] Level 5:colcon.colcon_core.verb:set package 'argj801_setup' build argument 'ament_cmake_args' from command line to 'None'
[0.458s] Level 5:colcon.colcon_core.verb:set package 'argj801_setup' build argument 'catkin_cmake_args' from command line to 'None'
[0.458s] Level 5:colcon.colcon_core.verb:set package 'argj801_setup' build argument 'catkin_skip_building_tests' from command line to 'False'
[0.458s] DEBUG:colcon.colcon_core.verb:Building package 'argj801_setup' with the following arguments: {'ament_cmake_args': None, 'build_base': '/home/roverj8/LUIS/ARGJ08/ARGOSJ8_IA_/build/argj801_setup', 'catkin_cmake_args': None, 'catkin_skip_building_tests': False, 'cmake_args': None, 'cmake_clean_cache': False, 'cmake_clean_first': False, 'cmake_force_configure': False, 'cmake_target': None, 'cmake_target_skip_unavailable': False, 'install_base': '/home/roverj8/LUIS/ARGJ08/ARGOSJ8_IA_/install/argj801_setup', 'merge_install': False, 'path': '/home/roverj8/LUIS/ARGJ08/ARGOSJ8_IA_/src/argj801_setup', 'symlink_install': False, 'test_result_base': None}
[0.458s] Level 5:colcon.colcon_core.verb:set package 'car_interfaces' build argument 'cmake_args' from command line to 'None'
[0.458s] Level 5:colcon.colcon_core.verb:set package 'car_interfaces' build argument 'cmake_target' from command line to 'None'
[0.458s] Level 5:colcon.colcon_core.verb:set package 'car_interfaces' build argument 'cmake_target_skip_unavailable' from command line to 'False'
[0.458s] Level 5:colcon.colcon_core.verb:set package 'car_interfaces' build argument 'cmake_clean_cache' from command line to 'False'
[0.458s] Level 5:colcon.colcon_core.verb:set package 'car_interfaces' build argument 'cmake_clean_first' from command line to 'False'
[0.458s] Level 5:colcon.colcon_core.verb:set package 'car_interfaces' build argument 'cmake_force_configure' from command line to 'False'
[0.458s] Level 5:colcon.colcon_core.verb:set package 'car_interfaces' build argument 'ament_cmake_args' from command line to 'None'
[0.458s] Level 5:colcon.colcon_core.verb:set package 'car_interfaces' build argument 'catkin_cmake_args' from command line to 'None'
[0.458s] Level 5:colcon.colcon_core.verb:set package 'car_interfaces' build argument 'catkin_skip_building_tests' from command line to 'False'
[0.458s] DEBUG:colcon.colcon_core.verb:Building package 'car_interfaces' with the following arguments: {'ament_cmake_args': None, 'build_base': '/home/roverj8/LUIS/ARGJ08/ARGOSJ8_IA_/build/car_interfaces', 'catkin_cmake_args': None, 'catkin_skip_building_tests': False, 'cmake_args': None, 'cmake_clean_cache': False, 'cmake_clean_first': False, 'cmake_force_configure': False, 'cmake_target': None, 'cmake_target_skip_unavailable': False, 'install_base': '/home/roverj8/LUIS/ARGJ08/ARGOSJ8_IA_/install/car_interfaces', 'merge_install': False, 'path': '/home/roverj8/LUIS/ARGJ08/ARGOSJ8_IA_/src/car_interfaces', 'symlink_install': False, 'test_result_base': None}
[0.459s] Level 5:colcon.colcon_core.verb:set package 'ctl_mission_interfaces' build argument 'cmake_args' from command line to 'None'
[0.459s] Level 5:colcon.colcon_core.verb:set package 'ctl_mission_interfaces' build argument 'cmake_target' from command line to 'None'
[0.459s] Level 5:colcon.colcon_core.verb:set package 'ctl_mission_interfaces' build argument 'cmake_target_skip_unavailable' from command line to 'False'
[0.459s] Level 5:colcon.colcon_core.verb:set package 'ctl_mission_interfaces' build argument 'cmake_clean_cache' from command line to 'False'
[0.459s] Level 5:colcon.colcon_core.verb:set package 'ctl_mission_interfaces' build argument 'cmake_clean_first' from command line to 'False'
[0.459s] Level 5:colcon.colcon_core.verb:set package 'ctl_mission_interfaces' build argument 'cmake_force_configure' from command line to 'False'
[0.459s] Level 5:colcon.colcon_core.verb:set package 'ctl_mission_interfaces' build argument 'ament_cmake_args' from command line to 'None'
[0.459s] Level 5:colcon.colcon_core.verb:set package 'ctl_mission_interfaces' build argument 'catkin_cmake_args' from command line to 'None'
[0.459s] Level 5:colcon.colcon_core.verb:set package 'ctl_mission_interfaces' build argument 'catkin_skip_building_tests' from command line to 'False'
[0.459s] DEBUG:colcon.colcon_core.verb:Building package 'ctl_mission_interfaces' with the following arguments: {'ament_cmake_args': None, 'build_base': '/home/roverj8/LUIS/ARGJ08/ARGOSJ8_IA_/build/ctl_mission_interfaces', 'catkin_cmake_args': None, 'catkin_skip_building_tests': False, 'cmake_args': None, 'cmake_clean_cache': False, 'cmake_clean_first': False, 'cmake_force_configure': False, 'cmake_target': None, 'cmake_target_skip_unavailable': False, 'install_base': '/home/roverj8/LUIS/ARGJ08/ARGOSJ8_IA_/install/ctl_mission_interfaces', 'merge_install': False, 'path': '/home/roverj8/LUIS/ARGJ08/ARGOSJ8_IA_/src/ctl_mission/ctl_mission_interfaces', 'symlink_install': False, 'test_result_base': None}
[0.459s] Level 5:colcon.colcon_core.verb:set package 'fixposition_gnss_tf' build argument 'cmake_args' from command line to 'None'
[0.459s] Level 5:colcon.colcon_core.verb:set package 'fixposition_gnss_tf' build argument 'cmake_target' from command line to 'None'
[0.459s] Level 5:colcon.colcon_core.verb:set package 'fixposition_gnss_tf' build argument 'cmake_target_skip_unavailable' from command line to 'False'
[0.459s] Level 5:colcon.colcon_core.verb:set package 'fixposition_gnss_tf' build argument 'cmake_clean_cache' from command line to 'False'
[0.459s] Level 5:colcon.colcon_core.verb:set package 'fixposition_gnss_tf' build argument 'cmake_clean_first' from command line to 'False'
[0.459s] Level 5:colcon.colcon_core.verb:set package 'fixposition_gnss_tf' build argument 'cmake_force_configure' from command line to 'False'
[0.459s] Level 5:colcon.colcon_core.verb:set package 'fixposition_gnss_tf' build argument 'ament_cmake_args' from command line to 'None'
[0.459s] Level 5:colcon.colcon_core.verb:set package 'fixposition_gnss_tf' build argument 'catkin_cmake_args' from command line to 'None'
[0.459s] Level 5:colcon.colcon_core.verb:set package 'fixposition_gnss_tf' build argument 'catkin_skip_building_tests' from command line to 'False'
[0.459s] DEBUG:colcon.colcon_core.verb:Building package 'fixposition_gnss_tf' with the following arguments: {'ament_cmake_args': None, 'build_base': '/home/roverj8/LUIS/ARGJ08/ARGOSJ8_IA_/build/fixposition_gnss_tf', 'catkin_cmake_args': None, 'catkin_skip_building_tests': False, 'cmake_args': None, 'cmake_clean_cache': False, 'cmake_clean_first': False, 'cmake_force_configure': False, 'cmake_target': None, 'cmake_target_skip_unavailable': False, 'install_base': '/home/roverj8/LUIS/ARGJ08/ARGOSJ8_IA_/install/fixposition_gnss_tf', 'merge_install': False, 'path': '/home/roverj8/LUIS/ARGJ08/ARGOSJ8_IA_/src/argo_drivers_pkgs/Fixposition_driver_pkg/fixposition_gnss_tf-main', 'symlink_install': False, 'test_result_base': None}
[0.459s] Level 5:colcon.colcon_core.verb:set package 'fixposition_sensor_pkg' build argument 'cmake_args' from command line to 'None'
[0.459s] Level 5:colcon.colcon_core.verb:set package 'fixposition_sensor_pkg' build argument 'cmake_target' from command line to 'None'
[0.459s] Level 5:colcon.colcon_core.verb:set package 'fixposition_sensor_pkg' build argument 'cmake_target_skip_unavailable' from command line to 'False'
[0.459s] Level 5:colcon.colcon_core.verb:set package 'fixposition_sensor_pkg' build argument 'cmake_clean_cache' from command line to 'False'
[0.459s] Level 5:colcon.colcon_core.verb:set package 'fixposition_sensor_pkg' build argument 'cmake_clean_first' from command line to 'False'
[0.459s] Level 5:colcon.colcon_core.verb:set package 'fixposition_sensor_pkg' build argument 'cmake_force_configure' from command line to 'False'
[0.459s] Level 5:colcon.colcon_core.verb:set package 'fixposition_sensor_pkg' build argument 'ament_cmake_args' from command line to 'None'
[0.459s] Level 5:colcon.colcon_core.verb:set package 'fixposition_sensor_pkg' build argument 'catkin_cmake_args' from command line to 'None'
[0.459s] Level 5:colcon.colcon_core.verb:set package 'fixposition_sensor_pkg' build argument 'catkin_skip_building_tests' from command line to 'False'
[0.459s] DEBUG:colcon.colcon_core.verb:Building package 'fixposition_sensor_pkg' with the following arguments: {'ament_cmake_args': None, 'build_base': '/home/roverj8/LUIS/ARGJ08/ARGOSJ8_IA_/build/fixposition_sensor_pkg', 'catkin_cmake_args': None, 'catkin_skip_building_tests': False, 'cmake_args': None, 'cmake_clean_cache': False, 'cmake_clean_first': False, 'cmake_force_configure': False, 'cmake_target': None, 'cmake_target_skip_unavailable': False, 'install_base': '/home/roverj8/LUIS/ARGJ08/ARGOSJ8_IA_/install/fixposition_sensor_pkg', 'merge_install': False, 'path': '/home/roverj8/LUIS/ARGJ08/ARGOSJ8_IA_/src/gazebo_sim_pkgs/fix_position_pkg', 'symlink_install': False, 'test_result_base': None}
[0.459s] Level 5:colcon.colcon_core.verb:set package 'gui' build argument 'cmake_args' from command line to 'None'
[0.460s] Level 5:colcon.colcon_core.verb:set package 'gui' build argument 'cmake_target' from command line to 'None'
[0.460s] Level 5:colcon.colcon_core.verb:set package 'gui' build argument 'cmake_target_skip_unavailable' from command line to 'False'
[0.460s] Level 5:colcon.colcon_core.verb:set package 'gui' build argument 'cmake_clean_cache' from command line to 'False'
[0.460s] Level 5:colcon.colcon_core.verb:set package 'gui' build argument 'cmake_clean_first' from command line to 'False'
[0.460s] Level 5:colcon.colcon_core.verb:set package 'gui' build argument 'cmake_force_configure' from command line to 'False'
[0.460s] Level 5:colcon.colcon_core.verb:set package 'gui' build argument 'ament_cmake_args' from command line to 'None'
[0.460s] Level 5:colcon.colcon_core.verb:set package 'gui' build argument 'catkin_cmake_args' from command line to 'None'
[0.460s] Level 5:colcon.colcon_core.verb:set package 'gui' build argument 'catkin_skip_building_tests' from command line to 'False'
[0.460s] DEBUG:colcon.colcon_core.verb:Building package 'gui' with the following arguments: {'ament_cmake_args': None, 'build_base': '/home/roverj8/LUIS/ARGJ08/ARGOSJ8_IA_/build/gui', 'catkin_cmake_args': None, 'catkin_skip_building_tests': False, 'cmake_args': None, 'cmake_clean_cache': False, 'cmake_clean_first': False, 'cmake_force_configure': False, 'cmake_target': None, 'cmake_target_skip_unavailable': False, 'install_base': '/home/roverj8/LUIS/ARGJ08/ARGOSJ8_IA_/install/gui', 'merge_install': False, 'path': '/home/roverj8/LUIS/ARGJ08/ARGOSJ8_IA_/src/gui', 'symlink_install': False, 'test_result_base': None}
[0.460s] Level 5:colcon.colcon_core.verb:set package 'hector_gazebo_plugins' build argument 'cmake_args' from command line to 'None'
[0.460s] Level 5:colcon.colcon_core.verb:set package 'hector_gazebo_plugins' build argument 'cmake_target' from command line to 'None'
[0.460s] Level 5:colcon.colcon_core.verb:set package 'hector_gazebo_plugins' build argument 'cmake_target_skip_unavailable' from command line to 'False'
[0.460s] Level 5:colcon.colcon_core.verb:set package 'hector_gazebo_plugins' build argument 'cmake_clean_cache' from command line to 'False'
[0.460s] Level 5:colcon.colcon_core.verb:set package 'hector_gazebo_plugins' build argument 'cmake_clean_first' from command line to 'False'
[0.460s] Level 5:colcon.colcon_core.verb:set package 'hector_gazebo_plugins' build argument 'cmake_force_configure' from command line to 'False'
[0.460s] Level 5:colcon.colcon_core.verb:set package 'hector_gazebo_plugins' build argument 'ament_cmake_args' from command line to 'None'
[0.460s] Level 5:colcon.colcon_core.verb:set package 'hector_gazebo_plugins' build argument 'catkin_cmake_args' from command line to 'None'
[0.460s] Level 5:colcon.colcon_core.verb:set package 'hector_gazebo_plugins' build argument 'catkin_skip_building_tests' from command line to 'False'
[0.460s] DEBUG:colcon.colcon_core.verb:Building package 'hector_gazebo_plugins' with the following arguments: {'ament_cmake_args': None, 'build_base': '/home/roverj8/LUIS/ARGJ08/ARGOSJ8_IA_/build/hector_gazebo_plugins', 'catkin_cmake_args': None, 'catkin_skip_building_tests': False, 'cmake_args': None, 'cmake_clean_cache': False, 'cmake_clean_first': False, 'cmake_force_configure': False, 'cmake_target': None, 'cmake_target_skip_unavailable': False, 'install_base': '/home/roverj8/LUIS/ARGJ08/ARGOSJ8_IA_/install/hector_gazebo_plugins', 'merge_install': False, 'path': '/home/roverj8/LUIS/ARGJ08/ARGOSJ8_IA_/src/hector_gazebo', 'symlink_install': False, 'test_result_base': None}
[0.460s] Level 5:colcon.colcon_core.verb:set package 'hikmicro_thermal_camera' build argument 'cmake_args' from command line to 'None'
[0.460s] Level 5:colcon.colcon_core.verb:set package 'hikmicro_thermal_camera' build argument 'cmake_target' from command line to 'None'
[0.460s] Level 5:colcon.colcon_core.verb:set package 'hikmicro_thermal_camera' build argument 'cmake_target_skip_unavailable' from command line to 'False'
[0.460s] Level 5:colcon.colcon_core.verb:set package 'hikmicro_thermal_camera' build argument 'cmake_clean_cache' from command line to 'False'
[0.460s] Level 5:colcon.colcon_core.verb:set package 'hikmicro_thermal_camera' build argument 'cmake_clean_first' from command line to 'False'
[0.460s] Level 5:colcon.colcon_core.verb:set package 'hikmicro_thermal_camera' build argument 'cmake_force_configure' from command line to 'False'
[0.460s] Level 5:colcon.colcon_core.verb:set package 'hikmicro_thermal_camera' build argument 'ament_cmake_args' from command line to 'None'
[0.460s] Level 5:colcon.colcon_core.verb:set package 'hikmicro_thermal_camera' build argument 'catkin_cmake_args' from command line to 'None'
[0.460s] Level 5:colcon.colcon_core.verb:set package 'hikmicro_thermal_camera' build argument 'catkin_skip_building_tests' from command line to 'False'
[0.460s] DEBUG:colcon.colcon_core.verb:Building package 'hikmicro_thermal_camera' with the following arguments: {'ament_cmake_args': None, 'build_base': '/home/roverj8/LUIS/ARGJ08/ARGOSJ8_IA_/build/hikmicro_thermal_camera', 'catkin_cmake_args': None, 'catkin_skip_building_tests': False, 'cmake_args': None, 'cmake_clean_cache': False, 'cmake_clean_first': False, 'cmake_force_configure': False, 'cmake_target': None, 'cmake_target_skip_unavailable': False, 'install_base': '/home/roverj8/LUIS/ARGJ08/ARGOSJ8_IA_/install/hikmicro_thermal_camera', 'merge_install': False, 'path': '/home/roverj8/LUIS/ARGJ08/ARGOSJ8_IA_/src/hikmicro_thermal_camera', 'symlink_install': False, 'test_result_base': None}
[0.460s] Level 5:colcon.colcon_core.verb:set package 'j8_gui' build argument 'cmake_args' from command line to 'None'
[0.460s] Level 5:colcon.colcon_core.verb:set package 'j8_gui' build argument 'cmake_target' from command line to 'None'
[0.460s] Level 5:colcon.colcon_core.verb:set package 'j8_gui' build argument 'cmake_target_skip_unavailable' from command line to 'False'
[0.460s] Level 5:colcon.colcon_core.verb:set package 'j8_gui' build argument 'cmake_clean_cache' from command line to 'False'
[0.460s] Level 5:colcon.colcon_core.verb:set package 'j8_gui' build argument 'cmake_clean_first' from command line to 'False'
[0.460s] Level 5:colcon.colcon_core.verb:set package 'j8_gui' build argument 'cmake_force_configure' from command line to 'False'
[0.460s] Level 5:colcon.colcon_core.verb:set package 'j8_gui' build argument 'ament_cmake_args' from command line to 'None'
[0.461s] Level 5:colcon.colcon_core.verb:set package 'j8_gui' build argument 'catkin_cmake_args' from command line to 'None'
[0.461s] Level 5:colcon.colcon_core.verb:set package 'j8_gui' build argument 'catkin_skip_building_tests' from command line to 'False'
[0.461s] DEBUG:colcon.colcon_core.verb:Building package 'j8_gui' with the following arguments: {'ament_cmake_args': None, 'build_base': '/home/roverj8/LUIS/ARGJ08/ARGOSJ8_IA_/build/j8_gui', 'catkin_cmake_args': None, 'catkin_skip_building_tests': False, 'cmake_args': None, 'cmake_clean_cache': False, 'cmake_clean_first': False, 'cmake_force_configure': False, 'cmake_target': None, 'cmake_target_skip_unavailable': False, 'install_base': '/home/roverj8/LUIS/ARGJ08/ARGOSJ8_IA_/install/j8_gui', 'merge_install': False, 'path': '/home/roverj8/LUIS/ARGJ08/ARGOSJ8_IA_/src/test_gui_j8/src/j8_gui', 'symlink_install': False, 'test_result_base': None}
[0.461s] Level 5:colcon.colcon_core.verb:set package 'joy_linux' build argument 'cmake_args' from command line to 'None'
[0.461s] Level 5:colcon.colcon_core.verb:set package 'joy_linux' build argument 'cmake_target' from command line to 'None'
[0.461s] Level 5:colcon.colcon_core.verb:set package 'joy_linux' build argument 'cmake_target_skip_unavailable' from command line to 'False'
[0.461s] Level 5:colcon.colcon_core.verb:set package 'joy_linux' build argument 'cmake_clean_cache' from command line to 'False'
[0.461s] Level 5:colcon.colcon_core.verb:set package 'joy_linux' build argument 'cmake_clean_first' from command line to 'False'
[0.461s] Level 5:colcon.colcon_core.verb:set package 'joy_linux' build argument 'cmake_force_configure' from command line to 'False'
[0.461s] Level 5:colcon.colcon_core.verb:set package 'joy_linux' build argument 'ament_cmake_args' from command line to 'None'
[0.461s] Level 5:colcon.colcon_core.verb:set package 'joy_linux' build argument 'catkin_cmake_args' from command line to 'None'
[0.461s] Level 5:colcon.colcon_core.verb:set package 'joy_linux' build argument 'catkin_skip_building_tests' from command line to 'False'
[0.461s] DEBUG:colcon.colcon_core.verb:Building package 'joy_linux' with the following arguments: {'ament_cmake_args': None, 'build_base': '/home/roverj8/LUIS/ARGJ08/ARGOSJ8_IA_/build/joy_linux', 'catkin_cmake_args': None, 'catkin_skip_building_tests': False, 'cmake_args': None, 'cmake_clean_cache': False, 'cmake_clean_first': False, 'cmake_force_configure': False, 'cmake_target': None, 'cmake_target_skip_unavailable': False, 'install_base': '/home/roverj8/LUIS/ARGJ08/ARGOSJ8_IA_/install/joy_linux', 'merge_install': False, 'path': '/home/roverj8/LUIS/ARGJ08/ARGOSJ8_IA_/src/j8_joystick/joy_linux', 'symlink_install': False, 'test_result_base': None}
[0.461s] Level 5:colcon.colcon_core.verb:set package 'ntrip_client' build argument 'cmake_args' from command line to 'None'
[0.461s] Level 5:colcon.colcon_core.verb:set package 'ntrip_client' build argument 'cmake_target' from command line to 'None'
[0.461s] Level 5:colcon.colcon_core.verb:set package 'ntrip_client' build argument 'cmake_target_skip_unavailable' from command line to 'False'
[0.461s] Level 5:colcon.colcon_core.verb:set package 'ntrip_client' build argument 'cmake_clean_cache' from command line to 'False'
[0.461s] Level 5:colcon.colcon_core.verb:set package 'ntrip_client' build argument 'cmake_clean_first' from command line to 'False'
[0.461s] Level 5:colcon.colcon_core.verb:set package 'ntrip_client' build argument 'cmake_force_configure' from command line to 'False'
[0.461s] Level 5:colcon.colcon_core.verb:set package 'ntrip_client' build argument 'ament_cmake_args' from command line to 'None'
[0.461s] Level 5:colcon.colcon_core.verb:set package 'ntrip_client' build argument 'catkin_cmake_args' from command line to 'None'
[0.461s] Level 5:colcon.colcon_core.verb:set package 'ntrip_client' build argument 'catkin_skip_building_tests' from command line to 'False'
[0.461s] DEBUG:colcon.colcon_core.verb:Building package 'ntrip_client' with the following arguments: {'ament_cmake_args': None, 'build_base': '/home/roverj8/LUIS/ARGJ08/ARGOSJ8_IA_/build/ntrip_client', 'catkin_cmake_args': None, 'catkin_skip_building_tests': False, 'cmake_args': None, 'cmake_clean_cache': False, 'cmake_clean_first': False, 'cmake_force_configure': False, 'cmake_target': None, 'cmake_target_skip_unavailable': False, 'install_base': '/home/roverj8/LUIS/ARGJ08/ARGOSJ8_IA_/install/ntrip_client', 'merge_install': False, 'path': '/home/roverj8/LUIS/ARGJ08/ARGOSJ8_IA_/src/argo_drivers_pkgs/ntrip_client', 'symlink_install': False, 'test_result_base': None}
[0.461s] Level 5:colcon.colcon_core.verb:set package 'path_manager_interfaces' build argument 'cmake_args' from command line to 'None'
[0.461s] Level 5:colcon.colcon_core.verb:set package 'path_manager_interfaces' build argument 'cmake_target' from command line to 'None'
[0.461s] Level 5:colcon.colcon_core.verb:set package 'path_manager_interfaces' build argument 'cmake_target_skip_unavailable' from command line to 'False'
[0.461s] Level 5:colcon.colcon_core.verb:set package 'path_manager_interfaces' build argument 'cmake_clean_cache' from command line to 'False'
[0.461s] Level 5:colcon.colcon_core.verb:set package 'path_manager_interfaces' build argument 'cmake_clean_first' from command line to 'False'
[0.461s] Level 5:colcon.colcon_core.verb:set package 'path_manager_interfaces' build argument 'cmake_force_configure' from command line to 'False'
[0.461s] Level 5:colcon.colcon_core.verb:set package 'path_manager_interfaces' build argument 'ament_cmake_args' from command line to 'None'
[0.461s] Level 5:colcon.colcon_core.verb:set package 'path_manager_interfaces' build argument 'catkin_cmake_args' from command line to 'None'
[0.461s] Level 5:colcon.colcon_core.verb:set package 'path_manager_interfaces' build argument 'catkin_skip_building_tests' from command line to 'False'
[0.461s] DEBUG:colcon.colcon_core.verb:Building package 'path_manager_interfaces' with the following arguments: {'ament_cmake_args': None, 'build_base': '/home/roverj8/LUIS/ARGJ08/ARGOSJ8_IA_/build/path_manager_interfaces', 'catkin_cmake_args': None, 'catkin_skip_building_tests': False, 'cmake_args': None, 'cmake_clean_cache': False, 'cmake_clean_first': False, 'cmake_force_configure': False, 'cmake_target': None, 'cmake_target_skip_unavailable': False, 'install_base': '/home/roverj8/LUIS/ARGJ08/ARGOSJ8_IA_/install/path_manager_interfaces', 'merge_install': False, 'path': '/home/roverj8/LUIS/ARGJ08/ARGOSJ8_IA_/src/path_manager/path_manager_interfaces', 'symlink_install': False, 'test_result_base': None}
[0.462s] Level 5:colcon.colcon_core.verb:set package 'sdl2_vendor' build argument 'cmake_args' from command line to 'None'
[0.462s] Level 5:colcon.colcon_core.verb:set package 'sdl2_vendor' build argument 'cmake_target' from command line to 'None'
[0.462s] Level 5:colcon.colcon_core.verb:set package 'sdl2_vendor' build argument 'cmake_target_skip_unavailable' from command line to 'False'
[0.462s] Level 5:colcon.colcon_core.verb:set package 'sdl2_vendor' build argument 'cmake_clean_cache' from command line to 'False'
[0.462s] Level 5:colcon.colcon_core.verb:set package 'sdl2_vendor' build argument 'cmake_clean_first' from command line to 'False'
[0.462s] Level 5:colcon.colcon_core.verb:set package 'sdl2_vendor' build argument 'cmake_force_configure' from command line to 'False'
[0.462s] Level 5:colcon.colcon_core.verb:set package 'sdl2_vendor' build argument 'ament_cmake_args' from command line to 'None'
[0.462s] Level 5:colcon.colcon_core.verb:set package 'sdl2_vendor' build argument 'catkin_cmake_args' from command line to 'None'
[0.462s] Level 5:colcon.colcon_core.verb:set package 'sdl2_vendor' build argument 'catkin_skip_building_tests' from command line to 'False'
[0.462s] DEBUG:colcon.colcon_core.verb:Building package 'sdl2_vendor' with the following arguments: {'ament_cmake_args': None, 'build_base': '/home/roverj8/LUIS/ARGJ08/ARGOSJ8_IA_/build/sdl2_vendor', 'catkin_cmake_args': None, 'catkin_skip_building_tests': False, 'cmake_args': None, 'cmake_clean_cache': False, 'cmake_clean_first': False, 'cmake_force_configure': False, 'cmake_target': None, 'cmake_target_skip_unavailable': False, 'install_base': '/home/roverj8/LUIS/ARGJ08/ARGOSJ8_IA_/install/sdl2_vendor', 'merge_install': False, 'path': '/home/roverj8/LUIS/ARGJ08/ARGOSJ8_IA_/src/j8_joystick/sdl2_vendor', 'symlink_install': False, 'test_result_base': None}
[0.462s] Level 5:colcon.colcon_core.verb:set package 'security_check_interfaces' build argument 'cmake_args' from command line to 'None'
[0.462s] Level 5:colcon.colcon_core.verb:set package 'security_check_interfaces' build argument 'cmake_target' from command line to 'None'
[0.462s] Level 5:colcon.colcon_core.verb:set package 'security_check_interfaces' build argument 'cmake_target_skip_unavailable' from command line to 'False'
[0.462s] Level 5:colcon.colcon_core.verb:set package 'security_check_interfaces' build argument 'cmake_clean_cache' from command line to 'False'
[0.462s] Level 5:colcon.colcon_core.verb:set package 'security_check_interfaces' build argument 'cmake_clean_first' from command line to 'False'
[0.462s] Level 5:colcon.colcon_core.verb:set package 'security_check_interfaces' build argument 'cmake_force_configure' from command line to 'False'
[0.462s] Level 5:colcon.colcon_core.verb:set package 'security_check_interfaces' build argument 'ament_cmake_args' from command line to 'None'
[0.462s] Level 5:colcon.colcon_core.verb:set package 'security_check_interfaces' build argument 'catkin_cmake_args' from command line to 'None'
[0.462s] Level 5:colcon.colcon_core.verb:set package 'security_check_interfaces' build argument 'catkin_skip_building_tests' from command line to 'False'
[0.462s] DEBUG:colcon.colcon_core.verb:Building package 'security_check_interfaces' with the following arguments: {'ament_cmake_args': None, 'build_base': '/home/roverj8/LUIS/ARGJ08/ARGOSJ8_IA_/build/security_check_interfaces', 'catkin_cmake_args': None, 'catkin_skip_building_tests': False, 'cmake_args': None, 'cmake_clean_cache': False, 'cmake_clean_first': False, 'cmake_force_configure': False, 'cmake_target': None, 'cmake_target_skip_unavailable': False, 'install_base': '/home/roverj8/LUIS/ARGJ08/ARGOSJ8_IA_/install/security_check_interfaces', 'merge_install': False, 'path': '/home/roverj8/LUIS/ARGJ08/ARGOSJ8_IA_/src/security_check/security_check_interfaces', 'symlink_install': False, 'test_result_base': None}
[0.462s] Level 5:colcon.colcon_core.verb:set package 'slg_msgs' build argument 'cmake_args' from command line to 'None'
[0.462s] Level 5:colcon.colcon_core.verb:set package 'slg_msgs' build argument 'cmake_target' from command line to 'None'
[0.462s] Level 5:colcon.colcon_core.verb:set package 'slg_msgs' build argument 'cmake_target_skip_unavailable' from command line to 'False'
[0.462s] Level 5:colcon.colcon_core.verb:set package 'slg_msgs' build argument 'cmake_clean_cache' from command line to 'False'
[0.462s] Level 5:colcon.colcon_core.verb:set package 'slg_msgs' build argument 'cmake_clean_first' from command line to 'False'
[0.462s] Level 5:colcon.colcon_core.verb:set package 'slg_msgs' build argument 'cmake_force_configure' from command line to 'False'
[0.462s] Level 5:colcon.colcon_core.verb:set package 'slg_msgs' build argument 'ament_cmake_args' from command line to 'None'
[0.462s] Level 5:colcon.colcon_core.verb:set package 'slg_msgs' build argument 'catkin_cmake_args' from command line to 'None'
[0.462s] Level 5:colcon.colcon_core.verb:set package 'slg_msgs' build argument 'catkin_skip_building_tests' from command line to 'False'
[0.463s] DEBUG:colcon.colcon_core.verb:Building package 'slg_msgs' with the following arguments: {'ament_cmake_args': None, 'build_base': '/home/roverj8/LUIS/ARGJ08/ARGOSJ8_IA_/build/slg_msgs', 'catkin_cmake_args': None, 'catkin_skip_building_tests': False, 'cmake_args': None, 'cmake_clean_cache': False, 'cmake_clean_first': False, 'cmake_force_configure': False, 'cmake_target': None, 'cmake_target_skip_unavailable': False, 'install_base': '/home/roverj8/LUIS/ARGJ08/ARGOSJ8_IA_/install/slg_msgs', 'merge_install': False, 'path': '/home/roverj8/LUIS/ARGJ08/ARGOSJ8_IA_/src/lidar_process_pkgs/slg_msgs', 'symlink_install': False, 'test_result_base': None}
[0.463s] Level 5:colcon.colcon_core.verb:set package 'spacenav' build argument 'cmake_args' from command line to 'None'
[0.463s] Level 5:colcon.colcon_core.verb:set package 'spacenav' build argument 'cmake_target' from command line to 'None'
[0.463s] Level 5:colcon.colcon_core.verb:set package 'spacenav' build argument 'cmake_target_skip_unavailable' from command line to 'False'
[0.463s] Level 5:colcon.colcon_core.verb:set package 'spacenav' build argument 'cmake_clean_cache' from command line to 'False'
[0.463s] Level 5:colcon.colcon_core.verb:set package 'spacenav' build argument 'cmake_clean_first' from command line to 'False'
[0.463s] Level 5:colcon.colcon_core.verb:set package 'spacenav' build argument 'cmake_force_configure' from command line to 'False'
[0.463s] Level 5:colcon.colcon_core.verb:set package 'spacenav' build argument 'ament_cmake_args' from command line to 'None'
[0.463s] Level 5:colcon.colcon_core.verb:set package 'spacenav' build argument 'catkin_cmake_args' from command line to 'None'
[0.463s] Level 5:colcon.colcon_core.verb:set package 'spacenav' build argument 'catkin_skip_building_tests' from command line to 'False'
[0.463s] DEBUG:colcon.colcon_core.verb:Building package 'spacenav' with the following arguments: {'ament_cmake_args': None, 'build_base': '/home/roverj8/LUIS/ARGJ08/ARGOSJ8_IA_/build/spacenav', 'catkin_cmake_args': None, 'catkin_skip_building_tests': False, 'cmake_args': None, 'cmake_clean_cache': False, 'cmake_clean_first': False, 'cmake_force_configure': False, 'cmake_target': None, 'cmake_target_skip_unavailable': False, 'install_base': '/home/roverj8/LUIS/ARGJ08/ARGOSJ8_IA_/install/spacenav', 'merge_install': False, 'path': '/home/roverj8/LUIS/ARGJ08/ARGOSJ8_IA_/src/j8_joystick/spacenav', 'symlink_install': False, 'test_result_base': None}
[0.463s] Level 5:colcon.colcon_core.verb:set package 'ublox_serialization' build argument 'cmake_args' from command line to 'None'
[0.463s] Level 5:colcon.colcon_core.verb:set package 'ublox_serialization' build argument 'cmake_target' from command line to 'None'
[0.463s] Level 5:colcon.colcon_core.verb:set package 'ublox_serialization' build argument 'cmake_target_skip_unavailable' from command line to 'False'
[0.463s] Level 5:colcon.colcon_core.verb:set package 'ublox_serialization' build argument 'cmake_clean_cache' from command line to 'False'
[0.463s] Level 5:colcon.colcon_core.verb:set package 'ublox_serialization' build argument 'cmake_clean_first' from command line to 'False'
[0.463s] Level 5:colcon.colcon_core.verb:set package 'ublox_serialization' build argument 'cmake_force_configure' from command line to 'False'
[0.463s] Level 5:colcon.colcon_core.verb:set package 'ublox_serialization' build argument 'ament_cmake_args' from command line to 'None'
[0.463s] Level 5:colcon.colcon_core.verb:set package 'ublox_serialization' build argument 'catkin_cmake_args' from command line to 'None'
[0.463s] Level 5:colcon.colcon_core.verb:set package 'ublox_serialization' build argument 'catkin_skip_building_tests' from command line to 'False'
[0.463s] DEBUG:colcon.colcon_core.verb:Building package 'ublox_serialization' with the following arguments: {'ament_cmake_args': None, 'build_base': '/home/roverj8/LUIS/ARGJ08/ARGOSJ8_IA_/build/ublox_serialization', 'catkin_cmake_args': None, 'catkin_skip_building_tests': False, 'cmake_args': None, 'cmake_clean_cache': False, 'cmake_clean_first': False, 'cmake_force_configure': False, 'cmake_target': None, 'cmake_target_skip_unavailable': False, 'install_base': '/home/roverj8/LUIS/ARGJ08/ARGOSJ8_IA_/install/ublox_serialization', 'merge_install': False, 'path': '/home/roverj8/LUIS/ARGJ08/ARGOSJ8_IA_/src/argo_drivers_pkgs/ublox/ublox_serialization', 'symlink_install': False, 'test_result_base': None}
[0.463s] Level 5:colcon.colcon_core.verb:set package 'wiimote_msgs' build argument 'cmake_args' from command line to 'None'
[0.463s] Level 5:colcon.colcon_core.verb:set package 'wiimote_msgs' build argument 'cmake_target' from command line to 'None'
[0.463s] Level 5:colcon.colcon_core.verb:set package 'wiimote_msgs' build argument 'cmake_target_skip_unavailable' from command line to 'False'
[0.463s] Level 5:colcon.colcon_core.verb:set package 'wiimote_msgs' build argument 'cmake_clean_cache' from command line to 'False'
[0.463s] Level 5:colcon.colcon_core.verb:set package 'wiimote_msgs' build argument 'cmake_clean_first' from command line to 'False'
[0.463s] Level 5:colcon.colcon_core.verb:set package 'wiimote_msgs' build argument 'cmake_force_configure' from command line to 'False'
[0.463s] Level 5:colcon.colcon_core.verb:set package 'wiimote_msgs' build argument 'ament_cmake_args' from command line to 'None'
[0.463s] Level 5:colcon.colcon_core.verb:set package 'wiimote_msgs' build argument 'catkin_cmake_args' from command line to 'None'
[0.463s] Level 5:colcon.colcon_core.verb:set package 'wiimote_msgs' build argument 'catkin_skip_building_tests' from command line to 'False'
[0.463s] DEBUG:colcon.colcon_core.verb:Building package 'wiimote_msgs' with the following arguments: {'ament_cmake_args': None, 'build_base': '/home/roverj8/LUIS/ARGJ08/ARGOSJ8_IA_/build/wiimote_msgs', 'catkin_cmake_args': None, 'catkin_skip_building_tests': False, 'cmake_args': None, 'cmake_clean_cache': False, 'cmake_clean_first': False, 'cmake_force_configure': False, 'cmake_target': None, 'cmake_target_skip_unavailable': False, 'install_base': '/home/roverj8/LUIS/ARGJ08/ARGOSJ8_IA_/install/wiimote_msgs', 'merge_install': False, 'path': '/home/roverj8/LUIS/ARGJ08/ARGOSJ8_IA_/src/j8_joystick/wiimote_msgs', 'symlink_install': False, 'test_result_base': None}
[0.464s] Level 5:colcon.colcon_core.verb:set package 'argj801_ctl_platform' build argument 'cmake_args' from command line to 'None'
[0.464s] Level 5:colcon.colcon_core.verb:set package 'argj801_ctl_platform' build argument 'cmake_target' from command line to 'None'
[0.464s] Level 5:colcon.colcon_core.verb:set package 'argj801_ctl_platform' build argument 'cmake_target_skip_unavailable' from command line to 'False'
[0.464s] Level 5:colcon.colcon_core.verb:set package 'argj801_ctl_platform' build argument 'cmake_clean_cache' from command line to 'False'
[0.464s] Level 5:colcon.colcon_core.verb:set package 'argj801_ctl_platform' build argument 'cmake_clean_first' from command line to 'False'
[0.464s] Level 5:colcon.colcon_core.verb:set package 'argj801_ctl_platform' build argument 'cmake_force_configure' from command line to 'False'
[0.464s] Level 5:colcon.colcon_core.verb:set package 'argj801_ctl_platform' build argument 'ament_cmake_args' from command line to 'None'
[0.464s] Level 5:colcon.colcon_core.verb:set package 'argj801_ctl_platform' build argument 'catkin_cmake_args' from command line to 'None'
[0.464s] Level 5:colcon.colcon_core.verb:set package 'argj801_ctl_platform' build argument 'catkin_skip_building_tests' from command line to 'False'
[0.464s] DEBUG:colcon.colcon_core.verb:Building package 'argj801_ctl_platform' with the following arguments: {'ament_cmake_args': None, 'build_base': '/home/roverj8/LUIS/ARGJ08/ARGOSJ8_IA_/build/argj801_ctl_platform', 'catkin_cmake_args': None, 'catkin_skip_building_tests': False, 'cmake_args': None, 'cmake_clean_cache': False, 'cmake_clean_first': False, 'cmake_force_configure': False, 'cmake_target': None, 'cmake_target_skip_unavailable': False, 'install_base': '/home/roverj8/LUIS/ARGJ08/ARGOSJ8_IA_/install/argj801_ctl_platform', 'merge_install': False, 'path': '/home/roverj8/LUIS/ARGJ08/ARGOSJ8_IA_/src/argj801_ctl_platform/argj801_ctl_platform', 'symlink_install': False, 'test_result_base': None}
[0.464s] Level 5:colcon.colcon_core.verb:set package 'argj801_sensors' build argument 'cmake_args' from command line to 'None'
[0.464s] Level 5:colcon.colcon_core.verb:set package 'argj801_sensors' build argument 'cmake_target' from command line to 'None'
[0.464s] Level 5:colcon.colcon_core.verb:set package 'argj801_sensors' build argument 'cmake_target_skip_unavailable' from command line to 'False'
[0.464s] Level 5:colcon.colcon_core.verb:set package 'argj801_sensors' build argument 'cmake_clean_cache' from command line to 'False'
[0.464s] Level 5:colcon.colcon_core.verb:set package 'argj801_sensors' build argument 'cmake_clean_first' from command line to 'False'
[0.464s] Level 5:colcon.colcon_core.verb:set package 'argj801_sensors' build argument 'cmake_force_configure' from command line to 'False'
[0.464s] Level 5:colcon.colcon_core.verb:set package 'argj801_sensors' build argument 'ament_cmake_args' from command line to 'None'
[0.464s] Level 5:colcon.colcon_core.verb:set package 'argj801_sensors' build argument 'catkin_cmake_args' from command line to 'None'
[0.464s] Level 5:colcon.colcon_core.verb:set package 'argj801_sensors' build argument 'catkin_skip_building_tests' from command line to 'False'
[0.464s] DEBUG:colcon.colcon_core.verb:Building package 'argj801_sensors' with the following arguments: {'ament_cmake_args': None, 'build_base': '/home/roverj8/LUIS/ARGJ08/ARGOSJ8_IA_/build/argj801_sensors', 'catkin_cmake_args': None, 'catkin_skip_building_tests': False, 'cmake_args': None, 'cmake_clean_cache': False, 'cmake_clean_first': False, 'cmake_force_configure': False, 'cmake_target': None, 'cmake_target_skip_unavailable': False, 'install_base': '/home/roverj8/LUIS/ARGJ08/ARGOSJ8_IA_/install/argj801_sensors', 'merge_install': False, 'path': '/home/roverj8/LUIS/ARGJ08/ARGOSJ8_IA_/src/argo_drivers_pkgs/argj801_sensors/argj801_sensors', 'symlink_install': False, 'test_result_base': None}
[0.464s] Level 5:colcon.colcon_core.verb:set package 'car' build argument 'cmake_args' from command line to 'None'
[0.464s] Level 5:colcon.colcon_core.verb:set package 'car' build argument 'cmake_target' from command line to 'None'
[0.464s] Level 5:colcon.colcon_core.verb:set package 'car' build argument 'cmake_target_skip_unavailable' from command line to 'False'
[0.464s] Level 5:colcon.colcon_core.verb:set package 'car' build argument 'cmake_clean_cache' from command line to 'False'
[0.464s] Level 5:colcon.colcon_core.verb:set package 'car' build argument 'cmake_clean_first' from command line to 'False'
[0.464s] Level 5:colcon.colcon_core.verb:set package 'car' build argument 'cmake_force_configure' from command line to 'False'
[0.464s] Level 5:colcon.colcon_core.verb:set package 'car' build argument 'ament_cmake_args' from command line to 'None'
[0.464s] Level 5:colcon.colcon_core.verb:set package 'car' build argument 'catkin_cmake_args' from command line to 'None'
[0.464s] Level 5:colcon.colcon_core.verb:set package 'car' build argument 'catkin_skip_building_tests' from command line to 'False'
[0.464s] DEBUG:colcon.colcon_core.verb:Building package 'car' with the following arguments: {'ament_cmake_args': None, 'build_base': '/home/roverj8/LUIS/ARGJ08/ARGOSJ8_IA_/build/car', 'catkin_cmake_args': None, 'catkin_skip_building_tests': False, 'cmake_args': None, 'cmake_clean_cache': False, 'cmake_clean_first': False, 'cmake_force_configure': False, 'cmake_target': None, 'cmake_target_skip_unavailable': False, 'install_base': '/home/roverj8/LUIS/ARGJ08/ARGOSJ8_IA_/install/car', 'merge_install': False, 'path': '/home/roverj8/LUIS/ARGJ08/ARGOSJ8_IA_/src/car_python', 'symlink_install': False, 'test_result_base': None}
[0.465s] Level 5:colcon.colcon_core.verb:set package 'car_cpp' build argument 'cmake_args' from command line to 'None'
[0.465s] Level 5:colcon.colcon_core.verb:set package 'car_cpp' build argument 'cmake_target' from command line to 'None'
[0.465s] Level 5:colcon.colcon_core.verb:set package 'car_cpp' build argument 'cmake_target_skip_unavailable' from command line to 'False'
[0.465s] Level 5:colcon.colcon_core.verb:set package 'car_cpp' build argument 'cmake_clean_cache' from command line to 'False'
[0.465s] Level 5:colcon.colcon_core.verb:set package 'car_cpp' build argument 'cmake_clean_first' from command line to 'False'
[0.465s] Level 5:colcon.colcon_core.verb:set package 'car_cpp' build argument 'cmake_force_configure' from command line to 'False'
[0.465s] Level 5:colcon.colcon_core.verb:set package 'car_cpp' build argument 'ament_cmake_args' from command line to 'None'
[0.465s] Level 5:colcon.colcon_core.verb:set package 'car_cpp' build argument 'catkin_cmake_args' from command line to 'None'
[0.465s] Level 5:colcon.colcon_core.verb:set package 'car_cpp' build argument 'catkin_skip_building_tests' from command line to 'False'
[0.465s] DEBUG:colcon.colcon_core.verb:Building package 'car_cpp' with the following arguments: {'ament_cmake_args': None, 'build_base': '/home/roverj8/LUIS/ARGJ08/ARGOSJ8_IA_/build/car_cpp', 'catkin_cmake_args': None, 'catkin_skip_building_tests': False, 'cmake_args': None, 'cmake_clean_cache': False, 'cmake_clean_first': False, 'cmake_force_configure': False, 'cmake_target': None, 'cmake_target_skip_unavailable': False, 'install_base': '/home/roverj8/LUIS/ARGJ08/ARGOSJ8_IA_/install/car_cpp', 'merge_install': False, 'path': '/home/roverj8/LUIS/ARGJ08/ARGOSJ8_IA_/src/car_cpp', 'symlink_install': False, 'test_result_base': None}
[0.465s] Level 5:colcon.colcon_core.verb:set package 'fixposition_driver_lib' build argument 'cmake_args' from command line to 'None'
[0.465s] Level 5:colcon.colcon_core.verb:set package 'fixposition_driver_lib' build argument 'cmake_target' from command line to 'None'
[0.465s] Level 5:colcon.colcon_core.verb:set package 'fixposition_driver_lib' build argument 'cmake_target_skip_unavailable' from command line to 'False'
[0.465s] Level 5:colcon.colcon_core.verb:set package 'fixposition_driver_lib' build argument 'cmake_clean_cache' from command line to 'False'
[0.465s] Level 5:colcon.colcon_core.verb:set package 'fixposition_driver_lib' build argument 'cmake_clean_first' from command line to 'False'
[0.465s] Level 5:colcon.colcon_core.verb:set package 'fixposition_driver_lib' build argument 'cmake_force_configure' from command line to 'False'
[0.465s] Level 5:colcon.colcon_core.verb:set package 'fixposition_driver_lib' build argument 'ament_cmake_args' from command line to 'None'
[0.465s] Level 5:colcon.colcon_core.verb:set package 'fixposition_driver_lib' build argument 'catkin_cmake_args' from command line to 'None'
[0.465s] Level 5:colcon.colcon_core.verb:set package 'fixposition_driver_lib' build argument 'catkin_skip_building_tests' from command line to 'False'
[0.465s] DEBUG:colcon.colcon_core.verb:Building package 'fixposition_driver_lib' with the following arguments: {'ament_cmake_args': None, 'build_base': '/home/roverj8/LUIS/ARGJ08/ARGOSJ8_IA_/build/fixposition_driver_lib', 'catkin_cmake_args': None, 'catkin_skip_building_tests': False, 'cmake_args': None, 'cmake_clean_cache': False, 'cmake_clean_first': False, 'cmake_force_configure': False, 'cmake_target': None, 'cmake_target_skip_unavailable': False, 'install_base': '/home/roverj8/LUIS/ARGJ08/ARGOSJ8_IA_/install/fixposition_driver_lib', 'merge_install': False, 'path': '/home/roverj8/LUIS/ARGJ08/ARGOSJ8_IA_/src/argo_drivers_pkgs/Fixposition_driver_pkg/fixposition_driver-main/fixposition_driver_lib', 'symlink_install': False, 'test_result_base': None}
[0.465s] Level 5:colcon.colcon_core.verb:set package 'joy' build argument 'cmake_args' from command line to 'None'
[0.465s] Level 5:colcon.colcon_core.verb:set package 'joy' build argument 'cmake_target' from command line to 'None'
[0.465s] Level 5:colcon.colcon_core.verb:set package 'joy' build argument 'cmake_target_skip_unavailable' from command line to 'False'
[0.465s] Level 5:colcon.colcon_core.verb:set package 'joy' build argument 'cmake_clean_cache' from command line to 'False'
[0.465s] Level 5:colcon.colcon_core.verb:set package 'joy' build argument 'cmake_clean_first' from command line to 'False'
[0.465s] Level 5:colcon.colcon_core.verb:set package 'joy' build argument 'cmake_force_configure' from command line to 'False'
[0.465s] Level 5:colcon.colcon_core.verb:set package 'joy' build argument 'ament_cmake_args' from command line to 'None'
[0.465s] Level 5:colcon.colcon_core.verb:set package 'joy' build argument 'catkin_cmake_args' from command line to 'None'
[0.465s] Level 5:colcon.colcon_core.verb:set package 'joy' build argument 'catkin_skip_building_tests' from command line to 'False'
[0.465s] DEBUG:colcon.colcon_core.verb:Building package 'joy' with the following arguments: {'ament_cmake_args': None, 'build_base': '/home/roverj8/LUIS/ARGJ08/ARGOSJ8_IA_/build/joy', 'catkin_cmake_args': None, 'catkin_skip_building_tests': False, 'cmake_args': None, 'cmake_clean_cache': False, 'cmake_clean_first': False, 'cmake_force_configure': False, 'cmake_target': None, 'cmake_target_skip_unavailable': False, 'install_base': '/home/roverj8/LUIS/ARGJ08/ARGOSJ8_IA_/install/joy', 'merge_install': False, 'path': '/home/roverj8/LUIS/ARGJ08/ARGOSJ8_IA_/src/j8_joystick/joy', 'symlink_install': False, 'test_result_base': None}
[0.465s] Level 5:colcon.colcon_core.verb:set package 'laser_segmentation' build argument 'cmake_args' from command line to 'None'
[0.465s] Level 5:colcon.colcon_core.verb:set package 'laser_segmentation' build argument 'cmake_target' from command line to 'None'
[0.465s] Level 5:colcon.colcon_core.verb:set package 'laser_segmentation' build argument 'cmake_target_skip_unavailable' from command line to 'False'
[0.466s] Level 5:colcon.colcon_core.verb:set package 'laser_segmentation' build argument 'cmake_clean_cache' from command line to 'False'
[0.466s] Level 5:colcon.colcon_core.verb:set package 'laser_segmentation' build argument 'cmake_clean_first' from command line to 'False'
[0.466s] Level 5:colcon.colcon_core.verb:set package 'laser_segmentation' build argument 'cmake_force_configure' from command line to 'False'
[0.466s] Level 5:colcon.colcon_core.verb:set package 'laser_segmentation' build argument 'ament_cmake_args' from command line to 'None'
[0.466s] Level 5:colcon.colcon_core.verb:set package 'laser_segmentation' build argument 'catkin_cmake_args' from command line to 'None'
[0.466s] Level 5:colcon.colcon_core.verb:set package 'laser_segmentation' build argument 'catkin_skip_building_tests' from command line to 'False'
[0.466s] DEBUG:colcon.colcon_core.verb:Building package 'laser_segmentation' with the following arguments: {'ament_cmake_args': None, 'build_base': '/home/roverj8/LUIS/ARGJ08/ARGOSJ8_IA_/build/laser_segmentation', 'catkin_cmake_args': None, 'catkin_skip_building_tests': False, 'cmake_args': None, 'cmake_clean_cache': False, 'cmake_clean_first': False, 'cmake_force_configure': False, 'cmake_target': None, 'cmake_target_skip_unavailable': False, 'install_base': '/home/roverj8/LUIS/ARGJ08/ARGOSJ8_IA_/install/laser_segmentation', 'merge_install': False, 'path': '/home/roverj8/LUIS/ARGJ08/ARGOSJ8_IA_/src/lidar_process_pkgs/laser_segmentation', 'symlink_install': False, 'test_result_base': None}
[0.466s] Level 5:colcon.colcon_core.verb:set package 'path_manager' build argument 'cmake_args' from command line to 'None'
[0.466s] Level 5:colcon.colcon_core.verb:set package 'path_manager' build argument 'cmake_target' from command line to 'None'
[0.466s] Level 5:colcon.colcon_core.verb:set package 'path_manager' build argument 'cmake_target_skip_unavailable' from command line to 'False'
[0.466s] Level 5:colcon.colcon_core.verb:set package 'path_manager' build argument 'cmake_clean_cache' from command line to 'False'
[0.466s] Level 5:colcon.colcon_core.verb:set package 'path_manager' build argument 'cmake_clean_first' from command line to 'False'
[0.466s] Level 5:colcon.colcon_core.verb:set package 'path_manager' build argument 'cmake_force_configure' from command line to 'False'
[0.466s] Level 5:colcon.colcon_core.verb:set package 'path_manager' build argument 'ament_cmake_args' from command line to 'None'
[0.466s] Level 5:colcon.colcon_core.verb:set package 'path_manager' build argument 'catkin_cmake_args' from command line to 'None'
[0.466s] Level 5:colcon.colcon_core.verb:set package 'path_manager' build argument 'catkin_skip_building_tests' from command line to 'False'
[0.466s] DEBUG:colcon.colcon_core.verb:Building package 'path_manager' with the following arguments: {'ament_cmake_args': None, 'build_base': '/home/roverj8/LUIS/ARGJ08/ARGOSJ8_IA_/build/path_manager', 'catkin_cmake_args': None, 'catkin_skip_building_tests': False, 'cmake_args': None, 'cmake_clean_cache': False, 'cmake_clean_first': False, 'cmake_force_configure': False, 'cmake_target': None, 'cmake_target_skip_unavailable': False, 'install_base': '/home/roverj8/LUIS/ARGJ08/ARGOSJ8_IA_/install/path_manager', 'merge_install': False, 'path': '/home/roverj8/LUIS/ARGJ08/ARGOSJ8_IA_/src/path_manager/path_manager', 'symlink_install': False, 'test_result_base': None}
[0.466s] Level 5:colcon.colcon_core.verb:set package 'ublox_msgs' build argument 'cmake_args' from command line to 'None'
[0.466s] Level 5:colcon.colcon_core.verb:set package 'ublox_msgs' build argument 'cmake_target' from command line to 'None'
[0.466s] Level 5:colcon.colcon_core.verb:set package 'ublox_msgs' build argument 'cmake_target_skip_unavailable' from command line to 'False'
[0.466s] Level 5:colcon.colcon_core.verb:set package 'ublox_msgs' build argument 'cmake_clean_cache' from command line to 'False'
[0.466s] Level 5:colcon.colcon_core.verb:set package 'ublox_msgs' build argument 'cmake_clean_first' from command line to 'False'
[0.466s] Level 5:colcon.colcon_core.verb:set package 'ublox_msgs' build argument 'cmake_force_configure' from command line to 'False'
[0.466s] Level 5:colcon.colcon_core.verb:set package 'ublox_msgs' build argument 'ament_cmake_args' from command line to 'None'
[0.466s] Level 5:colcon.colcon_core.verb:set package 'ublox_msgs' build argument 'catkin_cmake_args' from command line to 'None'
[0.466s] Level 5:colcon.colcon_core.verb:set package 'ublox_msgs' build argument 'catkin_skip_building_tests' from command line to 'False'
[0.466s] DEBUG:colcon.colcon_core.verb:Building package 'ublox_msgs' with the following arguments: {'ament_cmake_args': None, 'build_base': '/home/roverj8/LUIS/ARGJ08/ARGOSJ8_IA_/build/ublox_msgs', 'catkin_cmake_args': None, 'catkin_skip_building_tests': False, 'cmake_args': None, 'cmake_clean_cache': False, 'cmake_clean_first': False, 'cmake_force_configure': False, 'cmake_target': None, 'cmake_target_skip_unavailable': False, 'install_base': '/home/roverj8/LUIS/ARGJ08/ARGOSJ8_IA_/install/ublox_msgs', 'merge_install': False, 'path': '/home/roverj8/LUIS/ARGJ08/ARGOSJ8_IA_/src/argo_drivers_pkgs/ublox/ublox_msgs', 'symlink_install': False, 'test_result_base': None}
[0.466s] Level 5:colcon.colcon_core.verb:set package 'ctl_mission' build argument 'cmake_args' from command line to 'None'
[0.466s] Level 5:colcon.colcon_core.verb:set package 'ctl_mission' build argument 'cmake_target' from command line to 'None'
[0.466s] Level 5:colcon.colcon_core.verb:set package 'ctl_mission' build argument 'cmake_target_skip_unavailable' from command line to 'False'
[0.466s] Level 5:colcon.colcon_core.verb:set package 'ctl_mission' build argument 'cmake_clean_cache' from command line to 'False'
[0.466s] Level 5:colcon.colcon_core.verb:set package 'ctl_mission' build argument 'cmake_clean_first' from command line to 'False'
[0.466s] Level 5:colcon.colcon_core.verb:set package 'ctl_mission' build argument 'cmake_force_configure' from command line to 'False'
[0.466s] Level 5:colcon.colcon_core.verb:set package 'ctl_mission' build argument 'ament_cmake_args' from command line to 'None'
[0.466s] Level 5:colcon.colcon_core.verb:set package 'ctl_mission' build argument 'catkin_cmake_args' from command line to 'None'
[0.466s] Level 5:colcon.colcon_core.verb:set package 'ctl_mission' build argument 'catkin_skip_building_tests' from command line to 'False'
[0.467s] DEBUG:colcon.colcon_core.verb:Building package 'ctl_mission' with the following arguments: {'ament_cmake_args': None, 'build_base': '/home/roverj8/LUIS/ARGJ08/ARGOSJ8_IA_/build/ctl_mission', 'catkin_cmake_args': None, 'catkin_skip_building_tests': False, 'cmake_args': None, 'cmake_clean_cache': False, 'cmake_clean_first': False, 'cmake_force_configure': False, 'cmake_target': None, 'cmake_target_skip_unavailable': False, 'install_base': '/home/roverj8/LUIS/ARGJ08/ARGOSJ8_IA_/install/ctl_mission', 'merge_install': False, 'path': '/home/roverj8/LUIS/ARGJ08/ARGOSJ8_IA_/src/ctl_mission/ctl_mission', 'symlink_install': False, 'test_result_base': None}
[0.467s] Level 5:colcon.colcon_core.verb:set package 'fixposition_driver_ros2' build argument 'cmake_args' from command line to 'None'
[0.467s] Level 5:colcon.colcon_core.verb:set package 'fixposition_driver_ros2' build argument 'cmake_target' from command line to 'None'
[0.467s] Level 5:colcon.colcon_core.verb:set package 'fixposition_driver_ros2' build argument 'cmake_target_skip_unavailable' from command line to 'False'
[0.467s] Level 5:colcon.colcon_core.verb:set package 'fixposition_driver_ros2' build argument 'cmake_clean_cache' from command line to 'False'
[0.467s] Level 5:colcon.colcon_core.verb:set package 'fixposition_driver_ros2' build argument 'cmake_clean_first' from command line to 'False'
[0.467s] Level 5:colcon.colcon_core.verb:set package 'fixposition_driver_ros2' build argument 'cmake_force_configure' from command line to 'False'
[0.467s] Level 5:colcon.colcon_core.verb:set package 'fixposition_driver_ros2' build argument 'ament_cmake_args' from command line to 'None'
[0.467s] Level 5:colcon.colcon_core.verb:set package 'fixposition_driver_ros2' build argument 'catkin_cmake_args' from command line to 'None'
[0.467s] Level 5:colcon.colcon_core.verb:set package 'fixposition_driver_ros2' build argument 'catkin_skip_building_tests' from command line to 'False'
[0.467s] DEBUG:colcon.colcon_core.verb:Building package 'fixposition_driver_ros2' with the following arguments: {'ament_cmake_args': None, 'build_base': '/home/roverj8/LUIS/ARGJ08/ARGOSJ8_IA_/build/fixposition_driver_ros2', 'catkin_cmake_args': None, 'catkin_skip_building_tests': False, 'cmake_args': None, 'cmake_clean_cache': False, 'cmake_clean_first': False, 'cmake_force_configure': False, 'cmake_target': None, 'cmake_target_skip_unavailable': False, 'install_base': '/home/roverj8/LUIS/ARGJ08/ARGOSJ8_IA_/install/fixposition_driver_ros2', 'merge_install': False, 'path': '/home/roverj8/LUIS/ARGJ08/ARGOSJ8_IA_/src/argo_drivers_pkgs/Fixposition_driver_pkg/fixposition_driver-main/fixposition_driver_ros2', 'symlink_install': False, 'test_result_base': None}
[0.467s] Level 5:colcon.colcon_core.verb:set package 'j8_xacro_model' build argument 'cmake_args' from command line to 'None'
[0.467s] Level 5:colcon.colcon_core.verb:set package 'j8_xacro_model' build argument 'cmake_target' from command line to 'None'
[0.467s] Level 5:colcon.colcon_core.verb:set package 'j8_xacro_model' build argument 'cmake_target_skip_unavailable' from command line to 'False'
[0.467s] Level 5:colcon.colcon_core.verb:set package 'j8_xacro_model' build argument 'cmake_clean_cache' from command line to 'False'
[0.467s] Level 5:colcon.colcon_core.verb:set package 'j8_xacro_model' build argument 'cmake_clean_first' from command line to 'False'
[0.467s] Level 5:colcon.colcon_core.verb:set package 'j8_xacro_model' build argument 'cmake_force_configure' from command line to 'False'
[0.467s] Level 5:colcon.colcon_core.verb:set package 'j8_xacro_model' build argument 'ament_cmake_args' from command line to 'None'
[0.467s] Level 5:colcon.colcon_core.verb:set package 'j8_xacro_model' build argument 'catkin_cmake_args' from command line to 'None'
[0.467s] Level 5:colcon.colcon_core.verb:set package 'j8_xacro_model' build argument 'catkin_skip_building_tests' from command line to 'False'
[0.467s] DEBUG:colcon.colcon_core.verb:Building package 'j8_xacro_model' with the following arguments: {'ament_cmake_args': None, 'build_base': '/home/roverj8/LUIS/ARGJ08/ARGOSJ8_IA_/build/j8_xacro_model', 'catkin_cmake_args': None, 'catkin_skip_building_tests': False, 'cmake_args': None, 'cmake_clean_cache': False, 'cmake_clean_first': False, 'cmake_force_configure': False, 'cmake_target': None, 'cmake_target_skip_unavailable': False, 'install_base': '/home/roverj8/LUIS/ARGJ08/ARGOSJ8_IA_/install/j8_xacro_model', 'merge_install': False, 'path': '/home/roverj8/LUIS/ARGJ08/ARGOSJ8_IA_/src/gazebo_sim_pkgs/j8_xacro_model', 'symlink_install': False, 'test_result_base': None}
[0.467s] Level 5:colcon.colcon_core.verb:set package 'ublox_gps' build argument 'cmake_args' from command line to 'None'
[0.467s] Level 5:colcon.colcon_core.verb:set package 'ublox_gps' build argument 'cmake_target' from command line to 'None'
[0.467s] Level 5:colcon.colcon_core.verb:set package 'ublox_gps' build argument 'cmake_target_skip_unavailable' from command line to 'False'
[0.467s] Level 5:colcon.colcon_core.verb:set package 'ublox_gps' build argument 'cmake_clean_cache' from command line to 'False'
[0.467s] Level 5:colcon.colcon_core.verb:set package 'ublox_gps' build argument 'cmake_clean_first' from command line to 'False'
[0.467s] Level 5:colcon.colcon_core.verb:set package 'ublox_gps' build argument 'cmake_force_configure' from command line to 'False'
[0.467s] Level 5:colcon.colcon_core.verb:set package 'ublox_gps' build argument 'ament_cmake_args' from command line to 'None'
[0.467s] Level 5:colcon.colcon_core.verb:set package 'ublox_gps' build argument 'catkin_cmake_args' from command line to 'None'
[0.467s] Level 5:colcon.colcon_core.verb:set package 'ublox_gps' build argument 'catkin_skip_building_tests' from command line to 'False'
[0.467s] DEBUG:colcon.colcon_core.verb:Building package 'ublox_gps' with the following arguments: {'ament_cmake_args': None, 'build_base': '/home/roverj8/LUIS/ARGJ08/ARGOSJ8_IA_/build/ublox_gps', 'catkin_cmake_args': None, 'catkin_skip_building_tests': False, 'cmake_args': None, 'cmake_clean_cache': False, 'cmake_clean_first': False, 'cmake_force_configure': False, 'cmake_target': None, 'cmake_target_skip_unavailable': False, 'install_base': '/home/roverj8/LUIS/ARGJ08/ARGOSJ8_IA_/install/ublox_gps', 'merge_install': False, 'path': '/home/roverj8/LUIS/ARGJ08/ARGOSJ8_IA_/src/argo_drivers_pkgs/ublox/ublox_gps', 'symlink_install': False, 'test_result_base': None}
[0.468s] Level 5:colcon.colcon_core.verb:set package 'fixposition_odometry_converter_ros2' build argument 'cmake_args' from command line to 'None'
[0.468s] Level 5:colcon.colcon_core.verb:set package 'fixposition_odometry_converter_ros2' build argument 'cmake_target' from command line to 'None'
[0.468s] Level 5:colcon.colcon_core.verb:set package 'fixposition_odometry_converter_ros2' build argument 'cmake_target_skip_unavailable' from command line to 'False'
[0.468s] Level 5:colcon.colcon_core.verb:set package 'fixposition_odometry_converter_ros2' build argument 'cmake_clean_cache' from command line to 'False'
[0.468s] Level 5:colcon.colcon_core.verb:set package 'fixposition_odometry_converter_ros2' build argument 'cmake_clean_first' from command line to 'False'
[0.468s] Level 5:colcon.colcon_core.verb:set package 'fixposition_odometry_converter_ros2' build argument 'cmake_force_configure' from command line to 'False'
[0.468s] Level 5:colcon.colcon_core.verb:set package 'fixposition_odometry_converter_ros2' build argument 'ament_cmake_args' from command line to 'None'
[0.468s] Level 5:colcon.colcon_core.verb:set package 'fixposition_odometry_converter_ros2' build argument 'catkin_cmake_args' from command line to 'None'
[0.468s] Level 5:colcon.colcon_core.verb:set package 'fixposition_odometry_converter_ros2' build argument 'catkin_skip_building_tests' from command line to 'False'
[0.468s] DEBUG:colcon.colcon_core.verb:Building package 'fixposition_odometry_converter_ros2' with the following arguments: {'ament_cmake_args': None, 'build_base': '/home/roverj8/LUIS/ARGJ08/ARGOSJ8_IA_/build/fixposition_odometry_converter_ros2', 'catkin_cmake_args': None, 'catkin_skip_building_tests': False, 'cmake_args': None, 'cmake_clean_cache': False, 'cmake_clean_first': False, 'cmake_force_configure': False, 'cmake_target': None, 'cmake_target_skip_unavailable': False, 'install_base': '/home/roverj8/LUIS/ARGJ08/ARGOSJ8_IA_/install/fixposition_odometry_converter_ros2', 'merge_install': False, 'path': '/home/roverj8/LUIS/ARGJ08/ARGOSJ8_IA_/src/argo_drivers_pkgs/Fixposition_driver_pkg/fixposition_driver-main/fixposition_odometry_converter_ros2', 'symlink_install': False, 'test_result_base': None}
[0.468s] Level 5:colcon.colcon_core.verb:set package 'security_check' build argument 'cmake_args' from command line to 'None'
[0.468s] Level 5:colcon.colcon_core.verb:set package 'security_check' build argument 'cmake_target' from command line to 'None'
[0.468s] Level 5:colcon.colcon_core.verb:set package 'security_check' build argument 'cmake_target_skip_unavailable' from command line to 'False'
[0.468s] Level 5:colcon.colcon_core.verb:set package 'security_check' build argument 'cmake_clean_cache' from command line to 'False'
[0.468s] Level 5:colcon.colcon_core.verb:set package 'security_check' build argument 'cmake_clean_first' from command line to 'False'
[0.468s] Level 5:colcon.colcon_core.verb:set package 'security_check' build argument 'cmake_force_configure' from command line to 'False'
[0.468s] Level 5:colcon.colcon_core.verb:set package 'security_check' build argument 'ament_cmake_args' from command line to 'None'
[0.468s] Level 5:colcon.colcon_core.verb:set package 'security_check' build argument 'catkin_cmake_args' from command line to 'None'
[0.468s] Level 5:colcon.colcon_core.verb:set package 'security_check' build argument 'catkin_skip_building_tests' from command line to 'False'
[0.468s] DEBUG:colcon.colcon_core.verb:Building package 'security_check' with the following arguments: {'ament_cmake_args': None, 'build_base': '/home/roverj8/LUIS/ARGJ08/ARGOSJ8_IA_/build/security_check', 'catkin_cmake_args': None, 'catkin_skip_building_tests': False, 'cmake_args': None, 'cmake_clean_cache': False, 'cmake_clean_first': False, 'cmake_force_configure': False, 'cmake_target': None, 'cmake_target_skip_unavailable': False, 'install_base': '/home/roverj8/LUIS/ARGJ08/ARGOSJ8_IA_/install/security_check', 'merge_install': False, 'path': '/home/roverj8/LUIS/ARGJ08/ARGOSJ8_IA_/src/security_check/security_check', 'symlink_install': False, 'test_result_base': None}
[0.468s] Level 5:colcon.colcon_core.verb:set package 'ublox' build argument 'cmake_args' from command line to 'None'
[0.468s] Level 5:colcon.colcon_core.verb:set package 'ublox' build argument 'cmake_target' from command line to 'None'
[0.468s] Level 5:colcon.colcon_core.verb:set package 'ublox' build argument 'cmake_target_skip_unavailable' from command line to 'False'
[0.468s] Level 5:colcon.colcon_core.verb:set package 'ublox' build argument 'cmake_clean_cache' from command line to 'False'
[0.468s] Level 5:colcon.colcon_core.verb:set package 'ublox' build argument 'cmake_clean_first' from command line to 'False'
[0.468s] Level 5:colcon.colcon_core.verb:set package 'ublox' build argument 'cmake_force_configure' from command line to 'False'
[0.468s] Level 5:colcon.colcon_core.verb:set package 'ublox' build argument 'ament_cmake_args' from command line to 'None'
[0.468s] Level 5:colcon.colcon_core.verb:set package 'ublox' build argument 'catkin_cmake_args' from command line to 'None'
[0.468s] Level 5:colcon.colcon_core.verb:set package 'ublox' build argument 'catkin_skip_building_tests' from command line to 'False'
[0.468s] DEBUG:colcon.colcon_core.verb:Building package 'ublox' with the following arguments: {'ament_cmake_args': None, 'build_base': '/home/roverj8/LUIS/ARGJ08/ARGOSJ8_IA_/build/ublox', 'catkin_cmake_args': None, 'catkin_skip_building_tests': False, 'cmake_args': None, 'cmake_clean_cache': False, 'cmake_clean_first': False, 'cmake_force_configure': False, 'cmake_target': None, 'cmake_target_skip_unavailable': False, 'install_base': '/home/roverj8/LUIS/ARGJ08/ARGOSJ8_IA_/install/ublox', 'merge_install': False, 'path': '/home/roverj8/LUIS/ARGJ08/ARGOSJ8_IA_/src/argo_drivers_pkgs/ublox/ublox', 'symlink_install': False, 'test_result_base': None}
[0.468s] INFO:colcon.colcon_core.executor:Executing jobs using 'parallel' executor
[0.469s] DEBUG:colcon.colcon_parallel_executor.executor.parallel:run_until_complete
[0.469s] INFO:colcon.colcon_ros.task.ament_cmake.build:Building ROS package in '/home/roverj8/LUIS/ARGJ08/ARGOSJ8_IA_/src/argo_drivers_pkgs/ublox/ublox_serialization' with build type 'ament_cmake'
[0.470s] INFO:colcon.colcon_cmake.task.cmake.build:Building CMake package in '/home/roverj8/LUIS/ARGJ08/ARGOSJ8_IA_/src/argo_drivers_pkgs/ublox/ublox_serialization'
[0.473s] INFO:colcon.colcon_core.plugin_system:Skipping extension 'colcon_core.shell.bat': Not used on non-Windows systems
[0.473s] INFO:colcon.colcon_core.shell:Skip shell extension 'powershell' for command environment: Not usable outside of PowerShell
[0.473s] DEBUG:colcon.colcon_core.shell:Skip shell extension 'dsv' for command environment
[0.475s] INFO:colcon.colcon_ros.task.ament_cmake.build:Building ROS package in '/home/roverj8/LUIS/ARGJ08/ARGOSJ8_IA_/src/argj801_ctl_platform/argj801_ctl_platform_interfaces' with build type 'ament_cmake'
[0.475s] INFO:colcon.colcon_cmake.task.cmake.build:Building CMake package in '/home/roverj8/LUIS/ARGJ08/ARGOSJ8_IA_/src/argj801_ctl_platform/argj801_ctl_platform_interfaces'
[0.476s] INFO:colcon.colcon_core.shell:Skip shell extension 'powershell' for command environment: Not usable outside of PowerShell
[0.476s] DEBUG:colcon.colcon_core.shell:Skip shell extension 'dsv' for command environment
[0.477s] INFO:colcon.colcon_ros.task.ament_cmake.build:Building ROS package in '/home/roverj8/LUIS/ARGJ08/ARGOSJ8_IA_/src/path_manager/path_manager_interfaces' with build type 'ament_cmake'
[0.477s] INFO:colcon.colcon_cmake.task.cmake.build:Building CMake package in '/home/roverj8/LUIS/ARGJ08/ARGOSJ8_IA_/src/path_manager/path_manager_interfaces'
[0.477s] INFO:colcon.colcon_core.shell:Skip shell extension 'powershell' for command environment: Not usable outside of PowerShell
[0.477s] DEBUG:colcon.colcon_core.shell:Skip shell extension 'dsv' for command environment
[0.478s] INFO:colcon.colcon_ros.task.cmake.build:Building ROS package in '/home/roverj8/LUIS/ARGJ08/ARGOSJ8_IA_/src/argo_drivers_pkgs/Fixposition_driver_pkg/fixposition_gnss_tf-main' with build type 'cmake'
[0.478s] INFO:colcon.colcon_cmake.task.cmake.build:Building CMake package in '/home/roverj8/LUIS/ARGJ08/ARGOSJ8_IA_/src/argo_drivers_pkgs/Fixposition_driver_pkg/fixposition_gnss_tf-main'
[0.478s] INFO:colcon.colcon_core.shell:Skip shell extension 'powershell' for command environment: Not usable outside of PowerShell
[0.478s] DEBUG:colcon.colcon_core.shell:Skip shell extension 'dsv' for command environment
[0.479s] INFO:colcon.colcon_ros.task.ament_cmake.build:Building ROS package in '/home/roverj8/LUIS/ARGJ08/ARGOSJ8_IA_/src/car_interfaces' with build type 'ament_cmake'
[0.479s] INFO:colcon.colcon_cmake.task.cmake.build:Building CMake package in '/home/roverj8/LUIS/ARGJ08/ARGOSJ8_IA_/src/car_interfaces'
[0.479s] INFO:colcon.colcon_core.shell:Skip shell extension 'powershell' for command environment: Not usable outside of PowerShell
[0.479s] DEBUG:colcon.colcon_core.shell:Skip shell extension 'dsv' for command environment
[0.480s] INFO:colcon.colcon_ros.task.ament_cmake.build:Building ROS package in '/home/roverj8/LUIS/ARGJ08/ARGOSJ8_IA_/src/ctl_mission/ctl_mission_interfaces' with build type 'ament_cmake'
[0.480s] INFO:colcon.colcon_cmake.task.cmake.build:Building CMake package in '/home/roverj8/LUIS/ARGJ08/ARGOSJ8_IA_/src/ctl_mission/ctl_mission_interfaces'
[0.480s] INFO:colcon.colcon_core.shell:Skip shell extension 'powershell' for command environment: Not usable outside of PowerShell
[0.480s] DEBUG:colcon.colcon_core.shell:Skip shell extension 'dsv' for command environment
[0.481s] INFO:colcon.colcon_ros.task.ament_cmake.build:Building ROS package in '/home/roverj8/LUIS/ARGJ08/ARGOSJ8_IA_/src/argo_drivers_pkgs/argj801_sensors/argj801_sensors_msgs' with build type 'ament_cmake'
[0.481s] INFO:colcon.colcon_cmake.task.cmake.build:Building CMake package in '/home/roverj8/LUIS/ARGJ08/ARGOSJ8_IA_/src/argo_drivers_pkgs/argj801_sensors/argj801_sensors_msgs'
[0.481s] INFO:colcon.colcon_core.shell:Skip shell extension 'powershell' for command environment: Not usable outside of PowerShell
[0.481s] DEBUG:colcon.colcon_core.shell:Skip shell extension 'dsv' for command environment
[0.482s] INFO:colcon.colcon_ros.task.ament_cmake.build:Building ROS package in '/home/roverj8/LUIS/ARGJ08/ARGOSJ8_IA_/src/j8_joystick/sdl2_vendor' with build type 'ament_cmake'
[0.482s] INFO:colcon.colcon_cmake.task.cmake.build:Building CMake package in '/home/roverj8/LUIS/ARGJ08/ARGOSJ8_IA_/src/j8_joystick/sdl2_vendor'
[0.482s] INFO:colcon.colcon_core.shell:Skip shell extension 'powershell' for command environment: Not usable outside of PowerShell
[0.482s] DEBUG:colcon.colcon_core.shell:Skip shell extension 'dsv' for command environment
[0.483s] INFO:colcon.colcon_ros.task.ament_cmake.build:Building ROS package in '/home/roverj8/LUIS/ARGJ08/ARGOSJ8_IA_/src/security_check/security_check_interfaces' with build type 'ament_cmake'
[0.483s] INFO:colcon.colcon_cmake.task.cmake.build:Building CMake package in '/home/roverj8/LUIS/ARGJ08/ARGOSJ8_IA_/src/security_check/security_check_interfaces'
[0.483s] INFO:colcon.colcon_core.shell:Skip shell extension 'powershell' for command environment: Not usable outside of PowerShell
[0.483s] DEBUG:colcon.colcon_core.shell:Skip shell extension 'dsv' for command environment
[0.483s] INFO:colcon.colcon_ros.task.ament_cmake.build:Building ROS package in '/home/roverj8/LUIS/ARGJ08/ARGOSJ8_IA_/src/lidar_process_pkgs/slg_msgs' with build type 'ament_cmake'
[0.484s] INFO:colcon.colcon_cmake.task.cmake.build:Building CMake package in '/home/roverj8/LUIS/ARGJ08/ARGOSJ8_IA_/src/lidar_process_pkgs/slg_msgs'
[0.484s] INFO:colcon.colcon_core.shell:Skip shell extension 'powershell' for command environment: Not usable outside of PowerShell
[0.484s] DEBUG:colcon.colcon_core.shell:Skip shell extension 'dsv' for command environment
[0.484s] INFO:colcon.colcon_ros.task.ament_python.build:Building ROS package in '/home/roverj8/LUIS/ARGJ08/ARGOSJ8_IA_/src/GUI_pkg' with build type 'ament_python'
[0.484s] Level 1:colcon.colcon_core.shell:create_environment_hook('GUI_pkg', 'ament_prefix_path')
[0.485s] INFO:colcon.colcon_core.shell:Creating environment hook '/home/roverj8/LUIS/ARGJ08/ARGOSJ8_IA_/install/GUI_pkg/share/GUI_pkg/hook/ament_prefix_path.ps1'
[0.486s] INFO:colcon.colcon_core.shell:Creating environment descriptor '/home/roverj8/LUIS/ARGJ08/ARGOSJ8_IA_/install/GUI_pkg/share/GUI_pkg/hook/ament_prefix_path.dsv'
[0.486s] INFO:colcon.colcon_core.shell:Creating environment hook '/home/roverj8/LUIS/ARGJ08/ARGOSJ8_IA_/install/GUI_pkg/share/GUI_pkg/hook/ament_prefix_path.sh'
[0.487s] INFO:colcon.colcon_core.shell:Skip shell extension 'powershell' for command environment: Not usable outside of PowerShell
[0.487s] DEBUG:colcon.colcon_core.shell:Skip shell extension 'dsv' for command environment
[0.488s] INFO:colcon.colcon_ros.task.ament_python.build:Building ROS package in '/home/roverj8/LUIS/ARGJ08/ARGOSJ8_IA_/src/android_ros2_server' with build type 'ament_python'
[0.488s] Level 1:colcon.colcon_core.shell:create_environment_hook('android_ros2_server', 'ament_prefix_path')
[0.488s] INFO:colcon.colcon_core.shell:Creating environment hook '/home/roverj8/LUIS/ARGJ08/ARGOSJ8_IA_/install/android_ros2_server/share/android_ros2_server/hook/ament_prefix_path.ps1'
[0.489s] INFO:colcon.colcon_core.shell:Creating environment descriptor '/home/roverj8/LUIS/ARGJ08/ARGOSJ8_IA_/install/android_ros2_server/share/android_ros2_server/hook/ament_prefix_path.dsv'
[0.489s] INFO:colcon.colcon_core.shell:Creating environment hook '/home/roverj8/LUIS/ARGJ08/ARGOSJ8_IA_/install/android_ros2_server/share/android_ros2_server/hook/ament_prefix_path.sh'
[0.489s] INFO:colcon.colcon_core.shell:Skip shell extension 'powershell' for command environment: Not usable outside of PowerShell
[0.489s] DEBUG:colcon.colcon_core.shell:Skip shell extension 'dsv' for command environment
[0.490s] INFO:colcon.colcon_ros.task.ament_cmake.build:Building ROS package in '/home/roverj8/LUIS/ARGJ08/ARGOSJ8_IA_/src/argj801_setup' with build type 'ament_cmake'
[0.490s] INFO:colcon.colcon_cmake.task.cmake.build:Building CMake package in '/home/roverj8/LUIS/ARGJ08/ARGOSJ8_IA_/src/argj801_setup'
[0.490s] INFO:colcon.colcon_core.shell:Skip shell extension 'powershell' for command environment: Not usable outside of PowerShell
[0.490s] DEBUG:colcon.colcon_core.shell:Skip shell extension 'dsv' for command environment
[0.491s] INFO:colcon.colcon_ros.task.ament_cmake.build:Building ROS package in '/home/roverj8/LUIS/ARGJ08/ARGOSJ8_IA_/src/gazebo_sim_pkgs/fix_position_pkg' with build type 'ament_cmake'
[0.491s] INFO:colcon.colcon_cmake.task.cmake.build:Building CMake package in '/home/roverj8/LUIS/ARGJ08/ARGOSJ8_IA_/src/gazebo_sim_pkgs/fix_position_pkg'
[0.491s] INFO:colcon.colcon_core.shell:Skip shell extension 'powershell' for command environment: Not usable outside of PowerShell
[0.491s] DEBUG:colcon.colcon_core.shell:Skip shell extension 'dsv' for command environment
[0.492s] INFO:colcon.colcon_ros.task.ament_python.build:Building ROS package in '/home/roverj8/LUIS/ARGJ08/ARGOSJ8_IA_/src/gui' with build type 'ament_python'
[0.492s] Level 1:colcon.colcon_core.shell:create_environment_hook('gui', 'ament_prefix_path')
[0.492s] INFO:colcon.colcon_core.shell:Creating environment hook '/home/roverj8/LUIS/ARGJ08/ARGOSJ8_IA_/install/gui/share/gui/hook/ament_prefix_path.ps1'
[0.492s] INFO:colcon.colcon_core.shell:Creating environment descriptor '/home/roverj8/LUIS/ARGJ08/ARGOSJ8_IA_/install/gui/share/gui/hook/ament_prefix_path.dsv'
[0.493s] INFO:colcon.colcon_core.shell:Creating environment hook '/home/roverj8/LUIS/ARGJ08/ARGOSJ8_IA_/install/gui/share/gui/hook/ament_prefix_path.sh'
[0.493s] INFO:colcon.colcon_core.shell:Skip shell extension 'powershell' for command environment: Not usable outside of PowerShell
[0.493s] DEBUG:colcon.colcon_core.shell:Skip shell extension 'dsv' for command environment
[0.494s] INFO:colcon.colcon_ros.task.ament_cmake.build:Building ROS package in '/home/roverj8/LUIS/ARGJ08/ARGOSJ8_IA_/src/hector_gazebo' with build type 'ament_cmake'
[0.494s] INFO:colcon.colcon_cmake.task.cmake.build:Building CMake package in '/home/roverj8/LUIS/ARGJ08/ARGOSJ8_IA_/src/hector_gazebo'
[0.494s] INFO:colcon.colcon_core.shell:Skip shell extension 'powershell' for command environment: Not usable outside of PowerShell
[0.494s] DEBUG:colcon.colcon_core.shell:Skip shell extension 'dsv' for command environment
[0.495s] INFO:colcon.colcon_ros.task.ament_cmake.build:Building ROS package in '/home/roverj8/LUIS/ARGJ08/ARGOSJ8_IA_/src/hikmicro_thermal_camera' with build type 'ament_cmake'
[0.495s] INFO:colcon.colcon_cmake.task.cmake.build:Building CMake package in '/home/roverj8/LUIS/ARGJ08/ARGOSJ8_IA_/src/hikmicro_thermal_camera'
[0.495s] INFO:colcon.colcon_core.shell:Skip shell extension 'powershell' for command environment: Not usable outside of PowerShell
[0.495s] DEBUG:colcon.colcon_core.shell:Skip shell extension 'dsv' for command environment
[0.496s] INFO:colcon.colcon_ros.task.ament_python.build:Building ROS package in '/home/roverj8/LUIS/ARGJ08/ARGOSJ8_IA_/src/test_gui_j8/src/j8_gui' with build type 'ament_python'
[0.496s] Level 1:colcon.colcon_core.shell:create_environment_hook('j8_gui', 'ament_prefix_path')
[0.496s] INFO:colcon.colcon_core.shell:Creating environment hook '/home/roverj8/LUIS/ARGJ08/ARGOSJ8_IA_/install/j8_gui/share/j8_gui/hook/ament_prefix_path.ps1'
[0.496s] INFO:colcon.colcon_core.shell:Creating environment descriptor '/home/roverj8/LUIS/ARGJ08/ARGOSJ8_IA_/install/j8_gui/share/j8_gui/hook/ament_prefix_path.dsv'
[0.497s] INFO:colcon.colcon_core.shell:Creating environment hook '/home/roverj8/LUIS/ARGJ08/ARGOSJ8_IA_/install/j8_gui/share/j8_gui/hook/ament_prefix_path.sh'
[0.497s] INFO:colcon.colcon_core.shell:Skip shell extension 'powershell' for command environment: Not usable outside of PowerShell
[0.497s] DEBUG:colcon.colcon_core.shell:Skip shell extension 'dsv' for command environment
[0.498s] INFO:colcon.colcon_ros.task.ament_cmake.build:Building ROS package in '/home/roverj8/LUIS/ARGJ08/ARGOSJ8_IA_/src/j8_joystick/joy_linux' with build type 'ament_cmake'
[0.498s] INFO:colcon.colcon_cmake.task.cmake.build:Building CMake package in '/home/roverj8/LUIS/ARGJ08/ARGOSJ8_IA_/src/j8_joystick/joy_linux'
[0.498s] INFO:colcon.colcon_core.shell:Skip shell extension 'powershell' for command environment: Not usable outside of PowerShell
[0.498s] DEBUG:colcon.colcon_core.shell:Skip shell extension 'dsv' for command environment
[0.499s] INFO:colcon.colcon_ros.task.ament_python.build:Building ROS package in '/home/roverj8/LUIS/ARGJ08/ARGOSJ8_IA_/src/argo_drivers_pkgs/ntrip_client' with build type 'ament_python'
[0.499s] Level 1:colcon.colcon_core.shell:create_environment_hook('ntrip_client', 'ament_prefix_path')
[0.499s] INFO:colcon.colcon_core.shell:Creating environment hook '/home/roverj8/LUIS/ARGJ08/ARGOSJ8_IA_/install/ntrip_client/share/ntrip_client/hook/ament_prefix_path.ps1'
[0.500s] INFO:colcon.colcon_core.shell:Creating environment descriptor '/home/roverj8/LUIS/ARGJ08/ARGOSJ8_IA_/install/ntrip_client/share/ntrip_client/hook/ament_prefix_path.dsv'
[0.500s] INFO:colcon.colcon_core.shell:Creating environment hook '/home/roverj8/LUIS/ARGJ08/ARGOSJ8_IA_/install/ntrip_client/share/ntrip_client/hook/ament_prefix_path.sh'
[0.500s] INFO:colcon.colcon_core.shell:Skip shell extension 'powershell' for command environment: Not usable outside of PowerShell
[0.500s] DEBUG:colcon.colcon_core.shell:Skip shell extension 'dsv' for command environment
[0.501s] INFO:colcon.colcon_ros.task.ament_cmake.build:Building ROS package in '/home/roverj8/LUIS/ARGJ08/ARGOSJ8_IA_/src/j8_joystick/spacenav' with build type 'ament_cmake'
[0.501s] INFO:colcon.colcon_cmake.task.cmake.build:Building CMake package in '/home/roverj8/LUIS/ARGJ08/ARGOSJ8_IA_/src/j8_joystick/spacenav'
[0.501s] INFO:colcon.colcon_core.shell:Skip shell extension 'powershell' for command environment: Not usable outside of PowerShell
[0.501s] DEBUG:colcon.colcon_core.shell:Skip shell extension 'dsv' for command environment
[0.502s] INFO:colcon.colcon_ros.task.ament_cmake.build:Building ROS package in '/home/roverj8/LUIS/ARGJ08/ARGOSJ8_IA_/src/j8_joystick/wiimote_msgs' with build type 'ament_cmake'
[0.502s] INFO:colcon.colcon_cmake.task.cmake.build:Building CMake package in '/home/roverj8/LUIS/ARGJ08/ARGOSJ8_IA_/src/j8_joystick/wiimote_msgs'
[0.502s] INFO:colcon.colcon_core.shell:Skip shell extension 'powershell' for command environment: Not usable outside of PowerShell
[0.502s] DEBUG:colcon.colcon_core.shell:Skip shell extension 'dsv' for command environment
[0.508s] DEBUG:colcon.colcon_core.event_handler.log_command:Invoking command in '/home/roverj8/LUIS/ARGJ08/ARGOSJ8_IA_/build/ublox_serialization': /usr/bin/cmake /home/roverj8/LUIS/ARGJ08/ARGOSJ8_IA_/src/argo_drivers_pkgs/ublox/ublox_serialization -DCMAKE_INSTALL_PREFIX=/home/roverj8/LUIS/ARGJ08/ARGOSJ8_IA_/install/ublox_serialization
[0.513s] DEBUG:colcon.colcon_core.event_handler.log_command:Invoking command in '/home/roverj8/LUIS/ARGJ08/ARGOSJ8_IA_/build/argj801_ctl_platform_interfaces': /usr/bin/cmake /home/roverj8/LUIS/ARGJ08/ARGOSJ8_IA_/src/argj801_ctl_platform/argj801_ctl_platform_interfaces -DCMAKE_INSTALL_PREFIX=/home/roverj8/LUIS/ARGJ08/ARGOSJ8_IA_/install/argj801_ctl_platform_interfaces
[0.515s] DEBUG:colcon.colcon_core.event_handler.log_command:Invoking command in '/home/roverj8/LUIS/ARGJ08/ARGOSJ8_IA_/build/path_manager_interfaces': /usr/bin/cmake /home/roverj8/LUIS/ARGJ08/ARGOSJ8_IA_/src/path_manager/path_manager_interfaces -DCMAKE_INSTALL_PREFIX=/home/roverj8/LUIS/ARGJ08/ARGOSJ8_IA_/install/path_manager_interfaces
[0.517s] DEBUG:colcon.colcon_core.event_handler.log_command:Invoking command in '/home/roverj8/LUIS/ARGJ08/ARGOSJ8_IA_/build/fixposition_gnss_tf': /usr/bin/cmake --build /home/roverj8/LUIS/ARGJ08/ARGOSJ8_IA_/build/fixposition_gnss_tf -- -j24 -l24
[0.520s] DEBUG:colcon.colcon_core.event_handler.log_command:Invoking command in '/home/roverj8/LUIS/ARGJ08/ARGOSJ8_IA_/build/car_interfaces': /usr/bin/cmake /home/roverj8/LUIS/ARGJ08/ARGOSJ8_IA_/src/car_interfaces -DCMAKE_INSTALL_PREFIX=/home/roverj8/LUIS/ARGJ08/ARGOSJ8_IA_/install/car_interfaces
[0.523s] DEBUG:colcon.colcon_core.event_handler.log_command:Invoking command in '/home/roverj8/LUIS/ARGJ08/ARGOSJ8_IA_/build/ctl_mission_interfaces': /usr/bin/cmake /home/roverj8/LUIS/ARGJ08/ARGOSJ8_IA_/src/ctl_mission/ctl_mission_interfaces -DCMAKE_INSTALL_PREFIX=/home/roverj8/LUIS/ARGJ08/ARGOSJ8_IA_/install/ctl_mission_interfaces
[0.527s] DEBUG:colcon.colcon_core.event_handler.log_command:Invoking command in '/home/roverj8/LUIS/ARGJ08/ARGOSJ8_IA_/build/argj801_sensors_msgs': /usr/bin/cmake /home/roverj8/LUIS/ARGJ08/ARGOSJ8_IA_/src/argo_drivers_pkgs/argj801_sensors/argj801_sensors_msgs -DCMAKE_INSTALL_PREFIX=/home/roverj8/LUIS/ARGJ08/ARGOSJ8_IA_/install/argj801_sensors_msgs
[0.531s] DEBUG:colcon.colcon_core.event_handler.log_command:Invoking command in '/home/roverj8/LUIS/ARGJ08/ARGOSJ8_IA_/build/sdl2_vendor': /usr/bin/cmake /home/roverj8/LUIS/ARGJ08/ARGOSJ8_IA_/src/j8_joystick/sdl2_vendor -DCMAKE_INSTALL_PREFIX=/home/roverj8/LUIS/ARGJ08/ARGOSJ8_IA_/install/sdl2_vendor
[0.537s] DEBUG:colcon.colcon_core.event_handler.log_command:Invoking command in '/home/roverj8/LUIS/ARGJ08/ARGOSJ8_IA_/build/security_check_interfaces': /usr/bin/cmake /home/roverj8/LUIS/ARGJ08/ARGOSJ8_IA_/src/security_check/security_check_interfaces -DCMAKE_INSTALL_PREFIX=/home/roverj8/LUIS/ARGJ08/ARGOSJ8_IA_/install/security_check_interfaces
[0.544s] DEBUG:colcon.colcon_core.event_handler.log_command:Invoking command in '/home/roverj8/LUIS/ARGJ08/ARGOSJ8_IA_/build/slg_msgs': /usr/bin/cmake /home/roverj8/LUIS/ARGJ08/ARGOSJ8_IA_/src/lidar_process_pkgs/slg_msgs -DCMAKE_INSTALL_PREFIX=/home/roverj8/LUIS/ARGJ08/ARGOSJ8_IA_/install/slg_msgs
[0.711s] WARNING:colcon.colcon_ros.task.ament_python.build:Package 'GUI_pkg' doesn't explicitly install a marker in the package index (colcon-ros currently does it implicitly but that fallback will be removed in the future)
[0.712s] WARNING:colcon.colcon_ros.task.ament_python.build:Package 'GUI_pkg' doesn't explicitly install the 'package.xml' file (colcon-ros currently does it implicitly but that fallback will be removed in the future)
[0.712s] INFO:colcon.colcon_core.task.python.build:Building Python package in '/home/roverj8/LUIS/ARGJ08/ARGOSJ8_IA_/src/GUI_pkg'
[0.712s] INFO:colcon.colcon_core.shell:Skip shell extension 'powershell' for command environment: Not usable outside of PowerShell
[0.712s] DEBUG:colcon.colcon_core.shell:Skip shell extension 'dsv' for command environment
[0.857s] INFO:colcon.colcon_core.task.python.build:Building Python package in '/home/roverj8/LUIS/ARGJ08/ARGOSJ8_IA_/src/android_ros2_server'
[0.857s] INFO:colcon.colcon_core.shell:Skip shell extension 'powershell' for command environment: Not usable outside of PowerShell
[0.857s] DEBUG:colcon.colcon_core.shell:Skip shell extension 'dsv' for command environment
[0.862s] DEBUG:colcon.colcon_core.event_handler.log_command:Invoking command in '/home/roverj8/LUIS/ARGJ08/ARGOSJ8_IA_/build/argj801_setup': /usr/bin/cmake /home/roverj8/LUIS/ARGJ08/ARGOSJ8_IA_/src/argj801_setup -DCMAKE_INSTALL_PREFIX=/home/roverj8/LUIS/ARGJ08/ARGOSJ8_IA_/install/argj801_setup
[0.864s] DEBUG:colcon.colcon_core.event_handler.log_command:Invoking command in '/home/roverj8/LUIS/ARGJ08/ARGOSJ8_IA_/build/fixposition_sensor_pkg': /usr/bin/cmake /home/roverj8/LUIS/ARGJ08/ARGOSJ8_IA_/src/gazebo_sim_pkgs/fix_position_pkg -DCMAKE_INSTALL_PREFIX=/home/roverj8/LUIS/ARGJ08/ARGOSJ8_IA_/install/fixposition_sensor_pkg
[1.012s] INFO:colcon.colcon_core.task.python.build:Building Python package in '/home/roverj8/LUIS/ARGJ08/ARGOSJ8_IA_/src/gui'
[1.012s] INFO:colcon.colcon_core.shell:Skip shell extension 'powershell' for command environment: Not usable outside of PowerShell
[1.012s] DEBUG:colcon.colcon_core.shell:Skip shell extension 'dsv' for command environment
[1.016s] DEBUG:colcon.colcon_core.event_handler.log_command:Invoking command in '/home/roverj8/LUIS/ARGJ08/ARGOSJ8_IA_/build/hector_gazebo_plugins': /usr/bin/cmake /home/roverj8/LUIS/ARGJ08/ARGOSJ8_IA_/src/hector_gazebo -DCMAKE_INSTALL_PREFIX=/home/roverj8/LUIS/ARGJ08/ARGOSJ8_IA_/install/hector_gazebo_plugins
[1.019s] DEBUG:colcon.colcon_core.event_handler.log_command:Invoking command in '/home/roverj8/LUIS/ARGJ08/ARGOSJ8_IA_/build/hikmicro_thermal_camera': /usr/bin/cmake /home/roverj8/LUIS/ARGJ08/ARGOSJ8_IA_/src/hikmicro_thermal_camera -DCMAKE_INSTALL_PREFIX=/home/roverj8/LUIS/ARGJ08/ARGOSJ8_IA_/install/hikmicro_thermal_camera
[1.167s] INFO:colcon.colcon_core.task.python.build:Building Python package in '/home/roverj8/LUIS/ARGJ08/ARGOSJ8_IA_/src/test_gui_j8/src/j8_gui'
[1.167s] INFO:colcon.colcon_core.shell:Skip shell extension 'powershell' for command environment: Not usable outside of PowerShell
[1.167s] DEBUG:colcon.colcon_core.shell:Skip shell extension 'dsv' for command environment
[1.172s] DEBUG:colcon.colcon_core.event_handler.log_command:Invoking command in '/home/roverj8/LUIS/ARGJ08/ARGOSJ8_IA_/build/joy_linux': /usr/bin/cmake /home/roverj8/LUIS/ARGJ08/ARGOSJ8_IA_/src/j8_joystick/joy_linux -DCMAKE_INSTALL_PREFIX=/home/roverj8/LUIS/ARGJ08/ARGOSJ8_IA_/install/joy_linux
[1.314s] INFO:colcon.colcon_core.task.python.build:Building Python package in '/home/roverj8/LUIS/ARGJ08/ARGOSJ8_IA_/src/argo_drivers_pkgs/ntrip_client'
[1.315s] INFO:colcon.colcon_core.shell:Skip shell extension 'powershell' for command environment: Not usable outside of PowerShell
[1.315s] DEBUG:colcon.colcon_core.shell:Skip shell extension 'dsv' for command environment
[1.318s] DEBUG:colcon.colcon_core.event_handler.log_command:Invoking command in '/home/roverj8/LUIS/ARGJ08/ARGOSJ8_IA_/build/spacenav': /usr/bin/cmake /home/roverj8/LUIS/ARGJ08/ARGOSJ8_IA_/src/j8_joystick/spacenav -DCMAKE_INSTALL_PREFIX=/home/roverj8/LUIS/ARGJ08/ARGOSJ8_IA_/install/spacenav
[1.322s] DEBUG:colcon.colcon_core.event_handler.log_command:Invoking command in '/home/roverj8/LUIS/ARGJ08/ARGOSJ8_IA_/build/wiimote_msgs': /usr/bin/cmake /home/roverj8/LUIS/ARGJ08/ARGOSJ8_IA_/src/j8_joystick/wiimote_msgs -DCMAKE_INSTALL_PREFIX=/home/roverj8/LUIS/ARGJ08/ARGOSJ8_IA_/install/wiimote_msgs
[1.363s] DEBUG:colcon.colcon_core.event_handler.log_command:Invoked command in '/home/roverj8/LUIS/ARGJ08/ARGOSJ8_IA_/build/argj801_sensors_msgs' returned '1': /usr/bin/cmake /home/roverj8/LUIS/ARGJ08/ARGOSJ8_IA_/src/argo_drivers_pkgs/argj801_sensors/argj801_sensors_msgs -DCMAKE_INSTALL_PREFIX=/home/roverj8/LUIS/ARGJ08/ARGOSJ8_IA_/install/argj801_sensors_msgs
[1.363s] DEBUG:colcon.colcon_core.event_handler.log_command:Invoked command in '/home/roverj8/LUIS/ARGJ08/ARGOSJ8_IA_/build/argj801_ctl_platform_interfaces' returned '1': /usr/bin/cmake /home/roverj8/LUIS/ARGJ08/ARGOSJ8_IA_/src/argj801_ctl_platform/argj801_ctl_platform_interfaces -DCMAKE_INSTALL_PREFIX=/home/roverj8/LUIS/ARGJ08/ARGOSJ8_IA_/install/argj801_ctl_platform_interfaces
[1.364s] DEBUG:colcon.colcon_core.event_handler.log_command:Invoked command in '/home/roverj8/LUIS/ARGJ08/ARGOSJ8_IA_/build/sdl2_vendor' returned '1': /usr/bin/cmake /home/roverj8/LUIS/ARGJ08/ARGOSJ8_IA_/src/j8_joystick/sdl2_vendor -DCMAKE_INSTALL_PREFIX=/home/roverj8/LUIS/ARGJ08/ARGOSJ8_IA_/install/sdl2_vendor
[1.367s] DEBUG:colcon.colcon_core.event_handler.log_command:Invoked command in '/home/roverj8/LUIS/ARGJ08/ARGOSJ8_IA_/build/ublox_serialization' returned '1': /usr/bin/cmake /home/roverj8/LUIS/ARGJ08/ARGOSJ8_IA_/src/argo_drivers_pkgs/ublox/ublox_serialization -DCMAKE_INSTALL_PREFIX=/home/roverj8/LUIS/ARGJ08/ARGOSJ8_IA_/install/ublox_serialization
[1.371s] DEBUG:colcon.colcon_core.event_handler.log_command:Invoked command in '/home/roverj8/LUIS/ARGJ08/ARGOSJ8_IA_/build/security_check_interfaces' returned '1': /usr/bin/cmake /home/roverj8/LUIS/ARGJ08/ARGOSJ8_IA_/src/security_check/security_check_interfaces -DCMAKE_INSTALL_PREFIX=/home/roverj8/LUIS/ARGJ08/ARGOSJ8_IA_/install/security_check_interfaces
[1.371s] DEBUG:colcon.colcon_core.event_handler.log_command:Invoked command in '/home/roverj8/LUIS/ARGJ08/ARGOSJ8_IA_/build/ctl_mission_interfaces' returned '1': /usr/bin/cmake /home/roverj8/LUIS/ARGJ08/ARGOSJ8_IA_/src/ctl_mission/ctl_mission_interfaces -DCMAKE_INSTALL_PREFIX=/home/roverj8/LUIS/ARGJ08/ARGOSJ8_IA_/install/ctl_mission_interfaces
[1.372s] DEBUG:colcon.colcon_core.event_handler.log_command:Invoked command in '/home/roverj8/LUIS/ARGJ08/ARGOSJ8_IA_/build/car_interfaces' returned '1': /usr/bin/cmake /home/roverj8/LUIS/ARGJ08/ARGOSJ8_IA_/src/car_interfaces -DCMAKE_INSTALL_PREFIX=/home/roverj8/LUIS/ARGJ08/ARGOSJ8_IA_/install/car_interfaces
[1.372s] DEBUG:colcon.colcon_core.event_handler.log_command:Invoked command in '/home/roverj8/LUIS/ARGJ08/ARGOSJ8_IA_/build/argj801_setup' returned '1': /usr/bin/cmake /home/roverj8/LUIS/ARGJ08/ARGOSJ8_IA_/src/argj801_setup -DCMAKE_INSTALL_PREFIX=/home/roverj8/LUIS/ARGJ08/ARGOSJ8_IA_/install/argj801_setup
[1.372s] DEBUG:colcon.colcon_core.event_handler.log_command:Invoked command in '/home/roverj8/LUIS/ARGJ08/ARGOSJ8_IA_/build/slg_msgs' returned '1': /usr/bin/cmake /home/roverj8/LUIS/ARGJ08/ARGOSJ8_IA_/src/lidar_process_pkgs/slg_msgs -DCMAKE_INSTALL_PREFIX=/home/roverj8/LUIS/ARGJ08/ARGOSJ8_IA_/install/slg_msgs
[1.373s] DEBUG:colcon.colcon_core.event_handler.log_command:Invoked command in '/home/roverj8/LUIS/ARGJ08/ARGOSJ8_IA_/build/fixposition_gnss_tf' returned '0': /usr/bin/cmake --build /home/roverj8/LUIS/ARGJ08/ARGOSJ8_IA_/build/fixposition_gnss_tf -- -j24 -l24
[1.373s] DEBUG:colcon.colcon_core.event_handler.log_command:Invoking command in '/home/roverj8/LUIS/ARGJ08/ARGOSJ8_IA_/build/fixposition_gnss_tf': /usr/bin/cmake --install /home/roverj8/LUIS/ARGJ08/ARGOSJ8_IA_/build/fixposition_gnss_tf
[1.373s] DEBUG:colcon.colcon_core.event_handler.log_command:Invoked command in '/home/roverj8/LUIS/ARGJ08/ARGOSJ8_IA_/build/fixposition_sensor_pkg' returned '1': /usr/bin/cmake /home/roverj8/LUIS/ARGJ08/ARGOSJ8_IA_/src/gazebo_sim_pkgs/fix_position_pkg -DCMAKE_INSTALL_PREFIX=/home/roverj8/LUIS/ARGJ08/ARGOSJ8_IA_/install/fixposition_sensor_pkg
[1.374s] DEBUG:colcon.colcon_core.event_handler.log_command:Invoked command in '/home/roverj8/LUIS/ARGJ08/ARGOSJ8_IA_/build/path_manager_interfaces' returned '1': /usr/bin/cmake /home/roverj8/LUIS/ARGJ08/ARGOSJ8_IA_/src/path_manager/path_manager_interfaces -DCMAKE_INSTALL_PREFIX=/home/roverj8/LUIS/ARGJ08/ARGOSJ8_IA_/install/path_manager_interfaces
[1.374s] DEBUG:colcon.colcon_core.event_handler.log_command:Invoked command in '/home/roverj8/LUIS/ARGJ08/ARGOSJ8_IA_/build/hikmicro_thermal_camera' returned '1': /usr/bin/cmake /home/roverj8/LUIS/ARGJ08/ARGOSJ8_IA_/src/hikmicro_thermal_camera -DCMAKE_INSTALL_PREFIX=/home/roverj8/LUIS/ARGJ08/ARGOSJ8_IA_/install/hikmicro_thermal_camera
[1.374s] DEBUG:colcon.colcon_core.event_handler.log_command:Invoked command in '/home/roverj8/LUIS/ARGJ08/ARGOSJ8_IA_/build/hector_gazebo_plugins' returned '1': /usr/bin/cmake /home/roverj8/LUIS/ARGJ08/ARGOSJ8_IA_/src/hector_gazebo -DCMAKE_INSTALL_PREFIX=/home/roverj8/LUIS/ARGJ08/ARGOSJ8_IA_/install/hector_gazebo_plugins
[1.374s] DEBUG:colcon.colcon_core.event_handler.log_command:Invoked command in '/home/roverj8/LUIS/ARGJ08/ARGOSJ8_IA_/build/joy_linux' returned '1': /usr/bin/cmake /home/roverj8/LUIS/ARGJ08/ARGOSJ8_IA_/src/j8_joystick/joy_linux -DCMAKE_INSTALL_PREFIX=/home/roverj8/LUIS/ARGJ08/ARGOSJ8_IA_/install/joy_linux
[1.379s] DEBUG:colcon.colcon_core.event_handler.log_command:Invoked command in '/home/roverj8/LUIS/ARGJ08/ARGOSJ8_IA_/build/spacenav' returned '1': /usr/bin/cmake /home/roverj8/LUIS/ARGJ08/ARGOSJ8_IA_/src/j8_joystick/spacenav -DCMAKE_INSTALL_PREFIX=/home/roverj8/LUIS/ARGJ08/ARGOSJ8_IA_/install/spacenav
[1.381s] DEBUG:colcon.colcon_core.event_handler.log_command:Invoked command in '/home/roverj8/LUIS/ARGJ08/ARGOSJ8_IA_/build/wiimote_msgs' returned '1': /usr/bin/cmake /home/roverj8/LUIS/ARGJ08/ARGOSJ8_IA_/src/j8_joystick/wiimote_msgs -DCMAKE_INSTALL_PREFIX=/home/roverj8/LUIS/ARGJ08/ARGOSJ8_IA_/install/wiimote_msgs
[1.384s] DEBUG:colcon.colcon_core.event_handler.log_command:Invoked command in '/home/roverj8/LUIS/ARGJ08/ARGOSJ8_IA_/build/fixposition_gnss_tf' returned '0': /usr/bin/cmake --install /home/roverj8/LUIS/ARGJ08/ARGOSJ8_IA_/build/fixposition_gnss_tf
[1.384s] Level 1:colcon.colcon_core.shell:create_environment_hook('fixposition_gnss_tf', 'pkg_config_path')
[1.384s] INFO:colcon.colcon_core.shell:Creating environment hook '/home/roverj8/LUIS/ARGJ08/ARGOSJ8_IA_/install/fixposition_gnss_tf/share/fixposition_gnss_tf/hook/pkg_config_path.ps1'
[1.385s] INFO:colcon.colcon_core.shell:Creating environment descriptor '/home/roverj8/LUIS/ARGJ08/ARGOSJ8_IA_/install/fixposition_gnss_tf/share/fixposition_gnss_tf/hook/pkg_config_path.dsv'
[1.386s] INFO:colcon.colcon_core.shell:Creating environment hook '/home/roverj8/LUIS/ARGJ08/ARGOSJ8_IA_/install/fixposition_gnss_tf/share/fixposition_gnss_tf/hook/pkg_config_path.sh'
[1.392s] Level 1:colcon.colcon_core.shell:create_environment_hook('fixposition_gnss_tf', 'pkg_config_path_multiarch')
[1.392s] INFO:colcon.colcon_core.shell:Creating environment hook '/home/roverj8/LUIS/ARGJ08/ARGOSJ8_IA_/install/fixposition_gnss_tf/share/fixposition_gnss_tf/hook/pkg_config_path_multiarch.ps1'
[1.393s] INFO:colcon.colcon_core.shell:Creating environment descriptor '/home/roverj8/LUIS/ARGJ08/ARGOSJ8_IA_/install/fixposition_gnss_tf/share/fixposition_gnss_tf/hook/pkg_config_path_multiarch.dsv'
[1.393s] INFO:colcon.colcon_core.shell:Creating environment hook '/home/roverj8/LUIS/ARGJ08/ARGOSJ8_IA_/install/fixposition_gnss_tf/share/fixposition_gnss_tf/hook/pkg_config_path_multiarch.sh'
[1.394s] Level 1:colcon.colcon_core.environment:create_environment_scripts_only(fixposition_gnss_tf)
[1.401s] Level 1:colcon.colcon_core.environment:checking '/home/roverj8/LUIS/ARGJ08/ARGOSJ8_IA_/install/fixposition_gnss_tf' for CMake module files
[1.402s] Level 1:colcon.colcon_core.environment:checking '/home/roverj8/LUIS/ARGJ08/ARGOSJ8_IA_/install/fixposition_gnss_tf' for CMake config files
[1.402s] Level 1:colcon.colcon_core.shell:create_environment_hook('fixposition_gnss_tf', 'cmake_prefix_path')
[1.402s] INFO:colcon.colcon_core.shell:Creating environment hook '/home/roverj8/LUIS/ARGJ08/ARGOSJ8_IA_/install/fixposition_gnss_tf/share/fixposition_gnss_tf/hook/cmake_prefix_path.ps1'
[1.403s] INFO:colcon.colcon_core.shell:Creating environment descriptor '/home/roverj8/LUIS/ARGJ08/ARGOSJ8_IA_/install/fixposition_gnss_tf/share/fixposition_gnss_tf/hook/cmake_prefix_path.dsv'
[1.403s] INFO:colcon.colcon_core.shell:Creating environment hook '/home/roverj8/LUIS/ARGJ08/ARGOSJ8_IA_/install/fixposition_gnss_tf/share/fixposition_gnss_tf/hook/cmake_prefix_path.sh'
[1.404s] Level 1:colcon.colcon_core.environment:checking '/home/roverj8/LUIS/ARGJ08/ARGOSJ8_IA_/install/fixposition_gnss_tf/lib'
[1.405s] Level 1:colcon.colcon_core.shell:create_environment_hook('fixposition_gnss_tf', 'ld_library_path_lib')
[1.405s] INFO:colcon.colcon_core.shell:Creating environment hook '/home/roverj8/LUIS/ARGJ08/ARGOSJ8_IA_/install/fixposition_gnss_tf/share/fixposition_gnss_tf/hook/ld_library_path_lib.ps1'
[1.406s] INFO:colcon.colcon_core.shell:Creating environment descriptor '/home/roverj8/LUIS/ARGJ08/ARGOSJ8_IA_/install/fixposition_gnss_tf/share/fixposition_gnss_tf/hook/ld_library_path_lib.dsv'
[1.406s] INFO:colcon.colcon_core.shell:Creating environment hook '/home/roverj8/LUIS/ARGJ08/ARGOSJ8_IA_/install/fixposition_gnss_tf/share/fixposition_gnss_tf/hook/ld_library_path_lib.sh'
[1.407s] Level 1:colcon.colcon_core.environment:checking '/home/roverj8/LUIS/ARGJ08/ARGOSJ8_IA_/install/fixposition_gnss_tf/bin'
[1.407s] Level 1:colcon.colcon_core.environment:checking '/home/roverj8/LUIS/ARGJ08/ARGOSJ8_IA_/install/fixposition_gnss_tf/lib/pkgconfig/fixposition_gnss_tf.pc'
[1.407s] Level 1:colcon.colcon_core.environment:checking '/home/roverj8/LUIS/ARGJ08/ARGOSJ8_IA_/install/fixposition_gnss_tf/lib/python3.10/site-packages'
[1.408s] Level 1:colcon.colcon_core.environment:checking '/home/roverj8/LUIS/ARGJ08/ARGOSJ8_IA_/install/fixposition_gnss_tf/bin'
[1.408s] INFO:colcon.colcon_core.shell:Creating package script '/home/roverj8/LUIS/ARGJ08/ARGOSJ8_IA_/install/fixposition_gnss_tf/share/fixposition_gnss_tf/package.ps1'
[1.411s] INFO:colcon.colcon_core.shell:Creating package descriptor '/home/roverj8/LUIS/ARGJ08/ARGOSJ8_IA_/install/fixposition_gnss_tf/share/fixposition_gnss_tf/package.dsv'
[1.412s] INFO:colcon.colcon_core.shell:Creating package script '/home/roverj8/LUIS/ARGJ08/ARGOSJ8_IA_/install/fixposition_gnss_tf/share/fixposition_gnss_tf/package.sh'
[1.413s] INFO:colcon.colcon_core.shell:Creating package script '/home/roverj8/LUIS/ARGJ08/ARGOSJ8_IA_/install/fixposition_gnss_tf/share/fixposition_gnss_tf/package.bash'
[1.414s] INFO:colcon.colcon_core.shell:Creating package script '/home/roverj8/LUIS/ARGJ08/ARGOSJ8_IA_/install/fixposition_gnss_tf/share/fixposition_gnss_tf/package.zsh'
[1.415s] Level 1:colcon.colcon_core.environment:create_file_with_runtime_dependencies(/home/roverj8/LUIS/ARGJ08/ARGOSJ8_IA_/install/fixposition_gnss_tf/share/colcon-core/packages/fixposition_gnss_tf)
[1.417s] Level 1:colcon.colcon_core.environment:create_environment_scripts_only(argj801_sensors_msgs)
[1.418s] Level 1:colcon.colcon_core.environment:checking '/home/roverj8/LUIS/ARGJ08/ARGOSJ8_IA_/install/argj801_sensors_msgs' for CMake module files
[1.419s] Level 1:colcon.colcon_core.environment:checking '/home/roverj8/LUIS/ARGJ08/ARGOSJ8_IA_/install/argj801_sensors_msgs' for CMake config files
[1.420s] Level 1:colcon.colcon_core.environment:checking '/home/roverj8/LUIS/ARGJ08/ARGOSJ8_IA_/install/argj801_sensors_msgs/bin'
[1.420s] Level 1:colcon.colcon_core.environment:checking '/home/roverj8/LUIS/ARGJ08/ARGOSJ8_IA_/install/argj801_sensors_msgs/lib/pkgconfig/argj801_sensors_msgs.pc'
[1.420s] Level 1:colcon.colcon_core.environment:checking '/home/roverj8/LUIS/ARGJ08/ARGOSJ8_IA_/install/argj801_sensors_msgs/lib/python3.10/site-packages'
[1.421s] Level 1:colcon.colcon_core.environment:checking '/home/roverj8/LUIS/ARGJ08/ARGOSJ8_IA_/install/argj801_sensors_msgs/bin'
[1.421s] INFO:colcon.colcon_core.shell:Creating package script '/home/roverj8/LUIS/ARGJ08/ARGOSJ8_IA_/install/argj801_sensors_msgs/share/argj801_sensors_msgs/package.ps1'
[1.421s] INFO:colcon.colcon_core.shell:Creating package descriptor '/home/roverj8/LUIS/ARGJ08/ARGOSJ8_IA_/install/argj801_sensors_msgs/share/argj801_sensors_msgs/package.dsv'
[1.422s] INFO:colcon.colcon_core.shell:Creating package script '/home/roverj8/LUIS/ARGJ08/ARGOSJ8_IA_/install/argj801_sensors_msgs/share/argj801_sensors_msgs/package.sh'
[1.422s] INFO:colcon.colcon_core.shell:Creating package script '/home/roverj8/LUIS/ARGJ08/ARGOSJ8_IA_/install/argj801_sensors_msgs/share/argj801_sensors_msgs/package.bash'
[1.422s] INFO:colcon.colcon_core.shell:Creating package script '/home/roverj8/LUIS/ARGJ08/ARGOSJ8_IA_/install/argj801_sensors_msgs/share/argj801_sensors_msgs/package.zsh'
[1.422s] Level 1:colcon.colcon_core.environment:create_file_with_runtime_dependencies(/home/roverj8/LUIS/ARGJ08/ARGOSJ8_IA_/install/argj801_sensors_msgs/share/colcon-core/packages/argj801_sensors_msgs)
[1.423s] Level 1:colcon.colcon_core.environment:create_environment_scripts_only(argj801_ctl_platform_interfaces)
[1.423s] Level 1:colcon.colcon_core.environment:checking '/home/roverj8/LUIS/ARGJ08/ARGOSJ8_IA_/install/argj801_ctl_platform_interfaces' for CMake module files
[1.424s] Level 1:colcon.colcon_core.environment:checking '/home/roverj8/LUIS/ARGJ08/ARGOSJ8_IA_/install/argj801_ctl_platform_interfaces' for CMake config files
[1.424s] Level 1:colcon.colcon_core.environment:checking '/home/roverj8/LUIS/ARGJ08/ARGOSJ8_IA_/install/argj801_ctl_platform_interfaces/bin'
[1.424s] Level 1:colcon.colcon_core.environment:checking '/home/roverj8/LUIS/ARGJ08/ARGOSJ8_IA_/install/argj801_ctl_platform_interfaces/lib/pkgconfig/argj801_ctl_platform_interfaces.pc'
[1.424s] Level 1:colcon.colcon_core.environment:checking '/home/roverj8/LUIS/ARGJ08/ARGOSJ8_IA_/install/argj801_ctl_platform_interfaces/lib/python3.10/site-packages'
[1.425s] Level 1:colcon.colcon_core.environment:checking '/home/roverj8/LUIS/ARGJ08/ARGOSJ8_IA_/install/argj801_ctl_platform_interfaces/bin'
[1.425s] INFO:colcon.colcon_core.shell:Creating package script '/home/roverj8/LUIS/ARGJ08/ARGOSJ8_IA_/install/argj801_ctl_platform_interfaces/share/argj801_ctl_platform_interfaces/package.ps1'
[1.425s] INFO:colcon.colcon_core.shell:Creating package descriptor '/home/roverj8/LUIS/ARGJ08/ARGOSJ8_IA_/install/argj801_ctl_platform_interfaces/share/argj801_ctl_platform_interfaces/package.dsv'
[1.426s] INFO:colcon.colcon_core.shell:Creating package script '/home/roverj8/LUIS/ARGJ08/ARGOSJ8_IA_/install/argj801_ctl_platform_interfaces/share/argj801_ctl_platform_interfaces/package.sh'
[1.426s] INFO:colcon.colcon_core.shell:Creating package script '/home/roverj8/LUIS/ARGJ08/ARGOSJ8_IA_/install/argj801_ctl_platform_interfaces/share/argj801_ctl_platform_interfaces/package.bash'
[1.426s] INFO:colcon.colcon_core.shell:Creating package script '/home/roverj8/LUIS/ARGJ08/ARGOSJ8_IA_/install/argj801_ctl_platform_interfaces/share/argj801_ctl_platform_interfaces/package.zsh'
[1.426s] Level 1:colcon.colcon_core.environment:create_file_with_runtime_dependencies(/home/roverj8/LUIS/ARGJ08/ARGOSJ8_IA_/install/argj801_ctl_platform_interfaces/share/colcon-core/packages/argj801_ctl_platform_interfaces)
[1.427s] Level 1:colcon.colcon_core.environment:create_environment_scripts_only(sdl2_vendor)
[1.427s] Level 1:colcon.colcon_core.environment:checking '/home/roverj8/LUIS/ARGJ08/ARGOSJ8_IA_/install/sdl2_vendor' for CMake module files
[1.428s] Level 1:colcon.colcon_core.environment:checking '/home/roverj8/LUIS/ARGJ08/ARGOSJ8_IA_/install/sdl2_vendor' for CMake config files
[1.428s] Level 1:colcon.colcon_core.environment:checking '/home/roverj8/LUIS/ARGJ08/ARGOSJ8_IA_/install/sdl2_vendor/bin'
[1.428s] Level 1:colcon.colcon_core.environment:checking '/home/roverj8/LUIS/ARGJ08/ARGOSJ8_IA_/install/sdl2_vendor/lib/pkgconfig/sdl2_vendor.pc'
[1.429s] Level 1:colcon.colcon_core.environment:checking '/home/roverj8/LUIS/ARGJ08/ARGOSJ8_IA_/install/sdl2_vendor/lib/python3.10/site-packages'
[1.429s] Level 1:colcon.colcon_core.environment:checking '/home/roverj8/LUIS/ARGJ08/ARGOSJ8_IA_/install/sdl2_vendor/bin'
[1.429s] INFO:colcon.colcon_core.shell:Creating package script '/home/roverj8/LUIS/ARGJ08/ARGOSJ8_IA_/install/sdl2_vendor/share/sdl2_vendor/package.ps1'
[1.430s] INFO:colcon.colcon_core.shell:Creating package descriptor '/home/roverj8/LUIS/ARGJ08/ARGOSJ8_IA_/install/sdl2_vendor/share/sdl2_vendor/package.dsv'
[1.430s] INFO:colcon.colcon_core.shell:Creating package script '/home/roverj8/LUIS/ARGJ08/ARGOSJ8_IA_/install/sdl2_vendor/share/sdl2_vendor/package.sh'
[1.430s] INFO:colcon.colcon_core.shell:Creating package script '/home/roverj8/LUIS/ARGJ08/ARGOSJ8_IA_/install/sdl2_vendor/share/sdl2_vendor/package.bash'
[1.430s] INFO:colcon.colcon_core.shell:Creating package script '/home/roverj8/LUIS/ARGJ08/ARGOSJ8_IA_/install/sdl2_vendor/share/sdl2_vendor/package.zsh'
[1.431s] Level 1:colcon.colcon_core.environment:create_file_with_runtime_dependencies(/home/roverj8/LUIS/ARGJ08/ARGOSJ8_IA_/install/sdl2_vendor/share/colcon-core/packages/sdl2_vendor)
[1.431s] Level 1:colcon.colcon_core.environment:create_environment_scripts_only(ublox_serialization)
[1.431s] Level 1:colcon.colcon_core.environment:checking '/home/roverj8/LUIS/ARGJ08/ARGOSJ8_IA_/install/ublox_serialization' for CMake module files
[1.432s] Level 1:colcon.colcon_core.environment:checking '/home/roverj8/LUIS/ARGJ08/ARGOSJ8_IA_/install/ublox_serialization' for CMake config files
[1.432s] Level 1:colcon.colcon_core.environment:checking '/home/roverj8/LUIS/ARGJ08/ARGOSJ8_IA_/install/ublox_serialization/bin'
[1.432s] Level 1:colcon.colcon_core.environment:checking '/home/roverj8/LUIS/ARGJ08/ARGOSJ8_IA_/install/ublox_serialization/lib/pkgconfig/ublox_serialization.pc'
[1.433s] Level 1:colcon.colcon_core.environment:checking '/home/roverj8/LUIS/ARGJ08/ARGOSJ8_IA_/install/ublox_serialization/lib/python3.10/site-packages'
[1.433s] Level 1:colcon.colcon_core.environment:checking '/home/roverj8/LUIS/ARGJ08/ARGOSJ8_IA_/install/ublox_serialization/bin'
[1.433s] INFO:colcon.colcon_core.shell:Creating package script '/home/roverj8/LUIS/ARGJ08/ARGOSJ8_IA_/install/ublox_serialization/share/ublox_serialization/package.ps1'
[1.434s] INFO:colcon.colcon_core.shell:Creating package descriptor '/home/roverj8/LUIS/ARGJ08/ARGOSJ8_IA_/install/ublox_serialization/share/ublox_serialization/package.dsv'
[1.434s] INFO:colcon.colcon_core.shell:Creating package script '/home/roverj8/LUIS/ARGJ08/ARGOSJ8_IA_/install/ublox_serialization/share/ublox_serialization/package.sh'
[1.434s] INFO:colcon.colcon_core.shell:Creating package script '/home/roverj8/LUIS/ARGJ08/ARGOSJ8_IA_/install/ublox_serialization/share/ublox_serialization/package.bash'
[1.434s] INFO:colcon.colcon_core.shell:Creating package script '/home/roverj8/LUIS/ARGJ08/ARGOSJ8_IA_/install/ublox_serialization/share/ublox_serialization/package.zsh'
[1.435s] Level 1:colcon.colcon_core.environment:create_file_with_runtime_dependencies(/home/roverj8/LUIS/ARGJ08/ARGOSJ8_IA_/install/ublox_serialization/share/colcon-core/packages/ublox_serialization)
[1.435s] Level 1:colcon.colcon_core.environment:create_environment_scripts_only(security_check_interfaces)
[1.435s] Level 1:colcon.colcon_core.environment:checking '/home/roverj8/LUIS/ARGJ08/ARGOSJ8_IA_/install/security_check_interfaces' for CMake module files
[1.436s] Level 1:colcon.colcon_core.environment:checking '/home/roverj8/LUIS/ARGJ08/ARGOSJ8_IA_/install/security_check_interfaces' for CMake config files
[1.436s] Level 1:colcon.colcon_core.environment:checking '/home/roverj8/LUIS/ARGJ08/ARGOSJ8_IA_/install/security_check_interfaces/bin'
[1.436s] Level 1:colcon.colcon_core.environment:checking '/home/roverj8/LUIS/ARGJ08/ARGOSJ8_IA_/install/security_check_interfaces/lib/pkgconfig/security_check_interfaces.pc'
[1.437s] Level 1:colcon.colcon_core.environment:checking '/home/roverj8/LUIS/ARGJ08/ARGOSJ8_IA_/install/security_check_interfaces/lib/python3.10/site-packages'
[1.437s] Level 1:colcon.colcon_core.environment:checking '/home/roverj8/LUIS/ARGJ08/ARGOSJ8_IA_/install/security_check_interfaces/bin'
[1.437s] INFO:colcon.colcon_core.shell:Creating package script '/home/roverj8/LUIS/ARGJ08/ARGOSJ8_IA_/install/security_check_interfaces/share/security_check_interfaces/package.ps1'
[1.438s] INFO:colcon.colcon_core.shell:Creating package descriptor '/home/roverj8/LUIS/ARGJ08/ARGOSJ8_IA_/install/security_check_interfaces/share/security_check_interfaces/package.dsv'
[1.438s] INFO:colcon.colcon_core.shell:Creating package script '/home/roverj8/LUIS/ARGJ08/ARGOSJ8_IA_/install/security_check_interfaces/share/security_check_interfaces/package.sh'
[1.438s] INFO:colcon.colcon_core.shell:Creating package script '/home/roverj8/LUIS/ARGJ08/ARGOSJ8_IA_/install/security_check_interfaces/share/security_check_interfaces/package.bash'
[1.438s] INFO:colcon.colcon_core.shell:Creating package script '/home/roverj8/LUIS/ARGJ08/ARGOSJ8_IA_/install/security_check_interfaces/share/security_check_interfaces/package.zsh'
[1.439s] Level 1:colcon.colcon_core.environment:create_file_with_runtime_dependencies(/home/roverj8/LUIS/ARGJ08/ARGOSJ8_IA_/install/security_check_interfaces/share/colcon-core/packages/security_check_interfaces)
[1.439s] Level 1:colcon.colcon_core.environment:create_environment_scripts_only(ctl_mission_interfaces)
[1.439s] Level 1:colcon.colcon_core.environment:checking '/home/roverj8/LUIS/ARGJ08/ARGOSJ8_IA_/install/ctl_mission_interfaces' for CMake module files
[1.440s] Level 1:colcon.colcon_core.environment:checking '/home/roverj8/LUIS/ARGJ08/ARGOSJ8_IA_/install/ctl_mission_interfaces' for CMake config files
[1.440s] Level 1:colcon.colcon_core.environment:checking '/home/roverj8/LUIS/ARGJ08/ARGOSJ8_IA_/install/ctl_mission_interfaces/bin'
[1.440s] Level 1:colcon.colcon_core.environment:checking '/home/roverj8/LUIS/ARGJ08/ARGOSJ8_IA_/install/ctl_mission_interfaces/lib/pkgconfig/ctl_mission_interfaces.pc'
[1.441s] Level 1:colcon.colcon_core.environment:checking '/home/roverj8/LUIS/ARGJ08/ARGOSJ8_IA_/install/ctl_mission_interfaces/lib/python3.10/site-packages'
[1.441s] Level 1:colcon.colcon_core.environment:checking '/home/roverj8/LUIS/ARGJ08/ARGOSJ8_IA_/install/ctl_mission_interfaces/bin'
[1.441s] INFO:colcon.colcon_core.shell:Creating package script '/home/roverj8/LUIS/ARGJ08/ARGOSJ8_IA_/install/ctl_mission_interfaces/share/ctl_mission_interfaces/package.ps1'
[1.442s] INFO:colcon.colcon_core.shell:Creating package descriptor '/home/roverj8/LUIS/ARGJ08/ARGOSJ8_IA_/install/ctl_mission_interfaces/share/ctl_mission_interfaces/package.dsv'
[1.442s] INFO:colcon.colcon_core.shell:Creating package script '/home/roverj8/LUIS/ARGJ08/ARGOSJ8_IA_/install/ctl_mission_interfaces/share/ctl_mission_interfaces/package.sh'
[1.442s] INFO:colcon.colcon_core.shell:Creating package script '/home/roverj8/LUIS/ARGJ08/ARGOSJ8_IA_/install/ctl_mission_interfaces/share/ctl_mission_interfaces/package.bash'
[1.442s] INFO:colcon.colcon_core.shell:Creating package script '/home/roverj8/LUIS/ARGJ08/ARGOSJ8_IA_/install/ctl_mission_interfaces/share/ctl_mission_interfaces/package.zsh'
[1.443s] Level 1:colcon.colcon_core.environment:create_file_with_runtime_dependencies(/home/roverj8/LUIS/ARGJ08/ARGOSJ8_IA_/install/ctl_mission_interfaces/share/colcon-core/packages/ctl_mission_interfaces)
[1.443s] Level 1:colcon.colcon_core.environment:create_environment_scripts_only(car_interfaces)
[1.443s] Level 1:colcon.colcon_core.environment:checking '/home/roverj8/LUIS/ARGJ08/ARGOSJ8_IA_/install/car_interfaces' for CMake module files
[1.444s] Level 1:colcon.colcon_core.environment:checking '/home/roverj8/LUIS/ARGJ08/ARGOSJ8_IA_/install/car_interfaces' for CMake config files
[1.444s] Level 1:colcon.colcon_core.environment:checking '/home/roverj8/LUIS/ARGJ08/ARGOSJ8_IA_/install/car_interfaces/bin'
[1.445s] Level 1:colcon.colcon_core.environment:checking '/home/roverj8/LUIS/ARGJ08/ARGOSJ8_IA_/install/car_interfaces/lib/pkgconfig/car_interfaces.pc'
[1.445s] Level 1:colcon.colcon_core.environment:checking '/home/roverj8/LUIS/ARGJ08/ARGOSJ8_IA_/install/car_interfaces/lib/python3.10/site-packages'
[1.445s] Level 1:colcon.colcon_core.environment:checking '/home/roverj8/LUIS/ARGJ08/ARGOSJ8_IA_/install/car_interfaces/bin'
[1.445s] INFO:colcon.colcon_core.shell:Creating package script '/home/roverj8/LUIS/ARGJ08/ARGOSJ8_IA_/install/car_interfaces/share/car_interfaces/package.ps1'
[1.446s] INFO:colcon.colcon_core.shell:Creating package descriptor '/home/roverj8/LUIS/ARGJ08/ARGOSJ8_IA_/install/car_interfaces/share/car_interfaces/package.dsv'
[1.446s] INFO:colcon.colcon_core.shell:Creating package script '/home/roverj8/LUIS/ARGJ08/ARGOSJ8_IA_/install/car_interfaces/share/car_interfaces/package.sh'
[1.446s] INFO:colcon.colcon_core.shell:Creating package script '/home/roverj8/LUIS/ARGJ08/ARGOSJ8_IA_/install/car_interfaces/share/car_interfaces/package.bash'
[1.447s] INFO:colcon.colcon_core.shell:Creating package script '/home/roverj8/LUIS/ARGJ08/ARGOSJ8_IA_/install/car_interfaces/share/car_interfaces/package.zsh'
[1.447s] Level 1:colcon.colcon_core.environment:create_file_with_runtime_dependencies(/home/roverj8/LUIS/ARGJ08/ARGOSJ8_IA_/install/car_interfaces/share/colcon-core/packages/car_interfaces)
[1.447s] Level 1:colcon.colcon_core.environment:create_environment_scripts_only(argj801_setup)
[1.447s] Level 1:colcon.colcon_core.environment:checking '/home/roverj8/LUIS/ARGJ08/ARGOSJ8_IA_/install/argj801_setup' for CMake module files
[1.448s] Level 1:colcon.colcon_core.environment:checking '/home/roverj8/LUIS/ARGJ08/ARGOSJ8_IA_/install/argj801_setup' for CMake config files
[1.449s] Level 1:colcon.colcon_core.environment:checking '/home/roverj8/LUIS/ARGJ08/ARGOSJ8_IA_/install/argj801_setup/bin'
[1.449s] Level 1:colcon.colcon_core.environment:checking '/home/roverj8/LUIS/ARGJ08/ARGOSJ8_IA_/install/argj801_setup/lib/pkgconfig/argj801_setup.pc'
[1.449s] Level 1:colcon.colcon_core.environment:checking '/home/roverj8/LUIS/ARGJ08/ARGOSJ8_IA_/install/argj801_setup/lib/python3.10/site-packages'
[1.449s] Level 1:colcon.colcon_core.environment:checking '/home/roverj8/LUIS/ARGJ08/ARGOSJ8_IA_/install/argj801_setup/bin'
[1.450s] INFO:colcon.colcon_core.shell:Creating package script '/home/roverj8/LUIS/ARGJ08/ARGOSJ8_IA_/install/argj801_setup/share/argj801_setup/package.ps1'
[1.450s] INFO:colcon.colcon_core.shell:Creating package descriptor '/home/roverj8/LUIS/ARGJ08/ARGOSJ8_IA_/install/argj801_setup/share/argj801_setup/package.dsv'
[1.450s] INFO:colcon.colcon_core.shell:Creating package script '/home/roverj8/LUIS/ARGJ08/ARGOSJ8_IA_/install/argj801_setup/share/argj801_setup/package.sh'
[1.451s] INFO:colcon.colcon_core.shell:Creating package script '/home/roverj8/LUIS/ARGJ08/ARGOSJ8_IA_/install/argj801_setup/share/argj801_setup/package.bash'
[1.451s] INFO:colcon.colcon_core.shell:Creating package script '/home/roverj8/LUIS/ARGJ08/ARGOSJ8_IA_/install/argj801_setup/share/argj801_setup/package.zsh'
[1.451s] Level 1:colcon.colcon_core.environment:create_file_with_runtime_dependencies(/home/roverj8/LUIS/ARGJ08/ARGOSJ8_IA_/install/argj801_setup/share/colcon-core/packages/argj801_setup)
[1.451s] Level 1:colcon.colcon_core.environment:create_environment_scripts_only(slg_msgs)
[1.452s] Level 1:colcon.colcon_core.environment:checking '/home/roverj8/LUIS/ARGJ08/ARGOSJ8_IA_/install/slg_msgs' for CMake module files
[1.453s] Level 1:colcon.colcon_core.environment:checking '/home/roverj8/LUIS/ARGJ08/ARGOSJ8_IA_/install/slg_msgs' for CMake config files
[1.453s] Level 1:colcon.colcon_core.environment:checking '/home/roverj8/LUIS/ARGJ08/ARGOSJ8_IA_/install/slg_msgs/bin'
[1.453s] Level 1:colcon.colcon_core.environment:checking '/home/roverj8/LUIS/ARGJ08/ARGOSJ8_IA_/install/slg_msgs/lib/pkgconfig/slg_msgs.pc'
[1.453s] Level 1:colcon.colcon_core.environment:checking '/home/roverj8/LUIS/ARGJ08/ARGOSJ8_IA_/install/slg_msgs/lib/python3.10/site-packages'
[1.454s] Level 1:colcon.colcon_core.environment:checking '/home/roverj8/LUIS/ARGJ08/ARGOSJ8_IA_/install/slg_msgs/bin'
[1.454s] INFO:colcon.colcon_core.shell:Creating package script '/home/roverj8/LUIS/ARGJ08/ARGOSJ8_IA_/install/slg_msgs/share/slg_msgs/package.ps1'
[1.454s] INFO:colcon.colcon_core.shell:Creating package descriptor '/home/roverj8/LUIS/ARGJ08/ARGOSJ8_IA_/install/slg_msgs/share/slg_msgs/package.dsv'
[1.455s] INFO:colcon.colcon_core.shell:Creating package script '/home/roverj8/LUIS/ARGJ08/ARGOSJ8_IA_/install/slg_msgs/share/slg_msgs/package.sh'
[1.455s] INFO:colcon.colcon_core.shell:Creating package script '/home/roverj8/LUIS/ARGJ08/ARGOSJ8_IA_/install/slg_msgs/share/slg_msgs/package.bash'
[1.455s] INFO:colcon.colcon_core.shell:Creating package script '/home/roverj8/LUIS/ARGJ08/ARGOSJ8_IA_/install/slg_msgs/share/slg_msgs/package.zsh'
[1.455s] Level 1:colcon.colcon_core.environment:create_file_with_runtime_dependencies(/home/roverj8/LUIS/ARGJ08/ARGOSJ8_IA_/install/slg_msgs/share/colcon-core/packages/slg_msgs)
[1.456s] Level 1:colcon.colcon_core.environment:create_environment_scripts_only(fixposition_sensor_pkg)
[1.456s] Level 1:colcon.colcon_core.environment:checking '/home/roverj8/LUIS/ARGJ08/ARGOSJ8_IA_/install/fixposition_sensor_pkg' for CMake module files
[1.457s] Level 1:colcon.colcon_core.environment:checking '/home/roverj8/LUIS/ARGJ08/ARGOSJ8_IA_/install/fixposition_sensor_pkg' for CMake config files
[1.457s] Level 1:colcon.colcon_core.environment:checking '/home/roverj8/LUIS/ARGJ08/ARGOSJ8_IA_/install/fixposition_sensor_pkg/bin'
[1.457s] Level 1:colcon.colcon_core.environment:checking '/home/roverj8/LUIS/ARGJ08/ARGOSJ8_IA_/install/fixposition_sensor_pkg/lib/pkgconfig/fixposition_sensor_pkg.pc'
[1.458s] Level 1:colcon.colcon_core.environment:checking '/home/roverj8/LUIS/ARGJ08/ARGOSJ8_IA_/install/fixposition_sensor_pkg/lib/python3.10/site-packages'
[1.458s] Level 1:colcon.colcon_core.environment:checking '/home/roverj8/LUIS/ARGJ08/ARGOSJ8_IA_/install/fixposition_sensor_pkg/bin'
[1.458s] INFO:colcon.colcon_core.shell:Creating package script '/home/roverj8/LUIS/ARGJ08/ARGOSJ8_IA_/install/fixposition_sensor_pkg/share/fixposition_sensor_pkg/package.ps1'
[1.459s] INFO:colcon.colcon_core.shell:Creating package descriptor '/home/roverj8/LUIS/ARGJ08/ARGOSJ8_IA_/install/fixposition_sensor_pkg/share/fixposition_sensor_pkg/package.dsv'
[1.459s] INFO:colcon.colcon_core.shell:Creating package script '/home/roverj8/LUIS/ARGJ08/ARGOSJ8_IA_/install/fixposition_sensor_pkg/share/fixposition_sensor_pkg/package.sh'
[1.459s] INFO:colcon.colcon_core.shell:Creating package script '/home/roverj8/LUIS/ARGJ08/ARGOSJ8_IA_/install/fixposition_sensor_pkg/share/fixposition_sensor_pkg/package.bash'
[1.459s] INFO:colcon.colcon_core.shell:Creating package script '/home/roverj8/LUIS/ARGJ08/ARGOSJ8_IA_/install/fixposition_sensor_pkg/share/fixposition_sensor_pkg/package.zsh'
[1.460s] Level 1:colcon.colcon_core.environment:create_file_with_runtime_dependencies(/home/roverj8/LUIS/ARGJ08/ARGOSJ8_IA_/install/fixposition_sensor_pkg/share/colcon-core/packages/fixposition_sensor_pkg)
[1.460s] Level 1:colcon.colcon_core.environment:create_environment_scripts_only(path_manager_interfaces)
[1.460s] Level 1:colcon.colcon_core.environment:checking '/home/roverj8/LUIS/ARGJ08/ARGOSJ8_IA_/install/path_manager_interfaces' for CMake module files
[1.461s] Level 1:colcon.colcon_core.environment:checking '/home/roverj8/LUIS/ARGJ08/ARGOSJ8_IA_/install/path_manager_interfaces' for CMake config files
[1.461s] Level 1:colcon.colcon_core.environment:checking '/home/roverj8/LUIS/ARGJ08/ARGOSJ8_IA_/install/path_manager_interfaces/bin'
[1.462s] Level 1:colcon.colcon_core.environment:checking '/home/roverj8/LUIS/ARGJ08/ARGOSJ8_IA_/install/path_manager_interfaces/lib/pkgconfig/path_manager_interfaces.pc'
[1.462s] Level 1:colcon.colcon_core.environment:checking '/home/roverj8/LUIS/ARGJ08/ARGOSJ8_IA_/install/path_manager_interfaces/lib/python3.10/site-packages'
[1.462s] Level 1:colcon.colcon_core.environment:checking '/home/roverj8/LUIS/ARGJ08/ARGOSJ8_IA_/install/path_manager_interfaces/bin'
[1.462s] INFO:colcon.colcon_core.shell:Creating package script '/home/roverj8/LUIS/ARGJ08/ARGOSJ8_IA_/install/path_manager_interfaces/share/path_manager_interfaces/package.ps1'
[1.463s] INFO:colcon.colcon_core.shell:Creating package descriptor '/home/roverj8/LUIS/ARGJ08/ARGOSJ8_IA_/install/path_manager_interfaces/share/path_manager_interfaces/package.dsv'
[1.463s] INFO:colcon.colcon_core.shell:Creating package script '/home/roverj8/LUIS/ARGJ08/ARGOSJ8_IA_/install/path_manager_interfaces/share/path_manager_interfaces/package.sh'
[1.463s] INFO:colcon.colcon_core.shell:Creating package script '/home/roverj8/LUIS/ARGJ08/ARGOSJ8_IA_/install/path_manager_interfaces/share/path_manager_interfaces/package.bash'
[1.464s] INFO:colcon.colcon_core.shell:Creating package script '/home/roverj8/LUIS/ARGJ08/ARGOSJ8_IA_/install/path_manager_interfaces/share/path_manager_interfaces/package.zsh'
[1.464s] Level 1:colcon.colcon_core.environment:create_file_with_runtime_dependencies(/home/roverj8/LUIS/ARGJ08/ARGOSJ8_IA_/install/path_manager_interfaces/share/colcon-core/packages/path_manager_interfaces)
[1.464s] Level 1:colcon.colcon_core.environment:create_environment_scripts_only(hikmicro_thermal_camera)
[1.464s] Level 1:colcon.colcon_core.environment:checking '/home/roverj8/LUIS/ARGJ08/ARGOSJ8_IA_/install/hikmicro_thermal_camera' for CMake module files
[1.465s] Level 1:colcon.colcon_core.environment:checking '/home/roverj8/LUIS/ARGJ08/ARGOSJ8_IA_/install/hikmicro_thermal_camera' for CMake config files
[1.466s] Level 1:colcon.colcon_core.environment:checking '/home/roverj8/LUIS/ARGJ08/ARGOSJ8_IA_/install/hikmicro_thermal_camera/bin'
[1.466s] Level 1:colcon.colcon_core.environment:checking '/home/roverj8/LUIS/ARGJ08/ARGOSJ8_IA_/install/hikmicro_thermal_camera/lib/pkgconfig/hikmicro_thermal_camera.pc'
[1.466s] Level 1:colcon.colcon_core.environment:checking '/home/roverj8/LUIS/ARGJ08/ARGOSJ8_IA_/install/hikmicro_thermal_camera/lib/python3.10/site-packages'
[1.466s] Level 1:colcon.colcon_core.environment:checking '/home/roverj8/LUIS/ARGJ08/ARGOSJ8_IA_/install/hikmicro_thermal_camera/bin'
[1.467s] INFO:colcon.colcon_core.shell:Creating package script '/home/roverj8/LUIS/ARGJ08/ARGOSJ8_IA_/install/hikmicro_thermal_camera/share/hikmicro_thermal_camera/package.ps1'
[1.467s] INFO:colcon.colcon_core.shell:Creating package descriptor '/home/roverj8/LUIS/ARGJ08/ARGOSJ8_IA_/install/hikmicro_thermal_camera/share/hikmicro_thermal_camera/package.dsv'
[1.467s] INFO:colcon.colcon_core.shell:Creating package script '/home/roverj8/LUIS/ARGJ08/ARGOSJ8_IA_/install/hikmicro_thermal_camera/share/hikmicro_thermal_camera/package.sh'
[1.468s] INFO:colcon.colcon_core.shell:Creating package script '/home/roverj8/LUIS/ARGJ08/ARGOSJ8_IA_/install/hikmicro_thermal_camera/share/hikmicro_thermal_camera/package.bash'
[1.468s] INFO:colcon.colcon_core.shell:Creating package script '/home/roverj8/LUIS/ARGJ08/ARGOSJ8_IA_/install/hikmicro_thermal_camera/share/hikmicro_thermal_camera/package.zsh'
[1.468s] Level 1:colcon.colcon_core.environment:create_file_with_runtime_dependencies(/home/roverj8/LUIS/ARGJ08/ARGOSJ8_IA_/install/hikmicro_thermal_camera/share/colcon-core/packages/hikmicro_thermal_camera)
[1.468s] Level 1:colcon.colcon_core.environment:create_environment_scripts_only(hector_gazebo_plugins)
[1.469s] Level 1:colcon.colcon_core.environment:checking '/home/roverj8/LUIS/ARGJ08/ARGOSJ8_IA_/install/hector_gazebo_plugins' for CMake module files
[1.470s] Level 1:colcon.colcon_core.environment:checking '/home/roverj8/LUIS/ARGJ08/ARGOSJ8_IA_/install/hector_gazebo_plugins' for CMake config files
[1.470s] Level 1:colcon.colcon_core.environment:checking '/home/roverj8/LUIS/ARGJ08/ARGOSJ8_IA_/install/hector_gazebo_plugins/bin'
[1.470s] Level 1:colcon.colcon_core.environment:checking '/home/roverj8/LUIS/ARGJ08/ARGOSJ8_IA_/install/hector_gazebo_plugins/lib/pkgconfig/hector_gazebo_plugins.pc'
[1.470s] Level 1:colcon.colcon_core.environment:checking '/home/roverj8/LUIS/ARGJ08/ARGOSJ8_IA_/install/hector_gazebo_plugins/lib/python3.10/site-packages'
[1.471s] Level 1:colcon.colcon_core.environment:checking '/home/roverj8/LUIS/ARGJ08/ARGOSJ8_IA_/install/hector_gazebo_plugins/bin'
[1.471s] INFO:colcon.colcon_core.shell:Creating package script '/home/roverj8/LUIS/ARGJ08/ARGOSJ8_IA_/install/hector_gazebo_plugins/share/hector_gazebo_plugins/package.ps1'
[1.472s] INFO:colcon.colcon_core.shell:Creating package descriptor '/home/roverj8/LUIS/ARGJ08/ARGOSJ8_IA_/install/hector_gazebo_plugins/share/hector_gazebo_plugins/package.dsv'
[1.472s] INFO:colcon.colcon_core.shell:Creating package script '/home/roverj8/LUIS/ARGJ08/ARGOSJ8_IA_/install/hector_gazebo_plugins/share/hector_gazebo_plugins/package.sh'
[1.472s] INFO:colcon.colcon_core.shell:Creating package script '/home/roverj8/LUIS/ARGJ08/ARGOSJ8_IA_/install/hector_gazebo_plugins/share/hector_gazebo_plugins/package.bash'
[1.473s] INFO:colcon.colcon_core.shell:Creating package script '/home/roverj8/LUIS/ARGJ08/ARGOSJ8_IA_/install/hector_gazebo_plugins/share/hector_gazebo_plugins/package.zsh'
[1.473s] Level 1:colcon.colcon_core.environment:create_file_with_runtime_dependencies(/home/roverj8/LUIS/ARGJ08/ARGOSJ8_IA_/install/hector_gazebo_plugins/share/colcon-core/packages/hector_gazebo_plugins)
[1.875s] DEBUG:colcon.colcon_parallel_executor.executor.parallel:closing loop
[1.875s] DEBUG:colcon.colcon_parallel_executor.executor.parallel:loop closed
[1.875s] DEBUG:colcon.colcon_parallel_executor.executor.parallel:run_until_complete finished with '1'
[1.875s] DEBUG:colcon.colcon_core.event_reactor:joining thread
[1.876s] DEBUG:colcon.colcon_core.event_reactor:joined thread
[1.877s] INFO:colcon.colcon_core.shell:Creating prefix script '/home/roverj8/LUIS/ARGJ08/ARGOSJ8_IA_/install/local_setup.ps1'
[1.878s] INFO:colcon.colcon_core.shell:Creating prefix util module '/home/roverj8/LUIS/ARGJ08/ARGOSJ8_IA_/install/_local_setup_util_ps1.py'
[1.879s] INFO:colcon.colcon_core.shell:Creating prefix chain script '/home/roverj8/LUIS/ARGJ08/ARGOSJ8_IA_/install/setup.ps1'
[1.879s] INFO:colcon.colcon_core.shell:Creating prefix script '/home/roverj8/LUIS/ARGJ08/ARGOSJ8_IA_/install/local_setup.sh'
[1.880s] INFO:colcon.colcon_core.shell:Creating prefix util module '/home/roverj8/LUIS/ARGJ08/ARGOSJ8_IA_/install/_local_setup_util_sh.py'
[1.881s] INFO:colcon.colcon_core.shell:Creating prefix chain script '/home/roverj8/LUIS/ARGJ08/ARGOSJ8_IA_/install/setup.sh'
[1.881s] INFO:colcon.colcon_core.shell:Creating prefix script '/home/roverj8/LUIS/ARGJ08/ARGOSJ8_IA_/install/local_setup.bash'
[1.882s] INFO:colcon.colcon_core.shell:Creating prefix chain script '/home/roverj8/LUIS/ARGJ08/ARGOSJ8_IA_/install/setup.bash'
[1.883s] INFO:colcon.colcon_core.shell:Creating prefix script '/home/roverj8/LUIS/ARGJ08/ARGOSJ8_IA_/install/local_setup.zsh'
[1.884s] INFO:colcon.colcon_core.shell:Creating prefix chain script '/home/roverj8/LUIS/ARGJ08/ARGOSJ8_IA_/install/setup.zsh'
