[0.147s] DEBUG:colcon:Command line arguments: ['/usr/bin/colcon', 'build']
[0.148s] DEBUG:colcon:Parsed command line arguments: Namespace(log_base=None, log_level=None, verb_name='build', build_base='build', install_base='install', merge_install=False, symlink_install=False, test_result_base=None, continue_on_error=False, executor='parallel', parallel_workers=24, event_handlers=None, ignore_user_meta=False, metas=['./colcon.meta'], base_paths=['.'], packages_ignore=None, packages_ignore_regex=None, paths=None, packages_up_to=None, packages_up_to_regex=None, packages_above=None, packages_above_and_dependencies=None, packages_above_depth=None, packages_select_by_dep=None, packages_skip_by_dep=None, packages_skip_up_to=None, packages_select_build_failed=False, packages_skip_build_finished=False, packages_select_test_failures=False, packages_skip_test_passed=False, packages_select=None, packages_skip=None, packages_select_regex=None, packages_skip_regex=None, packages_start=None, packages_end=None, allow_overriding=[], cmake_args=None, cmake_target=None, cmake_target_skip_unavailable=False, cmake_clean_cache=False, cmake_clean_first=False, cmake_force_configure=False, ament_cmake_args=None, catkin_cmake_args=None, catkin_skip_building_tests=False, mixin_files=None, mixin=None, verb_parser=<colcon_mixin.mixin.mixin_argument.MixinArgumentDecorator object at 0x7f5f83e9a800>, verb_extension=<colcon_core.verb.build.BuildVerb object at 0x7f5f83f93e80>, main=<bound method BuildVerb.main of <colcon_core.verb.build.BuildVerb object at 0x7f5f83f93e80>>, mixin_verb=('build',))
[0.331s] Level 1:colcon.colcon_core.package_discovery:discover_packages(colcon_meta) check parameters
[0.332s] Level 1:colcon.colcon_core.package_discovery:discover_packages(recursive) check parameters
[0.332s] Level 1:colcon.colcon_core.package_discovery:discover_packages(ignore) check parameters
[0.332s] Level 1:colcon.colcon_core.package_discovery:discover_packages(path) check parameters
[0.332s] Level 1:colcon.colcon_core.package_discovery:discover_packages(colcon_meta) discover
[0.332s] Level 1:colcon.colcon_core.package_discovery:discover_packages(recursive) discover
[0.332s] INFO:colcon.colcon_core.package_discovery:Crawling recursively for packages in '/home/roverj8/LUIS/ARGJ08/ARGOSJ8_IA_'
[0.332s] Level 1:colcon.colcon_core.package_identification:_identify(.) by extensions ['ignore', 'ignore_ament_install']
[0.332s] Level 1:colcon.colcon_core.package_identification:_identify(.) by extension 'ignore'
[0.332s] Level 1:colcon.colcon_core.package_identification:_identify(.) by extension 'ignore_ament_install'
[0.332s] Level 1:colcon.colcon_core.package_identification:_identify(.) by extensions ['colcon_pkg']
[0.332s] Level 1:colcon.colcon_core.package_identification:_identify(.) by extension 'colcon_pkg'
[0.332s] Level 1:colcon.colcon_core.package_identification:_identify(.) by extensions ['colcon_meta']
[0.332s] Level 1:colcon.colcon_core.package_identification:_identify(.) by extension 'colcon_meta'
[0.332s] Level 1:colcon.colcon_core.package_identification:_identify(.) by extensions ['ros']
[0.332s] Level 1:colcon.colcon_core.package_identification:_identify(.) by extension 'ros'
[0.342s] Level 1:colcon.colcon_core.package_identification:_identify(.) by extensions ['cmake', 'python']
[0.342s] Level 1:colcon.colcon_core.package_identification:_identify(.) by extension 'cmake'
[0.342s] Level 1:colcon.colcon_core.package_identification:_identify(.) by extension 'python'
[0.342s] Level 1:colcon.colcon_core.package_identification:_identify(.) by extensions ['python_setup_py']
[0.342s] Level 1:colcon.colcon_core.package_identification:_identify(.) by extension 'python_setup_py'
[0.343s] Level 1:colcon.colcon_core.package_identification:_identify(build) by extensions ['ignore', 'ignore_ament_install']
[0.343s] Level 1:colcon.colcon_core.package_identification:_identify(build) by extension 'ignore'
[0.343s] Level 1:colcon.colcon_core.package_identification:_identify(build) ignored
[0.343s] Level 1:colcon.colcon_core.package_identification:_identify(docs) by extensions ['ignore', 'ignore_ament_install']
[0.343s] Level 1:colcon.colcon_core.package_identification:_identify(docs) by extension 'ignore'
[0.343s] Level 1:colcon.colcon_core.package_identification:_identify(docs) by extension 'ignore_ament_install'
[0.343s] Level 1:colcon.colcon_core.package_identification:_identify(docs) by extensions ['colcon_pkg']
[0.343s] Level 1:colcon.colcon_core.package_identification:_identify(docs) by extension 'colcon_pkg'
[0.343s] Level 1:colcon.colcon_core.package_identification:_identify(docs) by extensions ['colcon_meta']
[0.343s] Level 1:colcon.colcon_core.package_identification:_identify(docs) by extension 'colcon_meta'
[0.343s] Level 1:colcon.colcon_core.package_identification:_identify(docs) by extensions ['ros']
[0.343s] Level 1:colcon.colcon_core.package_identification:_identify(docs) by extension 'ros'
[0.343s] Level 1:colcon.colcon_core.package_identification:_identify(docs) by extensions ['cmake', 'python']
[0.343s] Level 1:colcon.colcon_core.package_identification:_identify(docs) by extension 'cmake'
[0.343s] Level 1:colcon.colcon_core.package_identification:_identify(docs) by extension 'python'
[0.343s] Level 1:colcon.colcon_core.package_identification:_identify(docs) by extensions ['python_setup_py']
[0.343s] Level 1:colcon.colcon_core.package_identification:_identify(docs) by extension 'python_setup_py'
[0.343s] Level 1:colcon.colcon_core.package_identification:_identify(install) by extensions ['ignore', 'ignore_ament_install']
[0.344s] Level 1:colcon.colcon_core.package_identification:_identify(install) by extension 'ignore'
[0.344s] Level 1:colcon.colcon_core.package_identification:_identify(install) ignored
[0.344s] Level 1:colcon.colcon_core.package_identification:_identify(log) by extensions ['ignore', 'ignore_ament_install']
[0.344s] Level 1:colcon.colcon_core.package_identification:_identify(log) by extension 'ignore'
[0.344s] Level 1:colcon.colcon_core.package_identification:_identify(log) ignored
[0.344s] Level 1:colcon.colcon_core.package_identification:_identify(src) by extensions ['ignore', 'ignore_ament_install']
[0.344s] Level 1:colcon.colcon_core.package_identification:_identify(src) by extension 'ignore'
[0.344s] Level 1:colcon.colcon_core.package_identification:_identify(src) by extension 'ignore_ament_install'
[0.344s] Level 1:colcon.colcon_core.package_identification:_identify(src) by extensions ['colcon_pkg']
[0.344s] Level 1:colcon.colcon_core.package_identification:_identify(src) by extension 'colcon_pkg'
[0.344s] Level 1:colcon.colcon_core.package_identification:_identify(src) by extensions ['colcon_meta']
[0.344s] Level 1:colcon.colcon_core.package_identification:_identify(src) by extension 'colcon_meta'
[0.344s] Level 1:colcon.colcon_core.package_identification:_identify(src) by extensions ['ros']
[0.344s] Level 1:colcon.colcon_core.package_identification:_identify(src) by extension 'ros'
[0.344s] Level 1:colcon.colcon_core.package_identification:_identify(src) by extensions ['cmake', 'python']
[0.344s] Level 1:colcon.colcon_core.package_identification:_identify(src) by extension 'cmake'
[0.344s] Level 1:colcon.colcon_core.package_identification:_identify(src) by extension 'python'
[0.344s] Level 1:colcon.colcon_core.package_identification:_identify(src) by extensions ['python_setup_py']
[0.344s] Level 1:colcon.colcon_core.package_identification:_identify(src) by extension 'python_setup_py'
[0.344s] Level 1:colcon.colcon_core.package_identification:_identify(src/GUI_pkg) by extensions ['ignore', 'ignore_ament_install']
[0.344s] Level 1:colcon.colcon_core.package_identification:_identify(src/GUI_pkg) by extension 'ignore'
[0.344s] Level 1:colcon.colcon_core.package_identification:_identify(src/GUI_pkg) by extension 'ignore_ament_install'
[0.344s] Level 1:colcon.colcon_core.package_identification:_identify(src/GUI_pkg) by extensions ['colcon_pkg']
[0.345s] Level 1:colcon.colcon_core.package_identification:_identify(src/GUI_pkg) by extension 'colcon_pkg'
[0.345s] Level 1:colcon.colcon_core.package_identification:_identify(src/GUI_pkg) by extensions ['colcon_meta']
[0.345s] Level 1:colcon.colcon_core.package_identification:_identify(src/GUI_pkg) by extension 'colcon_meta'
[0.345s] Level 1:colcon.colcon_core.package_identification:_identify(src/GUI_pkg) by extensions ['ros']
[0.345s] Level 1:colcon.colcon_core.package_identification:_identify(src/GUI_pkg) by extension 'ros'
[0.347s] DEBUG:colcon.colcon_core.package_identification:Package 'src/GUI_pkg' with type 'ros.ament_python' and name 'GUI_pkg'
[0.347s] Level 1:colcon.colcon_core.package_identification:_identify(src/android_ros2_server) by extensions ['ignore', 'ignore_ament_install']
[0.347s] Level 1:colcon.colcon_core.package_identification:_identify(src/android_ros2_server) by extension 'ignore'
[0.347s] Level 1:colcon.colcon_core.package_identification:_identify(src/android_ros2_server) by extension 'ignore_ament_install'
[0.347s] Level 1:colcon.colcon_core.package_identification:_identify(src/android_ros2_server) by extensions ['colcon_pkg']
[0.347s] Level 1:colcon.colcon_core.package_identification:_identify(src/android_ros2_server) by extension 'colcon_pkg'
[0.347s] Level 1:colcon.colcon_core.package_identification:_identify(src/android_ros2_server) by extensions ['colcon_meta']
[0.347s] Level 1:colcon.colcon_core.package_identification:_identify(src/android_ros2_server) by extension 'colcon_meta'
[0.347s] Level 1:colcon.colcon_core.package_identification:_identify(src/android_ros2_server) by extensions ['ros']
[0.347s] Level 1:colcon.colcon_core.package_identification:_identify(src/android_ros2_server) by extension 'ros'
[0.348s] DEBUG:colcon.colcon_core.package_identification:Package 'src/android_ros2_server' with type 'ros.ament_python' and name 'android_ros2_server'
[0.348s] Level 1:colcon.colcon_core.package_identification:_identify(src/argj801_ctl_platform) by extensions ['ignore', 'ignore_ament_install']
[0.348s] Level 1:colcon.colcon_core.package_identification:_identify(src/argj801_ctl_platform) by extension 'ignore'
[0.348s] Level 1:colcon.colcon_core.package_identification:_identify(src/argj801_ctl_platform) by extension 'ignore_ament_install'
[0.348s] Level 1:colcon.colcon_core.package_identification:_identify(src/argj801_ctl_platform) by extensions ['colcon_pkg']
[0.348s] Level 1:colcon.colcon_core.package_identification:_identify(src/argj801_ctl_platform) by extension 'colcon_pkg'
[0.348s] Level 1:colcon.colcon_core.package_identification:_identify(src/argj801_ctl_platform) by extensions ['colcon_meta']
[0.348s] Level 1:colcon.colcon_core.package_identification:_identify(src/argj801_ctl_platform) by extension 'colcon_meta'
[0.348s] Level 1:colcon.colcon_core.package_identification:_identify(src/argj801_ctl_platform) by extensions ['ros']
[0.348s] Level 1:colcon.colcon_core.package_identification:_identify(src/argj801_ctl_platform) by extension 'ros'
[0.348s] Level 1:colcon.colcon_core.package_identification:_identify(src/argj801_ctl_platform) by extensions ['cmake', 'python']
[0.348s] Level 1:colcon.colcon_core.package_identification:_identify(src/argj801_ctl_platform) by extension 'cmake'
[0.348s] Level 1:colcon.colcon_core.package_identification:_identify(src/argj801_ctl_platform) by extension 'python'
[0.348s] Level 1:colcon.colcon_core.package_identification:_identify(src/argj801_ctl_platform) by extensions ['python_setup_py']
[0.348s] Level 1:colcon.colcon_core.package_identification:_identify(src/argj801_ctl_platform) by extension 'python_setup_py'
[0.348s] Level 1:colcon.colcon_core.package_identification:_identify(src/argj801_ctl_platform/argj801_ctl_platform) by extensions ['ignore', 'ignore_ament_install']
[0.349s] Level 1:colcon.colcon_core.package_identification:_identify(src/argj801_ctl_platform/argj801_ctl_platform) by extension 'ignore'
[0.349s] Level 1:colcon.colcon_core.package_identification:_identify(src/argj801_ctl_platform/argj801_ctl_platform) by extension 'ignore_ament_install'
[0.349s] Level 1:colcon.colcon_core.package_identification:_identify(src/argj801_ctl_platform/argj801_ctl_platform) by extensions ['colcon_pkg']
[0.349s] Level 1:colcon.colcon_core.package_identification:_identify(src/argj801_ctl_platform/argj801_ctl_platform) by extension 'colcon_pkg'
[0.349s] Level 1:colcon.colcon_core.package_identification:_identify(src/argj801_ctl_platform/argj801_ctl_platform) by extensions ['colcon_meta']
[0.349s] Level 1:colcon.colcon_core.package_identification:_identify(src/argj801_ctl_platform/argj801_ctl_platform) by extension 'colcon_meta'
[0.349s] Level 1:colcon.colcon_core.package_identification:_identify(src/argj801_ctl_platform/argj801_ctl_platform) by extensions ['ros']
[0.349s] Level 1:colcon.colcon_core.package_identification:_identify(src/argj801_ctl_platform/argj801_ctl_platform) by extension 'ros'
[0.350s] DEBUG:colcon.colcon_core.package_identification:Package 'src/argj801_ctl_platform/argj801_ctl_platform' with type 'ros.ament_cmake' and name 'argj801_ctl_platform'
[0.350s] Level 1:colcon.colcon_core.package_identification:_identify(src/argj801_ctl_platform/argj801_ctl_platform_interfaces) by extensions ['ignore', 'ignore_ament_install']
[0.350s] Level 1:colcon.colcon_core.package_identification:_identify(src/argj801_ctl_platform/argj801_ctl_platform_interfaces) by extension 'ignore'
[0.350s] Level 1:colcon.colcon_core.package_identification:_identify(src/argj801_ctl_platform/argj801_ctl_platform_interfaces) by extension 'ignore_ament_install'
[0.350s] Level 1:colcon.colcon_core.package_identification:_identify(src/argj801_ctl_platform/argj801_ctl_platform_interfaces) by extensions ['colcon_pkg']
[0.350s] Level 1:colcon.colcon_core.package_identification:_identify(src/argj801_ctl_platform/argj801_ctl_platform_interfaces) by extension 'colcon_pkg'
[0.350s] Level 1:colcon.colcon_core.package_identification:_identify(src/argj801_ctl_platform/argj801_ctl_platform_interfaces) by extensions ['colcon_meta']
[0.350s] Level 1:colcon.colcon_core.package_identification:_identify(src/argj801_ctl_platform/argj801_ctl_platform_interfaces) by extension 'colcon_meta'
[0.350s] Level 1:colcon.colcon_core.package_identification:_identify(src/argj801_ctl_platform/argj801_ctl_platform_interfaces) by extensions ['ros']
[0.350s] Level 1:colcon.colcon_core.package_identification:_identify(src/argj801_ctl_platform/argj801_ctl_platform_interfaces) by extension 'ros'
[0.351s] DEBUG:colcon.colcon_core.package_identification:Package 'src/argj801_ctl_platform/argj801_ctl_platform_interfaces' with type 'ros.ament_cmake' and name 'argj801_ctl_platform_interfaces'
[0.352s] Level 1:colcon.colcon_core.package_identification:_identify(src/argj801_setup) by extensions ['ignore', 'ignore_ament_install']
[0.352s] Level 1:colcon.colcon_core.package_identification:_identify(src/argj801_setup) by extension 'ignore'
[0.352s] Level 1:colcon.colcon_core.package_identification:_identify(src/argj801_setup) by extension 'ignore_ament_install'
[0.352s] Level 1:colcon.colcon_core.package_identification:_identify(src/argj801_setup) by extensions ['colcon_pkg']
[0.352s] Level 1:colcon.colcon_core.package_identification:_identify(src/argj801_setup) by extension 'colcon_pkg'
[0.352s] Level 1:colcon.colcon_core.package_identification:_identify(src/argj801_setup) by extensions ['colcon_meta']
[0.352s] Level 1:colcon.colcon_core.package_identification:_identify(src/argj801_setup) by extension 'colcon_meta'
[0.352s] Level 1:colcon.colcon_core.package_identification:_identify(src/argj801_setup) by extensions ['ros']
[0.352s] Level 1:colcon.colcon_core.package_identification:_identify(src/argj801_setup) by extension 'ros'
[0.352s] DEBUG:colcon.colcon_core.package_identification:Package 'src/argj801_setup' with type 'ros.ament_cmake' and name 'argj801_setup'
[0.352s] Level 1:colcon.colcon_core.package_identification:_identify(src/argo_drivers_pkgs) by extensions ['ignore', 'ignore_ament_install']
[0.353s] Level 1:colcon.colcon_core.package_identification:_identify(src/argo_drivers_pkgs) by extension 'ignore'
[0.353s] Level 1:colcon.colcon_core.package_identification:_identify(src/argo_drivers_pkgs) by extension 'ignore_ament_install'
[0.353s] Level 1:colcon.colcon_core.package_identification:_identify(src/argo_drivers_pkgs) by extensions ['colcon_pkg']
[0.353s] Level 1:colcon.colcon_core.package_identification:_identify(src/argo_drivers_pkgs) by extension 'colcon_pkg'
[0.353s] Level 1:colcon.colcon_core.package_identification:_identify(src/argo_drivers_pkgs) by extensions ['colcon_meta']
[0.353s] Level 1:colcon.colcon_core.package_identification:_identify(src/argo_drivers_pkgs) by extension 'colcon_meta'
[0.353s] Level 1:colcon.colcon_core.package_identification:_identify(src/argo_drivers_pkgs) by extensions ['ros']
[0.353s] Level 1:colcon.colcon_core.package_identification:_identify(src/argo_drivers_pkgs) by extension 'ros'
[0.353s] Level 1:colcon.colcon_core.package_identification:_identify(src/argo_drivers_pkgs) by extensions ['cmake', 'python']
[0.353s] Level 1:colcon.colcon_core.package_identification:_identify(src/argo_drivers_pkgs) by extension 'cmake'
[0.353s] Level 1:colcon.colcon_core.package_identification:_identify(src/argo_drivers_pkgs) by extension 'python'
[0.353s] Level 1:colcon.colcon_core.package_identification:_identify(src/argo_drivers_pkgs) by extensions ['python_setup_py']
[0.353s] Level 1:colcon.colcon_core.package_identification:_identify(src/argo_drivers_pkgs) by extension 'python_setup_py'
[0.353s] Level 1:colcon.colcon_core.package_identification:_identify(src/argo_drivers_pkgs/Fixposition_driver_pkg) by extensions ['ignore', 'ignore_ament_install']
[0.353s] Level 1:colcon.colcon_core.package_identification:_identify(src/argo_drivers_pkgs/Fixposition_driver_pkg) by extension 'ignore'
[0.353s] Level 1:colcon.colcon_core.package_identification:_identify(src/argo_drivers_pkgs/Fixposition_driver_pkg) by extension 'ignore_ament_install'
[0.353s] Level 1:colcon.colcon_core.package_identification:_identify(src/argo_drivers_pkgs/Fixposition_driver_pkg) by extensions ['colcon_pkg']
[0.353s] Level 1:colcon.colcon_core.package_identification:_identify(src/argo_drivers_pkgs/Fixposition_driver_pkg) by extension 'colcon_pkg'
[0.353s] Level 1:colcon.colcon_core.package_identification:_identify(src/argo_drivers_pkgs/Fixposition_driver_pkg) by extensions ['colcon_meta']
[0.353s] Level 1:colcon.colcon_core.package_identification:_identify(src/argo_drivers_pkgs/Fixposition_driver_pkg) by extension 'colcon_meta'
[0.353s] Level 1:colcon.colcon_core.package_identification:_identify(src/argo_drivers_pkgs/Fixposition_driver_pkg) by extensions ['ros']
[0.353s] Level 1:colcon.colcon_core.package_identification:_identify(src/argo_drivers_pkgs/Fixposition_driver_pkg) by extension 'ros'
[0.353s] Level 1:colcon.colcon_core.package_identification:_identify(src/argo_drivers_pkgs/Fixposition_driver_pkg) by extensions ['cmake', 'python']
[0.353s] Level 1:colcon.colcon_core.package_identification:_identify(src/argo_drivers_pkgs/Fixposition_driver_pkg) by extension 'cmake'
[0.353s] Level 1:colcon.colcon_core.package_identification:_identify(src/argo_drivers_pkgs/Fixposition_driver_pkg) by extension 'python'
[0.354s] Level 1:colcon.colcon_core.package_identification:_identify(src/argo_drivers_pkgs/Fixposition_driver_pkg) by extensions ['python_setup_py']
[0.354s] Level 1:colcon.colcon_core.package_identification:_identify(src/argo_drivers_pkgs/Fixposition_driver_pkg) by extension 'python_setup_py'
[0.354s] Level 1:colcon.colcon_core.package_identification:_identify(src/argo_drivers_pkgs/Fixposition_driver_pkg/fixposition_driver-main) by extensions ['ignore', 'ignore_ament_install']
[0.354s] Level 1:colcon.colcon_core.package_identification:_identify(src/argo_drivers_pkgs/Fixposition_driver_pkg/fixposition_driver-main) by extension 'ignore'
[0.354s] Level 1:colcon.colcon_core.package_identification:_identify(src/argo_drivers_pkgs/Fixposition_driver_pkg/fixposition_driver-main) by extension 'ignore_ament_install'
[0.354s] Level 1:colcon.colcon_core.package_identification:_identify(src/argo_drivers_pkgs/Fixposition_driver_pkg/fixposition_driver-main) by extensions ['colcon_pkg']
[0.354s] Level 1:colcon.colcon_core.package_identification:_identify(src/argo_drivers_pkgs/Fixposition_driver_pkg/fixposition_driver-main) by extension 'colcon_pkg'
[0.354s] Level 1:colcon.colcon_core.package_identification:_identify(src/argo_drivers_pkgs/Fixposition_driver_pkg/fixposition_driver-main) by extensions ['colcon_meta']
[0.354s] Level 1:colcon.colcon_core.package_identification:_identify(src/argo_drivers_pkgs/Fixposition_driver_pkg/fixposition_driver-main) by extension 'colcon_meta'
[0.354s] Level 1:colcon.colcon_core.package_identification:_identify(src/argo_drivers_pkgs/Fixposition_driver_pkg/fixposition_driver-main) by extensions ['ros']
[0.354s] Level 1:colcon.colcon_core.package_identification:_identify(src/argo_drivers_pkgs/Fixposition_driver_pkg/fixposition_driver-main) by extension 'ros'
[0.354s] Level 1:colcon.colcon_core.package_identification:_identify(src/argo_drivers_pkgs/Fixposition_driver_pkg/fixposition_driver-main) by extensions ['cmake', 'python']
[0.354s] Level 1:colcon.colcon_core.package_identification:_identify(src/argo_drivers_pkgs/Fixposition_driver_pkg/fixposition_driver-main) by extension 'cmake'
[0.354s] Level 1:colcon.colcon_core.package_identification:_identify(src/argo_drivers_pkgs/Fixposition_driver_pkg/fixposition_driver-main) by extension 'python'
[0.354s] Level 1:colcon.colcon_core.package_identification:_identify(src/argo_drivers_pkgs/Fixposition_driver_pkg/fixposition_driver-main) by extensions ['python_setup_py']
[0.354s] Level 1:colcon.colcon_core.package_identification:_identify(src/argo_drivers_pkgs/Fixposition_driver_pkg/fixposition_driver-main) by extension 'python_setup_py'
[0.354s] Level 1:colcon.colcon_core.package_identification:_identify(src/argo_drivers_pkgs/Fixposition_driver_pkg/fixposition_driver-main/fixposition_driver_lib) by extensions ['ignore', 'ignore_ament_install']
[0.354s] Level 1:colcon.colcon_core.package_identification:_identify(src/argo_drivers_pkgs/Fixposition_driver_pkg/fixposition_driver-main/fixposition_driver_lib) by extension 'ignore'
[0.354s] Level 1:colcon.colcon_core.package_identification:_identify(src/argo_drivers_pkgs/Fixposition_driver_pkg/fixposition_driver-main/fixposition_driver_lib) by extension 'ignore_ament_install'
[0.354s] Level 1:colcon.colcon_core.package_identification:_identify(src/argo_drivers_pkgs/Fixposition_driver_pkg/fixposition_driver-main/fixposition_driver_lib) by extensions ['colcon_pkg']
[0.354s] Level 1:colcon.colcon_core.package_identification:_identify(src/argo_drivers_pkgs/Fixposition_driver_pkg/fixposition_driver-main/fixposition_driver_lib) by extension 'colcon_pkg'
[0.354s] Level 1:colcon.colcon_core.package_identification:_identify(src/argo_drivers_pkgs/Fixposition_driver_pkg/fixposition_driver-main/fixposition_driver_lib) by extensions ['colcon_meta']
[0.354s] Level 1:colcon.colcon_core.package_identification:_identify(src/argo_drivers_pkgs/Fixposition_driver_pkg/fixposition_driver-main/fixposition_driver_lib) by extension 'colcon_meta'
[0.354s] Level 1:colcon.colcon_core.package_identification:_identify(src/argo_drivers_pkgs/Fixposition_driver_pkg/fixposition_driver-main/fixposition_driver_lib) by extensions ['ros']
[0.354s] Level 1:colcon.colcon_core.package_identification:_identify(src/argo_drivers_pkgs/Fixposition_driver_pkg/fixposition_driver-main/fixposition_driver_lib) by extension 'ros'
[0.364s] DEBUG:colcon.colcon_core.package_identification:Package 'src/argo_drivers_pkgs/Fixposition_driver_pkg/fixposition_driver-main/fixposition_driver_lib' with type 'ros.cmake' and name 'fixposition_driver_lib'
[0.364s] Level 1:colcon.colcon_core.package_identification:_identify(src/argo_drivers_pkgs/Fixposition_driver_pkg/fixposition_driver-main/fixposition_driver_ros1) by extensions ['ignore', 'ignore_ament_install']
[0.364s] Level 1:colcon.colcon_core.package_identification:_identify(src/argo_drivers_pkgs/Fixposition_driver_pkg/fixposition_driver-main/fixposition_driver_ros1) by extension 'ignore'
[0.364s] Level 1:colcon.colcon_core.package_identification:_identify(src/argo_drivers_pkgs/Fixposition_driver_pkg/fixposition_driver-main/fixposition_driver_ros1) ignored
[0.364s] Level 1:colcon.colcon_core.package_identification:_identify(src/argo_drivers_pkgs/Fixposition_driver_pkg/fixposition_driver-main/fixposition_driver_ros2) by extensions ['ignore', 'ignore_ament_install']
[0.364s] Level 1:colcon.colcon_core.package_identification:_identify(src/argo_drivers_pkgs/Fixposition_driver_pkg/fixposition_driver-main/fixposition_driver_ros2) by extension 'ignore'
[0.364s] Level 1:colcon.colcon_core.package_identification:_identify(src/argo_drivers_pkgs/Fixposition_driver_pkg/fixposition_driver-main/fixposition_driver_ros2) by extension 'ignore_ament_install'
[0.364s] Level 1:colcon.colcon_core.package_identification:_identify(src/argo_drivers_pkgs/Fixposition_driver_pkg/fixposition_driver-main/fixposition_driver_ros2) by extensions ['colcon_pkg']
[0.364s] Level 1:colcon.colcon_core.package_identification:_identify(src/argo_drivers_pkgs/Fixposition_driver_pkg/fixposition_driver-main/fixposition_driver_ros2) by extension 'colcon_pkg'
[0.364s] Level 1:colcon.colcon_core.package_identification:_identify(src/argo_drivers_pkgs/Fixposition_driver_pkg/fixposition_driver-main/fixposition_driver_ros2) by extensions ['colcon_meta']
[0.364s] Level 1:colcon.colcon_core.package_identification:_identify(src/argo_drivers_pkgs/Fixposition_driver_pkg/fixposition_driver-main/fixposition_driver_ros2) by extension 'colcon_meta'
[0.365s] Level 1:colcon.colcon_core.package_identification:_identify(src/argo_drivers_pkgs/Fixposition_driver_pkg/fixposition_driver-main/fixposition_driver_ros2) by extensions ['ros']
[0.365s] Level 1:colcon.colcon_core.package_identification:_identify(src/argo_drivers_pkgs/Fixposition_driver_pkg/fixposition_driver-main/fixposition_driver_ros2) by extension 'ros'
[0.366s] DEBUG:colcon.colcon_core.package_identification:Package 'src/argo_drivers_pkgs/Fixposition_driver_pkg/fixposition_driver-main/fixposition_driver_ros2' with type 'ros.ament_cmake' and name 'fixposition_driver_ros2'
[0.366s] Level 1:colcon.colcon_core.package_identification:_identify(src/argo_drivers_pkgs/Fixposition_driver_pkg/fixposition_driver-main/fixposition_odometry_converter_ros2) by extensions ['ignore', 'ignore_ament_install']
[0.366s] Level 1:colcon.colcon_core.package_identification:_identify(src/argo_drivers_pkgs/Fixposition_driver_pkg/fixposition_driver-main/fixposition_odometry_converter_ros2) by extension 'ignore'
[0.366s] Level 1:colcon.colcon_core.package_identification:_identify(src/argo_drivers_pkgs/Fixposition_driver_pkg/fixposition_driver-main/fixposition_odometry_converter_ros2) by extension 'ignore_ament_install'
[0.366s] Level 1:colcon.colcon_core.package_identification:_identify(src/argo_drivers_pkgs/Fixposition_driver_pkg/fixposition_driver-main/fixposition_odometry_converter_ros2) by extensions ['colcon_pkg']
[0.366s] Level 1:colcon.colcon_core.package_identification:_identify(src/argo_drivers_pkgs/Fixposition_driver_pkg/fixposition_driver-main/fixposition_odometry_converter_ros2) by extension 'colcon_pkg'
[0.366s] Level 1:colcon.colcon_core.package_identification:_identify(src/argo_drivers_pkgs/Fixposition_driver_pkg/fixposition_driver-main/fixposition_odometry_converter_ros2) by extensions ['colcon_meta']
[0.366s] Level 1:colcon.colcon_core.package_identification:_identify(src/argo_drivers_pkgs/Fixposition_driver_pkg/fixposition_driver-main/fixposition_odometry_converter_ros2) by extension 'colcon_meta'
[0.366s] Level 1:colcon.colcon_core.package_identification:_identify(src/argo_drivers_pkgs/Fixposition_driver_pkg/fixposition_driver-main/fixposition_odometry_converter_ros2) by extensions ['ros']
[0.366s] Level 1:colcon.colcon_core.package_identification:_identify(src/argo_drivers_pkgs/Fixposition_driver_pkg/fixposition_driver-main/fixposition_odometry_converter_ros2) by extension 'ros'
[0.367s] DEBUG:colcon.colcon_core.package_identification:Package 'src/argo_drivers_pkgs/Fixposition_driver_pkg/fixposition_driver-main/fixposition_odometry_converter_ros2' with type 'ros.ament_cmake' and name 'fixposition_odometry_converter_ros2'
[0.367s] Level 1:colcon.colcon_core.package_identification:_identify(src/argo_drivers_pkgs/Fixposition_driver_pkg/fixposition_driver-main/test) by extensions ['ignore', 'ignore_ament_install']
[0.367s] Level 1:colcon.colcon_core.package_identification:_identify(src/argo_drivers_pkgs/Fixposition_driver_pkg/fixposition_driver-main/test) by extension 'ignore'
[0.367s] Level 1:colcon.colcon_core.package_identification:_identify(src/argo_drivers_pkgs/Fixposition_driver_pkg/fixposition_driver-main/test) by extension 'ignore_ament_install'
[0.367s] Level 1:colcon.colcon_core.package_identification:_identify(src/argo_drivers_pkgs/Fixposition_driver_pkg/fixposition_driver-main/test) by extensions ['colcon_pkg']
[0.367s] Level 1:colcon.colcon_core.package_identification:_identify(src/argo_drivers_pkgs/Fixposition_driver_pkg/fixposition_driver-main/test) by extension 'colcon_pkg'
[0.367s] Level 1:colcon.colcon_core.package_identification:_identify(src/argo_drivers_pkgs/Fixposition_driver_pkg/fixposition_driver-main/test) by extensions ['colcon_meta']
[0.367s] Level 1:colcon.colcon_core.package_identification:_identify(src/argo_drivers_pkgs/Fixposition_driver_pkg/fixposition_driver-main/test) by extension 'colcon_meta'
[0.367s] Level 1:colcon.colcon_core.package_identification:_identify(src/argo_drivers_pkgs/Fixposition_driver_pkg/fixposition_driver-main/test) by extensions ['ros']
[0.367s] Level 1:colcon.colcon_core.package_identification:_identify(src/argo_drivers_pkgs/Fixposition_driver_pkg/fixposition_driver-main/test) by extension 'ros'
[0.367s] Level 1:colcon.colcon_core.package_identification:_identify(src/argo_drivers_pkgs/Fixposition_driver_pkg/fixposition_driver-main/test) by extensions ['cmake', 'python']
[0.367s] Level 1:colcon.colcon_core.package_identification:_identify(src/argo_drivers_pkgs/Fixposition_driver_pkg/fixposition_driver-main/test) by extension 'cmake'
[0.367s] Level 1:colcon.colcon_core.package_identification:_identify(src/argo_drivers_pkgs/Fixposition_driver_pkg/fixposition_driver-main/test) by extension 'python'
[0.367s] Level 1:colcon.colcon_core.package_identification:_identify(src/argo_drivers_pkgs/Fixposition_driver_pkg/fixposition_driver-main/test) by extensions ['python_setup_py']
[0.367s] Level 1:colcon.colcon_core.package_identification:_identify(src/argo_drivers_pkgs/Fixposition_driver_pkg/fixposition_driver-main/test) by extension 'python_setup_py'
[0.367s] Level 1:colcon.colcon_core.package_identification:_identify(src/argo_drivers_pkgs/Fixposition_driver_pkg/fixposition_driver-main/test/data) by extensions ['ignore', 'ignore_ament_install']
[0.367s] Level 1:colcon.colcon_core.package_identification:_identify(src/argo_drivers_pkgs/Fixposition_driver_pkg/fixposition_driver-main/test/data) by extension 'ignore'
[0.367s] Level 1:colcon.colcon_core.package_identification:_identify(src/argo_drivers_pkgs/Fixposition_driver_pkg/fixposition_driver-main/test/data) by extension 'ignore_ament_install'
[0.367s] Level 1:colcon.colcon_core.package_identification:_identify(src/argo_drivers_pkgs/Fixposition_driver_pkg/fixposition_driver-main/test/data) by extensions ['colcon_pkg']
[0.367s] Level 1:colcon.colcon_core.package_identification:_identify(src/argo_drivers_pkgs/Fixposition_driver_pkg/fixposition_driver-main/test/data) by extension 'colcon_pkg'
[0.367s] Level 1:colcon.colcon_core.package_identification:_identify(src/argo_drivers_pkgs/Fixposition_driver_pkg/fixposition_driver-main/test/data) by extensions ['colcon_meta']
[0.367s] Level 1:colcon.colcon_core.package_identification:_identify(src/argo_drivers_pkgs/Fixposition_driver_pkg/fixposition_driver-main/test/data) by extension 'colcon_meta'
[0.367s] Level 1:colcon.colcon_core.package_identification:_identify(src/argo_drivers_pkgs/Fixposition_driver_pkg/fixposition_driver-main/test/data) by extensions ['ros']
[0.367s] Level 1:colcon.colcon_core.package_identification:_identify(src/argo_drivers_pkgs/Fixposition_driver_pkg/fixposition_driver-main/test/data) by extension 'ros'
[0.367s] Level 1:colcon.colcon_core.package_identification:_identify(src/argo_drivers_pkgs/Fixposition_driver_pkg/fixposition_driver-main/test/data) by extensions ['cmake', 'python']
[0.368s] Level 1:colcon.colcon_core.package_identification:_identify(src/argo_drivers_pkgs/Fixposition_driver_pkg/fixposition_driver-main/test/data) by extension 'cmake'
[0.368s] Level 1:colcon.colcon_core.package_identification:_identify(src/argo_drivers_pkgs/Fixposition_driver_pkg/fixposition_driver-main/test/data) by extension 'python'
[0.368s] Level 1:colcon.colcon_core.package_identification:_identify(src/argo_drivers_pkgs/Fixposition_driver_pkg/fixposition_driver-main/test/data) by extensions ['python_setup_py']
[0.368s] Level 1:colcon.colcon_core.package_identification:_identify(src/argo_drivers_pkgs/Fixposition_driver_pkg/fixposition_driver-main/test/data) by extension 'python_setup_py'
[0.368s] Level 1:colcon.colcon_core.package_identification:_identify(src/argo_drivers_pkgs/Fixposition_driver_pkg/fixposition_gnss_tf-main) by extensions ['ignore', 'ignore_ament_install']
[0.368s] Level 1:colcon.colcon_core.package_identification:_identify(src/argo_drivers_pkgs/Fixposition_driver_pkg/fixposition_gnss_tf-main) by extension 'ignore'
[0.368s] Level 1:colcon.colcon_core.package_identification:_identify(src/argo_drivers_pkgs/Fixposition_driver_pkg/fixposition_gnss_tf-main) by extension 'ignore_ament_install'
[0.368s] Level 1:colcon.colcon_core.package_identification:_identify(src/argo_drivers_pkgs/Fixposition_driver_pkg/fixposition_gnss_tf-main) by extensions ['colcon_pkg']
[0.368s] Level 1:colcon.colcon_core.package_identification:_identify(src/argo_drivers_pkgs/Fixposition_driver_pkg/fixposition_gnss_tf-main) by extension 'colcon_pkg'
[0.368s] Level 1:colcon.colcon_core.package_identification:_identify(src/argo_drivers_pkgs/Fixposition_driver_pkg/fixposition_gnss_tf-main) by extensions ['colcon_meta']
[0.368s] Level 1:colcon.colcon_core.package_identification:_identify(src/argo_drivers_pkgs/Fixposition_driver_pkg/fixposition_gnss_tf-main) by extension 'colcon_meta'
[0.368s] Level 1:colcon.colcon_core.package_identification:_identify(src/argo_drivers_pkgs/Fixposition_driver_pkg/fixposition_gnss_tf-main) by extensions ['ros']
[0.368s] Level 1:colcon.colcon_core.package_identification:_identify(src/argo_drivers_pkgs/Fixposition_driver_pkg/fixposition_gnss_tf-main) by extension 'ros'
[0.369s] DEBUG:colcon.colcon_core.package_identification:Package 'src/argo_drivers_pkgs/Fixposition_driver_pkg/fixposition_gnss_tf-main' with type 'ros.cmake' and name 'fixposition_gnss_tf'
[0.369s] Level 1:colcon.colcon_core.package_identification:_identify(src/argo_drivers_pkgs/argj801_sensors) by extensions ['ignore', 'ignore_ament_install']
[0.369s] Level 1:colcon.colcon_core.package_identification:_identify(src/argo_drivers_pkgs/argj801_sensors) by extension 'ignore'
[0.369s] Level 1:colcon.colcon_core.package_identification:_identify(src/argo_drivers_pkgs/argj801_sensors) by extension 'ignore_ament_install'
[0.369s] Level 1:colcon.colcon_core.package_identification:_identify(src/argo_drivers_pkgs/argj801_sensors) by extensions ['colcon_pkg']
[0.369s] Level 1:colcon.colcon_core.package_identification:_identify(src/argo_drivers_pkgs/argj801_sensors) by extension 'colcon_pkg'
[0.369s] Level 1:colcon.colcon_core.package_identification:_identify(src/argo_drivers_pkgs/argj801_sensors) by extensions ['colcon_meta']
[0.369s] Level 1:colcon.colcon_core.package_identification:_identify(src/argo_drivers_pkgs/argj801_sensors) by extension 'colcon_meta'
[0.369s] Level 1:colcon.colcon_core.package_identification:_identify(src/argo_drivers_pkgs/argj801_sensors) by extensions ['ros']
[0.369s] Level 1:colcon.colcon_core.package_identification:_identify(src/argo_drivers_pkgs/argj801_sensors) by extension 'ros'
[0.369s] Level 1:colcon.colcon_core.package_identification:_identify(src/argo_drivers_pkgs/argj801_sensors) by extensions ['cmake', 'python']
[0.370s] Level 1:colcon.colcon_core.package_identification:_identify(src/argo_drivers_pkgs/argj801_sensors) by extension 'cmake'
[0.370s] Level 1:colcon.colcon_core.package_identification:_identify(src/argo_drivers_pkgs/argj801_sensors) by extension 'python'
[0.370s] Level 1:colcon.colcon_core.package_identification:_identify(src/argo_drivers_pkgs/argj801_sensors) by extensions ['python_setup_py']
[0.370s] Level 1:colcon.colcon_core.package_identification:_identify(src/argo_drivers_pkgs/argj801_sensors) by extension 'python_setup_py'
[0.370s] Level 1:colcon.colcon_core.package_identification:_identify(src/argo_drivers_pkgs/argj801_sensors/argj801_sensors) by extensions ['ignore', 'ignore_ament_install']
[0.370s] Level 1:colcon.colcon_core.package_identification:_identify(src/argo_drivers_pkgs/argj801_sensors/argj801_sensors) by extension 'ignore'
[0.370s] Level 1:colcon.colcon_core.package_identification:_identify(src/argo_drivers_pkgs/argj801_sensors/argj801_sensors) by extension 'ignore_ament_install'
[0.370s] Level 1:colcon.colcon_core.package_identification:_identify(src/argo_drivers_pkgs/argj801_sensors/argj801_sensors) by extensions ['colcon_pkg']
[0.370s] Level 1:colcon.colcon_core.package_identification:_identify(src/argo_drivers_pkgs/argj801_sensors/argj801_sensors) by extension 'colcon_pkg'
[0.370s] Level 1:colcon.colcon_core.package_identification:_identify(src/argo_drivers_pkgs/argj801_sensors/argj801_sensors) by extensions ['colcon_meta']
[0.370s] Level 1:colcon.colcon_core.package_identification:_identify(src/argo_drivers_pkgs/argj801_sensors/argj801_sensors) by extension 'colcon_meta'
[0.370s] Level 1:colcon.colcon_core.package_identification:_identify(src/argo_drivers_pkgs/argj801_sensors/argj801_sensors) by extensions ['ros']
[0.370s] Level 1:colcon.colcon_core.package_identification:_identify(src/argo_drivers_pkgs/argj801_sensors/argj801_sensors) by extension 'ros'
[0.371s] DEBUG:colcon.colcon_core.package_identification:Package 'src/argo_drivers_pkgs/argj801_sensors/argj801_sensors' with type 'ros.ament_cmake' and name 'argj801_sensors'
[0.371s] Level 1:colcon.colcon_core.package_identification:_identify(src/argo_drivers_pkgs/argj801_sensors/argj801_sensors_msgs) by extensions ['ignore', 'ignore_ament_install']
[0.371s] Level 1:colcon.colcon_core.package_identification:_identify(src/argo_drivers_pkgs/argj801_sensors/argj801_sensors_msgs) by extension 'ignore'
[0.371s] Level 1:colcon.colcon_core.package_identification:_identify(src/argo_drivers_pkgs/argj801_sensors/argj801_sensors_msgs) by extension 'ignore_ament_install'
[0.371s] Level 1:colcon.colcon_core.package_identification:_identify(src/argo_drivers_pkgs/argj801_sensors/argj801_sensors_msgs) by extensions ['colcon_pkg']
[0.371s] Level 1:colcon.colcon_core.package_identification:_identify(src/argo_drivers_pkgs/argj801_sensors/argj801_sensors_msgs) by extension 'colcon_pkg'
[0.371s] Level 1:colcon.colcon_core.package_identification:_identify(src/argo_drivers_pkgs/argj801_sensors/argj801_sensors_msgs) by extensions ['colcon_meta']
[0.371s] Level 1:colcon.colcon_core.package_identification:_identify(src/argo_drivers_pkgs/argj801_sensors/argj801_sensors_msgs) by extension 'colcon_meta'
[0.371s] Level 1:colcon.colcon_core.package_identification:_identify(src/argo_drivers_pkgs/argj801_sensors/argj801_sensors_msgs) by extensions ['ros']
[0.371s] Level 1:colcon.colcon_core.package_identification:_identify(src/argo_drivers_pkgs/argj801_sensors/argj801_sensors_msgs) by extension 'ros'
[0.371s] DEBUG:colcon.colcon_core.package_identification:Package 'src/argo_drivers_pkgs/argj801_sensors/argj801_sensors_msgs' with type 'ros.ament_cmake' and name 'argj801_sensors_msgs'
[0.372s] Level 1:colcon.colcon_core.package_identification:_identify(src/argo_drivers_pkgs/ntrip_client) by extensions ['ignore', 'ignore_ament_install']
[0.372s] Level 1:colcon.colcon_core.package_identification:_identify(src/argo_drivers_pkgs/ntrip_client) by extension 'ignore'
[0.372s] Level 1:colcon.colcon_core.package_identification:_identify(src/argo_drivers_pkgs/ntrip_client) by extension 'ignore_ament_install'
[0.372s] Level 1:colcon.colcon_core.package_identification:_identify(src/argo_drivers_pkgs/ntrip_client) by extensions ['colcon_pkg']
[0.372s] Level 1:colcon.colcon_core.package_identification:_identify(src/argo_drivers_pkgs/ntrip_client) by extension 'colcon_pkg'
[0.372s] Level 1:colcon.colcon_core.package_identification:_identify(src/argo_drivers_pkgs/ntrip_client) by extensions ['colcon_meta']
[0.372s] Level 1:colcon.colcon_core.package_identification:_identify(src/argo_drivers_pkgs/ntrip_client) by extension 'colcon_meta'
[0.372s] Level 1:colcon.colcon_core.package_identification:_identify(src/argo_drivers_pkgs/ntrip_client) by extensions ['ros']
[0.372s] Level 1:colcon.colcon_core.package_identification:_identify(src/argo_drivers_pkgs/ntrip_client) by extension 'ros'
[0.372s] DEBUG:colcon.colcon_core.package_identification:Package 'src/argo_drivers_pkgs/ntrip_client' with type 'ros.ament_python' and name 'ntrip_client'
[0.373s] Level 1:colcon.colcon_core.package_identification:_identify(src/argo_drivers_pkgs/ublox) by extensions ['ignore', 'ignore_ament_install']
[0.373s] Level 1:colcon.colcon_core.package_identification:_identify(src/argo_drivers_pkgs/ublox) by extension 'ignore'
[0.373s] Level 1:colcon.colcon_core.package_identification:_identify(src/argo_drivers_pkgs/ublox) by extension 'ignore_ament_install'
[0.373s] Level 1:colcon.colcon_core.package_identification:_identify(src/argo_drivers_pkgs/ublox) by extensions ['colcon_pkg']
[0.373s] Level 1:colcon.colcon_core.package_identification:_identify(src/argo_drivers_pkgs/ublox) by extension 'colcon_pkg'
[0.373s] Level 1:colcon.colcon_core.package_identification:_identify(src/argo_drivers_pkgs/ublox) by extensions ['colcon_meta']
[0.373s] Level 1:colcon.colcon_core.package_identification:_identify(src/argo_drivers_pkgs/ublox) by extension 'colcon_meta'
[0.373s] Level 1:colcon.colcon_core.package_identification:_identify(src/argo_drivers_pkgs/ublox) by extensions ['ros']
[0.373s] Level 1:colcon.colcon_core.package_identification:_identify(src/argo_drivers_pkgs/ublox) by extension 'ros'
[0.373s] Level 1:colcon.colcon_core.package_identification:_identify(src/argo_drivers_pkgs/ublox) by extensions ['cmake', 'python']
[0.373s] Level 1:colcon.colcon_core.package_identification:_identify(src/argo_drivers_pkgs/ublox) by extension 'cmake'
[0.373s] Level 1:colcon.colcon_core.package_identification:_identify(src/argo_drivers_pkgs/ublox) by extension 'python'
[0.373s] Level 1:colcon.colcon_core.package_identification:_identify(src/argo_drivers_pkgs/ublox) by extensions ['python_setup_py']
[0.373s] Level 1:colcon.colcon_core.package_identification:_identify(src/argo_drivers_pkgs/ublox) by extension 'python_setup_py'
[0.373s] Level 1:colcon.colcon_core.package_identification:_identify(src/argo_drivers_pkgs/ublox/ublox) by extensions ['ignore', 'ignore_ament_install']
[0.373s] Level 1:colcon.colcon_core.package_identification:_identify(src/argo_drivers_pkgs/ublox/ublox) by extension 'ignore'
[0.373s] Level 1:colcon.colcon_core.package_identification:_identify(src/argo_drivers_pkgs/ublox/ublox) by extension 'ignore_ament_install'
[0.373s] Level 1:colcon.colcon_core.package_identification:_identify(src/argo_drivers_pkgs/ublox/ublox) by extensions ['colcon_pkg']
[0.373s] Level 1:colcon.colcon_core.package_identification:_identify(src/argo_drivers_pkgs/ublox/ublox) by extension 'colcon_pkg'
[0.373s] Level 1:colcon.colcon_core.package_identification:_identify(src/argo_drivers_pkgs/ublox/ublox) by extensions ['colcon_meta']
[0.373s] Level 1:colcon.colcon_core.package_identification:_identify(src/argo_drivers_pkgs/ublox/ublox) by extension 'colcon_meta'
[0.373s] Level 1:colcon.colcon_core.package_identification:_identify(src/argo_drivers_pkgs/ublox/ublox) by extensions ['ros']
[0.373s] Level 1:colcon.colcon_core.package_identification:_identify(src/argo_drivers_pkgs/ublox/ublox) by extension 'ros'
[0.374s] DEBUG:colcon.colcon_core.package_identification:Package 'src/argo_drivers_pkgs/ublox/ublox' with type 'ros.ament_cmake' and name 'ublox'
[0.374s] Level 1:colcon.colcon_core.package_identification:_identify(src/argo_drivers_pkgs/ublox/ublox_gps) by extensions ['ignore', 'ignore_ament_install']
[0.374s] Level 1:colcon.colcon_core.package_identification:_identify(src/argo_drivers_pkgs/ublox/ublox_gps) by extension 'ignore'
[0.374s] Level 1:colcon.colcon_core.package_identification:_identify(src/argo_drivers_pkgs/ublox/ublox_gps) by extension 'ignore_ament_install'
[0.374s] Level 1:colcon.colcon_core.package_identification:_identify(src/argo_drivers_pkgs/ublox/ublox_gps) by extensions ['colcon_pkg']
[0.374s] Level 1:colcon.colcon_core.package_identification:_identify(src/argo_drivers_pkgs/ublox/ublox_gps) by extension 'colcon_pkg'
[0.374s] Level 1:colcon.colcon_core.package_identification:_identify(src/argo_drivers_pkgs/ublox/ublox_gps) by extensions ['colcon_meta']
[0.374s] Level 1:colcon.colcon_core.package_identification:_identify(src/argo_drivers_pkgs/ublox/ublox_gps) by extension 'colcon_meta'
[0.374s] Level 1:colcon.colcon_core.package_identification:_identify(src/argo_drivers_pkgs/ublox/ublox_gps) by extensions ['ros']
[0.374s] Level 1:colcon.colcon_core.package_identification:_identify(src/argo_drivers_pkgs/ublox/ublox_gps) by extension 'ros'
[0.376s] DEBUG:colcon.colcon_core.package_identification:Package 'src/argo_drivers_pkgs/ublox/ublox_gps' with type 'ros.ament_cmake' and name 'ublox_gps'
[0.376s] Level 1:colcon.colcon_core.package_identification:_identify(src/argo_drivers_pkgs/ublox/ublox_msgs) by extensions ['ignore', 'ignore_ament_install']
[0.376s] Level 1:colcon.colcon_core.package_identification:_identify(src/argo_drivers_pkgs/ublox/ublox_msgs) by extension 'ignore'
[0.376s] Level 1:colcon.colcon_core.package_identification:_identify(src/argo_drivers_pkgs/ublox/ublox_msgs) by extension 'ignore_ament_install'
[0.376s] Level 1:colcon.colcon_core.package_identification:_identify(src/argo_drivers_pkgs/ublox/ublox_msgs) by extensions ['colcon_pkg']
[0.376s] Level 1:colcon.colcon_core.package_identification:_identify(src/argo_drivers_pkgs/ublox/ublox_msgs) by extension 'colcon_pkg'
[0.376s] Level 1:colcon.colcon_core.package_identification:_identify(src/argo_drivers_pkgs/ublox/ublox_msgs) by extensions ['colcon_meta']
[0.376s] Level 1:colcon.colcon_core.package_identification:_identify(src/argo_drivers_pkgs/ublox/ublox_msgs) by extension 'colcon_meta'
[0.376s] Level 1:colcon.colcon_core.package_identification:_identify(src/argo_drivers_pkgs/ublox/ublox_msgs) by extensions ['ros']
[0.376s] Level 1:colcon.colcon_core.package_identification:_identify(src/argo_drivers_pkgs/ublox/ublox_msgs) by extension 'ros'
[0.377s] DEBUG:colcon.colcon_core.package_identification:Package 'src/argo_drivers_pkgs/ublox/ublox_msgs' with type 'ros.ament_cmake' and name 'ublox_msgs'
[0.377s] Level 1:colcon.colcon_core.package_identification:_identify(src/argo_drivers_pkgs/ublox/ublox_serialization) by extensions ['ignore', 'ignore_ament_install']
[0.377s] Level 1:colcon.colcon_core.package_identification:_identify(src/argo_drivers_pkgs/ublox/ublox_serialization) by extension 'ignore'
[0.377s] Level 1:colcon.colcon_core.package_identification:_identify(src/argo_drivers_pkgs/ublox/ublox_serialization) by extension 'ignore_ament_install'
[0.377s] Level 1:colcon.colcon_core.package_identification:_identify(src/argo_drivers_pkgs/ublox/ublox_serialization) by extensions ['colcon_pkg']
[0.377s] Level 1:colcon.colcon_core.package_identification:_identify(src/argo_drivers_pkgs/ublox/ublox_serialization) by extension 'colcon_pkg'
[0.377s] Level 1:colcon.colcon_core.package_identification:_identify(src/argo_drivers_pkgs/ublox/ublox_serialization) by extensions ['colcon_meta']
[0.377s] Level 1:colcon.colcon_core.package_identification:_identify(src/argo_drivers_pkgs/ublox/ublox_serialization) by extension 'colcon_meta'
[0.377s] Level 1:colcon.colcon_core.package_identification:_identify(src/argo_drivers_pkgs/ublox/ublox_serialization) by extensions ['ros']
[0.377s] Level 1:colcon.colcon_core.package_identification:_identify(src/argo_drivers_pkgs/ublox/ublox_serialization) by extension 'ros'
[0.377s] DEBUG:colcon.colcon_core.package_identification:Package 'src/argo_drivers_pkgs/ublox/ublox_serialization' with type 'ros.ament_cmake' and name 'ublox_serialization'
[0.377s] Level 1:colcon.colcon_core.package_identification:_identify(src/car_cpp) by extensions ['ignore', 'ignore_ament_install']
[0.377s] Level 1:colcon.colcon_core.package_identification:_identify(src/car_cpp) by extension 'ignore'
[0.378s] Level 1:colcon.colcon_core.package_identification:_identify(src/car_cpp) by extension 'ignore_ament_install'
[0.378s] Level 1:colcon.colcon_core.package_identification:_identify(src/car_cpp) by extensions ['colcon_pkg']
[0.378s] Level 1:colcon.colcon_core.package_identification:_identify(src/car_cpp) by extension 'colcon_pkg'
[0.378s] Level 1:colcon.colcon_core.package_identification:_identify(src/car_cpp) by extensions ['colcon_meta']
[0.378s] Level 1:colcon.colcon_core.package_identification:_identify(src/car_cpp) by extension 'colcon_meta'
[0.378s] Level 1:colcon.colcon_core.package_identification:_identify(src/car_cpp) by extensions ['ros']
[0.378s] Level 1:colcon.colcon_core.package_identification:_identify(src/car_cpp) by extension 'ros'
[0.379s] DEBUG:colcon.colcon_core.package_identification:Package 'src/car_cpp' with type 'ros.ament_cmake' and name 'car_cpp'
[0.379s] Level 1:colcon.colcon_core.package_identification:_identify(src/car_interfaces) by extensions ['ignore', 'ignore_ament_install']
[0.379s] Level 1:colcon.colcon_core.package_identification:_identify(src/car_interfaces) by extension 'ignore'
[0.379s] Level 1:colcon.colcon_core.package_identification:_identify(src/car_interfaces) by extension 'ignore_ament_install'
[0.379s] Level 1:colcon.colcon_core.package_identification:_identify(src/car_interfaces) by extensions ['colcon_pkg']
[0.379s] Level 1:colcon.colcon_core.package_identification:_identify(src/car_interfaces) by extension 'colcon_pkg'
[0.379s] Level 1:colcon.colcon_core.package_identification:_identify(src/car_interfaces) by extensions ['colcon_meta']
[0.379s] Level 1:colcon.colcon_core.package_identification:_identify(src/car_interfaces) by extension 'colcon_meta'
[0.379s] Level 1:colcon.colcon_core.package_identification:_identify(src/car_interfaces) by extensions ['ros']
[0.379s] Level 1:colcon.colcon_core.package_identification:_identify(src/car_interfaces) by extension 'ros'
[0.379s] DEBUG:colcon.colcon_core.package_identification:Package 'src/car_interfaces' with type 'ros.ament_cmake' and name 'car_interfaces'
[0.380s] Level 1:colcon.colcon_core.package_identification:_identify(src/car_python) by extensions ['ignore', 'ignore_ament_install']
[0.380s] Level 1:colcon.colcon_core.package_identification:_identify(src/car_python) by extension 'ignore'
[0.380s] Level 1:colcon.colcon_core.package_identification:_identify(src/car_python) by extension 'ignore_ament_install'
[0.380s] Level 1:colcon.colcon_core.package_identification:_identify(src/car_python) by extensions ['colcon_pkg']
[0.380s] Level 1:colcon.colcon_core.package_identification:_identify(src/car_python) by extension 'colcon_pkg'
[0.380s] Level 1:colcon.colcon_core.package_identification:_identify(src/car_python) by extensions ['colcon_meta']
[0.380s] Level 1:colcon.colcon_core.package_identification:_identify(src/car_python) by extension 'colcon_meta'
[0.380s] Level 1:colcon.colcon_core.package_identification:_identify(src/car_python) by extensions ['ros']
[0.380s] Level 1:colcon.colcon_core.package_identification:_identify(src/car_python) by extension 'ros'
[0.382s] DEBUG:colcon.colcon_core.package_identification:Package 'src/car_python' with type 'ros.ament_python' and name 'car'
[0.382s] Level 1:colcon.colcon_core.package_identification:_identify(src/ctl_mission) by extensions ['ignore', 'ignore_ament_install']
[0.382s] Level 1:colcon.colcon_core.package_identification:_identify(src/ctl_mission) by extension 'ignore'
[0.382s] Level 1:colcon.colcon_core.package_identification:_identify(src/ctl_mission) by extension 'ignore_ament_install'
[0.382s] Level 1:colcon.colcon_core.package_identification:_identify(src/ctl_mission) by extensions ['colcon_pkg']
[0.382s] Level 1:colcon.colcon_core.package_identification:_identify(src/ctl_mission) by extension 'colcon_pkg'
[0.382s] Level 1:colcon.colcon_core.package_identification:_identify(src/ctl_mission) by extensions ['colcon_meta']
[0.382s] Level 1:colcon.colcon_core.package_identification:_identify(src/ctl_mission) by extension 'colcon_meta'
[0.382s] Level 1:colcon.colcon_core.package_identification:_identify(src/ctl_mission) by extensions ['ros']
[0.382s] Level 1:colcon.colcon_core.package_identification:_identify(src/ctl_mission) by extension 'ros'
[0.383s] Level 1:colcon.colcon_core.package_identification:_identify(src/ctl_mission) by extensions ['cmake', 'python']
[0.383s] Level 1:colcon.colcon_core.package_identification:_identify(src/ctl_mission) by extension 'cmake'
[0.383s] Level 1:colcon.colcon_core.package_identification:_identify(src/ctl_mission) by extension 'python'
[0.383s] Level 1:colcon.colcon_core.package_identification:_identify(src/ctl_mission) by extensions ['python_setup_py']
[0.383s] Level 1:colcon.colcon_core.package_identification:_identify(src/ctl_mission) by extension 'python_setup_py'
[0.383s] Level 1:colcon.colcon_core.package_identification:_identify(src/ctl_mission/ctl_mission) by extensions ['ignore', 'ignore_ament_install']
[0.383s] Level 1:colcon.colcon_core.package_identification:_identify(src/ctl_mission/ctl_mission) by extension 'ignore'
[0.383s] Level 1:colcon.colcon_core.package_identification:_identify(src/ctl_mission/ctl_mission) by extension 'ignore_ament_install'
[0.383s] Level 1:colcon.colcon_core.package_identification:_identify(src/ctl_mission/ctl_mission) by extensions ['colcon_pkg']
[0.383s] Level 1:colcon.colcon_core.package_identification:_identify(src/ctl_mission/ctl_mission) by extension 'colcon_pkg'
[0.383s] Level 1:colcon.colcon_core.package_identification:_identify(src/ctl_mission/ctl_mission) by extensions ['colcon_meta']
[0.383s] Level 1:colcon.colcon_core.package_identification:_identify(src/ctl_mission/ctl_mission) by extension 'colcon_meta'
[0.383s] Level 1:colcon.colcon_core.package_identification:_identify(src/ctl_mission/ctl_mission) by extensions ['ros']
[0.383s] Level 1:colcon.colcon_core.package_identification:_identify(src/ctl_mission/ctl_mission) by extension 'ros'
[0.384s] DEBUG:colcon.colcon_core.package_identification:Package 'src/ctl_mission/ctl_mission' with type 'ros.ament_cmake' and name 'ctl_mission'
[0.384s] Level 1:colcon.colcon_core.package_identification:_identify(src/ctl_mission/ctl_mission_interfaces) by extensions ['ignore', 'ignore_ament_install']
[0.384s] Level 1:colcon.colcon_core.package_identification:_identify(src/ctl_mission/ctl_mission_interfaces) by extension 'ignore'
[0.384s] Level 1:colcon.colcon_core.package_identification:_identify(src/ctl_mission/ctl_mission_interfaces) by extension 'ignore_ament_install'
[0.384s] Level 1:colcon.colcon_core.package_identification:_identify(src/ctl_mission/ctl_mission_interfaces) by extensions ['colcon_pkg']
[0.384s] Level 1:colcon.colcon_core.package_identification:_identify(src/ctl_mission/ctl_mission_interfaces) by extension 'colcon_pkg'
[0.384s] Level 1:colcon.colcon_core.package_identification:_identify(src/ctl_mission/ctl_mission_interfaces) by extensions ['colcon_meta']
[0.384s] Level 1:colcon.colcon_core.package_identification:_identify(src/ctl_mission/ctl_mission_interfaces) by extension 'colcon_meta'
[0.384s] Level 1:colcon.colcon_core.package_identification:_identify(src/ctl_mission/ctl_mission_interfaces) by extensions ['ros']
[0.384s] Level 1:colcon.colcon_core.package_identification:_identify(src/ctl_mission/ctl_mission_interfaces) by extension 'ros'
[0.385s] DEBUG:colcon.colcon_core.package_identification:Package 'src/ctl_mission/ctl_mission_interfaces' with type 'ros.ament_cmake' and name 'ctl_mission_interfaces'
[0.385s] Level 1:colcon.colcon_core.package_identification:_identify(src/ctl_mission/images) by extensions ['ignore', 'ignore_ament_install']
[0.385s] Level 1:colcon.colcon_core.package_identification:_identify(src/ctl_mission/images) by extension 'ignore'
[0.385s] Level 1:colcon.colcon_core.package_identification:_identify(src/ctl_mission/images) by extension 'ignore_ament_install'
[0.385s] Level 1:colcon.colcon_core.package_identification:_identify(src/ctl_mission/images) by extensions ['colcon_pkg']
[0.385s] Level 1:colcon.colcon_core.package_identification:_identify(src/ctl_mission/images) by extension 'colcon_pkg'
[0.385s] Level 1:colcon.colcon_core.package_identification:_identify(src/ctl_mission/images) by extensions ['colcon_meta']
[0.385s] Level 1:colcon.colcon_core.package_identification:_identify(src/ctl_mission/images) by extension 'colcon_meta'
[0.385s] Level 1:colcon.colcon_core.package_identification:_identify(src/ctl_mission/images) by extensions ['ros']
[0.385s] Level 1:colcon.colcon_core.package_identification:_identify(src/ctl_mission/images) by extension 'ros'
[0.385s] Level 1:colcon.colcon_core.package_identification:_identify(src/ctl_mission/images) by extensions ['cmake', 'python']
[0.385s] Level 1:colcon.colcon_core.package_identification:_identify(src/ctl_mission/images) by extension 'cmake'
[0.385s] Level 1:colcon.colcon_core.package_identification:_identify(src/ctl_mission/images) by extension 'python'
[0.385s] Level 1:colcon.colcon_core.package_identification:_identify(src/ctl_mission/images) by extensions ['python_setup_py']
[0.385s] Level 1:colcon.colcon_core.package_identification:_identify(src/ctl_mission/images) by extension 'python_setup_py'
[0.386s] Level 1:colcon.colcon_core.package_identification:_identify(src/gazebo_sim_pkgs) by extensions ['ignore', 'ignore_ament_install']
[0.386s] Level 1:colcon.colcon_core.package_identification:_identify(src/gazebo_sim_pkgs) by extension 'ignore'
[0.386s] Level 1:colcon.colcon_core.package_identification:_identify(src/gazebo_sim_pkgs) by extension 'ignore_ament_install'
[0.386s] Level 1:colcon.colcon_core.package_identification:_identify(src/gazebo_sim_pkgs) by extensions ['colcon_pkg']
[0.386s] Level 1:colcon.colcon_core.package_identification:_identify(src/gazebo_sim_pkgs) by extension 'colcon_pkg'
[0.386s] Level 1:colcon.colcon_core.package_identification:_identify(src/gazebo_sim_pkgs) by extensions ['colcon_meta']
[0.386s] Level 1:colcon.colcon_core.package_identification:_identify(src/gazebo_sim_pkgs) by extension 'colcon_meta'
[0.386s] Level 1:colcon.colcon_core.package_identification:_identify(src/gazebo_sim_pkgs) by extensions ['ros']
[0.386s] Level 1:colcon.colcon_core.package_identification:_identify(src/gazebo_sim_pkgs) by extension 'ros'
[0.386s] Level 1:colcon.colcon_core.package_identification:_identify(src/gazebo_sim_pkgs) by extensions ['cmake', 'python']
[0.386s] Level 1:colcon.colcon_core.package_identification:_identify(src/gazebo_sim_pkgs) by extension 'cmake'
[0.386s] Level 1:colcon.colcon_core.package_identification:_identify(src/gazebo_sim_pkgs) by extension 'python'
[0.386s] Level 1:colcon.colcon_core.package_identification:_identify(src/gazebo_sim_pkgs) by extensions ['python_setup_py']
[0.386s] Level 1:colcon.colcon_core.package_identification:_identify(src/gazebo_sim_pkgs) by extension 'python_setup_py'
[0.386s] Level 1:colcon.colcon_core.package_identification:_identify(src/gazebo_sim_pkgs/fix_position_pkg) by extensions ['ignore', 'ignore_ament_install']
[0.386s] Level 1:colcon.colcon_core.package_identification:_identify(src/gazebo_sim_pkgs/fix_position_pkg) by extension 'ignore'
[0.386s] Level 1:colcon.colcon_core.package_identification:_identify(src/gazebo_sim_pkgs/fix_position_pkg) by extension 'ignore_ament_install'
[0.386s] Level 1:colcon.colcon_core.package_identification:_identify(src/gazebo_sim_pkgs/fix_position_pkg) by extensions ['colcon_pkg']
[0.386s] Level 1:colcon.colcon_core.package_identification:_identify(src/gazebo_sim_pkgs/fix_position_pkg) by extension 'colcon_pkg'
[0.386s] Level 1:colcon.colcon_core.package_identification:_identify(src/gazebo_sim_pkgs/fix_position_pkg) by extensions ['colcon_meta']
[0.386s] Level 1:colcon.colcon_core.package_identification:_identify(src/gazebo_sim_pkgs/fix_position_pkg) by extension 'colcon_meta'
[0.386s] Level 1:colcon.colcon_core.package_identification:_identify(src/gazebo_sim_pkgs/fix_position_pkg) by extensions ['ros']
[0.386s] Level 1:colcon.colcon_core.package_identification:_identify(src/gazebo_sim_pkgs/fix_position_pkg) by extension 'ros'
[0.387s] DEBUG:colcon.colcon_core.package_identification:Package 'src/gazebo_sim_pkgs/fix_position_pkg' with type 'ros.ament_cmake' and name 'fixposition_sensor_pkg'
[0.388s] Level 1:colcon.colcon_core.package_identification:_identify(src/gazebo_sim_pkgs/j8_xacro_model) by extensions ['ignore', 'ignore_ament_install']
[0.388s] Level 1:colcon.colcon_core.package_identification:_identify(src/gazebo_sim_pkgs/j8_xacro_model) by extension 'ignore'
[0.388s] Level 1:colcon.colcon_core.package_identification:_identify(src/gazebo_sim_pkgs/j8_xacro_model) by extension 'ignore_ament_install'
[0.388s] Level 1:colcon.colcon_core.package_identification:_identify(src/gazebo_sim_pkgs/j8_xacro_model) by extensions ['colcon_pkg']
[0.388s] Level 1:colcon.colcon_core.package_identification:_identify(src/gazebo_sim_pkgs/j8_xacro_model) by extension 'colcon_pkg'
[0.388s] Level 1:colcon.colcon_core.package_identification:_identify(src/gazebo_sim_pkgs/j8_xacro_model) by extensions ['colcon_meta']
[0.388s] Level 1:colcon.colcon_core.package_identification:_identify(src/gazebo_sim_pkgs/j8_xacro_model) by extension 'colcon_meta'
[0.388s] Level 1:colcon.colcon_core.package_identification:_identify(src/gazebo_sim_pkgs/j8_xacro_model) by extensions ['ros']
[0.388s] Level 1:colcon.colcon_core.package_identification:_identify(src/gazebo_sim_pkgs/j8_xacro_model) by extension 'ros'
[0.389s] DEBUG:colcon.colcon_core.package_identification:Package 'src/gazebo_sim_pkgs/j8_xacro_model' with type 'ros.ament_cmake' and name 'j8_xacro_model'
[0.389s] Level 1:colcon.colcon_core.package_identification:_identify(src/gui) by extensions ['ignore', 'ignore_ament_install']
[0.389s] Level 1:colcon.colcon_core.package_identification:_identify(src/gui) by extension 'ignore'
[0.389s] Level 1:colcon.colcon_core.package_identification:_identify(src/gui) by extension 'ignore_ament_install'
[0.389s] Level 1:colcon.colcon_core.package_identification:_identify(src/gui) by extensions ['colcon_pkg']
[0.389s] Level 1:colcon.colcon_core.package_identification:_identify(src/gui) by extension 'colcon_pkg'
[0.389s] Level 1:colcon.colcon_core.package_identification:_identify(src/gui) by extensions ['colcon_meta']
[0.389s] Level 1:colcon.colcon_core.package_identification:_identify(src/gui) by extension 'colcon_meta'
[0.389s] Level 1:colcon.colcon_core.package_identification:_identify(src/gui) by extensions ['ros']
[0.389s] Level 1:colcon.colcon_core.package_identification:_identify(src/gui) by extension 'ros'
[0.390s] DEBUG:colcon.colcon_core.package_identification:Package 'src/gui' with type 'ros.ament_python' and name 'gui'
[0.390s] Level 1:colcon.colcon_core.package_identification:_identify(src/hector_gazebo) by extensions ['ignore', 'ignore_ament_install']
[0.390s] Level 1:colcon.colcon_core.package_identification:_identify(src/hector_gazebo) by extension 'ignore'
[0.390s] Level 1:colcon.colcon_core.package_identification:_identify(src/hector_gazebo) by extension 'ignore_ament_install'
[0.390s] Level 1:colcon.colcon_core.package_identification:_identify(src/hector_gazebo) by extensions ['colcon_pkg']
[0.390s] Level 1:colcon.colcon_core.package_identification:_identify(src/hector_gazebo) by extension 'colcon_pkg'
[0.390s] Level 1:colcon.colcon_core.package_identification:_identify(src/hector_gazebo) by extensions ['colcon_meta']
[0.390s] Level 1:colcon.colcon_core.package_identification:_identify(src/hector_gazebo) by extension 'colcon_meta'
[0.390s] Level 1:colcon.colcon_core.package_identification:_identify(src/hector_gazebo) by extensions ['ros']
[0.390s] Level 1:colcon.colcon_core.package_identification:_identify(src/hector_gazebo) by extension 'ros'
[0.391s] DEBUG:colcon.colcon_core.package_identification:Package 'src/hector_gazebo' with type 'ros.ament_cmake' and name 'hector_gazebo_plugins'
[0.391s] Level 1:colcon.colcon_core.package_identification:_identify(src/hikmicro_thermal_camera) by extensions ['ignore', 'ignore_ament_install']
[0.391s] Level 1:colcon.colcon_core.package_identification:_identify(src/hikmicro_thermal_camera) by extension 'ignore'
[0.391s] Level 1:colcon.colcon_core.package_identification:_identify(src/hikmicro_thermal_camera) by extension 'ignore_ament_install'
[0.391s] Level 1:colcon.colcon_core.package_identification:_identify(src/hikmicro_thermal_camera) by extensions ['colcon_pkg']
[0.391s] Level 1:colcon.colcon_core.package_identification:_identify(src/hikmicro_thermal_camera) by extension 'colcon_pkg'
[0.391s] Level 1:colcon.colcon_core.package_identification:_identify(src/hikmicro_thermal_camera) by extensions ['colcon_meta']
[0.391s] Level 1:colcon.colcon_core.package_identification:_identify(src/hikmicro_thermal_camera) by extension 'colcon_meta'
[0.391s] Level 1:colcon.colcon_core.package_identification:_identify(src/hikmicro_thermal_camera) by extensions ['ros']
[0.391s] Level 1:colcon.colcon_core.package_identification:_identify(src/hikmicro_thermal_camera) by extension 'ros'
[0.392s] DEBUG:colcon.colcon_core.package_identification:Package 'src/hikmicro_thermal_camera' with type 'ros.ament_cmake' and name 'hikmicro_thermal_camera'
[0.392s] Level 1:colcon.colcon_core.package_identification:_identify(src/j8_joystick) by extensions ['ignore', 'ignore_ament_install']
[0.392s] Level 1:colcon.colcon_core.package_identification:_identify(src/j8_joystick) by extension 'ignore'
[0.392s] Level 1:colcon.colcon_core.package_identification:_identify(src/j8_joystick) by extension 'ignore_ament_install'
[0.392s] Level 1:colcon.colcon_core.package_identification:_identify(src/j8_joystick) by extensions ['colcon_pkg']
[0.392s] Level 1:colcon.colcon_core.package_identification:_identify(src/j8_joystick) by extension 'colcon_pkg'
[0.392s] Level 1:colcon.colcon_core.package_identification:_identify(src/j8_joystick) by extensions ['colcon_meta']
[0.392s] Level 1:colcon.colcon_core.package_identification:_identify(src/j8_joystick) by extension 'colcon_meta'
[0.392s] Level 1:colcon.colcon_core.package_identification:_identify(src/j8_joystick) by extensions ['ros']
[0.392s] Level 1:colcon.colcon_core.package_identification:_identify(src/j8_joystick) by extension 'ros'
[0.392s] Level 1:colcon.colcon_core.package_identification:_identify(src/j8_joystick) by extensions ['cmake', 'python']
[0.392s] Level 1:colcon.colcon_core.package_identification:_identify(src/j8_joystick) by extension 'cmake'
[0.392s] Level 1:colcon.colcon_core.package_identification:_identify(src/j8_joystick) by extension 'python'
[0.392s] Level 1:colcon.colcon_core.package_identification:_identify(src/j8_joystick) by extensions ['python_setup_py']
[0.392s] Level 1:colcon.colcon_core.package_identification:_identify(src/j8_joystick) by extension 'python_setup_py'
[0.392s] Level 1:colcon.colcon_core.package_identification:_identify(src/j8_joystick/joy) by extensions ['ignore', 'ignore_ament_install']
[0.392s] Level 1:colcon.colcon_core.package_identification:_identify(src/j8_joystick/joy) by extension 'ignore'
[0.392s] Level 1:colcon.colcon_core.package_identification:_identify(src/j8_joystick/joy) by extension 'ignore_ament_install'
[0.392s] Level 1:colcon.colcon_core.package_identification:_identify(src/j8_joystick/joy) by extensions ['colcon_pkg']
[0.392s] Level 1:colcon.colcon_core.package_identification:_identify(src/j8_joystick/joy) by extension 'colcon_pkg'
[0.392s] Level 1:colcon.colcon_core.package_identification:_identify(src/j8_joystick/joy) by extensions ['colcon_meta']
[0.392s] Level 1:colcon.colcon_core.package_identification:_identify(src/j8_joystick/joy) by extension 'colcon_meta'
[0.392s] Level 1:colcon.colcon_core.package_identification:_identify(src/j8_joystick/joy) by extensions ['ros']
[0.392s] Level 1:colcon.colcon_core.package_identification:_identify(src/j8_joystick/joy) by extension 'ros'
[0.393s] DEBUG:colcon.colcon_core.package_identification:Package 'src/j8_joystick/joy' with type 'ros.ament_cmake' and name 'joy'
[0.393s] Level 1:colcon.colcon_core.package_identification:_identify(src/j8_joystick/joy_linux) by extensions ['ignore', 'ignore_ament_install']
[0.393s] Level 1:colcon.colcon_core.package_identification:_identify(src/j8_joystick/joy_linux) by extension 'ignore'
[0.393s] Level 1:colcon.colcon_core.package_identification:_identify(src/j8_joystick/joy_linux) by extension 'ignore_ament_install'
[0.393s] Level 1:colcon.colcon_core.package_identification:_identify(src/j8_joystick/joy_linux) by extensions ['colcon_pkg']
[0.393s] Level 1:colcon.colcon_core.package_identification:_identify(src/j8_joystick/joy_linux) by extension 'colcon_pkg'
[0.393s] Level 1:colcon.colcon_core.package_identification:_identify(src/j8_joystick/joy_linux) by extensions ['colcon_meta']
[0.393s] Level 1:colcon.colcon_core.package_identification:_identify(src/j8_joystick/joy_linux) by extension 'colcon_meta'
[0.393s] Level 1:colcon.colcon_core.package_identification:_identify(src/j8_joystick/joy_linux) by extensions ['ros']
[0.393s] Level 1:colcon.colcon_core.package_identification:_identify(src/j8_joystick/joy_linux) by extension 'ros'
[0.394s] DEBUG:colcon.colcon_core.package_identification:Package 'src/j8_joystick/joy_linux' with type 'ros.ament_cmake' and name 'joy_linux'
[0.394s] Level 1:colcon.colcon_core.package_identification:_identify(src/j8_joystick/joystick_drivers) by extensions ['ignore', 'ignore_ament_install']
[0.394s] Level 1:colcon.colcon_core.package_identification:_identify(src/j8_joystick/joystick_drivers) by extension 'ignore'
[0.394s] Level 1:colcon.colcon_core.package_identification:_identify(src/j8_joystick/joystick_drivers) by extension 'ignore_ament_install'
[0.395s] Level 1:colcon.colcon_core.package_identification:_identify(src/j8_joystick/joystick_drivers) by extensions ['colcon_pkg']
[0.395s] Level 1:colcon.colcon_core.package_identification:_identify(src/j8_joystick/joystick_drivers) by extension 'colcon_pkg'
[0.395s] Level 1:colcon.colcon_core.package_identification:_identify(src/j8_joystick/joystick_drivers) by extensions ['colcon_meta']
[0.395s] Level 1:colcon.colcon_core.package_identification:_identify(src/j8_joystick/joystick_drivers) by extension 'colcon_meta'
[0.395s] Level 1:colcon.colcon_core.package_identification:_identify(src/j8_joystick/joystick_drivers) by extensions ['ros']
[0.395s] Level 1:colcon.colcon_core.package_identification:_identify(src/j8_joystick/joystick_drivers) by extension 'ros'
[0.395s] Level 1:colcon.colcon_core.package_identification:_identify(src/j8_joystick/joystick_drivers) ignored
[0.395s] Level 1:colcon.colcon_core.package_identification:_identify(src/j8_joystick/ps3joy) by extensions ['ignore', 'ignore_ament_install']
[0.395s] Level 1:colcon.colcon_core.package_identification:_identify(src/j8_joystick/ps3joy) by extension 'ignore'
[0.395s] Level 1:colcon.colcon_core.package_identification:_identify(src/j8_joystick/ps3joy) by extension 'ignore_ament_install'
[0.395s] Level 1:colcon.colcon_core.package_identification:_identify(src/j8_joystick/ps3joy) by extensions ['colcon_pkg']
[0.395s] Level 1:colcon.colcon_core.package_identification:_identify(src/j8_joystick/ps3joy) by extension 'colcon_pkg'
[0.395s] Level 1:colcon.colcon_core.package_identification:_identify(src/j8_joystick/ps3joy) by extensions ['colcon_meta']
[0.395s] Level 1:colcon.colcon_core.package_identification:_identify(src/j8_joystick/ps3joy) by extension 'colcon_meta'
[0.395s] Level 1:colcon.colcon_core.package_identification:_identify(src/j8_joystick/ps3joy) by extensions ['ros']
[0.395s] Level 1:colcon.colcon_core.package_identification:_identify(src/j8_joystick/ps3joy) by extension 'ros'
[0.395s] Level 1:colcon.colcon_core.package_identification:_identify(src/j8_joystick/ps3joy) ignored
[0.395s] Level 1:colcon.colcon_core.package_identification:_identify(src/j8_joystick/sdl2_vendor) by extensions ['ignore', 'ignore_ament_install']
[0.395s] Level 1:colcon.colcon_core.package_identification:_identify(src/j8_joystick/sdl2_vendor) by extension 'ignore'
[0.395s] Level 1:colcon.colcon_core.package_identification:_identify(src/j8_joystick/sdl2_vendor) by extension 'ignore_ament_install'
[0.395s] Level 1:colcon.colcon_core.package_identification:_identify(src/j8_joystick/sdl2_vendor) by extensions ['colcon_pkg']
[0.395s] Level 1:colcon.colcon_core.package_identification:_identify(src/j8_joystick/sdl2_vendor) by extension 'colcon_pkg'
[0.395s] Level 1:colcon.colcon_core.package_identification:_identify(src/j8_joystick/sdl2_vendor) by extensions ['colcon_meta']
[0.395s] Level 1:colcon.colcon_core.package_identification:_identify(src/j8_joystick/sdl2_vendor) by extension 'colcon_meta'
[0.395s] Level 1:colcon.colcon_core.package_identification:_identify(src/j8_joystick/sdl2_vendor) by extensions ['ros']
[0.395s] Level 1:colcon.colcon_core.package_identification:_identify(src/j8_joystick/sdl2_vendor) by extension 'ros'
[0.396s] DEBUG:colcon.colcon_core.package_identification:Package 'src/j8_joystick/sdl2_vendor' with type 'ros.ament_cmake' and name 'sdl2_vendor'
[0.396s] Level 1:colcon.colcon_core.package_identification:_identify(src/j8_joystick/spacenav) by extensions ['ignore', 'ignore_ament_install']
[0.396s] Level 1:colcon.colcon_core.package_identification:_identify(src/j8_joystick/spacenav) by extension 'ignore'
[0.396s] Level 1:colcon.colcon_core.package_identification:_identify(src/j8_joystick/spacenav) by extension 'ignore_ament_install'
[0.396s] Level 1:colcon.colcon_core.package_identification:_identify(src/j8_joystick/spacenav) by extensions ['colcon_pkg']
[0.396s] Level 1:colcon.colcon_core.package_identification:_identify(src/j8_joystick/spacenav) by extension 'colcon_pkg'
[0.396s] Level 1:colcon.colcon_core.package_identification:_identify(src/j8_joystick/spacenav) by extensions ['colcon_meta']
[0.396s] Level 1:colcon.colcon_core.package_identification:_identify(src/j8_joystick/spacenav) by extension 'colcon_meta'
[0.396s] Level 1:colcon.colcon_core.package_identification:_identify(src/j8_joystick/spacenav) by extensions ['ros']
[0.396s] Level 1:colcon.colcon_core.package_identification:_identify(src/j8_joystick/spacenav) by extension 'ros'
[0.397s] DEBUG:colcon.colcon_core.package_identification:Package 'src/j8_joystick/spacenav' with type 'ros.ament_cmake' and name 'spacenav'
[0.397s] Level 1:colcon.colcon_core.package_identification:_identify(src/j8_joystick/wiimote_msgs) by extensions ['ignore', 'ignore_ament_install']
[0.397s] Level 1:colcon.colcon_core.package_identification:_identify(src/j8_joystick/wiimote_msgs) by extension 'ignore'
[0.397s] Level 1:colcon.colcon_core.package_identification:_identify(src/j8_joystick/wiimote_msgs) by extension 'ignore_ament_install'
[0.397s] Level 1:colcon.colcon_core.package_identification:_identify(src/j8_joystick/wiimote_msgs) by extensions ['colcon_pkg']
[0.397s] Level 1:colcon.colcon_core.package_identification:_identify(src/j8_joystick/wiimote_msgs) by extension 'colcon_pkg'
[0.397s] Level 1:colcon.colcon_core.package_identification:_identify(src/j8_joystick/wiimote_msgs) by extensions ['colcon_meta']
[0.397s] Level 1:colcon.colcon_core.package_identification:_identify(src/j8_joystick/wiimote_msgs) by extension 'colcon_meta'
[0.397s] Level 1:colcon.colcon_core.package_identification:_identify(src/j8_joystick/wiimote_msgs) by extensions ['ros']
[0.397s] Level 1:colcon.colcon_core.package_identification:_identify(src/j8_joystick/wiimote_msgs) by extension 'ros'
[0.398s] DEBUG:colcon.colcon_core.package_identification:Package 'src/j8_joystick/wiimote_msgs' with type 'ros.ament_cmake' and name 'wiimote_msgs'
[0.398s] Level 1:colcon.colcon_core.package_identification:_identify(src/lidar_process_pkgs) by extensions ['ignore', 'ignore_ament_install']
[0.398s] Level 1:colcon.colcon_core.package_identification:_identify(src/lidar_process_pkgs) by extension 'ignore'
[0.398s] Level 1:colcon.colcon_core.package_identification:_identify(src/lidar_process_pkgs) by extension 'ignore_ament_install'
[0.398s] Level 1:colcon.colcon_core.package_identification:_identify(src/lidar_process_pkgs) by extensions ['colcon_pkg']
[0.398s] Level 1:colcon.colcon_core.package_identification:_identify(src/lidar_process_pkgs) by extension 'colcon_pkg'
[0.398s] Level 1:colcon.colcon_core.package_identification:_identify(src/lidar_process_pkgs) by extensions ['colcon_meta']
[0.398s] Level 1:colcon.colcon_core.package_identification:_identify(src/lidar_process_pkgs) by extension 'colcon_meta'
[0.398s] Level 1:colcon.colcon_core.package_identification:_identify(src/lidar_process_pkgs) by extensions ['ros']
[0.398s] Level 1:colcon.colcon_core.package_identification:_identify(src/lidar_process_pkgs) by extension 'ros'
[0.398s] Level 1:colcon.colcon_core.package_identification:_identify(src/lidar_process_pkgs) by extensions ['cmake', 'python']
[0.398s] Level 1:colcon.colcon_core.package_identification:_identify(src/lidar_process_pkgs) by extension 'cmake'
[0.398s] Level 1:colcon.colcon_core.package_identification:_identify(src/lidar_process_pkgs) by extension 'python'
[0.398s] Level 1:colcon.colcon_core.package_identification:_identify(src/lidar_process_pkgs) by extensions ['python_setup_py']
[0.398s] Level 1:colcon.colcon_core.package_identification:_identify(src/lidar_process_pkgs) by extension 'python_setup_py'
[0.399s] Level 1:colcon.colcon_core.package_identification:_identify(src/lidar_process_pkgs/laser_segmentation) by extensions ['ignore', 'ignore_ament_install']
[0.399s] Level 1:colcon.colcon_core.package_identification:_identify(src/lidar_process_pkgs/laser_segmentation) by extension 'ignore'
[0.399s] Level 1:colcon.colcon_core.package_identification:_identify(src/lidar_process_pkgs/laser_segmentation) by extension 'ignore_ament_install'
[0.399s] Level 1:colcon.colcon_core.package_identification:_identify(src/lidar_process_pkgs/laser_segmentation) by extensions ['colcon_pkg']
[0.399s] Level 1:colcon.colcon_core.package_identification:_identify(src/lidar_process_pkgs/laser_segmentation) by extension 'colcon_pkg'
[0.399s] Level 1:colcon.colcon_core.package_identification:_identify(src/lidar_process_pkgs/laser_segmentation) by extensions ['colcon_meta']
[0.399s] Level 1:colcon.colcon_core.package_identification:_identify(src/lidar_process_pkgs/laser_segmentation) by extension 'colcon_meta'
[0.399s] Level 1:colcon.colcon_core.package_identification:_identify(src/lidar_process_pkgs/laser_segmentation) by extensions ['ros']
[0.399s] Level 1:colcon.colcon_core.package_identification:_identify(src/lidar_process_pkgs/laser_segmentation) by extension 'ros'
[0.400s] DEBUG:colcon.colcon_core.package_identification:Package 'src/lidar_process_pkgs/laser_segmentation' with type 'ros.ament_cmake' and name 'laser_segmentation'
[0.400s] Level 1:colcon.colcon_core.package_identification:_identify(src/lidar_process_pkgs/slg_msgs) by extensions ['ignore', 'ignore_ament_install']
[0.400s] Level 1:colcon.colcon_core.package_identification:_identify(src/lidar_process_pkgs/slg_msgs) by extension 'ignore'
[0.400s] Level 1:colcon.colcon_core.package_identification:_identify(src/lidar_process_pkgs/slg_msgs) by extension 'ignore_ament_install'
[0.400s] Level 1:colcon.colcon_core.package_identification:_identify(src/lidar_process_pkgs/slg_msgs) by extensions ['colcon_pkg']
[0.400s] Level 1:colcon.colcon_core.package_identification:_identify(src/lidar_process_pkgs/slg_msgs) by extension 'colcon_pkg'
[0.400s] Level 1:colcon.colcon_core.package_identification:_identify(src/lidar_process_pkgs/slg_msgs) by extensions ['colcon_meta']
[0.400s] Level 1:colcon.colcon_core.package_identification:_identify(src/lidar_process_pkgs/slg_msgs) by extension 'colcon_meta'
[0.400s] Level 1:colcon.colcon_core.package_identification:_identify(src/lidar_process_pkgs/slg_msgs) by extensions ['ros']
[0.400s] Level 1:colcon.colcon_core.package_identification:_identify(src/lidar_process_pkgs/slg_msgs) by extension 'ros'
[0.401s] DEBUG:colcon.colcon_core.package_identification:Package 'src/lidar_process_pkgs/slg_msgs' with type 'ros.ament_cmake' and name 'slg_msgs'
[0.401s] Level 1:colcon.colcon_core.package_identification:_identify(src/path_manager) by extensions ['ignore', 'ignore_ament_install']
[0.401s] Level 1:colcon.colcon_core.package_identification:_identify(src/path_manager) by extension 'ignore'
[0.401s] Level 1:colcon.colcon_core.package_identification:_identify(src/path_manager) by extension 'ignore_ament_install'
[0.401s] Level 1:colcon.colcon_core.package_identification:_identify(src/path_manager) by extensions ['colcon_pkg']
[0.401s] Level 1:colcon.colcon_core.package_identification:_identify(src/path_manager) by extension 'colcon_pkg'
[0.401s] Level 1:colcon.colcon_core.package_identification:_identify(src/path_manager) by extensions ['colcon_meta']
[0.401s] Level 1:colcon.colcon_core.package_identification:_identify(src/path_manager) by extension 'colcon_meta'
[0.401s] Level 1:colcon.colcon_core.package_identification:_identify(src/path_manager) by extensions ['ros']
[0.401s] Level 1:colcon.colcon_core.package_identification:_identify(src/path_manager) by extension 'ros'
[0.401s] Level 1:colcon.colcon_core.package_identification:_identify(src/path_manager) by extensions ['cmake', 'python']
[0.401s] Level 1:colcon.colcon_core.package_identification:_identify(src/path_manager) by extension 'cmake'
[0.401s] Level 1:colcon.colcon_core.package_identification:_identify(src/path_manager) by extension 'python'
[0.401s] Level 1:colcon.colcon_core.package_identification:_identify(src/path_manager) by extensions ['python_setup_py']
[0.401s] Level 1:colcon.colcon_core.package_identification:_identify(src/path_manager) by extension 'python_setup_py'
[0.401s] Level 1:colcon.colcon_core.package_identification:_identify(src/path_manager/path_manager) by extensions ['ignore', 'ignore_ament_install']
[0.401s] Level 1:colcon.colcon_core.package_identification:_identify(src/path_manager/path_manager) by extension 'ignore'
[0.401s] Level 1:colcon.colcon_core.package_identification:_identify(src/path_manager/path_manager) by extension 'ignore_ament_install'
[0.401s] Level 1:colcon.colcon_core.package_identification:_identify(src/path_manager/path_manager) by extensions ['colcon_pkg']
[0.402s] Level 1:colcon.colcon_core.package_identification:_identify(src/path_manager/path_manager) by extension 'colcon_pkg'
[0.402s] Level 1:colcon.colcon_core.package_identification:_identify(src/path_manager/path_manager) by extensions ['colcon_meta']
[0.402s] Level 1:colcon.colcon_core.package_identification:_identify(src/path_manager/path_manager) by extension 'colcon_meta'
[0.402s] Level 1:colcon.colcon_core.package_identification:_identify(src/path_manager/path_manager) by extensions ['ros']
[0.402s] Level 1:colcon.colcon_core.package_identification:_identify(src/path_manager/path_manager) by extension 'ros'
[0.402s] DEBUG:colcon.colcon_core.package_identification:Package 'src/path_manager/path_manager' with type 'ros.ament_cmake' and name 'path_manager'
[0.402s] Level 1:colcon.colcon_core.package_identification:_identify(src/path_manager/path_manager_interfaces) by extensions ['ignore', 'ignore_ament_install']
[0.402s] Level 1:colcon.colcon_core.package_identification:_identify(src/path_manager/path_manager_interfaces) by extension 'ignore'
[0.402s] Level 1:colcon.colcon_core.package_identification:_identify(src/path_manager/path_manager_interfaces) by extension 'ignore_ament_install'
[0.402s] Level 1:colcon.colcon_core.package_identification:_identify(src/path_manager/path_manager_interfaces) by extensions ['colcon_pkg']
[0.402s] Level 1:colcon.colcon_core.package_identification:_identify(src/path_manager/path_manager_interfaces) by extension 'colcon_pkg'
[0.402s] Level 1:colcon.colcon_core.package_identification:_identify(src/path_manager/path_manager_interfaces) by extensions ['colcon_meta']
[0.402s] Level 1:colcon.colcon_core.package_identification:_identify(src/path_manager/path_manager_interfaces) by extension 'colcon_meta'
[0.402s] Level 1:colcon.colcon_core.package_identification:_identify(src/path_manager/path_manager_interfaces) by extensions ['ros']
[0.402s] Level 1:colcon.colcon_core.package_identification:_identify(src/path_manager/path_manager_interfaces) by extension 'ros'
[0.403s] DEBUG:colcon.colcon_core.package_identification:Package 'src/path_manager/path_manager_interfaces' with type 'ros.ament_cmake' and name 'path_manager_interfaces'
[0.403s] Level 1:colcon.colcon_core.package_identification:_identify(src/security_check) by extensions ['ignore', 'ignore_ament_install']
[0.403s] Level 1:colcon.colcon_core.package_identification:_identify(src/security_check) by extension 'ignore'
[0.403s] Level 1:colcon.colcon_core.package_identification:_identify(src/security_check) by extension 'ignore_ament_install'
[0.403s] Level 1:colcon.colcon_core.package_identification:_identify(src/security_check) by extensions ['colcon_pkg']
[0.403s] Level 1:colcon.colcon_core.package_identification:_identify(src/security_check) by extension 'colcon_pkg'
[0.403s] Level 1:colcon.colcon_core.package_identification:_identify(src/security_check) by extensions ['colcon_meta']
[0.403s] Level 1:colcon.colcon_core.package_identification:_identify(src/security_check) by extension 'colcon_meta'
[0.403s] Level 1:colcon.colcon_core.package_identification:_identify(src/security_check) by extensions ['ros']
[0.404s] Level 1:colcon.colcon_core.package_identification:_identify(src/security_check) by extension 'ros'
[0.404s] Level 1:colcon.colcon_core.package_identification:_identify(src/security_check) by extensions ['cmake', 'python']
[0.404s] Level 1:colcon.colcon_core.package_identification:_identify(src/security_check) by extension 'cmake'
[0.404s] Level 1:colcon.colcon_core.package_identification:_identify(src/security_check) by extension 'python'
[0.404s] Level 1:colcon.colcon_core.package_identification:_identify(src/security_check) by extensions ['python_setup_py']
[0.404s] Level 1:colcon.colcon_core.package_identification:_identify(src/security_check) by extension 'python_setup_py'
[0.404s] Level 1:colcon.colcon_core.package_identification:_identify(src/security_check/security_check) by extensions ['ignore', 'ignore_ament_install']
[0.404s] Level 1:colcon.colcon_core.package_identification:_identify(src/security_check/security_check) by extension 'ignore'
[0.404s] Level 1:colcon.colcon_core.package_identification:_identify(src/security_check/security_check) by extension 'ignore_ament_install'
[0.404s] Level 1:colcon.colcon_core.package_identification:_identify(src/security_check/security_check) by extensions ['colcon_pkg']
[0.404s] Level 1:colcon.colcon_core.package_identification:_identify(src/security_check/security_check) by extension 'colcon_pkg'
[0.404s] Level 1:colcon.colcon_core.package_identification:_identify(src/security_check/security_check) by extensions ['colcon_meta']
[0.404s] Level 1:colcon.colcon_core.package_identification:_identify(src/security_check/security_check) by extension 'colcon_meta'
[0.404s] Level 1:colcon.colcon_core.package_identification:_identify(src/security_check/security_check) by extensions ['ros']
[0.404s] Level 1:colcon.colcon_core.package_identification:_identify(src/security_check/security_check) by extension 'ros'
[0.405s] DEBUG:colcon.colcon_core.package_identification:Package 'src/security_check/security_check' with type 'ros.ament_cmake' and name 'security_check'
[0.405s] Level 1:colcon.colcon_core.package_identification:_identify(src/security_check/security_check_interfaces) by extensions ['ignore', 'ignore_ament_install']
[0.405s] Level 1:colcon.colcon_core.package_identification:_identify(src/security_check/security_check_interfaces) by extension 'ignore'
[0.405s] Level 1:colcon.colcon_core.package_identification:_identify(src/security_check/security_check_interfaces) by extension 'ignore_ament_install'
[0.405s] Level 1:colcon.colcon_core.package_identification:_identify(src/security_check/security_check_interfaces) by extensions ['colcon_pkg']
[0.405s] Level 1:colcon.colcon_core.package_identification:_identify(src/security_check/security_check_interfaces) by extension 'colcon_pkg'
[0.405s] Level 1:colcon.colcon_core.package_identification:_identify(src/security_check/security_check_interfaces) by extensions ['colcon_meta']
[0.406s] Level 1:colcon.colcon_core.package_identification:_identify(src/security_check/security_check_interfaces) by extension 'colcon_meta'
[0.406s] Level 1:colcon.colcon_core.package_identification:_identify(src/security_check/security_check_interfaces) by extensions ['ros']
[0.406s] Level 1:colcon.colcon_core.package_identification:_identify(src/security_check/security_check_interfaces) by extension 'ros'
[0.406s] DEBUG:colcon.colcon_core.package_identification:Package 'src/security_check/security_check_interfaces' with type 'ros.ament_cmake' and name 'security_check_interfaces'
[0.406s] Level 1:colcon.colcon_core.package_identification:_identify(src/test_gui_j8) by extensions ['ignore', 'ignore_ament_install']
[0.406s] Level 1:colcon.colcon_core.package_identification:_identify(src/test_gui_j8) by extension 'ignore'
[0.406s] Level 1:colcon.colcon_core.package_identification:_identify(src/test_gui_j8) by extension 'ignore_ament_install'
[0.406s] Level 1:colcon.colcon_core.package_identification:_identify(src/test_gui_j8) by extensions ['colcon_pkg']
[0.406s] Level 1:colcon.colcon_core.package_identification:_identify(src/test_gui_j8) by extension 'colcon_pkg'
[0.406s] Level 1:colcon.colcon_core.package_identification:_identify(src/test_gui_j8) by extensions ['colcon_meta']
[0.406s] Level 1:colcon.colcon_core.package_identification:_identify(src/test_gui_j8) by extension 'colcon_meta'
[0.406s] Level 1:colcon.colcon_core.package_identification:_identify(src/test_gui_j8) by extensions ['ros']
[0.406s] Level 1:colcon.colcon_core.package_identification:_identify(src/test_gui_j8) by extension 'ros'
[0.406s] Level 1:colcon.colcon_core.package_identification:_identify(src/test_gui_j8) by extensions ['cmake', 'python']
[0.407s] Level 1:colcon.colcon_core.package_identification:_identify(src/test_gui_j8) by extension 'cmake'
[0.407s] Level 1:colcon.colcon_core.package_identification:_identify(src/test_gui_j8) by extension 'python'
[0.407s] Level 1:colcon.colcon_core.package_identification:_identify(src/test_gui_j8) by extensions ['python_setup_py']
[0.407s] Level 1:colcon.colcon_core.package_identification:_identify(src/test_gui_j8) by extension 'python_setup_py'
[0.407s] Level 1:colcon.colcon_core.package_identification:_identify(src/test_gui_j8/src) by extensions ['ignore', 'ignore_ament_install']
[0.407s] Level 1:colcon.colcon_core.package_identification:_identify(src/test_gui_j8/src) by extension 'ignore'
[0.407s] Level 1:colcon.colcon_core.package_identification:_identify(src/test_gui_j8/src) by extension 'ignore_ament_install'
[0.407s] Level 1:colcon.colcon_core.package_identification:_identify(src/test_gui_j8/src) by extensions ['colcon_pkg']
[0.407s] Level 1:colcon.colcon_core.package_identification:_identify(src/test_gui_j8/src) by extension 'colcon_pkg'
[0.407s] Level 1:colcon.colcon_core.package_identification:_identify(src/test_gui_j8/src) by extensions ['colcon_meta']
[0.407s] Level 1:colcon.colcon_core.package_identification:_identify(src/test_gui_j8/src) by extension 'colcon_meta'
[0.407s] Level 1:colcon.colcon_core.package_identification:_identify(src/test_gui_j8/src) by extensions ['ros']
[0.407s] Level 1:colcon.colcon_core.package_identification:_identify(src/test_gui_j8/src) by extension 'ros'
[0.407s] Level 1:colcon.colcon_core.package_identification:_identify(src/test_gui_j8/src) by extensions ['cmake', 'python']
[0.407s] Level 1:colcon.colcon_core.package_identification:_identify(src/test_gui_j8/src) by extension 'cmake'
[0.407s] Level 1:colcon.colcon_core.package_identification:_identify(src/test_gui_j8/src) by extension 'python'
[0.407s] Level 1:colcon.colcon_core.package_identification:_identify(src/test_gui_j8/src) by extensions ['python_setup_py']
[0.407s] Level 1:colcon.colcon_core.package_identification:_identify(src/test_gui_j8/src) by extension 'python_setup_py'
[0.407s] Level 1:colcon.colcon_core.package_identification:_identify(src/test_gui_j8/src/j8_gui) by extensions ['ignore', 'ignore_ament_install']
[0.407s] Level 1:colcon.colcon_core.package_identification:_identify(src/test_gui_j8/src/j8_gui) by extension 'ignore'
[0.407s] Level 1:colcon.colcon_core.package_identification:_identify(src/test_gui_j8/src/j8_gui) by extension 'ignore_ament_install'
[0.407s] Level 1:colcon.colcon_core.package_identification:_identify(src/test_gui_j8/src/j8_gui) by extensions ['colcon_pkg']
[0.407s] Level 1:colcon.colcon_core.package_identification:_identify(src/test_gui_j8/src/j8_gui) by extension 'colcon_pkg'
[0.407s] Level 1:colcon.colcon_core.package_identification:_identify(src/test_gui_j8/src/j8_gui) by extensions ['colcon_meta']
[0.407s] Level 1:colcon.colcon_core.package_identification:_identify(src/test_gui_j8/src/j8_gui) by extension 'colcon_meta'
[0.407s] Level 1:colcon.colcon_core.package_identification:_identify(src/test_gui_j8/src/j8_gui) by extensions ['ros']
[0.407s] Level 1:colcon.colcon_core.package_identification:_identify(src/test_gui_j8/src/j8_gui) by extension 'ros'
[0.408s] DEBUG:colcon.colcon_core.package_identification:Package 'src/test_gui_j8/src/j8_gui' with type 'ros.ament_python' and name 'j8_gui'
[0.408s] Level 1:colcon.colcon_core.package_discovery:discover_packages(recursive) using defaults
[0.408s] Level 1:colcon.colcon_core.package_discovery:discover_packages(ignore) discover
[0.408s] Level 1:colcon.colcon_core.package_discovery:discover_packages(ignore) using defaults
[0.408s] Level 1:colcon.colcon_core.package_discovery:discover_packages(path) discover
[0.408s] Level 1:colcon.colcon_core.package_discovery:discover_packages(path) using defaults
[0.443s] Level 1:colcon.colcon_core.package_discovery:discover_packages(prefix_path) check parameters
[0.443s] Level 1:colcon.colcon_core.package_discovery:discover_packages(prefix_path) discover
[0.447s] DEBUG:colcon.colcon_installed_package_information.package_discovery:Found 273 installed packages in /opt/ros/humble
[0.448s] Level 1:colcon.colcon_core.package_discovery:discover_packages(prefix_path) using defaults
[0.476s] Level 5:colcon.colcon_core.verb:set package 'GUI_pkg' build argument 'cmake_args' from command line to 'None'
[0.476s] Level 5:colcon.colcon_core.verb:set package 'GUI_pkg' build argument 'cmake_target' from command line to 'None'
[0.476s] Level 5:colcon.colcon_core.verb:set package 'GUI_pkg' build argument 'cmake_target_skip_unavailable' from command line to 'False'
[0.476s] Level 5:colcon.colcon_core.verb:set package 'GUI_pkg' build argument 'cmake_clean_cache' from command line to 'False'
[0.476s] Level 5:colcon.colcon_core.verb:set package 'GUI_pkg' build argument 'cmake_clean_first' from command line to 'False'
[0.476s] Level 5:colcon.colcon_core.verb:set package 'GUI_pkg' build argument 'cmake_force_configure' from command line to 'False'
[0.476s] Level 5:colcon.colcon_core.verb:set package 'GUI_pkg' build argument 'ament_cmake_args' from command line to 'None'
[0.476s] Level 5:colcon.colcon_core.verb:set package 'GUI_pkg' build argument 'catkin_cmake_args' from command line to 'None'
[0.476s] Level 5:colcon.colcon_core.verb:set package 'GUI_pkg' build argument 'catkin_skip_building_tests' from command line to 'False'
[0.476s] DEBUG:colcon.colcon_core.verb:Building package 'GUI_pkg' with the following arguments: {'ament_cmake_args': None, 'build_base': '/home/roverj8/LUIS/ARGJ08/ARGOSJ8_IA_/build/GUI_pkg', 'catkin_cmake_args': None, 'catkin_skip_building_tests': False, 'cmake_args': None, 'cmake_clean_cache': False, 'cmake_clean_first': False, 'cmake_force_configure': False, 'cmake_target': None, 'cmake_target_skip_unavailable': False, 'install_base': '/home/roverj8/LUIS/ARGJ08/ARGOSJ8_IA_/install/GUI_pkg', 'merge_install': False, 'path': '/home/roverj8/LUIS/ARGJ08/ARGOSJ8_IA_/src/GUI_pkg', 'symlink_install': False, 'test_result_base': None}
[0.476s] Level 5:colcon.colcon_core.verb:set package 'android_ros2_server' build argument 'cmake_args' from command line to 'None'
[0.476s] Level 5:colcon.colcon_core.verb:set package 'android_ros2_server' build argument 'cmake_target' from command line to 'None'
[0.476s] Level 5:colcon.colcon_core.verb:set package 'android_ros2_server' build argument 'cmake_target_skip_unavailable' from command line to 'False'
[0.476s] Level 5:colcon.colcon_core.verb:set package 'android_ros2_server' build argument 'cmake_clean_cache' from command line to 'False'
[0.477s] Level 5:colcon.colcon_core.verb:set package 'android_ros2_server' build argument 'cmake_clean_first' from command line to 'False'
[0.477s] Level 5:colcon.colcon_core.verb:set package 'android_ros2_server' build argument 'cmake_force_configure' from command line to 'False'
[0.477s] Level 5:colcon.colcon_core.verb:set package 'android_ros2_server' build argument 'ament_cmake_args' from command line to 'None'
[0.477s] Level 5:colcon.colcon_core.verb:set package 'android_ros2_server' build argument 'catkin_cmake_args' from command line to 'None'
[0.477s] Level 5:colcon.colcon_core.verb:set package 'android_ros2_server' build argument 'catkin_skip_building_tests' from command line to 'False'
[0.477s] DEBUG:colcon.colcon_core.verb:Building package 'android_ros2_server' with the following arguments: {'ament_cmake_args': None, 'build_base': '/home/roverj8/LUIS/ARGJ08/ARGOSJ8_IA_/build/android_ros2_server', 'catkin_cmake_args': None, 'catkin_skip_building_tests': False, 'cmake_args': None, 'cmake_clean_cache': False, 'cmake_clean_first': False, 'cmake_force_configure': False, 'cmake_target': None, 'cmake_target_skip_unavailable': False, 'install_base': '/home/roverj8/LUIS/ARGJ08/ARGOSJ8_IA_/install/android_ros2_server', 'merge_install': False, 'path': '/home/roverj8/LUIS/ARGJ08/ARGOSJ8_IA_/src/android_ros2_server', 'symlink_install': False, 'test_result_base': None}
[0.477s] Level 5:colcon.colcon_core.verb:set package 'argj801_ctl_platform_interfaces' build argument 'cmake_args' from command line to 'None'
[0.477s] Level 5:colcon.colcon_core.verb:set package 'argj801_ctl_platform_interfaces' build argument 'cmake_target' from command line to 'None'
[0.477s] Level 5:colcon.colcon_core.verb:set package 'argj801_ctl_platform_interfaces' build argument 'cmake_target_skip_unavailable' from command line to 'False'
[0.477s] Level 5:colcon.colcon_core.verb:set package 'argj801_ctl_platform_interfaces' build argument 'cmake_clean_cache' from command line to 'False'
[0.477s] Level 5:colcon.colcon_core.verb:set package 'argj801_ctl_platform_interfaces' build argument 'cmake_clean_first' from command line to 'False'
[0.477s] Level 5:colcon.colcon_core.verb:set package 'argj801_ctl_platform_interfaces' build argument 'cmake_force_configure' from command line to 'False'
[0.477s] Level 5:colcon.colcon_core.verb:set package 'argj801_ctl_platform_interfaces' build argument 'ament_cmake_args' from command line to 'None'
[0.477s] Level 5:colcon.colcon_core.verb:set package 'argj801_ctl_platform_interfaces' build argument 'catkin_cmake_args' from command line to 'None'
[0.477s] Level 5:colcon.colcon_core.verb:set package 'argj801_ctl_platform_interfaces' build argument 'catkin_skip_building_tests' from command line to 'False'
[0.477s] DEBUG:colcon.colcon_core.verb:Building package 'argj801_ctl_platform_interfaces' with the following arguments: {'ament_cmake_args': None, 'build_base': '/home/roverj8/LUIS/ARGJ08/ARGOSJ8_IA_/build/argj801_ctl_platform_interfaces', 'catkin_cmake_args': None, 'catkin_skip_building_tests': False, 'cmake_args': None, 'cmake_clean_cache': False, 'cmake_clean_first': False, 'cmake_force_configure': False, 'cmake_target': None, 'cmake_target_skip_unavailable': False, 'install_base': '/home/roverj8/LUIS/ARGJ08/ARGOSJ8_IA_/install/argj801_ctl_platform_interfaces', 'merge_install': False, 'path': '/home/roverj8/LUIS/ARGJ08/ARGOSJ8_IA_/src/argj801_ctl_platform/argj801_ctl_platform_interfaces', 'symlink_install': False, 'test_result_base': None}
[0.477s] Level 5:colcon.colcon_core.verb:set package 'argj801_sensors_msgs' build argument 'cmake_args' from command line to 'None'
[0.477s] Level 5:colcon.colcon_core.verb:set package 'argj801_sensors_msgs' build argument 'cmake_target' from command line to 'None'
[0.477s] Level 5:colcon.colcon_core.verb:set package 'argj801_sensors_msgs' build argument 'cmake_target_skip_unavailable' from command line to 'False'
[0.477s] Level 5:colcon.colcon_core.verb:set package 'argj801_sensors_msgs' build argument 'cmake_clean_cache' from command line to 'False'
[0.477s] Level 5:colcon.colcon_core.verb:set package 'argj801_sensors_msgs' build argument 'cmake_clean_first' from command line to 'False'
[0.477s] Level 5:colcon.colcon_core.verb:set package 'argj801_sensors_msgs' build argument 'cmake_force_configure' from command line to 'False'
[0.477s] Level 5:colcon.colcon_core.verb:set package 'argj801_sensors_msgs' build argument 'ament_cmake_args' from command line to 'None'
[0.478s] Level 5:colcon.colcon_core.verb:set package 'argj801_sensors_msgs' build argument 'catkin_cmake_args' from command line to 'None'
[0.478s] Level 5:colcon.colcon_core.verb:set package 'argj801_sensors_msgs' build argument 'catkin_skip_building_tests' from command line to 'False'
[0.478s] DEBUG:colcon.colcon_core.verb:Building package 'argj801_sensors_msgs' with the following arguments: {'ament_cmake_args': None, 'build_base': '/home/roverj8/LUIS/ARGJ08/ARGOSJ8_IA_/build/argj801_sensors_msgs', 'catkin_cmake_args': None, 'catkin_skip_building_tests': False, 'cmake_args': None, 'cmake_clean_cache': False, 'cmake_clean_first': False, 'cmake_force_configure': False, 'cmake_target': None, 'cmake_target_skip_unavailable': False, 'install_base': '/home/roverj8/LUIS/ARGJ08/ARGOSJ8_IA_/install/argj801_sensors_msgs', 'merge_install': False, 'path': '/home/roverj8/LUIS/ARGJ08/ARGOSJ8_IA_/src/argo_drivers_pkgs/argj801_sensors/argj801_sensors_msgs', 'symlink_install': False, 'test_result_base': None}
[0.478s] Level 5:colcon.colcon_core.verb:set package 'argj801_setup' build argument 'cmake_args' from command line to 'None'
[0.478s] Level 5:colcon.colcon_core.verb:set package 'argj801_setup' build argument 'cmake_target' from command line to 'None'
[0.478s] Level 5:colcon.colcon_core.verb:set package 'argj801_setup' build argument 'cmake_target_skip_unavailable' from command line to 'False'
[0.478s] Level 5:colcon.colcon_core.verb:set package 'argj801_setup' build argument 'cmake_clean_cache' from command line to 'False'
[0.478s] Level 5:colcon.colcon_core.verb:set package 'argj801_setup' build argument 'cmake_clean_first' from command line to 'False'
[0.478s] Level 5:colcon.colcon_core.verb:set package 'argj801_setup' build argument 'cmake_force_configure' from command line to 'False'
[0.478s] Level 5:colcon.colcon_core.verb:set package 'argj801_setup' build argument 'ament_cmake_args' from command line to 'None'
[0.478s] Level 5:colcon.colcon_core.verb:set package 'argj801_setup' build argument 'catkin_cmake_args' from command line to 'None'
[0.478s] Level 5:colcon.colcon_core.verb:set package 'argj801_setup' build argument 'catkin_skip_building_tests' from command line to 'False'
[0.478s] DEBUG:colcon.colcon_core.verb:Building package 'argj801_setup' with the following arguments: {'ament_cmake_args': None, 'build_base': '/home/roverj8/LUIS/ARGJ08/ARGOSJ8_IA_/build/argj801_setup', 'catkin_cmake_args': None, 'catkin_skip_building_tests': False, 'cmake_args': None, 'cmake_clean_cache': False, 'cmake_clean_first': False, 'cmake_force_configure': False, 'cmake_target': None, 'cmake_target_skip_unavailable': False, 'install_base': '/home/roverj8/LUIS/ARGJ08/ARGOSJ8_IA_/install/argj801_setup', 'merge_install': False, 'path': '/home/roverj8/LUIS/ARGJ08/ARGOSJ8_IA_/src/argj801_setup', 'symlink_install': False, 'test_result_base': None}
[0.478s] Level 5:colcon.colcon_core.verb:set package 'car_interfaces' build argument 'cmake_args' from command line to 'None'
[0.478s] Level 5:colcon.colcon_core.verb:set package 'car_interfaces' build argument 'cmake_target' from command line to 'None'
[0.478s] Level 5:colcon.colcon_core.verb:set package 'car_interfaces' build argument 'cmake_target_skip_unavailable' from command line to 'False'
[0.478s] Level 5:colcon.colcon_core.verb:set package 'car_interfaces' build argument 'cmake_clean_cache' from command line to 'False'
[0.478s] Level 5:colcon.colcon_core.verb:set package 'car_interfaces' build argument 'cmake_clean_first' from command line to 'False'
[0.478s] Level 5:colcon.colcon_core.verb:set package 'car_interfaces' build argument 'cmake_force_configure' from command line to 'False'
[0.478s] Level 5:colcon.colcon_core.verb:set package 'car_interfaces' build argument 'ament_cmake_args' from command line to 'None'
[0.478s] Level 5:colcon.colcon_core.verb:set package 'car_interfaces' build argument 'catkin_cmake_args' from command line to 'None'
[0.478s] Level 5:colcon.colcon_core.verb:set package 'car_interfaces' build argument 'catkin_skip_building_tests' from command line to 'False'
[0.478s] DEBUG:colcon.colcon_core.verb:Building package 'car_interfaces' with the following arguments: {'ament_cmake_args': None, 'build_base': '/home/roverj8/LUIS/ARGJ08/ARGOSJ8_IA_/build/car_interfaces', 'catkin_cmake_args': None, 'catkin_skip_building_tests': False, 'cmake_args': None, 'cmake_clean_cache': False, 'cmake_clean_first': False, 'cmake_force_configure': False, 'cmake_target': None, 'cmake_target_skip_unavailable': False, 'install_base': '/home/roverj8/LUIS/ARGJ08/ARGOSJ8_IA_/install/car_interfaces', 'merge_install': False, 'path': '/home/roverj8/LUIS/ARGJ08/ARGOSJ8_IA_/src/car_interfaces', 'symlink_install': False, 'test_result_base': None}
[0.479s] Level 5:colcon.colcon_core.verb:set package 'ctl_mission_interfaces' build argument 'cmake_args' from command line to 'None'
[0.479s] Level 5:colcon.colcon_core.verb:set package 'ctl_mission_interfaces' build argument 'cmake_target' from command line to 'None'
[0.479s] Level 5:colcon.colcon_core.verb:set package 'ctl_mission_interfaces' build argument 'cmake_target_skip_unavailable' from command line to 'False'
[0.479s] Level 5:colcon.colcon_core.verb:set package 'ctl_mission_interfaces' build argument 'cmake_clean_cache' from command line to 'False'
[0.479s] Level 5:colcon.colcon_core.verb:set package 'ctl_mission_interfaces' build argument 'cmake_clean_first' from command line to 'False'
[0.479s] Level 5:colcon.colcon_core.verb:set package 'ctl_mission_interfaces' build argument 'cmake_force_configure' from command line to 'False'
[0.479s] Level 5:colcon.colcon_core.verb:set package 'ctl_mission_interfaces' build argument 'ament_cmake_args' from command line to 'None'
[0.479s] Level 5:colcon.colcon_core.verb:set package 'ctl_mission_interfaces' build argument 'catkin_cmake_args' from command line to 'None'
[0.479s] Level 5:colcon.colcon_core.verb:set package 'ctl_mission_interfaces' build argument 'catkin_skip_building_tests' from command line to 'False'
[0.479s] DEBUG:colcon.colcon_core.verb:Building package 'ctl_mission_interfaces' with the following arguments: {'ament_cmake_args': None, 'build_base': '/home/roverj8/LUIS/ARGJ08/ARGOSJ8_IA_/build/ctl_mission_interfaces', 'catkin_cmake_args': None, 'catkin_skip_building_tests': False, 'cmake_args': None, 'cmake_clean_cache': False, 'cmake_clean_first': False, 'cmake_force_configure': False, 'cmake_target': None, 'cmake_target_skip_unavailable': False, 'install_base': '/home/roverj8/LUIS/ARGJ08/ARGOSJ8_IA_/install/ctl_mission_interfaces', 'merge_install': False, 'path': '/home/roverj8/LUIS/ARGJ08/ARGOSJ8_IA_/src/ctl_mission/ctl_mission_interfaces', 'symlink_install': False, 'test_result_base': None}
[0.479s] Level 5:colcon.colcon_core.verb:set package 'fixposition_gnss_tf' build argument 'cmake_args' from command line to 'None'
[0.479s] Level 5:colcon.colcon_core.verb:set package 'fixposition_gnss_tf' build argument 'cmake_target' from command line to 'None'
[0.479s] Level 5:colcon.colcon_core.verb:set package 'fixposition_gnss_tf' build argument 'cmake_target_skip_unavailable' from command line to 'False'
[0.479s] Level 5:colcon.colcon_core.verb:set package 'fixposition_gnss_tf' build argument 'cmake_clean_cache' from command line to 'False'
[0.479s] Level 5:colcon.colcon_core.verb:set package 'fixposition_gnss_tf' build argument 'cmake_clean_first' from command line to 'False'
[0.479s] Level 5:colcon.colcon_core.verb:set package 'fixposition_gnss_tf' build argument 'cmake_force_configure' from command line to 'False'
[0.479s] Level 5:colcon.colcon_core.verb:set package 'fixposition_gnss_tf' build argument 'ament_cmake_args' from command line to 'None'
[0.479s] Level 5:colcon.colcon_core.verb:set package 'fixposition_gnss_tf' build argument 'catkin_cmake_args' from command line to 'None'
[0.479s] Level 5:colcon.colcon_core.verb:set package 'fixposition_gnss_tf' build argument 'catkin_skip_building_tests' from command line to 'False'
[0.479s] DEBUG:colcon.colcon_core.verb:Building package 'fixposition_gnss_tf' with the following arguments: {'ament_cmake_args': None, 'build_base': '/home/roverj8/LUIS/ARGJ08/ARGOSJ8_IA_/build/fixposition_gnss_tf', 'catkin_cmake_args': None, 'catkin_skip_building_tests': False, 'cmake_args': None, 'cmake_clean_cache': False, 'cmake_clean_first': False, 'cmake_force_configure': False, 'cmake_target': None, 'cmake_target_skip_unavailable': False, 'install_base': '/home/roverj8/LUIS/ARGJ08/ARGOSJ8_IA_/install/fixposition_gnss_tf', 'merge_install': False, 'path': '/home/roverj8/LUIS/ARGJ08/ARGOSJ8_IA_/src/argo_drivers_pkgs/Fixposition_driver_pkg/fixposition_gnss_tf-main', 'symlink_install': False, 'test_result_base': None}
[0.480s] Level 5:colcon.colcon_core.verb:set package 'fixposition_sensor_pkg' build argument 'cmake_args' from command line to 'None'
[0.480s] Level 5:colcon.colcon_core.verb:set package 'fixposition_sensor_pkg' build argument 'cmake_target' from command line to 'None'
[0.480s] Level 5:colcon.colcon_core.verb:set package 'fixposition_sensor_pkg' build argument 'cmake_target_skip_unavailable' from command line to 'False'
[0.480s] Level 5:colcon.colcon_core.verb:set package 'fixposition_sensor_pkg' build argument 'cmake_clean_cache' from command line to 'False'
[0.480s] Level 5:colcon.colcon_core.verb:set package 'fixposition_sensor_pkg' build argument 'cmake_clean_first' from command line to 'False'
[0.480s] Level 5:colcon.colcon_core.verb:set package 'fixposition_sensor_pkg' build argument 'cmake_force_configure' from command line to 'False'
[0.480s] Level 5:colcon.colcon_core.verb:set package 'fixposition_sensor_pkg' build argument 'ament_cmake_args' from command line to 'None'
[0.480s] Level 5:colcon.colcon_core.verb:set package 'fixposition_sensor_pkg' build argument 'catkin_cmake_args' from command line to 'None'
[0.480s] Level 5:colcon.colcon_core.verb:set package 'fixposition_sensor_pkg' build argument 'catkin_skip_building_tests' from command line to 'False'
[0.480s] DEBUG:colcon.colcon_core.verb:Building package 'fixposition_sensor_pkg' with the following arguments: {'ament_cmake_args': None, 'build_base': '/home/roverj8/LUIS/ARGJ08/ARGOSJ8_IA_/build/fixposition_sensor_pkg', 'catkin_cmake_args': None, 'catkin_skip_building_tests': False, 'cmake_args': None, 'cmake_clean_cache': False, 'cmake_clean_first': False, 'cmake_force_configure': False, 'cmake_target': None, 'cmake_target_skip_unavailable': False, 'install_base': '/home/roverj8/LUIS/ARGJ08/ARGOSJ8_IA_/install/fixposition_sensor_pkg', 'merge_install': False, 'path': '/home/roverj8/LUIS/ARGJ08/ARGOSJ8_IA_/src/gazebo_sim_pkgs/fix_position_pkg', 'symlink_install': False, 'test_result_base': None}
[0.480s] Level 5:colcon.colcon_core.verb:set package 'gui' build argument 'cmake_args' from command line to 'None'
[0.480s] Level 5:colcon.colcon_core.verb:set package 'gui' build argument 'cmake_target' from command line to 'None'
[0.480s] Level 5:colcon.colcon_core.verb:set package 'gui' build argument 'cmake_target_skip_unavailable' from command line to 'False'
[0.480s] Level 5:colcon.colcon_core.verb:set package 'gui' build argument 'cmake_clean_cache' from command line to 'False'
[0.480s] Level 5:colcon.colcon_core.verb:set package 'gui' build argument 'cmake_clean_first' from command line to 'False'
[0.480s] Level 5:colcon.colcon_core.verb:set package 'gui' build argument 'cmake_force_configure' from command line to 'False'
[0.480s] Level 5:colcon.colcon_core.verb:set package 'gui' build argument 'ament_cmake_args' from command line to 'None'
[0.480s] Level 5:colcon.colcon_core.verb:set package 'gui' build argument 'catkin_cmake_args' from command line to 'None'
[0.480s] Level 5:colcon.colcon_core.verb:set package 'gui' build argument 'catkin_skip_building_tests' from command line to 'False'
[0.480s] DEBUG:colcon.colcon_core.verb:Building package 'gui' with the following arguments: {'ament_cmake_args': None, 'build_base': '/home/roverj8/LUIS/ARGJ08/ARGOSJ8_IA_/build/gui', 'catkin_cmake_args': None, 'catkin_skip_building_tests': False, 'cmake_args': None, 'cmake_clean_cache': False, 'cmake_clean_first': False, 'cmake_force_configure': False, 'cmake_target': None, 'cmake_target_skip_unavailable': False, 'install_base': '/home/roverj8/LUIS/ARGJ08/ARGOSJ8_IA_/install/gui', 'merge_install': False, 'path': '/home/roverj8/LUIS/ARGJ08/ARGOSJ8_IA_/src/gui', 'symlink_install': False, 'test_result_base': None}
[0.480s] Level 5:colcon.colcon_core.verb:set package 'hector_gazebo_plugins' build argument 'cmake_args' from command line to 'None'
[0.481s] Level 5:colcon.colcon_core.verb:set package 'hector_gazebo_plugins' build argument 'cmake_target' from command line to 'None'
[0.481s] Level 5:colcon.colcon_core.verb:set package 'hector_gazebo_plugins' build argument 'cmake_target_skip_unavailable' from command line to 'False'
[0.481s] Level 5:colcon.colcon_core.verb:set package 'hector_gazebo_plugins' build argument 'cmake_clean_cache' from command line to 'False'
[0.481s] Level 5:colcon.colcon_core.verb:set package 'hector_gazebo_plugins' build argument 'cmake_clean_first' from command line to 'False'
[0.481s] Level 5:colcon.colcon_core.verb:set package 'hector_gazebo_plugins' build argument 'cmake_force_configure' from command line to 'False'
[0.481s] Level 5:colcon.colcon_core.verb:set package 'hector_gazebo_plugins' build argument 'ament_cmake_args' from command line to 'None'
[0.481s] Level 5:colcon.colcon_core.verb:set package 'hector_gazebo_plugins' build argument 'catkin_cmake_args' from command line to 'None'
[0.481s] Level 5:colcon.colcon_core.verb:set package 'hector_gazebo_plugins' build argument 'catkin_skip_building_tests' from command line to 'False'
[0.481s] DEBUG:colcon.colcon_core.verb:Building package 'hector_gazebo_plugins' with the following arguments: {'ament_cmake_args': None, 'build_base': '/home/roverj8/LUIS/ARGJ08/ARGOSJ8_IA_/build/hector_gazebo_plugins', 'catkin_cmake_args': None, 'catkin_skip_building_tests': False, 'cmake_args': None, 'cmake_clean_cache': False, 'cmake_clean_first': False, 'cmake_force_configure': False, 'cmake_target': None, 'cmake_target_skip_unavailable': False, 'install_base': '/home/roverj8/LUIS/ARGJ08/ARGOSJ8_IA_/install/hector_gazebo_plugins', 'merge_install': False, 'path': '/home/roverj8/LUIS/ARGJ08/ARGOSJ8_IA_/src/hector_gazebo', 'symlink_install': False, 'test_result_base': None}
[0.481s] Level 5:colcon.colcon_core.verb:set package 'hikmicro_thermal_camera' build argument 'cmake_args' from command line to 'None'
[0.481s] Level 5:colcon.colcon_core.verb:set package 'hikmicro_thermal_camera' build argument 'cmake_target' from command line to 'None'
[0.481s] Level 5:colcon.colcon_core.verb:set package 'hikmicro_thermal_camera' build argument 'cmake_target_skip_unavailable' from command line to 'False'
[0.481s] Level 5:colcon.colcon_core.verb:set package 'hikmicro_thermal_camera' build argument 'cmake_clean_cache' from command line to 'False'
[0.481s] Level 5:colcon.colcon_core.verb:set package 'hikmicro_thermal_camera' build argument 'cmake_clean_first' from command line to 'False'
[0.481s] Level 5:colcon.colcon_core.verb:set package 'hikmicro_thermal_camera' build argument 'cmake_force_configure' from command line to 'False'
[0.481s] Level 5:colcon.colcon_core.verb:set package 'hikmicro_thermal_camera' build argument 'ament_cmake_args' from command line to 'None'
[0.481s] Level 5:colcon.colcon_core.verb:set package 'hikmicro_thermal_camera' build argument 'catkin_cmake_args' from command line to 'None'
[0.481s] Level 5:colcon.colcon_core.verb:set package 'hikmicro_thermal_camera' build argument 'catkin_skip_building_tests' from command line to 'False'
[0.481s] DEBUG:colcon.colcon_core.verb:Building package 'hikmicro_thermal_camera' with the following arguments: {'ament_cmake_args': None, 'build_base': '/home/roverj8/LUIS/ARGJ08/ARGOSJ8_IA_/build/hikmicro_thermal_camera', 'catkin_cmake_args': None, 'catkin_skip_building_tests': False, 'cmake_args': None, 'cmake_clean_cache': False, 'cmake_clean_first': False, 'cmake_force_configure': False, 'cmake_target': None, 'cmake_target_skip_unavailable': False, 'install_base': '/home/roverj8/LUIS/ARGJ08/ARGOSJ8_IA_/install/hikmicro_thermal_camera', 'merge_install': False, 'path': '/home/roverj8/LUIS/ARGJ08/ARGOSJ8_IA_/src/hikmicro_thermal_camera', 'symlink_install': False, 'test_result_base': None}
[0.481s] Level 5:colcon.colcon_core.verb:set package 'j8_gui' build argument 'cmake_args' from command line to 'None'
[0.481s] Level 5:colcon.colcon_core.verb:set package 'j8_gui' build argument 'cmake_target' from command line to 'None'
[0.481s] Level 5:colcon.colcon_core.verb:set package 'j8_gui' build argument 'cmake_target_skip_unavailable' from command line to 'False'
[0.481s] Level 5:colcon.colcon_core.verb:set package 'j8_gui' build argument 'cmake_clean_cache' from command line to 'False'
[0.481s] Level 5:colcon.colcon_core.verb:set package 'j8_gui' build argument 'cmake_clean_first' from command line to 'False'
[0.482s] Level 5:colcon.colcon_core.verb:set package 'j8_gui' build argument 'cmake_force_configure' from command line to 'False'
[0.482s] Level 5:colcon.colcon_core.verb:set package 'j8_gui' build argument 'ament_cmake_args' from command line to 'None'
[0.482s] Level 5:colcon.colcon_core.verb:set package 'j8_gui' build argument 'catkin_cmake_args' from command line to 'None'
[0.482s] Level 5:colcon.colcon_core.verb:set package 'j8_gui' build argument 'catkin_skip_building_tests' from command line to 'False'
[0.482s] DEBUG:colcon.colcon_core.verb:Building package 'j8_gui' with the following arguments: {'ament_cmake_args': None, 'build_base': '/home/roverj8/LUIS/ARGJ08/ARGOSJ8_IA_/build/j8_gui', 'catkin_cmake_args': None, 'catkin_skip_building_tests': False, 'cmake_args': None, 'cmake_clean_cache': False, 'cmake_clean_first': False, 'cmake_force_configure': False, 'cmake_target': None, 'cmake_target_skip_unavailable': False, 'install_base': '/home/roverj8/LUIS/ARGJ08/ARGOSJ8_IA_/install/j8_gui', 'merge_install': False, 'path': '/home/roverj8/LUIS/ARGJ08/ARGOSJ8_IA_/src/test_gui_j8/src/j8_gui', 'symlink_install': False, 'test_result_base': None}
[0.482s] Level 5:colcon.colcon_core.verb:set package 'joy_linux' build argument 'cmake_args' from command line to 'None'
[0.482s] Level 5:colcon.colcon_core.verb:set package 'joy_linux' build argument 'cmake_target' from command line to 'None'
[0.482s] Level 5:colcon.colcon_core.verb:set package 'joy_linux' build argument 'cmake_target_skip_unavailable' from command line to 'False'
[0.482s] Level 5:colcon.colcon_core.verb:set package 'joy_linux' build argument 'cmake_clean_cache' from command line to 'False'
[0.482s] Level 5:colcon.colcon_core.verb:set package 'joy_linux' build argument 'cmake_clean_first' from command line to 'False'
[0.482s] Level 5:colcon.colcon_core.verb:set package 'joy_linux' build argument 'cmake_force_configure' from command line to 'False'
[0.482s] Level 5:colcon.colcon_core.verb:set package 'joy_linux' build argument 'ament_cmake_args' from command line to 'None'
[0.482s] Level 5:colcon.colcon_core.verb:set package 'joy_linux' build argument 'catkin_cmake_args' from command line to 'None'
[0.482s] Level 5:colcon.colcon_core.verb:set package 'joy_linux' build argument 'catkin_skip_building_tests' from command line to 'False'
[0.482s] DEBUG:colcon.colcon_core.verb:Building package 'joy_linux' with the following arguments: {'ament_cmake_args': None, 'build_base': '/home/roverj8/LUIS/ARGJ08/ARGOSJ8_IA_/build/joy_linux', 'catkin_cmake_args': None, 'catkin_skip_building_tests': False, 'cmake_args': None, 'cmake_clean_cache': False, 'cmake_clean_first': False, 'cmake_force_configure': False, 'cmake_target': None, 'cmake_target_skip_unavailable': False, 'install_base': '/home/roverj8/LUIS/ARGJ08/ARGOSJ8_IA_/install/joy_linux', 'merge_install': False, 'path': '/home/roverj8/LUIS/ARGJ08/ARGOSJ8_IA_/src/j8_joystick/joy_linux', 'symlink_install': False, 'test_result_base': None}
[0.482s] Level 5:colcon.colcon_core.verb:set package 'ntrip_client' build argument 'cmake_args' from command line to 'None'
[0.482s] Level 5:colcon.colcon_core.verb:set package 'ntrip_client' build argument 'cmake_target' from command line to 'None'
[0.482s] Level 5:colcon.colcon_core.verb:set package 'ntrip_client' build argument 'cmake_target_skip_unavailable' from command line to 'False'
[0.482s] Level 5:colcon.colcon_core.verb:set package 'ntrip_client' build argument 'cmake_clean_cache' from command line to 'False'
[0.482s] Level 5:colcon.colcon_core.verb:set package 'ntrip_client' build argument 'cmake_clean_first' from command line to 'False'
[0.482s] Level 5:colcon.colcon_core.verb:set package 'ntrip_client' build argument 'cmake_force_configure' from command line to 'False'
[0.482s] Level 5:colcon.colcon_core.verb:set package 'ntrip_client' build argument 'ament_cmake_args' from command line to 'None'
[0.482s] Level 5:colcon.colcon_core.verb:set package 'ntrip_client' build argument 'catkin_cmake_args' from command line to 'None'
[0.482s] Level 5:colcon.colcon_core.verb:set package 'ntrip_client' build argument 'catkin_skip_building_tests' from command line to 'False'
[0.482s] DEBUG:colcon.colcon_core.verb:Building package 'ntrip_client' with the following arguments: {'ament_cmake_args': None, 'build_base': '/home/roverj8/LUIS/ARGJ08/ARGOSJ8_IA_/build/ntrip_client', 'catkin_cmake_args': None, 'catkin_skip_building_tests': False, 'cmake_args': None, 'cmake_clean_cache': False, 'cmake_clean_first': False, 'cmake_force_configure': False, 'cmake_target': None, 'cmake_target_skip_unavailable': False, 'install_base': '/home/roverj8/LUIS/ARGJ08/ARGOSJ8_IA_/install/ntrip_client', 'merge_install': False, 'path': '/home/roverj8/LUIS/ARGJ08/ARGOSJ8_IA_/src/argo_drivers_pkgs/ntrip_client', 'symlink_install': False, 'test_result_base': None}
[0.483s] Level 5:colcon.colcon_core.verb:set package 'path_manager_interfaces' build argument 'cmake_args' from command line to 'None'
[0.483s] Level 5:colcon.colcon_core.verb:set package 'path_manager_interfaces' build argument 'cmake_target' from command line to 'None'
[0.483s] Level 5:colcon.colcon_core.verb:set package 'path_manager_interfaces' build argument 'cmake_target_skip_unavailable' from command line to 'False'
[0.483s] Level 5:colcon.colcon_core.verb:set package 'path_manager_interfaces' build argument 'cmake_clean_cache' from command line to 'False'
[0.483s] Level 5:colcon.colcon_core.verb:set package 'path_manager_interfaces' build argument 'cmake_clean_first' from command line to 'False'
[0.483s] Level 5:colcon.colcon_core.verb:set package 'path_manager_interfaces' build argument 'cmake_force_configure' from command line to 'False'
[0.483s] Level 5:colcon.colcon_core.verb:set package 'path_manager_interfaces' build argument 'ament_cmake_args' from command line to 'None'
[0.483s] Level 5:colcon.colcon_core.verb:set package 'path_manager_interfaces' build argument 'catkin_cmake_args' from command line to 'None'
[0.483s] Level 5:colcon.colcon_core.verb:set package 'path_manager_interfaces' build argument 'catkin_skip_building_tests' from command line to 'False'
[0.483s] DEBUG:colcon.colcon_core.verb:Building package 'path_manager_interfaces' with the following arguments: {'ament_cmake_args': None, 'build_base': '/home/roverj8/LUIS/ARGJ08/ARGOSJ8_IA_/build/path_manager_interfaces', 'catkin_cmake_args': None, 'catkin_skip_building_tests': False, 'cmake_args': None, 'cmake_clean_cache': False, 'cmake_clean_first': False, 'cmake_force_configure': False, 'cmake_target': None, 'cmake_target_skip_unavailable': False, 'install_base': '/home/roverj8/LUIS/ARGJ08/ARGOSJ8_IA_/install/path_manager_interfaces', 'merge_install': False, 'path': '/home/roverj8/LUIS/ARGJ08/ARGOSJ8_IA_/src/path_manager/path_manager_interfaces', 'symlink_install': False, 'test_result_base': None}
[0.483s] Level 5:colcon.colcon_core.verb:set package 'sdl2_vendor' build argument 'cmake_args' from command line to 'None'
[0.483s] Level 5:colcon.colcon_core.verb:set package 'sdl2_vendor' build argument 'cmake_target' from command line to 'None'
[0.483s] Level 5:colcon.colcon_core.verb:set package 'sdl2_vendor' build argument 'cmake_target_skip_unavailable' from command line to 'False'
[0.483s] Level 5:colcon.colcon_core.verb:set package 'sdl2_vendor' build argument 'cmake_clean_cache' from command line to 'False'
[0.483s] Level 5:colcon.colcon_core.verb:set package 'sdl2_vendor' build argument 'cmake_clean_first' from command line to 'False'
[0.483s] Level 5:colcon.colcon_core.verb:set package 'sdl2_vendor' build argument 'cmake_force_configure' from command line to 'False'
[0.484s] Level 5:colcon.colcon_core.verb:set package 'sdl2_vendor' build argument 'ament_cmake_args' from command line to 'None'
[0.484s] Level 5:colcon.colcon_core.verb:set package 'sdl2_vendor' build argument 'catkin_cmake_args' from command line to 'None'
[0.484s] Level 5:colcon.colcon_core.verb:set package 'sdl2_vendor' build argument 'catkin_skip_building_tests' from command line to 'False'
[0.484s] DEBUG:colcon.colcon_core.verb:Building package 'sdl2_vendor' with the following arguments: {'ament_cmake_args': None, 'build_base': '/home/roverj8/LUIS/ARGJ08/ARGOSJ8_IA_/build/sdl2_vendor', 'catkin_cmake_args': None, 'catkin_skip_building_tests': False, 'cmake_args': None, 'cmake_clean_cache': False, 'cmake_clean_first': False, 'cmake_force_configure': False, 'cmake_target': None, 'cmake_target_skip_unavailable': False, 'install_base': '/home/roverj8/LUIS/ARGJ08/ARGOSJ8_IA_/install/sdl2_vendor', 'merge_install': False, 'path': '/home/roverj8/LUIS/ARGJ08/ARGOSJ8_IA_/src/j8_joystick/sdl2_vendor', 'symlink_install': False, 'test_result_base': None}
[0.484s] Level 5:colcon.colcon_core.verb:set package 'security_check_interfaces' build argument 'cmake_args' from command line to 'None'
[0.484s] Level 5:colcon.colcon_core.verb:set package 'security_check_interfaces' build argument 'cmake_target' from command line to 'None'
[0.484s] Level 5:colcon.colcon_core.verb:set package 'security_check_interfaces' build argument 'cmake_target_skip_unavailable' from command line to 'False'
[0.484s] Level 5:colcon.colcon_core.verb:set package 'security_check_interfaces' build argument 'cmake_clean_cache' from command line to 'False'
[0.484s] Level 5:colcon.colcon_core.verb:set package 'security_check_interfaces' build argument 'cmake_clean_first' from command line to 'False'
[0.484s] Level 5:colcon.colcon_core.verb:set package 'security_check_interfaces' build argument 'cmake_force_configure' from command line to 'False'
[0.484s] Level 5:colcon.colcon_core.verb:set package 'security_check_interfaces' build argument 'ament_cmake_args' from command line to 'None'
[0.484s] Level 5:colcon.colcon_core.verb:set package 'security_check_interfaces' build argument 'catkin_cmake_args' from command line to 'None'
[0.484s] Level 5:colcon.colcon_core.verb:set package 'security_check_interfaces' build argument 'catkin_skip_building_tests' from command line to 'False'
[0.484s] DEBUG:colcon.colcon_core.verb:Building package 'security_check_interfaces' with the following arguments: {'ament_cmake_args': None, 'build_base': '/home/roverj8/LUIS/ARGJ08/ARGOSJ8_IA_/build/security_check_interfaces', 'catkin_cmake_args': None, 'catkin_skip_building_tests': False, 'cmake_args': None, 'cmake_clean_cache': False, 'cmake_clean_first': False, 'cmake_force_configure': False, 'cmake_target': None, 'cmake_target_skip_unavailable': False, 'install_base': '/home/roverj8/LUIS/ARGJ08/ARGOSJ8_IA_/install/security_check_interfaces', 'merge_install': False, 'path': '/home/roverj8/LUIS/ARGJ08/ARGOSJ8_IA_/src/security_check/security_check_interfaces', 'symlink_install': False, 'test_result_base': None}
[0.484s] Level 5:colcon.colcon_core.verb:set package 'slg_msgs' build argument 'cmake_args' from command line to 'None'
[0.484s] Level 5:colcon.colcon_core.verb:set package 'slg_msgs' build argument 'cmake_target' from command line to 'None'
[0.484s] Level 5:colcon.colcon_core.verb:set package 'slg_msgs' build argument 'cmake_target_skip_unavailable' from command line to 'False'
[0.485s] Level 5:colcon.colcon_core.verb:set package 'slg_msgs' build argument 'cmake_clean_cache' from command line to 'False'
[0.485s] Level 5:colcon.colcon_core.verb:set package 'slg_msgs' build argument 'cmake_clean_first' from command line to 'False'
[0.485s] Level 5:colcon.colcon_core.verb:set package 'slg_msgs' build argument 'cmake_force_configure' from command line to 'False'
[0.485s] Level 5:colcon.colcon_core.verb:set package 'slg_msgs' build argument 'ament_cmake_args' from command line to 'None'
[0.485s] Level 5:colcon.colcon_core.verb:set package 'slg_msgs' build argument 'catkin_cmake_args' from command line to 'None'
[0.485s] Level 5:colcon.colcon_core.verb:set package 'slg_msgs' build argument 'catkin_skip_building_tests' from command line to 'False'
[0.485s] DEBUG:colcon.colcon_core.verb:Building package 'slg_msgs' with the following arguments: {'ament_cmake_args': None, 'build_base': '/home/roverj8/LUIS/ARGJ08/ARGOSJ8_IA_/build/slg_msgs', 'catkin_cmake_args': None, 'catkin_skip_building_tests': False, 'cmake_args': None, 'cmake_clean_cache': False, 'cmake_clean_first': False, 'cmake_force_configure': False, 'cmake_target': None, 'cmake_target_skip_unavailable': False, 'install_base': '/home/roverj8/LUIS/ARGJ08/ARGOSJ8_IA_/install/slg_msgs', 'merge_install': False, 'path': '/home/roverj8/LUIS/ARGJ08/ARGOSJ8_IA_/src/lidar_process_pkgs/slg_msgs', 'symlink_install': False, 'test_result_base': None}
[0.485s] Level 5:colcon.colcon_core.verb:set package 'spacenav' build argument 'cmake_args' from command line to 'None'
[0.485s] Level 5:colcon.colcon_core.verb:set package 'spacenav' build argument 'cmake_target' from command line to 'None'
[0.485s] Level 5:colcon.colcon_core.verb:set package 'spacenav' build argument 'cmake_target_skip_unavailable' from command line to 'False'
[0.485s] Level 5:colcon.colcon_core.verb:set package 'spacenav' build argument 'cmake_clean_cache' from command line to 'False'
[0.485s] Level 5:colcon.colcon_core.verb:set package 'spacenav' build argument 'cmake_clean_first' from command line to 'False'
[0.485s] Level 5:colcon.colcon_core.verb:set package 'spacenav' build argument 'cmake_force_configure' from command line to 'False'
[0.485s] Level 5:colcon.colcon_core.verb:set package 'spacenav' build argument 'ament_cmake_args' from command line to 'None'
[0.485s] Level 5:colcon.colcon_core.verb:set package 'spacenav' build argument 'catkin_cmake_args' from command line to 'None'
[0.485s] Level 5:colcon.colcon_core.verb:set package 'spacenav' build argument 'catkin_skip_building_tests' from command line to 'False'
[0.485s] DEBUG:colcon.colcon_core.verb:Building package 'spacenav' with the following arguments: {'ament_cmake_args': None, 'build_base': '/home/roverj8/LUIS/ARGJ08/ARGOSJ8_IA_/build/spacenav', 'catkin_cmake_args': None, 'catkin_skip_building_tests': False, 'cmake_args': None, 'cmake_clean_cache': False, 'cmake_clean_first': False, 'cmake_force_configure': False, 'cmake_target': None, 'cmake_target_skip_unavailable': False, 'install_base': '/home/roverj8/LUIS/ARGJ08/ARGOSJ8_IA_/install/spacenav', 'merge_install': False, 'path': '/home/roverj8/LUIS/ARGJ08/ARGOSJ8_IA_/src/j8_joystick/spacenav', 'symlink_install': False, 'test_result_base': None}
[0.485s] Level 5:colcon.colcon_core.verb:set package 'ublox_serialization' build argument 'cmake_args' from command line to 'None'
[0.485s] Level 5:colcon.colcon_core.verb:set package 'ublox_serialization' build argument 'cmake_target' from command line to 'None'
[0.485s] Level 5:colcon.colcon_core.verb:set package 'ublox_serialization' build argument 'cmake_target_skip_unavailable' from command line to 'False'
[0.485s] Level 5:colcon.colcon_core.verb:set package 'ublox_serialization' build argument 'cmake_clean_cache' from command line to 'False'
[0.485s] Level 5:colcon.colcon_core.verb:set package 'ublox_serialization' build argument 'cmake_clean_first' from command line to 'False'
[0.485s] Level 5:colcon.colcon_core.verb:set package 'ublox_serialization' build argument 'cmake_force_configure' from command line to 'False'
[0.485s] Level 5:colcon.colcon_core.verb:set package 'ublox_serialization' build argument 'ament_cmake_args' from command line to 'None'
[0.485s] Level 5:colcon.colcon_core.verb:set package 'ublox_serialization' build argument 'catkin_cmake_args' from command line to 'None'
[0.485s] Level 5:colcon.colcon_core.verb:set package 'ublox_serialization' build argument 'catkin_skip_building_tests' from command line to 'False'
[0.486s] DEBUG:colcon.colcon_core.verb:Building package 'ublox_serialization' with the following arguments: {'ament_cmake_args': None, 'build_base': '/home/roverj8/LUIS/ARGJ08/ARGOSJ8_IA_/build/ublox_serialization', 'catkin_cmake_args': None, 'catkin_skip_building_tests': False, 'cmake_args': None, 'cmake_clean_cache': False, 'cmake_clean_first': False, 'cmake_force_configure': False, 'cmake_target': None, 'cmake_target_skip_unavailable': False, 'install_base': '/home/roverj8/LUIS/ARGJ08/ARGOSJ8_IA_/install/ublox_serialization', 'merge_install': False, 'path': '/home/roverj8/LUIS/ARGJ08/ARGOSJ8_IA_/src/argo_drivers_pkgs/ublox/ublox_serialization', 'symlink_install': False, 'test_result_base': None}
[0.486s] Level 5:colcon.colcon_core.verb:set package 'wiimote_msgs' build argument 'cmake_args' from command line to 'None'
[0.486s] Level 5:colcon.colcon_core.verb:set package 'wiimote_msgs' build argument 'cmake_target' from command line to 'None'
[0.486s] Level 5:colcon.colcon_core.verb:set package 'wiimote_msgs' build argument 'cmake_target_skip_unavailable' from command line to 'False'
[0.486s] Level 5:colcon.colcon_core.verb:set package 'wiimote_msgs' build argument 'cmake_clean_cache' from command line to 'False'
[0.486s] Level 5:colcon.colcon_core.verb:set package 'wiimote_msgs' build argument 'cmake_clean_first' from command line to 'False'
[0.486s] Level 5:colcon.colcon_core.verb:set package 'wiimote_msgs' build argument 'cmake_force_configure' from command line to 'False'
[0.486s] Level 5:colcon.colcon_core.verb:set package 'wiimote_msgs' build argument 'ament_cmake_args' from command line to 'None'
[0.486s] Level 5:colcon.colcon_core.verb:set package 'wiimote_msgs' build argument 'catkin_cmake_args' from command line to 'None'
[0.486s] Level 5:colcon.colcon_core.verb:set package 'wiimote_msgs' build argument 'catkin_skip_building_tests' from command line to 'False'
[0.486s] DEBUG:colcon.colcon_core.verb:Building package 'wiimote_msgs' with the following arguments: {'ament_cmake_args': None, 'build_base': '/home/roverj8/LUIS/ARGJ08/ARGOSJ8_IA_/build/wiimote_msgs', 'catkin_cmake_args': None, 'catkin_skip_building_tests': False, 'cmake_args': None, 'cmake_clean_cache': False, 'cmake_clean_first': False, 'cmake_force_configure': False, 'cmake_target': None, 'cmake_target_skip_unavailable': False, 'install_base': '/home/roverj8/LUIS/ARGJ08/ARGOSJ8_IA_/install/wiimote_msgs', 'merge_install': False, 'path': '/home/roverj8/LUIS/ARGJ08/ARGOSJ8_IA_/src/j8_joystick/wiimote_msgs', 'symlink_install': False, 'test_result_base': None}
[0.486s] Level 5:colcon.colcon_core.verb:set package 'argj801_ctl_platform' build argument 'cmake_args' from command line to 'None'
[0.486s] Level 5:colcon.colcon_core.verb:set package 'argj801_ctl_platform' build argument 'cmake_target' from command line to 'None'
[0.486s] Level 5:colcon.colcon_core.verb:set package 'argj801_ctl_platform' build argument 'cmake_target_skip_unavailable' from command line to 'False'
[0.486s] Level 5:colcon.colcon_core.verb:set package 'argj801_ctl_platform' build argument 'cmake_clean_cache' from command line to 'False'
[0.486s] Level 5:colcon.colcon_core.verb:set package 'argj801_ctl_platform' build argument 'cmake_clean_first' from command line to 'False'
[0.486s] Level 5:colcon.colcon_core.verb:set package 'argj801_ctl_platform' build argument 'cmake_force_configure' from command line to 'False'
[0.486s] Level 5:colcon.colcon_core.verb:set package 'argj801_ctl_platform' build argument 'ament_cmake_args' from command line to 'None'
[0.486s] Level 5:colcon.colcon_core.verb:set package 'argj801_ctl_platform' build argument 'catkin_cmake_args' from command line to 'None'
[0.486s] Level 5:colcon.colcon_core.verb:set package 'argj801_ctl_platform' build argument 'catkin_skip_building_tests' from command line to 'False'
[0.486s] DEBUG:colcon.colcon_core.verb:Building package 'argj801_ctl_platform' with the following arguments: {'ament_cmake_args': None, 'build_base': '/home/roverj8/LUIS/ARGJ08/ARGOSJ8_IA_/build/argj801_ctl_platform', 'catkin_cmake_args': None, 'catkin_skip_building_tests': False, 'cmake_args': None, 'cmake_clean_cache': False, 'cmake_clean_first': False, 'cmake_force_configure': False, 'cmake_target': None, 'cmake_target_skip_unavailable': False, 'install_base': '/home/roverj8/LUIS/ARGJ08/ARGOSJ8_IA_/install/argj801_ctl_platform', 'merge_install': False, 'path': '/home/roverj8/LUIS/ARGJ08/ARGOSJ8_IA_/src/argj801_ctl_platform/argj801_ctl_platform', 'symlink_install': False, 'test_result_base': None}
[0.487s] Level 5:colcon.colcon_core.verb:set package 'argj801_sensors' build argument 'cmake_args' from command line to 'None'
[0.487s] Level 5:colcon.colcon_core.verb:set package 'argj801_sensors' build argument 'cmake_target' from command line to 'None'
[0.487s] Level 5:colcon.colcon_core.verb:set package 'argj801_sensors' build argument 'cmake_target_skip_unavailable' from command line to 'False'
[0.487s] Level 5:colcon.colcon_core.verb:set package 'argj801_sensors' build argument 'cmake_clean_cache' from command line to 'False'
[0.487s] Level 5:colcon.colcon_core.verb:set package 'argj801_sensors' build argument 'cmake_clean_first' from command line to 'False'
[0.487s] Level 5:colcon.colcon_core.verb:set package 'argj801_sensors' build argument 'cmake_force_configure' from command line to 'False'
[0.487s] Level 5:colcon.colcon_core.verb:set package 'argj801_sensors' build argument 'ament_cmake_args' from command line to 'None'
[0.487s] Level 5:colcon.colcon_core.verb:set package 'argj801_sensors' build argument 'catkin_cmake_args' from command line to 'None'
[0.487s] Level 5:colcon.colcon_core.verb:set package 'argj801_sensors' build argument 'catkin_skip_building_tests' from command line to 'False'
[0.487s] DEBUG:colcon.colcon_core.verb:Building package 'argj801_sensors' with the following arguments: {'ament_cmake_args': None, 'build_base': '/home/roverj8/LUIS/ARGJ08/ARGOSJ8_IA_/build/argj801_sensors', 'catkin_cmake_args': None, 'catkin_skip_building_tests': False, 'cmake_args': None, 'cmake_clean_cache': False, 'cmake_clean_first': False, 'cmake_force_configure': False, 'cmake_target': None, 'cmake_target_skip_unavailable': False, 'install_base': '/home/roverj8/LUIS/ARGJ08/ARGOSJ8_IA_/install/argj801_sensors', 'merge_install': False, 'path': '/home/roverj8/LUIS/ARGJ08/ARGOSJ8_IA_/src/argo_drivers_pkgs/argj801_sensors/argj801_sensors', 'symlink_install': False, 'test_result_base': None}
[0.487s] Level 5:colcon.colcon_core.verb:set package 'car' build argument 'cmake_args' from command line to 'None'
[0.487s] Level 5:colcon.colcon_core.verb:set package 'car' build argument 'cmake_target' from command line to 'None'
[0.487s] Level 5:colcon.colcon_core.verb:set package 'car' build argument 'cmake_target_skip_unavailable' from command line to 'False'
[0.487s] Level 5:colcon.colcon_core.verb:set package 'car' build argument 'cmake_clean_cache' from command line to 'False'
[0.487s] Level 5:colcon.colcon_core.verb:set package 'car' build argument 'cmake_clean_first' from command line to 'False'
[0.487s] Level 5:colcon.colcon_core.verb:set package 'car' build argument 'cmake_force_configure' from command line to 'False'
[0.487s] Level 5:colcon.colcon_core.verb:set package 'car' build argument 'ament_cmake_args' from command line to 'None'
[0.487s] Level 5:colcon.colcon_core.verb:set package 'car' build argument 'catkin_cmake_args' from command line to 'None'
[0.487s] Level 5:colcon.colcon_core.verb:set package 'car' build argument 'catkin_skip_building_tests' from command line to 'False'
[0.487s] DEBUG:colcon.colcon_core.verb:Building package 'car' with the following arguments: {'ament_cmake_args': None, 'build_base': '/home/roverj8/LUIS/ARGJ08/ARGOSJ8_IA_/build/car', 'catkin_cmake_args': None, 'catkin_skip_building_tests': False, 'cmake_args': None, 'cmake_clean_cache': False, 'cmake_clean_first': False, 'cmake_force_configure': False, 'cmake_target': None, 'cmake_target_skip_unavailable': False, 'install_base': '/home/roverj8/LUIS/ARGJ08/ARGOSJ8_IA_/install/car', 'merge_install': False, 'path': '/home/roverj8/LUIS/ARGJ08/ARGOSJ8_IA_/src/car_python', 'symlink_install': False, 'test_result_base': None}
[0.488s] Level 5:colcon.colcon_core.verb:set package 'car_cpp' build argument 'cmake_args' from command line to 'None'
[0.488s] Level 5:colcon.colcon_core.verb:set package 'car_cpp' build argument 'cmake_target' from command line to 'None'
[0.488s] Level 5:colcon.colcon_core.verb:set package 'car_cpp' build argument 'cmake_target_skip_unavailable' from command line to 'False'
[0.488s] Level 5:colcon.colcon_core.verb:set package 'car_cpp' build argument 'cmake_clean_cache' from command line to 'False'
[0.488s] Level 5:colcon.colcon_core.verb:set package 'car_cpp' build argument 'cmake_clean_first' from command line to 'False'
[0.488s] Level 5:colcon.colcon_core.verb:set package 'car_cpp' build argument 'cmake_force_configure' from command line to 'False'
[0.488s] Level 5:colcon.colcon_core.verb:set package 'car_cpp' build argument 'ament_cmake_args' from command line to 'None'
[0.488s] Level 5:colcon.colcon_core.verb:set package 'car_cpp' build argument 'catkin_cmake_args' from command line to 'None'
[0.488s] Level 5:colcon.colcon_core.verb:set package 'car_cpp' build argument 'catkin_skip_building_tests' from command line to 'False'
[0.488s] DEBUG:colcon.colcon_core.verb:Building package 'car_cpp' with the following arguments: {'ament_cmake_args': None, 'build_base': '/home/roverj8/LUIS/ARGJ08/ARGOSJ8_IA_/build/car_cpp', 'catkin_cmake_args': None, 'catkin_skip_building_tests': False, 'cmake_args': None, 'cmake_clean_cache': False, 'cmake_clean_first': False, 'cmake_force_configure': False, 'cmake_target': None, 'cmake_target_skip_unavailable': False, 'install_base': '/home/roverj8/LUIS/ARGJ08/ARGOSJ8_IA_/install/car_cpp', 'merge_install': False, 'path': '/home/roverj8/LUIS/ARGJ08/ARGOSJ8_IA_/src/car_cpp', 'symlink_install': False, 'test_result_base': None}
[0.488s] Level 5:colcon.colcon_core.verb:set package 'fixposition_driver_lib' build argument 'cmake_args' from command line to 'None'
[0.488s] Level 5:colcon.colcon_core.verb:set package 'fixposition_driver_lib' build argument 'cmake_target' from command line to 'None'
[0.488s] Level 5:colcon.colcon_core.verb:set package 'fixposition_driver_lib' build argument 'cmake_target_skip_unavailable' from command line to 'False'
[0.488s] Level 5:colcon.colcon_core.verb:set package 'fixposition_driver_lib' build argument 'cmake_clean_cache' from command line to 'False'
[0.488s] Level 5:colcon.colcon_core.verb:set package 'fixposition_driver_lib' build argument 'cmake_clean_first' from command line to 'False'
[0.488s] Level 5:colcon.colcon_core.verb:set package 'fixposition_driver_lib' build argument 'cmake_force_configure' from command line to 'False'
[0.488s] Level 5:colcon.colcon_core.verb:set package 'fixposition_driver_lib' build argument 'ament_cmake_args' from command line to 'None'
[0.488s] Level 5:colcon.colcon_core.verb:set package 'fixposition_driver_lib' build argument 'catkin_cmake_args' from command line to 'None'
[0.488s] Level 5:colcon.colcon_core.verb:set package 'fixposition_driver_lib' build argument 'catkin_skip_building_tests' from command line to 'False'
[0.488s] DEBUG:colcon.colcon_core.verb:Building package 'fixposition_driver_lib' with the following arguments: {'ament_cmake_args': None, 'build_base': '/home/roverj8/LUIS/ARGJ08/ARGOSJ8_IA_/build/fixposition_driver_lib', 'catkin_cmake_args': None, 'catkin_skip_building_tests': False, 'cmake_args': None, 'cmake_clean_cache': False, 'cmake_clean_first': False, 'cmake_force_configure': False, 'cmake_target': None, 'cmake_target_skip_unavailable': False, 'install_base': '/home/roverj8/LUIS/ARGJ08/ARGOSJ8_IA_/install/fixposition_driver_lib', 'merge_install': False, 'path': '/home/roverj8/LUIS/ARGJ08/ARGOSJ8_IA_/src/argo_drivers_pkgs/Fixposition_driver_pkg/fixposition_driver-main/fixposition_driver_lib', 'symlink_install': False, 'test_result_base': None}
[0.489s] Level 5:colcon.colcon_core.verb:set package 'joy' build argument 'cmake_args' from command line to 'None'
[0.489s] Level 5:colcon.colcon_core.verb:set package 'joy' build argument 'cmake_target' from command line to 'None'
[0.489s] Level 5:colcon.colcon_core.verb:set package 'joy' build argument 'cmake_target_skip_unavailable' from command line to 'False'
[0.489s] Level 5:colcon.colcon_core.verb:set package 'joy' build argument 'cmake_clean_cache' from command line to 'False'
[0.489s] Level 5:colcon.colcon_core.verb:set package 'joy' build argument 'cmake_clean_first' from command line to 'False'
[0.489s] Level 5:colcon.colcon_core.verb:set package 'joy' build argument 'cmake_force_configure' from command line to 'False'
[0.489s] Level 5:colcon.colcon_core.verb:set package 'joy' build argument 'ament_cmake_args' from command line to 'None'
[0.489s] Level 5:colcon.colcon_core.verb:set package 'joy' build argument 'catkin_cmake_args' from command line to 'None'
[0.489s] Level 5:colcon.colcon_core.verb:set package 'joy' build argument 'catkin_skip_building_tests' from command line to 'False'
[0.489s] DEBUG:colcon.colcon_core.verb:Building package 'joy' with the following arguments: {'ament_cmake_args': None, 'build_base': '/home/roverj8/LUIS/ARGJ08/ARGOSJ8_IA_/build/joy', 'catkin_cmake_args': None, 'catkin_skip_building_tests': False, 'cmake_args': None, 'cmake_clean_cache': False, 'cmake_clean_first': False, 'cmake_force_configure': False, 'cmake_target': None, 'cmake_target_skip_unavailable': False, 'install_base': '/home/roverj8/LUIS/ARGJ08/ARGOSJ8_IA_/install/joy', 'merge_install': False, 'path': '/home/roverj8/LUIS/ARGJ08/ARGOSJ8_IA_/src/j8_joystick/joy', 'symlink_install': False, 'test_result_base': None}
[0.489s] Level 5:colcon.colcon_core.verb:set package 'laser_segmentation' build argument 'cmake_args' from command line to 'None'
[0.489s] Level 5:colcon.colcon_core.verb:set package 'laser_segmentation' build argument 'cmake_target' from command line to 'None'
[0.489s] Level 5:colcon.colcon_core.verb:set package 'laser_segmentation' build argument 'cmake_target_skip_unavailable' from command line to 'False'
[0.489s] Level 5:colcon.colcon_core.verb:set package 'laser_segmentation' build argument 'cmake_clean_cache' from command line to 'False'
[0.489s] Level 5:colcon.colcon_core.verb:set package 'laser_segmentation' build argument 'cmake_clean_first' from command line to 'False'
[0.489s] Level 5:colcon.colcon_core.verb:set package 'laser_segmentation' build argument 'cmake_force_configure' from command line to 'False'
[0.489s] Level 5:colcon.colcon_core.verb:set package 'laser_segmentation' build argument 'ament_cmake_args' from command line to 'None'
[0.489s] Level 5:colcon.colcon_core.verb:set package 'laser_segmentation' build argument 'catkin_cmake_args' from command line to 'None'
[0.489s] Level 5:colcon.colcon_core.verb:set package 'laser_segmentation' build argument 'catkin_skip_building_tests' from command line to 'False'
[0.489s] DEBUG:colcon.colcon_core.verb:Building package 'laser_segmentation' with the following arguments: {'ament_cmake_args': None, 'build_base': '/home/roverj8/LUIS/ARGJ08/ARGOSJ8_IA_/build/laser_segmentation', 'catkin_cmake_args': None, 'catkin_skip_building_tests': False, 'cmake_args': None, 'cmake_clean_cache': False, 'cmake_clean_first': False, 'cmake_force_configure': False, 'cmake_target': None, 'cmake_target_skip_unavailable': False, 'install_base': '/home/roverj8/LUIS/ARGJ08/ARGOSJ8_IA_/install/laser_segmentation', 'merge_install': False, 'path': '/home/roverj8/LUIS/ARGJ08/ARGOSJ8_IA_/src/lidar_process_pkgs/laser_segmentation', 'symlink_install': False, 'test_result_base': None}
[0.490s] Level 5:colcon.colcon_core.verb:set package 'path_manager' build argument 'cmake_args' from command line to 'None'
[0.490s] Level 5:colcon.colcon_core.verb:set package 'path_manager' build argument 'cmake_target' from command line to 'None'
[0.490s] Level 5:colcon.colcon_core.verb:set package 'path_manager' build argument 'cmake_target_skip_unavailable' from command line to 'False'
[0.490s] Level 5:colcon.colcon_core.verb:set package 'path_manager' build argument 'cmake_clean_cache' from command line to 'False'
[0.490s] Level 5:colcon.colcon_core.verb:set package 'path_manager' build argument 'cmake_clean_first' from command line to 'False'
[0.490s] Level 5:colcon.colcon_core.verb:set package 'path_manager' build argument 'cmake_force_configure' from command line to 'False'
[0.490s] Level 5:colcon.colcon_core.verb:set package 'path_manager' build argument 'ament_cmake_args' from command line to 'None'
[0.490s] Level 5:colcon.colcon_core.verb:set package 'path_manager' build argument 'catkin_cmake_args' from command line to 'None'
[0.490s] Level 5:colcon.colcon_core.verb:set package 'path_manager' build argument 'catkin_skip_building_tests' from command line to 'False'
[0.490s] DEBUG:colcon.colcon_core.verb:Building package 'path_manager' with the following arguments: {'ament_cmake_args': None, 'build_base': '/home/roverj8/LUIS/ARGJ08/ARGOSJ8_IA_/build/path_manager', 'catkin_cmake_args': None, 'catkin_skip_building_tests': False, 'cmake_args': None, 'cmake_clean_cache': False, 'cmake_clean_first': False, 'cmake_force_configure': False, 'cmake_target': None, 'cmake_target_skip_unavailable': False, 'install_base': '/home/roverj8/LUIS/ARGJ08/ARGOSJ8_IA_/install/path_manager', 'merge_install': False, 'path': '/home/roverj8/LUIS/ARGJ08/ARGOSJ8_IA_/src/path_manager/path_manager', 'symlink_install': False, 'test_result_base': None}
[0.490s] Level 5:colcon.colcon_core.verb:set package 'ublox_msgs' build argument 'cmake_args' from command line to 'None'
[0.490s] Level 5:colcon.colcon_core.verb:set package 'ublox_msgs' build argument 'cmake_target' from command line to 'None'
[0.490s] Level 5:colcon.colcon_core.verb:set package 'ublox_msgs' build argument 'cmake_target_skip_unavailable' from command line to 'False'
[0.490s] Level 5:colcon.colcon_core.verb:set package 'ublox_msgs' build argument 'cmake_clean_cache' from command line to 'False'
[0.490s] Level 5:colcon.colcon_core.verb:set package 'ublox_msgs' build argument 'cmake_clean_first' from command line to 'False'
[0.490s] Level 5:colcon.colcon_core.verb:set package 'ublox_msgs' build argument 'cmake_force_configure' from command line to 'False'
[0.490s] Level 5:colcon.colcon_core.verb:set package 'ublox_msgs' build argument 'ament_cmake_args' from command line to 'None'
[0.490s] Level 5:colcon.colcon_core.verb:set package 'ublox_msgs' build argument 'catkin_cmake_args' from command line to 'None'
[0.490s] Level 5:colcon.colcon_core.verb:set package 'ublox_msgs' build argument 'catkin_skip_building_tests' from command line to 'False'
[0.490s] DEBUG:colcon.colcon_core.verb:Building package 'ublox_msgs' with the following arguments: {'ament_cmake_args': None, 'build_base': '/home/roverj8/LUIS/ARGJ08/ARGOSJ8_IA_/build/ublox_msgs', 'catkin_cmake_args': None, 'catkin_skip_building_tests': False, 'cmake_args': None, 'cmake_clean_cache': False, 'cmake_clean_first': False, 'cmake_force_configure': False, 'cmake_target': None, 'cmake_target_skip_unavailable': False, 'install_base': '/home/roverj8/LUIS/ARGJ08/ARGOSJ8_IA_/install/ublox_msgs', 'merge_install': False, 'path': '/home/roverj8/LUIS/ARGJ08/ARGOSJ8_IA_/src/argo_drivers_pkgs/ublox/ublox_msgs', 'symlink_install': False, 'test_result_base': None}
[0.490s] Level 5:colcon.colcon_core.verb:set package 'ctl_mission' build argument 'cmake_args' from command line to 'None'
[0.491s] Level 5:colcon.colcon_core.verb:set package 'ctl_mission' build argument 'cmake_target' from command line to 'None'
[0.491s] Level 5:colcon.colcon_core.verb:set package 'ctl_mission' build argument 'cmake_target_skip_unavailable' from command line to 'False'
[0.491s] Level 5:colcon.colcon_core.verb:set package 'ctl_mission' build argument 'cmake_clean_cache' from command line to 'False'
[0.491s] Level 5:colcon.colcon_core.verb:set package 'ctl_mission' build argument 'cmake_clean_first' from command line to 'False'
[0.491s] Level 5:colcon.colcon_core.verb:set package 'ctl_mission' build argument 'cmake_force_configure' from command line to 'False'
[0.491s] Level 5:colcon.colcon_core.verb:set package 'ctl_mission' build argument 'ament_cmake_args' from command line to 'None'
[0.491s] Level 5:colcon.colcon_core.verb:set package 'ctl_mission' build argument 'catkin_cmake_args' from command line to 'None'
[0.491s] Level 5:colcon.colcon_core.verb:set package 'ctl_mission' build argument 'catkin_skip_building_tests' from command line to 'False'
[0.491s] DEBUG:colcon.colcon_core.verb:Building package 'ctl_mission' with the following arguments: {'ament_cmake_args': None, 'build_base': '/home/roverj8/LUIS/ARGJ08/ARGOSJ8_IA_/build/ctl_mission', 'catkin_cmake_args': None, 'catkin_skip_building_tests': False, 'cmake_args': None, 'cmake_clean_cache': False, 'cmake_clean_first': False, 'cmake_force_configure': False, 'cmake_target': None, 'cmake_target_skip_unavailable': False, 'install_base': '/home/roverj8/LUIS/ARGJ08/ARGOSJ8_IA_/install/ctl_mission', 'merge_install': False, 'path': '/home/roverj8/LUIS/ARGJ08/ARGOSJ8_IA_/src/ctl_mission/ctl_mission', 'symlink_install': False, 'test_result_base': None}
[0.491s] Level 5:colcon.colcon_core.verb:set package 'fixposition_driver_ros2' build argument 'cmake_args' from command line to 'None'
[0.491s] Level 5:colcon.colcon_core.verb:set package 'fixposition_driver_ros2' build argument 'cmake_target' from command line to 'None'
[0.491s] Level 5:colcon.colcon_core.verb:set package 'fixposition_driver_ros2' build argument 'cmake_target_skip_unavailable' from command line to 'False'
[0.491s] Level 5:colcon.colcon_core.verb:set package 'fixposition_driver_ros2' build argument 'cmake_clean_cache' from command line to 'False'
[0.491s] Level 5:colcon.colcon_core.verb:set package 'fixposition_driver_ros2' build argument 'cmake_clean_first' from command line to 'False'
[0.491s] Level 5:colcon.colcon_core.verb:set package 'fixposition_driver_ros2' build argument 'cmake_force_configure' from command line to 'False'
[0.491s] Level 5:colcon.colcon_core.verb:set package 'fixposition_driver_ros2' build argument 'ament_cmake_args' from command line to 'None'
[0.491s] Level 5:colcon.colcon_core.verb:set package 'fixposition_driver_ros2' build argument 'catkin_cmake_args' from command line to 'None'
[0.491s] Level 5:colcon.colcon_core.verb:set package 'fixposition_driver_ros2' build argument 'catkin_skip_building_tests' from command line to 'False'
[0.491s] DEBUG:colcon.colcon_core.verb:Building package 'fixposition_driver_ros2' with the following arguments: {'ament_cmake_args': None, 'build_base': '/home/roverj8/LUIS/ARGJ08/ARGOSJ8_IA_/build/fixposition_driver_ros2', 'catkin_cmake_args': None, 'catkin_skip_building_tests': False, 'cmake_args': None, 'cmake_clean_cache': False, 'cmake_clean_first': False, 'cmake_force_configure': False, 'cmake_target': None, 'cmake_target_skip_unavailable': False, 'install_base': '/home/roverj8/LUIS/ARGJ08/ARGOSJ8_IA_/install/fixposition_driver_ros2', 'merge_install': False, 'path': '/home/roverj8/LUIS/ARGJ08/ARGOSJ8_IA_/src/argo_drivers_pkgs/Fixposition_driver_pkg/fixposition_driver-main/fixposition_driver_ros2', 'symlink_install': False, 'test_result_base': None}
[0.491s] Level 5:colcon.colcon_core.verb:set package 'j8_xacro_model' build argument 'cmake_args' from command line to 'None'
[0.491s] Level 5:colcon.colcon_core.verb:set package 'j8_xacro_model' build argument 'cmake_target' from command line to 'None'
[0.492s] Level 5:colcon.colcon_core.verb:set package 'j8_xacro_model' build argument 'cmake_target_skip_unavailable' from command line to 'False'
[0.492s] Level 5:colcon.colcon_core.verb:set package 'j8_xacro_model' build argument 'cmake_clean_cache' from command line to 'False'
[0.492s] Level 5:colcon.colcon_core.verb:set package 'j8_xacro_model' build argument 'cmake_clean_first' from command line to 'False'
[0.492s] Level 5:colcon.colcon_core.verb:set package 'j8_xacro_model' build argument 'cmake_force_configure' from command line to 'False'
[0.492s] Level 5:colcon.colcon_core.verb:set package 'j8_xacro_model' build argument 'ament_cmake_args' from command line to 'None'
[0.492s] Level 5:colcon.colcon_core.verb:set package 'j8_xacro_model' build argument 'catkin_cmake_args' from command line to 'None'
[0.492s] Level 5:colcon.colcon_core.verb:set package 'j8_xacro_model' build argument 'catkin_skip_building_tests' from command line to 'False'
[0.492s] DEBUG:colcon.colcon_core.verb:Building package 'j8_xacro_model' with the following arguments: {'ament_cmake_args': None, 'build_base': '/home/roverj8/LUIS/ARGJ08/ARGOSJ8_IA_/build/j8_xacro_model', 'catkin_cmake_args': None, 'catkin_skip_building_tests': False, 'cmake_args': None, 'cmake_clean_cache': False, 'cmake_clean_first': False, 'cmake_force_configure': False, 'cmake_target': None, 'cmake_target_skip_unavailable': False, 'install_base': '/home/roverj8/LUIS/ARGJ08/ARGOSJ8_IA_/install/j8_xacro_model', 'merge_install': False, 'path': '/home/roverj8/LUIS/ARGJ08/ARGOSJ8_IA_/src/gazebo_sim_pkgs/j8_xacro_model', 'symlink_install': False, 'test_result_base': None}
[0.492s] Level 5:colcon.colcon_core.verb:set package 'ublox_gps' build argument 'cmake_args' from command line to 'None'
[0.492s] Level 5:colcon.colcon_core.verb:set package 'ublox_gps' build argument 'cmake_target' from command line to 'None'
[0.492s] Level 5:colcon.colcon_core.verb:set package 'ublox_gps' build argument 'cmake_target_skip_unavailable' from command line to 'False'
[0.492s] Level 5:colcon.colcon_core.verb:set package 'ublox_gps' build argument 'cmake_clean_cache' from command line to 'False'
[0.492s] Level 5:colcon.colcon_core.verb:set package 'ublox_gps' build argument 'cmake_clean_first' from command line to 'False'
[0.492s] Level 5:colcon.colcon_core.verb:set package 'ublox_gps' build argument 'cmake_force_configure' from command line to 'False'
[0.492s] Level 5:colcon.colcon_core.verb:set package 'ublox_gps' build argument 'ament_cmake_args' from command line to 'None'
[0.492s] Level 5:colcon.colcon_core.verb:set package 'ublox_gps' build argument 'catkin_cmake_args' from command line to 'None'
[0.492s] Level 5:colcon.colcon_core.verb:set package 'ublox_gps' build argument 'catkin_skip_building_tests' from command line to 'False'
[0.492s] DEBUG:colcon.colcon_core.verb:Building package 'ublox_gps' with the following arguments: {'ament_cmake_args': None, 'build_base': '/home/roverj8/LUIS/ARGJ08/ARGOSJ8_IA_/build/ublox_gps', 'catkin_cmake_args': None, 'catkin_skip_building_tests': False, 'cmake_args': None, 'cmake_clean_cache': False, 'cmake_clean_first': False, 'cmake_force_configure': False, 'cmake_target': None, 'cmake_target_skip_unavailable': False, 'install_base': '/home/roverj8/LUIS/ARGJ08/ARGOSJ8_IA_/install/ublox_gps', 'merge_install': False, 'path': '/home/roverj8/LUIS/ARGJ08/ARGOSJ8_IA_/src/argo_drivers_pkgs/ublox/ublox_gps', 'symlink_install': False, 'test_result_base': None}
[0.492s] Level 5:colcon.colcon_core.verb:set package 'fixposition_odometry_converter_ros2' build argument 'cmake_args' from command line to 'None'
[0.492s] Level 5:colcon.colcon_core.verb:set package 'fixposition_odometry_converter_ros2' build argument 'cmake_target' from command line to 'None'
[0.492s] Level 5:colcon.colcon_core.verb:set package 'fixposition_odometry_converter_ros2' build argument 'cmake_target_skip_unavailable' from command line to 'False'
[0.492s] Level 5:colcon.colcon_core.verb:set package 'fixposition_odometry_converter_ros2' build argument 'cmake_clean_cache' from command line to 'False'
[0.492s] Level 5:colcon.colcon_core.verb:set package 'fixposition_odometry_converter_ros2' build argument 'cmake_clean_first' from command line to 'False'
[0.492s] Level 5:colcon.colcon_core.verb:set package 'fixposition_odometry_converter_ros2' build argument 'cmake_force_configure' from command line to 'False'
[0.492s] Level 5:colcon.colcon_core.verb:set package 'fixposition_odometry_converter_ros2' build argument 'ament_cmake_args' from command line to 'None'
[0.493s] Level 5:colcon.colcon_core.verb:set package 'fixposition_odometry_converter_ros2' build argument 'catkin_cmake_args' from command line to 'None'
[0.493s] Level 5:colcon.colcon_core.verb:set package 'fixposition_odometry_converter_ros2' build argument 'catkin_skip_building_tests' from command line to 'False'
[0.493s] DEBUG:colcon.colcon_core.verb:Building package 'fixposition_odometry_converter_ros2' with the following arguments: {'ament_cmake_args': None, 'build_base': '/home/roverj8/LUIS/ARGJ08/ARGOSJ8_IA_/build/fixposition_odometry_converter_ros2', 'catkin_cmake_args': None, 'catkin_skip_building_tests': False, 'cmake_args': None, 'cmake_clean_cache': False, 'cmake_clean_first': False, 'cmake_force_configure': False, 'cmake_target': None, 'cmake_target_skip_unavailable': False, 'install_base': '/home/roverj8/LUIS/ARGJ08/ARGOSJ8_IA_/install/fixposition_odometry_converter_ros2', 'merge_install': False, 'path': '/home/roverj8/LUIS/ARGJ08/ARGOSJ8_IA_/src/argo_drivers_pkgs/Fixposition_driver_pkg/fixposition_driver-main/fixposition_odometry_converter_ros2', 'symlink_install': False, 'test_result_base': None}
[0.493s] Level 5:colcon.colcon_core.verb:set package 'security_check' build argument 'cmake_args' from command line to 'None'
[0.493s] Level 5:colcon.colcon_core.verb:set package 'security_check' build argument 'cmake_target' from command line to 'None'
[0.493s] Level 5:colcon.colcon_core.verb:set package 'security_check' build argument 'cmake_target_skip_unavailable' from command line to 'False'
[0.493s] Level 5:colcon.colcon_core.verb:set package 'security_check' build argument 'cmake_clean_cache' from command line to 'False'
[0.493s] Level 5:colcon.colcon_core.verb:set package 'security_check' build argument 'cmake_clean_first' from command line to 'False'
[0.493s] Level 5:colcon.colcon_core.verb:set package 'security_check' build argument 'cmake_force_configure' from command line to 'False'
[0.493s] Level 5:colcon.colcon_core.verb:set package 'security_check' build argument 'ament_cmake_args' from command line to 'None'
[0.493s] Level 5:colcon.colcon_core.verb:set package 'security_check' build argument 'catkin_cmake_args' from command line to 'None'
[0.493s] Level 5:colcon.colcon_core.verb:set package 'security_check' build argument 'catkin_skip_building_tests' from command line to 'False'
[0.493s] DEBUG:colcon.colcon_core.verb:Building package 'security_check' with the following arguments: {'ament_cmake_args': None, 'build_base': '/home/roverj8/LUIS/ARGJ08/ARGOSJ8_IA_/build/security_check', 'catkin_cmake_args': None, 'catkin_skip_building_tests': False, 'cmake_args': None, 'cmake_clean_cache': False, 'cmake_clean_first': False, 'cmake_force_configure': False, 'cmake_target': None, 'cmake_target_skip_unavailable': False, 'install_base': '/home/roverj8/LUIS/ARGJ08/ARGOSJ8_IA_/install/security_check', 'merge_install': False, 'path': '/home/roverj8/LUIS/ARGJ08/ARGOSJ8_IA_/src/security_check/security_check', 'symlink_install': False, 'test_result_base': None}
[0.493s] Level 5:colcon.colcon_core.verb:set package 'ublox' build argument 'cmake_args' from command line to 'None'
[0.493s] Level 5:colcon.colcon_core.verb:set package 'ublox' build argument 'cmake_target' from command line to 'None'
[0.493s] Level 5:colcon.colcon_core.verb:set package 'ublox' build argument 'cmake_target_skip_unavailable' from command line to 'False'
[0.493s] Level 5:colcon.colcon_core.verb:set package 'ublox' build argument 'cmake_clean_cache' from command line to 'False'
[0.493s] Level 5:colcon.colcon_core.verb:set package 'ublox' build argument 'cmake_clean_first' from command line to 'False'
[0.493s] Level 5:colcon.colcon_core.verb:set package 'ublox' build argument 'cmake_force_configure' from command line to 'False'
[0.493s] Level 5:colcon.colcon_core.verb:set package 'ublox' build argument 'ament_cmake_args' from command line to 'None'
[0.493s] Level 5:colcon.colcon_core.verb:set package 'ublox' build argument 'catkin_cmake_args' from command line to 'None'
[0.493s] Level 5:colcon.colcon_core.verb:set package 'ublox' build argument 'catkin_skip_building_tests' from command line to 'False'
[0.494s] DEBUG:colcon.colcon_core.verb:Building package 'ublox' with the following arguments: {'ament_cmake_args': None, 'build_base': '/home/roverj8/LUIS/ARGJ08/ARGOSJ8_IA_/build/ublox', 'catkin_cmake_args': None, 'catkin_skip_building_tests': False, 'cmake_args': None, 'cmake_clean_cache': False, 'cmake_clean_first': False, 'cmake_force_configure': False, 'cmake_target': None, 'cmake_target_skip_unavailable': False, 'install_base': '/home/roverj8/LUIS/ARGJ08/ARGOSJ8_IA_/install/ublox', 'merge_install': False, 'path': '/home/roverj8/LUIS/ARGJ08/ARGOSJ8_IA_/src/argo_drivers_pkgs/ublox/ublox', 'symlink_install': False, 'test_result_base': None}
[0.494s] INFO:colcon.colcon_core.executor:Executing jobs using 'parallel' executor
[0.495s] DEBUG:colcon.colcon_parallel_executor.executor.parallel:run_until_complete
[0.495s] INFO:colcon.colcon_ros.task.ament_cmake.build:Building ROS package in '/home/roverj8/LUIS/ARGJ08/ARGOSJ8_IA_/src/argo_drivers_pkgs/ublox/ublox_serialization' with build type 'ament_cmake'
[0.495s] INFO:colcon.colcon_cmake.task.cmake.build:Building CMake package in '/home/roverj8/LUIS/ARGJ08/ARGOSJ8_IA_/src/argo_drivers_pkgs/ublox/ublox_serialization'
[0.497s] INFO:colcon.colcon_core.plugin_system:Skipping extension 'colcon_core.shell.bat': Not used on non-Windows systems
[0.497s] INFO:colcon.colcon_core.shell:Skip shell extension 'powershell' for command environment: Not usable outside of PowerShell
[0.498s] DEBUG:colcon.colcon_core.shell:Skip shell extension 'dsv' for command environment
[0.500s] INFO:colcon.colcon_ros.task.ament_cmake.build:Building ROS package in '/home/roverj8/LUIS/ARGJ08/ARGOSJ8_IA_/src/argj801_ctl_platform/argj801_ctl_platform_interfaces' with build type 'ament_cmake'
[0.500s] INFO:colcon.colcon_cmake.task.cmake.build:Building CMake package in '/home/roverj8/LUIS/ARGJ08/ARGOSJ8_IA_/src/argj801_ctl_platform/argj801_ctl_platform_interfaces'
[0.500s] INFO:colcon.colcon_core.shell:Skip shell extension 'powershell' for command environment: Not usable outside of PowerShell
[0.500s] DEBUG:colcon.colcon_core.shell:Skip shell extension 'dsv' for command environment
[0.502s] INFO:colcon.colcon_ros.task.ament_cmake.build:Building ROS package in '/home/roverj8/LUIS/ARGJ08/ARGOSJ8_IA_/src/path_manager/path_manager_interfaces' with build type 'ament_cmake'
[0.502s] INFO:colcon.colcon_cmake.task.cmake.build:Building CMake package in '/home/roverj8/LUIS/ARGJ08/ARGOSJ8_IA_/src/path_manager/path_manager_interfaces'
[0.502s] INFO:colcon.colcon_core.shell:Skip shell extension 'powershell' for command environment: Not usable outside of PowerShell
[0.502s] DEBUG:colcon.colcon_core.shell:Skip shell extension 'dsv' for command environment
[0.504s] INFO:colcon.colcon_ros.task.cmake.build:Building ROS package in '/home/roverj8/LUIS/ARGJ08/ARGOSJ8_IA_/src/argo_drivers_pkgs/Fixposition_driver_pkg/fixposition_gnss_tf-main' with build type 'cmake'
[0.504s] INFO:colcon.colcon_cmake.task.cmake.build:Building CMake package in '/home/roverj8/LUIS/ARGJ08/ARGOSJ8_IA_/src/argo_drivers_pkgs/Fixposition_driver_pkg/fixposition_gnss_tf-main'
[0.505s] INFO:colcon.colcon_core.shell:Skip shell extension 'powershell' for command environment: Not usable outside of PowerShell
[0.505s] DEBUG:colcon.colcon_core.shell:Skip shell extension 'dsv' for command environment
[0.507s] INFO:colcon.colcon_ros.task.ament_cmake.build:Building ROS package in '/home/roverj8/LUIS/ARGJ08/ARGOSJ8_IA_/src/car_interfaces' with build type 'ament_cmake'
[0.507s] INFO:colcon.colcon_cmake.task.cmake.build:Building CMake package in '/home/roverj8/LUIS/ARGJ08/ARGOSJ8_IA_/src/car_interfaces'
[0.507s] INFO:colcon.colcon_core.shell:Skip shell extension 'powershell' for command environment: Not usable outside of PowerShell
[0.507s] DEBUG:colcon.colcon_core.shell:Skip shell extension 'dsv' for command environment
[0.509s] INFO:colcon.colcon_ros.task.ament_cmake.build:Building ROS package in '/home/roverj8/LUIS/ARGJ08/ARGOSJ8_IA_/src/ctl_mission/ctl_mission_interfaces' with build type 'ament_cmake'
[0.509s] INFO:colcon.colcon_cmake.task.cmake.build:Building CMake package in '/home/roverj8/LUIS/ARGJ08/ARGOSJ8_IA_/src/ctl_mission/ctl_mission_interfaces'
[0.509s] INFO:colcon.colcon_core.shell:Skip shell extension 'powershell' for command environment: Not usable outside of PowerShell
[0.509s] DEBUG:colcon.colcon_core.shell:Skip shell extension 'dsv' for command environment
[0.511s] INFO:colcon.colcon_ros.task.ament_cmake.build:Building ROS package in '/home/roverj8/LUIS/ARGJ08/ARGOSJ8_IA_/src/argo_drivers_pkgs/argj801_sensors/argj801_sensors_msgs' with build type 'ament_cmake'
[0.511s] INFO:colcon.colcon_cmake.task.cmake.build:Building CMake package in '/home/roverj8/LUIS/ARGJ08/ARGOSJ8_IA_/src/argo_drivers_pkgs/argj801_sensors/argj801_sensors_msgs'
[0.511s] INFO:colcon.colcon_core.shell:Skip shell extension 'powershell' for command environment: Not usable outside of PowerShell
[0.511s] DEBUG:colcon.colcon_core.shell:Skip shell extension 'dsv' for command environment
[0.513s] INFO:colcon.colcon_ros.task.ament_cmake.build:Building ROS package in '/home/roverj8/LUIS/ARGJ08/ARGOSJ8_IA_/src/j8_joystick/sdl2_vendor' with build type 'ament_cmake'
[0.513s] INFO:colcon.colcon_cmake.task.cmake.build:Building CMake package in '/home/roverj8/LUIS/ARGJ08/ARGOSJ8_IA_/src/j8_joystick/sdl2_vendor'
[0.513s] INFO:colcon.colcon_core.shell:Skip shell extension 'powershell' for command environment: Not usable outside of PowerShell
[0.513s] DEBUG:colcon.colcon_core.shell:Skip shell extension 'dsv' for command environment
[0.515s] INFO:colcon.colcon_ros.task.ament_cmake.build:Building ROS package in '/home/roverj8/LUIS/ARGJ08/ARGOSJ8_IA_/src/security_check/security_check_interfaces' with build type 'ament_cmake'
[0.515s] INFO:colcon.colcon_cmake.task.cmake.build:Building CMake package in '/home/roverj8/LUIS/ARGJ08/ARGOSJ8_IA_/src/security_check/security_check_interfaces'
[0.515s] INFO:colcon.colcon_core.shell:Skip shell extension 'powershell' for command environment: Not usable outside of PowerShell
[0.516s] DEBUG:colcon.colcon_core.shell:Skip shell extension 'dsv' for command environment
[0.517s] INFO:colcon.colcon_ros.task.ament_cmake.build:Building ROS package in '/home/roverj8/LUIS/ARGJ08/ARGOSJ8_IA_/src/lidar_process_pkgs/slg_msgs' with build type 'ament_cmake'
[0.518s] INFO:colcon.colcon_cmake.task.cmake.build:Building CMake package in '/home/roverj8/LUIS/ARGJ08/ARGOSJ8_IA_/src/lidar_process_pkgs/slg_msgs'
[0.518s] INFO:colcon.colcon_core.shell:Skip shell extension 'powershell' for command environment: Not usable outside of PowerShell
[0.518s] DEBUG:colcon.colcon_core.shell:Skip shell extension 'dsv' for command environment
[0.520s] INFO:colcon.colcon_ros.task.ament_python.build:Building ROS package in '/home/roverj8/LUIS/ARGJ08/ARGOSJ8_IA_/src/GUI_pkg' with build type 'ament_python'
[0.520s] Level 1:colcon.colcon_core.shell:create_environment_hook('GUI_pkg', 'ament_prefix_path')
[0.520s] INFO:colcon.colcon_core.shell:Creating environment hook '/home/roverj8/LUIS/ARGJ08/ARGOSJ8_IA_/install/GUI_pkg/share/GUI_pkg/hook/ament_prefix_path.ps1'
[0.521s] INFO:colcon.colcon_core.shell:Creating environment descriptor '/home/roverj8/LUIS/ARGJ08/ARGOSJ8_IA_/install/GUI_pkg/share/GUI_pkg/hook/ament_prefix_path.dsv'
[0.521s] INFO:colcon.colcon_core.shell:Creating environment hook '/home/roverj8/LUIS/ARGJ08/ARGOSJ8_IA_/install/GUI_pkg/share/GUI_pkg/hook/ament_prefix_path.sh'
[0.522s] INFO:colcon.colcon_core.shell:Skip shell extension 'powershell' for command environment: Not usable outside of PowerShell
[0.522s] DEBUG:colcon.colcon_core.shell:Skip shell extension 'dsv' for command environment
[0.524s] INFO:colcon.colcon_ros.task.ament_python.build:Building ROS package in '/home/roverj8/LUIS/ARGJ08/ARGOSJ8_IA_/src/android_ros2_server' with build type 'ament_python'
[0.524s] Level 1:colcon.colcon_core.shell:create_environment_hook('android_ros2_server', 'ament_prefix_path')
[0.524s] INFO:colcon.colcon_core.shell:Creating environment hook '/home/roverj8/LUIS/ARGJ08/ARGOSJ8_IA_/install/android_ros2_server/share/android_ros2_server/hook/ament_prefix_path.ps1'
[0.525s] INFO:colcon.colcon_core.shell:Creating environment descriptor '/home/roverj8/LUIS/ARGJ08/ARGOSJ8_IA_/install/android_ros2_server/share/android_ros2_server/hook/ament_prefix_path.dsv'
[0.525s] INFO:colcon.colcon_core.shell:Creating environment hook '/home/roverj8/LUIS/ARGJ08/ARGOSJ8_IA_/install/android_ros2_server/share/android_ros2_server/hook/ament_prefix_path.sh'
[0.525s] INFO:colcon.colcon_core.shell:Skip shell extension 'powershell' for command environment: Not usable outside of PowerShell
[0.525s] DEBUG:colcon.colcon_core.shell:Skip shell extension 'dsv' for command environment
[0.527s] INFO:colcon.colcon_ros.task.ament_cmake.build:Building ROS package in '/home/roverj8/LUIS/ARGJ08/ARGOSJ8_IA_/src/argj801_setup' with build type 'ament_cmake'
[0.527s] INFO:colcon.colcon_cmake.task.cmake.build:Building CMake package in '/home/roverj8/LUIS/ARGJ08/ARGOSJ8_IA_/src/argj801_setup'
[0.527s] INFO:colcon.colcon_core.shell:Skip shell extension 'powershell' for command environment: Not usable outside of PowerShell
[0.527s] DEBUG:colcon.colcon_core.shell:Skip shell extension 'dsv' for command environment
[0.529s] INFO:colcon.colcon_ros.task.ament_cmake.build:Building ROS package in '/home/roverj8/LUIS/ARGJ08/ARGOSJ8_IA_/src/gazebo_sim_pkgs/fix_position_pkg' with build type 'ament_cmake'
[0.529s] INFO:colcon.colcon_cmake.task.cmake.build:Building CMake package in '/home/roverj8/LUIS/ARGJ08/ARGOSJ8_IA_/src/gazebo_sim_pkgs/fix_position_pkg'
[0.529s] INFO:colcon.colcon_core.shell:Skip shell extension 'powershell' for command environment: Not usable outside of PowerShell
[0.530s] DEBUG:colcon.colcon_core.shell:Skip shell extension 'dsv' for command environment
[0.531s] INFO:colcon.colcon_ros.task.ament_python.build:Building ROS package in '/home/roverj8/LUIS/ARGJ08/ARGOSJ8_IA_/src/gui' with build type 'ament_python'
[0.531s] Level 1:colcon.colcon_core.shell:create_environment_hook('gui', 'ament_prefix_path')
[0.532s] INFO:colcon.colcon_core.shell:Creating environment hook '/home/roverj8/LUIS/ARGJ08/ARGOSJ8_IA_/install/gui/share/gui/hook/ament_prefix_path.ps1'
[0.532s] INFO:colcon.colcon_core.shell:Creating environment descriptor '/home/roverj8/LUIS/ARGJ08/ARGOSJ8_IA_/install/gui/share/gui/hook/ament_prefix_path.dsv'
[0.532s] INFO:colcon.colcon_core.shell:Creating environment hook '/home/roverj8/LUIS/ARGJ08/ARGOSJ8_IA_/install/gui/share/gui/hook/ament_prefix_path.sh'
[0.533s] INFO:colcon.colcon_core.shell:Skip shell extension 'powershell' for command environment: Not usable outside of PowerShell
[0.533s] DEBUG:colcon.colcon_core.shell:Skip shell extension 'dsv' for command environment
[0.535s] INFO:colcon.colcon_ros.task.ament_cmake.build:Building ROS package in '/home/roverj8/LUIS/ARGJ08/ARGOSJ8_IA_/src/hector_gazebo' with build type 'ament_cmake'
[0.535s] INFO:colcon.colcon_cmake.task.cmake.build:Building CMake package in '/home/roverj8/LUIS/ARGJ08/ARGOSJ8_IA_/src/hector_gazebo'
[0.535s] INFO:colcon.colcon_core.shell:Skip shell extension 'powershell' for command environment: Not usable outside of PowerShell
[0.535s] DEBUG:colcon.colcon_core.shell:Skip shell extension 'dsv' for command environment
[0.537s] INFO:colcon.colcon_ros.task.ament_cmake.build:Building ROS package in '/home/roverj8/LUIS/ARGJ08/ARGOSJ8_IA_/src/hikmicro_thermal_camera' with build type 'ament_cmake'
[0.537s] INFO:colcon.colcon_cmake.task.cmake.build:Building CMake package in '/home/roverj8/LUIS/ARGJ08/ARGOSJ8_IA_/src/hikmicro_thermal_camera'
[0.537s] INFO:colcon.colcon_core.shell:Skip shell extension 'powershell' for command environment: Not usable outside of PowerShell
[0.537s] DEBUG:colcon.colcon_core.shell:Skip shell extension 'dsv' for command environment
[0.539s] INFO:colcon.colcon_ros.task.ament_python.build:Building ROS package in '/home/roverj8/LUIS/ARGJ08/ARGOSJ8_IA_/src/test_gui_j8/src/j8_gui' with build type 'ament_python'
[0.539s] Level 1:colcon.colcon_core.shell:create_environment_hook('j8_gui', 'ament_prefix_path')
[0.540s] INFO:colcon.colcon_core.shell:Creating environment hook '/home/roverj8/LUIS/ARGJ08/ARGOSJ8_IA_/install/j8_gui/share/j8_gui/hook/ament_prefix_path.ps1'
[0.540s] INFO:colcon.colcon_core.shell:Creating environment descriptor '/home/roverj8/LUIS/ARGJ08/ARGOSJ8_IA_/install/j8_gui/share/j8_gui/hook/ament_prefix_path.dsv'
[0.540s] INFO:colcon.colcon_core.shell:Creating environment hook '/home/roverj8/LUIS/ARGJ08/ARGOSJ8_IA_/install/j8_gui/share/j8_gui/hook/ament_prefix_path.sh'
[0.541s] INFO:colcon.colcon_core.shell:Skip shell extension 'powershell' for command environment: Not usable outside of PowerShell
[0.541s] DEBUG:colcon.colcon_core.shell:Skip shell extension 'dsv' for command environment
[0.542s] INFO:colcon.colcon_ros.task.ament_cmake.build:Building ROS package in '/home/roverj8/LUIS/ARGJ08/ARGOSJ8_IA_/src/j8_joystick/joy_linux' with build type 'ament_cmake'
[0.543s] INFO:colcon.colcon_cmake.task.cmake.build:Building CMake package in '/home/roverj8/LUIS/ARGJ08/ARGOSJ8_IA_/src/j8_joystick/joy_linux'
[0.543s] INFO:colcon.colcon_core.shell:Skip shell extension 'powershell' for command environment: Not usable outside of PowerShell
[0.543s] DEBUG:colcon.colcon_core.shell:Skip shell extension 'dsv' for command environment
[0.545s] INFO:colcon.colcon_ros.task.ament_python.build:Building ROS package in '/home/roverj8/LUIS/ARGJ08/ARGOSJ8_IA_/src/argo_drivers_pkgs/ntrip_client' with build type 'ament_python'
[0.545s] Level 1:colcon.colcon_core.shell:create_environment_hook('ntrip_client', 'ament_prefix_path')
[0.545s] INFO:colcon.colcon_core.shell:Creating environment hook '/home/roverj8/LUIS/ARGJ08/ARGOSJ8_IA_/install/ntrip_client/share/ntrip_client/hook/ament_prefix_path.ps1'
[0.545s] INFO:colcon.colcon_core.shell:Creating environment descriptor '/home/roverj8/LUIS/ARGJ08/ARGOSJ8_IA_/install/ntrip_client/share/ntrip_client/hook/ament_prefix_path.dsv'
[0.546s] INFO:colcon.colcon_core.shell:Creating environment hook '/home/roverj8/LUIS/ARGJ08/ARGOSJ8_IA_/install/ntrip_client/share/ntrip_client/hook/ament_prefix_path.sh'
[0.546s] INFO:colcon.colcon_core.shell:Skip shell extension 'powershell' for command environment: Not usable outside of PowerShell
[0.546s] DEBUG:colcon.colcon_core.shell:Skip shell extension 'dsv' for command environment
[0.548s] INFO:colcon.colcon_ros.task.ament_cmake.build:Building ROS package in '/home/roverj8/LUIS/ARGJ08/ARGOSJ8_IA_/src/j8_joystick/spacenav' with build type 'ament_cmake'
[0.548s] INFO:colcon.colcon_cmake.task.cmake.build:Building CMake package in '/home/roverj8/LUIS/ARGJ08/ARGOSJ8_IA_/src/j8_joystick/spacenav'
[0.548s] INFO:colcon.colcon_core.shell:Skip shell extension 'powershell' for command environment: Not usable outside of PowerShell
[0.548s] DEBUG:colcon.colcon_core.shell:Skip shell extension 'dsv' for command environment
[0.550s] INFO:colcon.colcon_ros.task.ament_cmake.build:Building ROS package in '/home/roverj8/LUIS/ARGJ08/ARGOSJ8_IA_/src/j8_joystick/wiimote_msgs' with build type 'ament_cmake'
[0.550s] INFO:colcon.colcon_cmake.task.cmake.build:Building CMake package in '/home/roverj8/LUIS/ARGJ08/ARGOSJ8_IA_/src/j8_joystick/wiimote_msgs'
[0.550s] INFO:colcon.colcon_core.shell:Skip shell extension 'powershell' for command environment: Not usable outside of PowerShell
[0.550s] DEBUG:colcon.colcon_core.shell:Skip shell extension 'dsv' for command environment
[0.558s] DEBUG:colcon.colcon_core.event_handler.log_command:Invoking command in '/home/roverj8/LUIS/ARGJ08/ARGOSJ8_IA_/build/ublox_serialization': CMAKE_PREFIX_PATH=/opt/ros/humble /usr/bin/cmake /home/roverj8/LUIS/ARGJ08/ARGOSJ8_IA_/src/argo_drivers_pkgs/ublox/ublox_serialization -DCMAKE_INSTALL_PREFIX=/home/roverj8/LUIS/ARGJ08/ARGOSJ8_IA_/install/ublox_serialization
[0.560s] DEBUG:colcon.colcon_core.event_handler.log_command:Invoking command in '/home/roverj8/LUIS/ARGJ08/ARGOSJ8_IA_/build/argj801_ctl_platform_interfaces': CMAKE_PREFIX_PATH=/opt/ros/humble /usr/bin/cmake /home/roverj8/LUIS/ARGJ08/ARGOSJ8_IA_/src/argj801_ctl_platform/argj801_ctl_platform_interfaces -DCMAKE_INSTALL_PREFIX=/home/roverj8/LUIS/ARGJ08/ARGOSJ8_IA_/install/argj801_ctl_platform_interfaces
[0.561s] DEBUG:colcon.colcon_core.event_handler.log_command:Invoking command in '/home/roverj8/LUIS/ARGJ08/ARGOSJ8_IA_/build/path_manager_interfaces': CMAKE_PREFIX_PATH=/opt/ros/humble /usr/bin/cmake /home/roverj8/LUIS/ARGJ08/ARGOSJ8_IA_/src/path_manager/path_manager_interfaces -DCMAKE_INSTALL_PREFIX=/home/roverj8/LUIS/ARGJ08/ARGOSJ8_IA_/install/path_manager_interfaces
[0.564s] DEBUG:colcon.colcon_core.event_handler.log_command:Invoking command in '/home/roverj8/LUIS/ARGJ08/ARGOSJ8_IA_/build/fixposition_gnss_tf': CMAKE_PREFIX_PATH=/opt/ros/humble /usr/bin/cmake --build /home/roverj8/LUIS/ARGJ08/ARGOSJ8_IA_/build/fixposition_gnss_tf -- -j24 -l24
[0.566s] DEBUG:colcon.colcon_core.event_handler.log_command:Invoking command in '/home/roverj8/LUIS/ARGJ08/ARGOSJ8_IA_/build/car_interfaces': CMAKE_PREFIX_PATH=/opt/ros/humble /usr/bin/cmake /home/roverj8/LUIS/ARGJ08/ARGOSJ8_IA_/src/car_interfaces -DCMAKE_INSTALL_PREFIX=/home/roverj8/LUIS/ARGJ08/ARGOSJ8_IA_/install/car_interfaces
[0.569s] DEBUG:colcon.colcon_core.event_handler.log_command:Invoking command in '/home/roverj8/LUIS/ARGJ08/ARGOSJ8_IA_/build/ctl_mission_interfaces': CMAKE_PREFIX_PATH=/opt/ros/humble /usr/bin/cmake /home/roverj8/LUIS/ARGJ08/ARGOSJ8_IA_/src/ctl_mission/ctl_mission_interfaces -DCMAKE_INSTALL_PREFIX=/home/roverj8/LUIS/ARGJ08/ARGOSJ8_IA_/install/ctl_mission_interfaces
[0.573s] DEBUG:colcon.colcon_core.event_handler.log_command:Invoking command in '/home/roverj8/LUIS/ARGJ08/ARGOSJ8_IA_/build/argj801_sensors_msgs': CMAKE_PREFIX_PATH=/opt/ros/humble /usr/bin/cmake /home/roverj8/LUIS/ARGJ08/ARGOSJ8_IA_/src/argo_drivers_pkgs/argj801_sensors/argj801_sensors_msgs -DCMAKE_INSTALL_PREFIX=/home/roverj8/LUIS/ARGJ08/ARGOSJ8_IA_/install/argj801_sensors_msgs
[0.576s] DEBUG:colcon.colcon_core.event_handler.log_command:Invoking command in '/home/roverj8/LUIS/ARGJ08/ARGOSJ8_IA_/build/sdl2_vendor': CMAKE_PREFIX_PATH=/opt/ros/humble /usr/bin/cmake /home/roverj8/LUIS/ARGJ08/ARGOSJ8_IA_/src/j8_joystick/sdl2_vendor -DCMAKE_INSTALL_PREFIX=/home/roverj8/LUIS/ARGJ08/ARGOSJ8_IA_/install/sdl2_vendor
[0.579s] DEBUG:colcon.colcon_core.event_handler.log_command:Invoking command in '/home/roverj8/LUIS/ARGJ08/ARGOSJ8_IA_/build/security_check_interfaces': CMAKE_PREFIX_PATH=/opt/ros/humble /usr/bin/cmake /home/roverj8/LUIS/ARGJ08/ARGOSJ8_IA_/src/security_check/security_check_interfaces -DCMAKE_INSTALL_PREFIX=/home/roverj8/LUIS/ARGJ08/ARGOSJ8_IA_/install/security_check_interfaces
[0.581s] DEBUG:colcon.colcon_core.event_handler.log_command:Invoking command in '/home/roverj8/LUIS/ARGJ08/ARGOSJ8_IA_/build/slg_msgs': CMAKE_PREFIX_PATH=/opt/ros/humble /usr/bin/cmake /home/roverj8/LUIS/ARGJ08/ARGOSJ8_IA_/src/lidar_process_pkgs/slg_msgs -DCMAKE_INSTALL_PREFIX=/home/roverj8/LUIS/ARGJ08/ARGOSJ8_IA_/install/slg_msgs
[0.950s] WARNING:colcon.colcon_ros.task.ament_python.build:Package 'GUI_pkg' doesn't explicitly install a marker in the package index (colcon-ros currently does it implicitly but that fallback will be removed in the future)
[0.950s] WARNING:colcon.colcon_ros.task.ament_python.build:Package 'GUI_pkg' doesn't explicitly install the 'package.xml' file (colcon-ros currently does it implicitly but that fallback will be removed in the future)
[0.950s] INFO:colcon.colcon_core.task.python.build:Building Python package in '/home/roverj8/LUIS/ARGJ08/ARGOSJ8_IA_/src/GUI_pkg'
[0.951s] INFO:colcon.colcon_core.shell:Skip shell extension 'powershell' for command environment: Not usable outside of PowerShell
[0.951s] DEBUG:colcon.colcon_core.shell:Skip shell extension 'dsv' for command environment
[1.289s] INFO:colcon.colcon_core.task.python.build:Building Python package in '/home/roverj8/LUIS/ARGJ08/ARGOSJ8_IA_/src/android_ros2_server'
[1.289s] INFO:colcon.colcon_core.shell:Skip shell extension 'powershell' for command environment: Not usable outside of PowerShell
[1.289s] DEBUG:colcon.colcon_core.shell:Skip shell extension 'dsv' for command environment
[1.296s] DEBUG:colcon.colcon_core.event_handler.log_command:Invoking command in '/home/roverj8/LUIS/ARGJ08/ARGOSJ8_IA_/build/argj801_setup': CMAKE_PREFIX_PATH=/opt/ros/humble /usr/bin/cmake /home/roverj8/LUIS/ARGJ08/ARGOSJ8_IA_/src/argj801_setup -DCMAKE_INSTALL_PREFIX=/home/roverj8/LUIS/ARGJ08/ARGOSJ8_IA_/install/argj801_setup
[1.300s] DEBUG:colcon.colcon_core.event_handler.log_command:Invoking command in '/home/roverj8/LUIS/ARGJ08/ARGOSJ8_IA_/build/fixposition_sensor_pkg': CMAKE_PREFIX_PATH=/opt/ros/humble /usr/bin/cmake /home/roverj8/LUIS/ARGJ08/ARGOSJ8_IA_/src/gazebo_sim_pkgs/fix_position_pkg -DCMAKE_INSTALL_PREFIX=/home/roverj8/LUIS/ARGJ08/ARGOSJ8_IA_/install/fixposition_sensor_pkg
[1.724s] INFO:colcon.colcon_core.task.python.build:Building Python package in '/home/roverj8/LUIS/ARGJ08/ARGOSJ8_IA_/src/gui'
[1.724s] INFO:colcon.colcon_core.shell:Skip shell extension 'powershell' for command environment: Not usable outside of PowerShell
[1.724s] DEBUG:colcon.colcon_core.shell:Skip shell extension 'dsv' for command environment
[1.735s] DEBUG:colcon.colcon_core.event_handler.log_command:Invoking command in '/home/roverj8/LUIS/ARGJ08/ARGOSJ8_IA_/build/hector_gazebo_plugins': CMAKE_PREFIX_PATH=/opt/ros/humble /usr/bin/cmake /home/roverj8/LUIS/ARGJ08/ARGOSJ8_IA_/src/hector_gazebo -DCMAKE_INSTALL_PREFIX=/home/roverj8/LUIS/ARGJ08/ARGOSJ8_IA_/install/hector_gazebo_plugins
[1.741s] DEBUG:colcon.colcon_core.event_handler.log_command:Invoking command in '/home/roverj8/LUIS/ARGJ08/ARGOSJ8_IA_/build/hikmicro_thermal_camera': CMAKE_PREFIX_PATH=/opt/ros/humble /usr/bin/cmake /home/roverj8/LUIS/ARGJ08/ARGOSJ8_IA_/src/hikmicro_thermal_camera -DCMAKE_INSTALL_PREFIX=/home/roverj8/LUIS/ARGJ08/ARGOSJ8_IA_/install/hikmicro_thermal_camera
[2.387s] INFO:colcon.colcon_core.task.python.build:Building Python package in '/home/roverj8/LUIS/ARGJ08/ARGOSJ8_IA_/src/test_gui_j8/src/j8_gui'
[2.388s] INFO:colcon.colcon_core.shell:Skip shell extension 'powershell' for command environment: Not usable outside of PowerShell
[2.388s] DEBUG:colcon.colcon_core.shell:Skip shell extension 'dsv' for command environment
[2.399s] DEBUG:colcon.colcon_core.event_handler.log_command:Invoking command in '/home/roverj8/LUIS/ARGJ08/ARGOSJ8_IA_/build/joy_linux': CMAKE_PREFIX_PATH=/opt/ros/humble /usr/bin/cmake /home/roverj8/LUIS/ARGJ08/ARGOSJ8_IA_/src/j8_joystick/joy_linux -DCMAKE_INSTALL_PREFIX=/home/roverj8/LUIS/ARGJ08/ARGOSJ8_IA_/install/joy_linux
[2.924s] INFO:colcon.colcon_core.task.python.build:Building Python package in '/home/roverj8/LUIS/ARGJ08/ARGOSJ8_IA_/src/argo_drivers_pkgs/ntrip_client'
[2.925s] INFO:colcon.colcon_core.shell:Skip shell extension 'powershell' for command environment: Not usable outside of PowerShell
[2.925s] DEBUG:colcon.colcon_core.shell:Skip shell extension 'dsv' for command environment
[2.940s] DEBUG:colcon.colcon_core.event_handler.log_command:Invoking command in '/home/roverj8/LUIS/ARGJ08/ARGOSJ8_IA_/build/spacenav': CMAKE_PREFIX_PATH=/opt/ros/humble /usr/bin/cmake /home/roverj8/LUIS/ARGJ08/ARGOSJ8_IA_/src/j8_joystick/spacenav -DCMAKE_INSTALL_PREFIX=/home/roverj8/LUIS/ARGJ08/ARGOSJ8_IA_/install/spacenav
[2.947s] DEBUG:colcon.colcon_core.event_handler.log_command:Invoking command in '/home/roverj8/LUIS/ARGJ08/ARGOSJ8_IA_/build/wiimote_msgs': CMAKE_PREFIX_PATH=/opt/ros/humble /usr/bin/cmake /home/roverj8/LUIS/ARGJ08/ARGOSJ8_IA_/src/j8_joystick/wiimote_msgs -DCMAKE_INSTALL_PREFIX=/home/roverj8/LUIS/ARGJ08/ARGOSJ8_IA_/install/wiimote_msgs
[3.021s] DEBUG:colcon.colcon_core.event_handler.log_command:Invoked command in '/home/roverj8/LUIS/ARGJ08/ARGOSJ8_IA_/build/fixposition_gnss_tf' returned '0': CMAKE_PREFIX_PATH=/opt/ros/humble /usr/bin/cmake --build /home/roverj8/LUIS/ARGJ08/ARGOSJ8_IA_/build/fixposition_gnss_tf -- -j24 -l24
[3.034s] DEBUG:colcon.colcon_core.event_handler.log_command:Invoking command in '/home/roverj8/LUIS/ARGJ08/ARGOSJ8_IA_/build/fixposition_gnss_tf': CMAKE_PREFIX_PATH=/opt/ros/humble /usr/bin/cmake --install /home/roverj8/LUIS/ARGJ08/ARGOSJ8_IA_/build/fixposition_gnss_tf
[3.035s] DEBUG:colcon.colcon_core.event_handler.log_command:Invoked command in '/home/roverj8/LUIS/ARGJ08/ARGOSJ8_IA_/build/sdl2_vendor' returned '0': CMAKE_PREFIX_PATH=/opt/ros/humble /usr/bin/cmake /home/roverj8/LUIS/ARGJ08/ARGOSJ8_IA_/src/j8_joystick/sdl2_vendor -DCMAKE_INSTALL_PREFIX=/home/roverj8/LUIS/ARGJ08/ARGOSJ8_IA_/install/sdl2_vendor
[3.036s] DEBUG:colcon.colcon_core.event_handler.log_command:Invoking command in '/home/roverj8/LUIS/ARGJ08/ARGOSJ8_IA_/build/sdl2_vendor': CMAKE_PREFIX_PATH=/opt/ros/humble /usr/bin/cmake --build /home/roverj8/LUIS/ARGJ08/ARGOSJ8_IA_/build/sdl2_vendor -- -j24 -l24
[3.036s] DEBUG:colcon.colcon_core.event_handler.log_command:Invoked command in '/home/roverj8/LUIS/ARGJ08/ARGOSJ8_IA_/build/ublox_serialization' returned '0': CMAKE_PREFIX_PATH=/opt/ros/humble /usr/bin/cmake /home/roverj8/LUIS/ARGJ08/ARGOSJ8_IA_/src/argo_drivers_pkgs/ublox/ublox_serialization -DCMAKE_INSTALL_PREFIX=/home/roverj8/LUIS/ARGJ08/ARGOSJ8_IA_/install/ublox_serialization
[3.037s] DEBUG:colcon.colcon_core.event_handler.log_command:Invoking command in '/home/roverj8/LUIS/ARGJ08/ARGOSJ8_IA_/build/ublox_serialization': CMAKE_PREFIX_PATH=/opt/ros/humble /usr/bin/cmake --build /home/roverj8/LUIS/ARGJ08/ARGOSJ8_IA_/build/ublox_serialization -- -j24 -l24
[3.038s] DEBUG:colcon.colcon_core.event_handler.log_command:Invoked command in '/home/roverj8/LUIS/ARGJ08/ARGOSJ8_IA_/build/argj801_ctl_platform_interfaces' returned '0': CMAKE_PREFIX_PATH=/opt/ros/humble /usr/bin/cmake /home/roverj8/LUIS/ARGJ08/ARGOSJ8_IA_/src/argj801_ctl_platform/argj801_ctl_platform_interfaces -DCMAKE_INSTALL_PREFIX=/home/roverj8/LUIS/ARGJ08/ARGOSJ8_IA_/install/argj801_ctl_platform_interfaces
[3.040s] DEBUG:colcon.colcon_core.event_handler.log_command:Invoking command in '/home/roverj8/LUIS/ARGJ08/ARGOSJ8_IA_/build/argj801_ctl_platform_interfaces': CMAKE_PREFIX_PATH=/opt/ros/humble /usr/bin/cmake --build /home/roverj8/LUIS/ARGJ08/ARGOSJ8_IA_/build/argj801_ctl_platform_interfaces -- -j24 -l24
[3.041s] DEBUG:colcon.colcon_core.event_handler.log_command:Invoked command in '/home/roverj8/LUIS/ARGJ08/ARGOSJ8_IA_/build/argj801_sensors_msgs' returned '0': CMAKE_PREFIX_PATH=/opt/ros/humble /usr/bin/cmake /home/roverj8/LUIS/ARGJ08/ARGOSJ8_IA_/src/argo_drivers_pkgs/argj801_sensors/argj801_sensors_msgs -DCMAKE_INSTALL_PREFIX=/home/roverj8/LUIS/ARGJ08/ARGOSJ8_IA_/install/argj801_sensors_msgs
[3.043s] DEBUG:colcon.colcon_core.event_handler.log_command:Invoking command in '/home/roverj8/LUIS/ARGJ08/ARGOSJ8_IA_/build/argj801_sensors_msgs': CMAKE_PREFIX_PATH=/opt/ros/humble /usr/bin/cmake --build /home/roverj8/LUIS/ARGJ08/ARGOSJ8_IA_/build/argj801_sensors_msgs -- -j24 -l24
[3.045s] DEBUG:colcon.colcon_core.event_handler.log_command:Invoked command in '/home/roverj8/LUIS/ARGJ08/ARGOSJ8_IA_/build/argj801_setup' returned '0': CMAKE_PREFIX_PATH=/opt/ros/humble /usr/bin/cmake /home/roverj8/LUIS/ARGJ08/ARGOSJ8_IA_/src/argj801_setup -DCMAKE_INSTALL_PREFIX=/home/roverj8/LUIS/ARGJ08/ARGOSJ8_IA_/install/argj801_setup
[3.046s] DEBUG:colcon.colcon_core.event_handler.log_command:Invoking command in '/home/roverj8/LUIS/ARGJ08/ARGOSJ8_IA_/build/argj801_setup': CMAKE_PREFIX_PATH=/opt/ros/humble /usr/bin/cmake --build /home/roverj8/LUIS/ARGJ08/ARGOSJ8_IA_/build/argj801_setup -- -j24 -l24
[3.066s] Level 1:colcon.colcon_core.shell:create_environment_hook('fixposition_gnss_tf', 'pkg_config_path')
[3.067s] INFO:colcon.colcon_core.shell:Creating environment hook '/home/roverj8/LUIS/ARGJ08/ARGOSJ8_IA_/install/fixposition_gnss_tf/share/fixposition_gnss_tf/hook/pkg_config_path.ps1'
[3.070s] DEBUG:colcon.colcon_core.event_handler.log_command:Invoked command in '/home/roverj8/LUIS/ARGJ08/ARGOSJ8_IA_/build/fixposition_gnss_tf' returned '0': CMAKE_PREFIX_PATH=/opt/ros/humble /usr/bin/cmake --install /home/roverj8/LUIS/ARGJ08/ARGOSJ8_IA_/build/fixposition_gnss_tf
[3.070s] INFO:colcon.colcon_core.shell:Creating environment descriptor '/home/roverj8/LUIS/ARGJ08/ARGOSJ8_IA_/install/fixposition_gnss_tf/share/fixposition_gnss_tf/hook/pkg_config_path.dsv'
[3.071s] INFO:colcon.colcon_core.shell:Creating environment hook '/home/roverj8/LUIS/ARGJ08/ARGOSJ8_IA_/install/fixposition_gnss_tf/share/fixposition_gnss_tf/hook/pkg_config_path.sh'
[3.077s] Level 1:colcon.colcon_core.shell:create_environment_hook('fixposition_gnss_tf', 'pkg_config_path_multiarch')
[3.078s] INFO:colcon.colcon_core.shell:Creating environment hook '/home/roverj8/LUIS/ARGJ08/ARGOSJ8_IA_/install/fixposition_gnss_tf/share/fixposition_gnss_tf/hook/pkg_config_path_multiarch.ps1'
[3.079s] INFO:colcon.colcon_core.shell:Creating environment descriptor '/home/roverj8/LUIS/ARGJ08/ARGOSJ8_IA_/install/fixposition_gnss_tf/share/fixposition_gnss_tf/hook/pkg_config_path_multiarch.dsv'
[3.080s] INFO:colcon.colcon_core.shell:Creating environment hook '/home/roverj8/LUIS/ARGJ08/ARGOSJ8_IA_/install/fixposition_gnss_tf/share/fixposition_gnss_tf/hook/pkg_config_path_multiarch.sh'
[3.082s] Level 1:colcon.colcon_core.environment:create_environment_scripts_only(fixposition_gnss_tf)
[3.091s] Level 1:colcon.colcon_core.environment:checking '/home/roverj8/LUIS/ARGJ08/ARGOSJ8_IA_/install/fixposition_gnss_tf' for CMake module files
[3.092s] Level 1:colcon.colcon_core.environment:checking '/home/roverj8/LUIS/ARGJ08/ARGOSJ8_IA_/install/fixposition_gnss_tf' for CMake config files
[3.092s] Level 1:colcon.colcon_core.shell:create_environment_hook('fixposition_gnss_tf', 'cmake_prefix_path')
[3.093s] INFO:colcon.colcon_core.shell:Creating environment hook '/home/roverj8/LUIS/ARGJ08/ARGOSJ8_IA_/install/fixposition_gnss_tf/share/fixposition_gnss_tf/hook/cmake_prefix_path.ps1'
[3.096s] INFO:colcon.colcon_core.shell:Creating environment descriptor '/home/roverj8/LUIS/ARGJ08/ARGOSJ8_IA_/install/fixposition_gnss_tf/share/fixposition_gnss_tf/hook/cmake_prefix_path.dsv'
[3.097s] INFO:colcon.colcon_core.shell:Creating environment hook '/home/roverj8/LUIS/ARGJ08/ARGOSJ8_IA_/install/fixposition_gnss_tf/share/fixposition_gnss_tf/hook/cmake_prefix_path.sh'
[3.098s] Level 1:colcon.colcon_core.environment:checking '/home/roverj8/LUIS/ARGJ08/ARGOSJ8_IA_/install/fixposition_gnss_tf/lib'
[3.099s] Level 1:colcon.colcon_core.shell:create_environment_hook('fixposition_gnss_tf', 'ld_library_path_lib')
[3.099s] INFO:colcon.colcon_core.shell:Creating environment hook '/home/roverj8/LUIS/ARGJ08/ARGOSJ8_IA_/install/fixposition_gnss_tf/share/fixposition_gnss_tf/hook/ld_library_path_lib.ps1'
[3.101s] INFO:colcon.colcon_core.shell:Creating environment descriptor '/home/roverj8/LUIS/ARGJ08/ARGOSJ8_IA_/install/fixposition_gnss_tf/share/fixposition_gnss_tf/hook/ld_library_path_lib.dsv'
[3.102s] INFO:colcon.colcon_core.shell:Creating environment hook '/home/roverj8/LUIS/ARGJ08/ARGOSJ8_IA_/install/fixposition_gnss_tf/share/fixposition_gnss_tf/hook/ld_library_path_lib.sh'
[3.102s] Level 1:colcon.colcon_core.environment:checking '/home/roverj8/LUIS/ARGJ08/ARGOSJ8_IA_/install/fixposition_gnss_tf/bin'
[3.103s] Level 1:colcon.colcon_core.environment:checking '/home/roverj8/LUIS/ARGJ08/ARGOSJ8_IA_/install/fixposition_gnss_tf/lib/pkgconfig/fixposition_gnss_tf.pc'
[3.103s] Level 1:colcon.colcon_core.environment:checking '/home/roverj8/LUIS/ARGJ08/ARGOSJ8_IA_/install/fixposition_gnss_tf/lib/python3.10/site-packages'
[3.104s] Level 1:colcon.colcon_core.environment:checking '/home/roverj8/LUIS/ARGJ08/ARGOSJ8_IA_/install/fixposition_gnss_tf/bin'
[3.105s] INFO:colcon.colcon_core.shell:Creating package script '/home/roverj8/LUIS/ARGJ08/ARGOSJ8_IA_/install/fixposition_gnss_tf/share/fixposition_gnss_tf/package.ps1'
[3.108s] INFO:colcon.colcon_core.shell:Creating package descriptor '/home/roverj8/LUIS/ARGJ08/ARGOSJ8_IA_/install/fixposition_gnss_tf/share/fixposition_gnss_tf/package.dsv'
[3.110s] INFO:colcon.colcon_core.shell:Creating package script '/home/roverj8/LUIS/ARGJ08/ARGOSJ8_IA_/install/fixposition_gnss_tf/share/fixposition_gnss_tf/package.sh'
[3.117s] INFO:colcon.colcon_core.shell:Creating package script '/home/roverj8/LUIS/ARGJ08/ARGOSJ8_IA_/install/fixposition_gnss_tf/share/fixposition_gnss_tf/package.bash'
[3.120s] INFO:colcon.colcon_core.shell:Creating package script '/home/roverj8/LUIS/ARGJ08/ARGOSJ8_IA_/install/fixposition_gnss_tf/share/fixposition_gnss_tf/package.zsh'
[3.121s] Level 1:colcon.colcon_core.environment:create_file_with_runtime_dependencies(/home/roverj8/LUIS/ARGJ08/ARGOSJ8_IA_/install/fixposition_gnss_tf/share/colcon-core/packages/fixposition_gnss_tf)
[3.131s] DEBUG:colcon.colcon_core.event_handler.log_command:Invoked command in '/home/roverj8/LUIS/ARGJ08/ARGOSJ8_IA_/build/security_check_interfaces' returned '0': CMAKE_PREFIX_PATH=/opt/ros/humble /usr/bin/cmake /home/roverj8/LUIS/ARGJ08/ARGOSJ8_IA_/src/security_check/security_check_interfaces -DCMAKE_INSTALL_PREFIX=/home/roverj8/LUIS/ARGJ08/ARGOSJ8_IA_/install/security_check_interfaces
[3.135s] DEBUG:colcon.colcon_core.event_handler.log_command:Invoking command in '/home/roverj8/LUIS/ARGJ08/ARGOSJ8_IA_/build/security_check_interfaces': CMAKE_PREFIX_PATH=/opt/ros/humble /usr/bin/cmake --build /home/roverj8/LUIS/ARGJ08/ARGOSJ8_IA_/build/security_check_interfaces -- -j24 -l24
[3.140s] INFO:colcon.colcon_ros.task.cmake.build:Building ROS package in '/home/roverj8/LUIS/ARGJ08/ARGOSJ8_IA_/src/argo_drivers_pkgs/Fixposition_driver_pkg/fixposition_driver-main/fixposition_driver_lib' with build type 'cmake'
[3.140s] INFO:colcon.colcon_cmake.task.cmake.build:Building CMake package in '/home/roverj8/LUIS/ARGJ08/ARGOSJ8_IA_/src/argo_drivers_pkgs/Fixposition_driver_pkg/fixposition_driver-main/fixposition_driver_lib'
[3.141s] INFO:colcon.colcon_core.shell:Skip shell extension 'powershell' for command environment: Not usable outside of PowerShell
[3.141s] DEBUG:colcon.colcon_core.shell:Skip shell extension 'dsv' for command environment
[3.174s] DEBUG:colcon.colcon_core.event_handler.log_command:Invoked command in '/home/roverj8/LUIS/ARGJ08/ARGOSJ8_IA_/build/sdl2_vendor' returned '0': CMAKE_PREFIX_PATH=/opt/ros/humble /usr/bin/cmake --build /home/roverj8/LUIS/ARGJ08/ARGOSJ8_IA_/build/sdl2_vendor -- -j24 -l24
[3.175s] DEBUG:colcon.colcon_core.event_handler.log_command:Invoking command in '/home/roverj8/LUIS/ARGJ08/ARGOSJ8_IA_/build/sdl2_vendor': CMAKE_PREFIX_PATH=/opt/ros/humble /usr/bin/cmake --install /home/roverj8/LUIS/ARGJ08/ARGOSJ8_IA_/build/sdl2_vendor
[3.262s] DEBUG:colcon.colcon_core.event_handler.log_command:Invoked command in '/home/roverj8/LUIS/ARGJ08/ARGOSJ8_IA_/build/argj801_setup' returned '0': CMAKE_PREFIX_PATH=/opt/ros/humble /usr/bin/cmake --build /home/roverj8/LUIS/ARGJ08/ARGOSJ8_IA_/build/argj801_setup -- -j24 -l24
[3.263s] DEBUG:colcon.colcon_core.event_handler.log_command:Invoking command in '/home/roverj8/LUIS/ARGJ08/ARGOSJ8_IA_/build/argj801_setup': CMAKE_PREFIX_PATH=/opt/ros/humble /usr/bin/cmake --install /home/roverj8/LUIS/ARGJ08/ARGOSJ8_IA_/build/argj801_setup
[3.269s] DEBUG:colcon.colcon_core.event_handler.log_command:Invoked command in '/home/roverj8/LUIS/ARGJ08/ARGOSJ8_IA_/build/ublox_serialization' returned '0': CMAKE_PREFIX_PATH=/opt/ros/humble /usr/bin/cmake --build /home/roverj8/LUIS/ARGJ08/ARGOSJ8_IA_/build/ublox_serialization -- -j24 -l24
[3.271s] DEBUG:colcon.colcon_core.event_handler.log_command:Invoking command in '/home/roverj8/LUIS/ARGJ08/ARGOSJ8_IA_/build/ublox_serialization': CMAKE_PREFIX_PATH=/opt/ros/humble /usr/bin/cmake --install /home/roverj8/LUIS/ARGJ08/ARGOSJ8_IA_/build/ublox_serialization
[3.273s] Level 1:colcon.colcon_core.environment:create_environment_scripts_only(sdl2_vendor)
[3.274s] Level 1:colcon.colcon_core.environment:checking '/home/roverj8/LUIS/ARGJ08/ARGOSJ8_IA_/install/sdl2_vendor' for CMake module files
[3.286s] Level 1:colcon.colcon_core.environment:checking '/home/roverj8/LUIS/ARGJ08/ARGOSJ8_IA_/install/sdl2_vendor' for CMake config files
[3.286s] Level 1:colcon.colcon_core.shell:create_environment_hook('sdl2_vendor', 'cmake_prefix_path')
[3.288s] INFO:colcon.colcon_core.shell:Creating environment hook '/home/roverj8/LUIS/ARGJ08/ARGOSJ8_IA_/install/sdl2_vendor/share/sdl2_vendor/hook/cmake_prefix_path.ps1'
[3.289s] INFO:colcon.colcon_core.shell:Creating environment descriptor '/home/roverj8/LUIS/ARGJ08/ARGOSJ8_IA_/install/sdl2_vendor/share/sdl2_vendor/hook/cmake_prefix_path.dsv'
[3.290s] INFO:colcon.colcon_core.shell:Creating environment hook '/home/roverj8/LUIS/ARGJ08/ARGOSJ8_IA_/install/sdl2_vendor/share/sdl2_vendor/hook/cmake_prefix_path.sh'
[3.291s] Level 1:colcon.colcon_core.environment:checking '/home/roverj8/LUIS/ARGJ08/ARGOSJ8_IA_/install/sdl2_vendor/bin'
[3.291s] Level 1:colcon.colcon_core.environment:checking '/home/roverj8/LUIS/ARGJ08/ARGOSJ8_IA_/install/sdl2_vendor/lib/pkgconfig/sdl2_vendor.pc'
[3.293s] Level 1:colcon.colcon_core.environment:checking '/home/roverj8/LUIS/ARGJ08/ARGOSJ8_IA_/install/sdl2_vendor/lib/python3.10/site-packages'
[3.294s] Level 1:colcon.colcon_core.environment:checking '/home/roverj8/LUIS/ARGJ08/ARGOSJ8_IA_/install/sdl2_vendor/bin'
[3.296s] INFO:colcon.colcon_core.shell:Creating package script '/home/roverj8/LUIS/ARGJ08/ARGOSJ8_IA_/install/sdl2_vendor/share/sdl2_vendor/package.ps1'
[3.295s] DEBUG:colcon.colcon_core.event_handler.log_command:Invoked command in '/home/roverj8/LUIS/ARGJ08/ARGOSJ8_IA_/build/sdl2_vendor' returned '0': CMAKE_PREFIX_PATH=/opt/ros/humble /usr/bin/cmake --install /home/roverj8/LUIS/ARGJ08/ARGOSJ8_IA_/build/sdl2_vendor
[3.301s] INFO:colcon.colcon_core.shell:Creating package descriptor '/home/roverj8/LUIS/ARGJ08/ARGOSJ8_IA_/install/sdl2_vendor/share/sdl2_vendor/package.dsv'
[3.310s] INFO:colcon.colcon_core.shell:Creating package script '/home/roverj8/LUIS/ARGJ08/ARGOSJ8_IA_/install/sdl2_vendor/share/sdl2_vendor/package.sh'
[3.311s] INFO:colcon.colcon_core.shell:Creating package script '/home/roverj8/LUIS/ARGJ08/ARGOSJ8_IA_/install/sdl2_vendor/share/sdl2_vendor/package.bash'
[3.312s] INFO:colcon.colcon_core.shell:Creating package script '/home/roverj8/LUIS/ARGJ08/ARGOSJ8_IA_/install/sdl2_vendor/share/sdl2_vendor/package.zsh'
[3.315s] Level 1:colcon.colcon_core.environment:create_file_with_runtime_dependencies(/home/roverj8/LUIS/ARGJ08/ARGOSJ8_IA_/install/sdl2_vendor/share/colcon-core/packages/sdl2_vendor)
[3.317s] Level 1:colcon.colcon_core.environment:create_environment_scripts_only(sdl2_vendor)
[3.318s] Level 1:colcon.colcon_core.environment:checking '/home/roverj8/LUIS/ARGJ08/ARGOSJ8_IA_/install/sdl2_vendor' for CMake module files
[3.325s] Level 1:colcon.colcon_core.environment:checking '/home/roverj8/LUIS/ARGJ08/ARGOSJ8_IA_/install/sdl2_vendor' for CMake config files
[3.325s] Level 1:colcon.colcon_core.shell:create_environment_hook('sdl2_vendor', 'cmake_prefix_path')
[3.326s] INFO:colcon.colcon_core.shell:Creating environment hook '/home/roverj8/LUIS/ARGJ08/ARGOSJ8_IA_/install/sdl2_vendor/share/sdl2_vendor/hook/cmake_prefix_path.ps1'
[3.327s] INFO:colcon.colcon_core.shell:Creating environment descriptor '/home/roverj8/LUIS/ARGJ08/ARGOSJ8_IA_/install/sdl2_vendor/share/sdl2_vendor/hook/cmake_prefix_path.dsv'
[3.327s] INFO:colcon.colcon_core.shell:Creating environment hook '/home/roverj8/LUIS/ARGJ08/ARGOSJ8_IA_/install/sdl2_vendor/share/sdl2_vendor/hook/cmake_prefix_path.sh'
[3.329s] Level 1:colcon.colcon_core.environment:checking '/home/roverj8/LUIS/ARGJ08/ARGOSJ8_IA_/install/sdl2_vendor/bin'
[3.329s] Level 1:colcon.colcon_core.environment:checking '/home/roverj8/LUIS/ARGJ08/ARGOSJ8_IA_/install/sdl2_vendor/lib/pkgconfig/sdl2_vendor.pc'
[3.331s] Level 1:colcon.colcon_core.environment:checking '/home/roverj8/LUIS/ARGJ08/ARGOSJ8_IA_/install/sdl2_vendor/lib/python3.10/site-packages'
[3.332s] Level 1:colcon.colcon_core.environment:checking '/home/roverj8/LUIS/ARGJ08/ARGOSJ8_IA_/install/sdl2_vendor/bin'
[3.333s] INFO:colcon.colcon_core.shell:Creating package script '/home/roverj8/LUIS/ARGJ08/ARGOSJ8_IA_/install/sdl2_vendor/share/sdl2_vendor/package.ps1'
[3.335s] INFO:colcon.colcon_core.shell:Creating package descriptor '/home/roverj8/LUIS/ARGJ08/ARGOSJ8_IA_/install/sdl2_vendor/share/sdl2_vendor/package.dsv'
[3.340s] INFO:colcon.colcon_core.shell:Creating package script '/home/roverj8/LUIS/ARGJ08/ARGOSJ8_IA_/install/sdl2_vendor/share/sdl2_vendor/package.sh'
[3.342s] INFO:colcon.colcon_core.shell:Creating package script '/home/roverj8/LUIS/ARGJ08/ARGOSJ8_IA_/install/sdl2_vendor/share/sdl2_vendor/package.bash'
[3.342s] INFO:colcon.colcon_core.shell:Creating package script '/home/roverj8/LUIS/ARGJ08/ARGOSJ8_IA_/install/sdl2_vendor/share/sdl2_vendor/package.zsh'
[3.343s] Level 1:colcon.colcon_core.environment:create_file_with_runtime_dependencies(/home/roverj8/LUIS/ARGJ08/ARGOSJ8_IA_/install/sdl2_vendor/share/colcon-core/packages/sdl2_vendor)
[3.367s] DEBUG:colcon.colcon_core.event_handler.log_command:Invoking command in '/home/roverj8/LUIS/ARGJ08/ARGOSJ8_IA_/build/fixposition_driver_lib': CMAKE_PREFIX_PATH=/home/roverj8/LUIS/ARGJ08/ARGOSJ8_IA_/install/fixposition_gnss_tf:/opt/ros/humble LD_LIBRARY_PATH=/home/roverj8/LUIS/ARGJ08/ARGOSJ8_IA_/install/fixposition_gnss_tf/lib:${LD_LIBRARY_PATH} PKG_CONFIG_PATH=/home/roverj8/LUIS/ARGJ08/ARGOSJ8_IA_/install/fixposition_gnss_tf/lib/x86_64-linux-gnu/pkgconfig:/home/roverj8/LUIS/ARGJ08/ARGOSJ8_IA_/install/fixposition_gnss_tf/lib/pkgconfig /usr/bin/cmake /home/roverj8/LUIS/ARGJ08/ARGOSJ8_IA_/src/argo_drivers_pkgs/Fixposition_driver_pkg/fixposition_driver-main/fixposition_driver_lib -DCMAKE_INSTALL_PREFIX=/home/roverj8/LUIS/ARGJ08/ARGOSJ8_IA_/install/fixposition_driver_lib
[3.393s] INFO:colcon.colcon_ros.task.ament_cmake.build:Building ROS package in '/home/roverj8/LUIS/ARGJ08/ARGOSJ8_IA_/src/j8_joystick/joy' with build type 'ament_cmake'
[3.394s] INFO:colcon.colcon_cmake.task.cmake.build:Building CMake package in '/home/roverj8/LUIS/ARGJ08/ARGOSJ8_IA_/src/j8_joystick/joy'
[3.394s] INFO:colcon.colcon_core.shell:Skip shell extension 'powershell' for command environment: Not usable outside of PowerShell
[3.394s] DEBUG:colcon.colcon_core.shell:Skip shell extension 'dsv' for command environment
[3.429s] DEBUG:colcon.colcon_core.event_handler.log_command:Invoked command in '/home/roverj8/LUIS/ARGJ08/ARGOSJ8_IA_/build/car_interfaces' returned '0': CMAKE_PREFIX_PATH=/opt/ros/humble /usr/bin/cmake /home/roverj8/LUIS/ARGJ08/ARGOSJ8_IA_/src/car_interfaces -DCMAKE_INSTALL_PREFIX=/home/roverj8/LUIS/ARGJ08/ARGOSJ8_IA_/install/car_interfaces
[3.431s] DEBUG:colcon.colcon_core.event_handler.log_command:Invoking command in '/home/roverj8/LUIS/ARGJ08/ARGOSJ8_IA_/build/car_interfaces': CMAKE_PREFIX_PATH=/opt/ros/humble /usr/bin/cmake --build /home/roverj8/LUIS/ARGJ08/ARGOSJ8_IA_/build/car_interfaces -- -j24 -l24
[3.441s] Level 1:colcon.colcon_core.environment:create_environment_scripts_only(argj801_setup)
[3.443s] Level 1:colcon.colcon_core.environment:checking '/home/roverj8/LUIS/ARGJ08/ARGOSJ8_IA_/install/argj801_setup' for CMake module files
[3.444s] Level 1:colcon.colcon_core.environment:checking '/home/roverj8/LUIS/ARGJ08/ARGOSJ8_IA_/install/argj801_setup' for CMake config files
[3.444s] Level 1:colcon.colcon_core.shell:create_environment_hook('argj801_setup', 'cmake_prefix_path')
[3.444s] INFO:colcon.colcon_core.shell:Creating environment hook '/home/roverj8/LUIS/ARGJ08/ARGOSJ8_IA_/install/argj801_setup/share/argj801_setup/hook/cmake_prefix_path.ps1'
[3.442s] DEBUG:colcon.colcon_core.event_handler.log_command:Invoked command in '/home/roverj8/LUIS/ARGJ08/ARGOSJ8_IA_/build/argj801_setup' returned '0': CMAKE_PREFIX_PATH=/opt/ros/humble /usr/bin/cmake --install /home/roverj8/LUIS/ARGJ08/ARGOSJ8_IA_/build/argj801_setup
[3.452s] INFO:colcon.colcon_core.shell:Creating environment descriptor '/home/roverj8/LUIS/ARGJ08/ARGOSJ8_IA_/install/argj801_setup/share/argj801_setup/hook/cmake_prefix_path.dsv'
[3.453s] INFO:colcon.colcon_core.shell:Creating environment hook '/home/roverj8/LUIS/ARGJ08/ARGOSJ8_IA_/install/argj801_setup/share/argj801_setup/hook/cmake_prefix_path.sh'
[3.455s] Level 1:colcon.colcon_core.environment:checking '/home/roverj8/LUIS/ARGJ08/ARGOSJ8_IA_/install/argj801_setup/bin'
[3.455s] Level 1:colcon.colcon_core.environment:checking '/home/roverj8/LUIS/ARGJ08/ARGOSJ8_IA_/install/argj801_setup/lib/pkgconfig/argj801_setup.pc'
[3.456s] Level 1:colcon.colcon_core.environment:checking '/home/roverj8/LUIS/ARGJ08/ARGOSJ8_IA_/install/argj801_setup/lib/python3.10/site-packages'
[3.458s] Level 1:colcon.colcon_core.environment:checking '/home/roverj8/LUIS/ARGJ08/ARGOSJ8_IA_/install/argj801_setup/bin'
[3.458s] INFO:colcon.colcon_core.shell:Creating package script '/home/roverj8/LUIS/ARGJ08/ARGOSJ8_IA_/install/argj801_setup/share/argj801_setup/package.ps1'
[3.460s] INFO:colcon.colcon_core.shell:Creating package descriptor '/home/roverj8/LUIS/ARGJ08/ARGOSJ8_IA_/install/argj801_setup/share/argj801_setup/package.dsv'
[3.466s] INFO:colcon.colcon_core.shell:Creating package script '/home/roverj8/LUIS/ARGJ08/ARGOSJ8_IA_/install/argj801_setup/share/argj801_setup/package.sh'
[3.467s] INFO:colcon.colcon_core.shell:Creating package script '/home/roverj8/LUIS/ARGJ08/ARGOSJ8_IA_/install/argj801_setup/share/argj801_setup/package.bash'
[3.475s] INFO:colcon.colcon_core.shell:Creating package script '/home/roverj8/LUIS/ARGJ08/ARGOSJ8_IA_/install/argj801_setup/share/argj801_setup/package.zsh'
[3.476s] Level 1:colcon.colcon_core.environment:create_file_with_runtime_dependencies(/home/roverj8/LUIS/ARGJ08/ARGOSJ8_IA_/install/argj801_setup/share/colcon-core/packages/argj801_setup)
[3.479s] Level 1:colcon.colcon_core.environment:create_environment_scripts_only(argj801_setup)
[3.480s] Level 1:colcon.colcon_core.environment:checking '/home/roverj8/LUIS/ARGJ08/ARGOSJ8_IA_/install/argj801_setup' for CMake module files
[3.484s] Level 1:colcon.colcon_core.environment:checking '/home/roverj8/LUIS/ARGJ08/ARGOSJ8_IA_/install/argj801_setup' for CMake config files
[3.484s] Level 1:colcon.colcon_core.shell:create_environment_hook('argj801_setup', 'cmake_prefix_path')
[3.485s] INFO:colcon.colcon_core.shell:Creating environment hook '/home/roverj8/LUIS/ARGJ08/ARGOSJ8_IA_/install/argj801_setup/share/argj801_setup/hook/cmake_prefix_path.ps1'
[3.486s] INFO:colcon.colcon_core.shell:Creating environment descriptor '/home/roverj8/LUIS/ARGJ08/ARGOSJ8_IA_/install/argj801_setup/share/argj801_setup/hook/cmake_prefix_path.dsv'
[3.487s] INFO:colcon.colcon_core.shell:Creating environment hook '/home/roverj8/LUIS/ARGJ08/ARGOSJ8_IA_/install/argj801_setup/share/argj801_setup/hook/cmake_prefix_path.sh'
[3.488s] Level 1:colcon.colcon_core.environment:checking '/home/roverj8/LUIS/ARGJ08/ARGOSJ8_IA_/install/argj801_setup/bin'
[3.488s] Level 1:colcon.colcon_core.environment:checking '/home/roverj8/LUIS/ARGJ08/ARGOSJ8_IA_/install/argj801_setup/lib/pkgconfig/argj801_setup.pc'
[3.489s] Level 1:colcon.colcon_core.environment:checking '/home/roverj8/LUIS/ARGJ08/ARGOSJ8_IA_/install/argj801_setup/lib/python3.10/site-packages'
[3.489s] Level 1:colcon.colcon_core.environment:checking '/home/roverj8/LUIS/ARGJ08/ARGOSJ8_IA_/install/argj801_setup/bin'
[3.490s] INFO:colcon.colcon_core.shell:Creating package script '/home/roverj8/LUIS/ARGJ08/ARGOSJ8_IA_/install/argj801_setup/share/argj801_setup/package.ps1'
[3.491s] INFO:colcon.colcon_core.shell:Creating package descriptor '/home/roverj8/LUIS/ARGJ08/ARGOSJ8_IA_/install/argj801_setup/share/argj801_setup/package.dsv'
[3.499s] INFO:colcon.colcon_core.shell:Creating package script '/home/roverj8/LUIS/ARGJ08/ARGOSJ8_IA_/install/argj801_setup/share/argj801_setup/package.sh'
[3.500s] INFO:colcon.colcon_core.shell:Creating package script '/home/roverj8/LUIS/ARGJ08/ARGOSJ8_IA_/install/argj801_setup/share/argj801_setup/package.bash'
[3.501s] INFO:colcon.colcon_core.shell:Creating package script '/home/roverj8/LUIS/ARGJ08/ARGOSJ8_IA_/install/argj801_setup/share/argj801_setup/package.zsh'
[3.502s] Level 1:colcon.colcon_core.environment:create_file_with_runtime_dependencies(/home/roverj8/LUIS/ARGJ08/ARGOSJ8_IA_/install/argj801_setup/share/colcon-core/packages/argj801_setup)
[3.502s] Level 1:colcon.colcon_core.environment:create_environment_scripts_only(ublox_serialization)
[3.504s] DEBUG:colcon.colcon_core.event_handler.log_command:Invoked command in '/home/roverj8/LUIS/ARGJ08/ARGOSJ8_IA_/build/ublox_serialization' returned '0': CMAKE_PREFIX_PATH=/opt/ros/humble /usr/bin/cmake --install /home/roverj8/LUIS/ARGJ08/ARGOSJ8_IA_/build/ublox_serialization
[3.504s] Level 1:colcon.colcon_core.environment:checking '/home/roverj8/LUIS/ARGJ08/ARGOSJ8_IA_/install/ublox_serialization' for CMake module files
[3.506s] Level 1:colcon.colcon_core.environment:checking '/home/roverj8/LUIS/ARGJ08/ARGOSJ8_IA_/install/ublox_serialization' for CMake config files
[3.508s] Level 1:colcon.colcon_core.shell:create_environment_hook('ublox_serialization', 'cmake_prefix_path')
[3.510s] INFO:colcon.colcon_core.shell:Creating environment hook '/home/roverj8/LUIS/ARGJ08/ARGOSJ8_IA_/install/ublox_serialization/share/ublox_serialization/hook/cmake_prefix_path.ps1'
[3.511s] INFO:colcon.colcon_core.shell:Creating environment descriptor '/home/roverj8/LUIS/ARGJ08/ARGOSJ8_IA_/install/ublox_serialization/share/ublox_serialization/hook/cmake_prefix_path.dsv'
[3.515s] INFO:colcon.colcon_core.shell:Creating environment hook '/home/roverj8/LUIS/ARGJ08/ARGOSJ8_IA_/install/ublox_serialization/share/ublox_serialization/hook/cmake_prefix_path.sh'
[3.516s] Level 1:colcon.colcon_core.environment:checking '/home/roverj8/LUIS/ARGJ08/ARGOSJ8_IA_/install/ublox_serialization/bin'
[3.516s] Level 1:colcon.colcon_core.environment:checking '/home/roverj8/LUIS/ARGJ08/ARGOSJ8_IA_/install/ublox_serialization/lib/pkgconfig/ublox_serialization.pc'
[3.517s] Level 1:colcon.colcon_core.environment:checking '/home/roverj8/LUIS/ARGJ08/ARGOSJ8_IA_/install/ublox_serialization/lib/python3.10/site-packages'
[3.518s] Level 1:colcon.colcon_core.environment:checking '/home/roverj8/LUIS/ARGJ08/ARGOSJ8_IA_/install/ublox_serialization/bin'
[3.518s] INFO:colcon.colcon_core.shell:Creating package script '/home/roverj8/LUIS/ARGJ08/ARGOSJ8_IA_/install/ublox_serialization/share/ublox_serialization/package.ps1'
[3.520s] INFO:colcon.colcon_core.shell:Creating package descriptor '/home/roverj8/LUIS/ARGJ08/ARGOSJ8_IA_/install/ublox_serialization/share/ublox_serialization/package.dsv'
[3.530s] INFO:colcon.colcon_core.shell:Creating package script '/home/roverj8/LUIS/ARGJ08/ARGOSJ8_IA_/install/ublox_serialization/share/ublox_serialization/package.sh'
[3.532s] INFO:colcon.colcon_core.shell:Creating package script '/home/roverj8/LUIS/ARGJ08/ARGOSJ8_IA_/install/ublox_serialization/share/ublox_serialization/package.bash'
[3.532s] INFO:colcon.colcon_core.shell:Creating package script '/home/roverj8/LUIS/ARGJ08/ARGOSJ8_IA_/install/ublox_serialization/share/ublox_serialization/package.zsh'
[3.533s] Level 1:colcon.colcon_core.environment:create_file_with_runtime_dependencies(/home/roverj8/LUIS/ARGJ08/ARGOSJ8_IA_/install/ublox_serialization/share/colcon-core/packages/ublox_serialization)
[3.534s] Level 1:colcon.colcon_core.environment:create_environment_scripts_only(ublox_serialization)
[3.535s] Level 1:colcon.colcon_core.environment:checking '/home/roverj8/LUIS/ARGJ08/ARGOSJ8_IA_/install/ublox_serialization' for CMake module files
[3.536s] Level 1:colcon.colcon_core.environment:checking '/home/roverj8/LUIS/ARGJ08/ARGOSJ8_IA_/install/ublox_serialization' for CMake config files
[3.536s] Level 1:colcon.colcon_core.shell:create_environment_hook('ublox_serialization', 'cmake_prefix_path')
[3.536s] INFO:colcon.colcon_core.shell:Creating environment hook '/home/roverj8/LUIS/ARGJ08/ARGOSJ8_IA_/install/ublox_serialization/share/ublox_serialization/hook/cmake_prefix_path.ps1'
[3.546s] INFO:colcon.colcon_core.shell:Creating environment descriptor '/home/roverj8/LUIS/ARGJ08/ARGOSJ8_IA_/install/ublox_serialization/share/ublox_serialization/hook/cmake_prefix_path.dsv'
[3.547s] INFO:colcon.colcon_core.shell:Creating environment hook '/home/roverj8/LUIS/ARGJ08/ARGOSJ8_IA_/install/ublox_serialization/share/ublox_serialization/hook/cmake_prefix_path.sh'
[3.548s] Level 1:colcon.colcon_core.environment:checking '/home/roverj8/LUIS/ARGJ08/ARGOSJ8_IA_/install/ublox_serialization/bin'
[3.548s] Level 1:colcon.colcon_core.environment:checking '/home/roverj8/LUIS/ARGJ08/ARGOSJ8_IA_/install/ublox_serialization/lib/pkgconfig/ublox_serialization.pc'
[3.548s] Level 1:colcon.colcon_core.environment:checking '/home/roverj8/LUIS/ARGJ08/ARGOSJ8_IA_/install/ublox_serialization/lib/python3.10/site-packages'
[3.549s] Level 1:colcon.colcon_core.environment:checking '/home/roverj8/LUIS/ARGJ08/ARGOSJ8_IA_/install/ublox_serialization/bin'
[3.550s] INFO:colcon.colcon_core.shell:Creating package script '/home/roverj8/LUIS/ARGJ08/ARGOSJ8_IA_/install/ublox_serialization/share/ublox_serialization/package.ps1'
[3.555s] INFO:colcon.colcon_core.shell:Creating package descriptor '/home/roverj8/LUIS/ARGJ08/ARGOSJ8_IA_/install/ublox_serialization/share/ublox_serialization/package.dsv'
[3.558s] INFO:colcon.colcon_core.shell:Creating package script '/home/roverj8/LUIS/ARGJ08/ARGOSJ8_IA_/install/ublox_serialization/share/ublox_serialization/package.sh'
[3.561s] INFO:colcon.colcon_core.shell:Creating package script '/home/roverj8/LUIS/ARGJ08/ARGOSJ8_IA_/install/ublox_serialization/share/ublox_serialization/package.bash'
[3.563s] INFO:colcon.colcon_core.shell:Creating package script '/home/roverj8/LUIS/ARGJ08/ARGOSJ8_IA_/install/ublox_serialization/share/ublox_serialization/package.zsh'
[3.570s] Level 1:colcon.colcon_core.environment:create_file_with_runtime_dependencies(/home/roverj8/LUIS/ARGJ08/ARGOSJ8_IA_/install/ublox_serialization/share/colcon-core/packages/ublox_serialization)
[3.572s] INFO:colcon.colcon_ros.task.ament_cmake.build:Building ROS package in '/home/roverj8/LUIS/ARGJ08/ARGOSJ8_IA_/src/argo_drivers_pkgs/ublox/ublox_msgs' with build type 'ament_cmake'
[3.573s] INFO:colcon.colcon_cmake.task.cmake.build:Building CMake package in '/home/roverj8/LUIS/ARGJ08/ARGOSJ8_IA_/src/argo_drivers_pkgs/ublox/ublox_msgs'
[3.573s] INFO:colcon.colcon_core.shell:Skip shell extension 'powershell' for command environment: Not usable outside of PowerShell
[3.574s] DEBUG:colcon.colcon_core.shell:Skip shell extension 'dsv' for command environment
[3.614s] DEBUG:colcon.colcon_core.event_handler.log_command:Invoking command in '/home/roverj8/LUIS/ARGJ08/ARGOSJ8_IA_/build/joy': AMENT_PREFIX_PATH=/home/roverj8/LUIS/ARGJ08/ARGOSJ8_IA_/install/sdl2_vendor:${AMENT_PREFIX_PATH} CMAKE_PREFIX_PATH=/home/roverj8/LUIS/ARGJ08/ARGOSJ8_IA_/install/sdl2_vendor:/opt/ros/humble /usr/bin/cmake /home/roverj8/LUIS/ARGJ08/ARGOSJ8_IA_/src/j8_joystick/joy -DCMAKE_INSTALL_PREFIX=/home/roverj8/LUIS/ARGJ08/ARGOSJ8_IA_/install/joy
[3.628s] DEBUG:colcon.colcon_core.event_handler.log_command:Invoked command in '/home/roverj8/LUIS/ARGJ08/ARGOSJ8_IA_/build/ctl_mission_interfaces' returned '0': CMAKE_PREFIX_PATH=/opt/ros/humble /usr/bin/cmake /home/roverj8/LUIS/ARGJ08/ARGOSJ8_IA_/src/ctl_mission/ctl_mission_interfaces -DCMAKE_INSTALL_PREFIX=/home/roverj8/LUIS/ARGJ08/ARGOSJ8_IA_/install/ctl_mission_interfaces
[3.646s] DEBUG:colcon.colcon_core.event_handler.log_command:Invoking command in '/home/roverj8/LUIS/ARGJ08/ARGOSJ8_IA_/build/ctl_mission_interfaces': CMAKE_PREFIX_PATH=/opt/ros/humble /usr/bin/cmake --build /home/roverj8/LUIS/ARGJ08/ARGOSJ8_IA_/build/ctl_mission_interfaces -- -j24 -l24
[3.676s] DEBUG:colcon.colcon_core.event_handler.log_command:Invoking command in '/home/roverj8/LUIS/ARGJ08/ARGOSJ8_IA_/build/ublox_msgs': AMENT_PREFIX_PATH=/home/roverj8/LUIS/ARGJ08/ARGOSJ8_IA_/install/ublox_serialization:${AMENT_PREFIX_PATH} CMAKE_PREFIX_PATH=/home/roverj8/LUIS/ARGJ08/ARGOSJ8_IA_/install/ublox_serialization:/opt/ros/humble /usr/bin/cmake /home/roverj8/LUIS/ARGJ08/ARGOSJ8_IA_/src/argo_drivers_pkgs/ublox/ublox_msgs -DCMAKE_INSTALL_PREFIX=/home/roverj8/LUIS/ARGJ08/ARGOSJ8_IA_/install/ublox_msgs
[3.726s] DEBUG:colcon.colcon_core.event_handler.log_command:Invoked command in '/home/roverj8/LUIS/ARGJ08/ARGOSJ8_IA_/build/hikmicro_thermal_camera' returned '0': CMAKE_PREFIX_PATH=/opt/ros/humble /usr/bin/cmake /home/roverj8/LUIS/ARGJ08/ARGOSJ8_IA_/src/hikmicro_thermal_camera -DCMAKE_INSTALL_PREFIX=/home/roverj8/LUIS/ARGJ08/ARGOSJ8_IA_/install/hikmicro_thermal_camera
[3.728s] DEBUG:colcon.colcon_core.event_handler.log_command:Invoking command in '/home/roverj8/LUIS/ARGJ08/ARGOSJ8_IA_/build/hikmicro_thermal_camera': CMAKE_PREFIX_PATH=/opt/ros/humble /usr/bin/cmake --build /home/roverj8/LUIS/ARGJ08/ARGOSJ8_IA_/build/hikmicro_thermal_camera -- -j24 -l24
[3.863s] DEBUG:colcon.colcon_core.event_handler.log_command:Invoked command in '/home/roverj8/LUIS/ARGJ08/ARGOSJ8_IA_/build/slg_msgs' returned '0': CMAKE_PREFIX_PATH=/opt/ros/humble /usr/bin/cmake /home/roverj8/LUIS/ARGJ08/ARGOSJ8_IA_/src/lidar_process_pkgs/slg_msgs -DCMAKE_INSTALL_PREFIX=/home/roverj8/LUIS/ARGJ08/ARGOSJ8_IA_/install/slg_msgs
[3.887s] DEBUG:colcon.colcon_core.event_handler.log_command:Invoking command in '/home/roverj8/LUIS/ARGJ08/ARGOSJ8_IA_/build/slg_msgs': CMAKE_PREFIX_PATH=/opt/ros/humble /usr/bin/cmake --build /home/roverj8/LUIS/ARGJ08/ARGOSJ8_IA_/build/slg_msgs -- -j24 -l24
[4.116s] DEBUG:colcon.colcon_core.event_handler.log_command:Invoking command in '/home/roverj8/LUIS/ARGJ08/ARGOSJ8_IA_/src/android_ros2_server': PYTHONPATH=/home/roverj8/LUIS/ARGJ08/ARGOSJ8_IA_/build/android_ros2_server/prefix_override:/usr/lib/python3/dist-packages/colcon_core/task/python/colcon_distutils_commands:/home/roverj8/LUIS/ARGJ08/ARGOSJ8_IA_/install/android_ros2_server/lib/python3.10/site-packages:${PYTHONPATH} /usr/bin/python3 -W ignore:setup.py install is deprecated -W ignore:easy_install command is deprecated setup.py egg_info --egg-base ../../build/android_ros2_server build --build-base /home/roverj8/LUIS/ARGJ08/ARGOSJ8_IA_/build/android_ros2_server/build install --record /home/roverj8/LUIS/ARGJ08/ARGOSJ8_IA_/build/android_ros2_server/install.log --single-version-externally-managed install_data
[4.143s] DEBUG:colcon.colcon_core.event_handler.log_command:Invoking command in '/home/roverj8/LUIS/ARGJ08/ARGOSJ8_IA_/src/GUI_pkg': PYTHONPATH=/home/roverj8/LUIS/ARGJ08/ARGOSJ8_IA_/build/GUI_pkg/prefix_override:/usr/lib/python3/dist-packages/colcon_core/task/python/colcon_distutils_commands:/home/roverj8/LUIS/ARGJ08/ARGOSJ8_IA_/install/GUI_pkg/lib/python3.10/site-packages:${PYTHONPATH} /usr/bin/python3 -W ignore:setup.py install is deprecated -W ignore:easy_install command is deprecated setup.py egg_info --egg-base ../../build/GUI_pkg build --build-base /home/roverj8/LUIS/ARGJ08/ARGOSJ8_IA_/build/GUI_pkg/build install --record /home/roverj8/LUIS/ARGJ08/ARGOSJ8_IA_/build/GUI_pkg/install.log --single-version-externally-managed
[4.274s] DEBUG:colcon.colcon_core.event_handler.log_command:Invoked command in '/home/roverj8/LUIS/ARGJ08/ARGOSJ8_IA_/build/path_manager_interfaces' returned '0': CMAKE_PREFIX_PATH=/opt/ros/humble /usr/bin/cmake /home/roverj8/LUIS/ARGJ08/ARGOSJ8_IA_/src/path_manager/path_manager_interfaces -DCMAKE_INSTALL_PREFIX=/home/roverj8/LUIS/ARGJ08/ARGOSJ8_IA_/install/path_manager_interfaces
[4.275s] DEBUG:colcon.colcon_core.event_handler.log_command:Invoking command in '/home/roverj8/LUIS/ARGJ08/ARGOSJ8_IA_/build/path_manager_interfaces': CMAKE_PREFIX_PATH=/opt/ros/humble /usr/bin/cmake --build /home/roverj8/LUIS/ARGJ08/ARGOSJ8_IA_/build/path_manager_interfaces -- -j24 -l24
[4.356s] DEBUG:colcon.colcon_core.event_handler.log_command:Invoking command in '/home/roverj8/LUIS/ARGJ08/ARGOSJ8_IA_/src/gui': PYTHONPATH=/home/roverj8/LUIS/ARGJ08/ARGOSJ8_IA_/build/gui/prefix_override:/usr/lib/python3/dist-packages/colcon_core/task/python/colcon_distutils_commands:/home/roverj8/LUIS/ARGJ08/ARGOSJ8_IA_/install/gui/lib/python3.10/site-packages:${PYTHONPATH} /usr/bin/python3 -W ignore:setup.py install is deprecated -W ignore:easy_install command is deprecated setup.py egg_info --egg-base ../../build/gui build --build-base /home/roverj8/LUIS/ARGJ08/ARGOSJ8_IA_/build/gui/build install --record /home/roverj8/LUIS/ARGJ08/ARGOSJ8_IA_/build/gui/install.log --single-version-externally-managed install_data
[4.396s] DEBUG:colcon.colcon_core.event_handler.log_command:Invoking command in '/home/roverj8/LUIS/ARGJ08/ARGOSJ8_IA_/src/argo_drivers_pkgs/ntrip_client': PYTHONPATH=/home/roverj8/LUIS/ARGJ08/ARGOSJ8_IA_/build/ntrip_client/prefix_override:/usr/lib/python3/dist-packages/colcon_core/task/python/colcon_distutils_commands:/home/roverj8/LUIS/ARGJ08/ARGOSJ8_IA_/install/ntrip_client/lib/python3.10/site-packages:${PYTHONPATH} /usr/bin/python3 -W ignore:setup.py install is deprecated -W ignore:easy_install command is deprecated setup.py egg_info --egg-base ../../../build/ntrip_client build --build-base /home/roverj8/LUIS/ARGJ08/ARGOSJ8_IA_/build/ntrip_client/build install --record /home/roverj8/LUIS/ARGJ08/ARGOSJ8_IA_/build/ntrip_client/install.log --single-version-externally-managed install_data
[4.568s] DEBUG:colcon.colcon_core.event_handler.log_command:Invoking command in '/home/roverj8/LUIS/ARGJ08/ARGOSJ8_IA_/src/test_gui_j8/src/j8_gui': PYTHONPATH=/home/roverj8/LUIS/ARGJ08/ARGOSJ8_IA_/build/j8_gui/prefix_override:/usr/lib/python3/dist-packages/colcon_core/task/python/colcon_distutils_commands:/home/roverj8/LUIS/ARGJ08/ARGOSJ8_IA_/install/j8_gui/lib/python3.10/site-packages:${PYTHONPATH} /usr/bin/python3 -W ignore:setup.py install is deprecated -W ignore:easy_install command is deprecated setup.py egg_info --egg-base ../../../../build/j8_gui build --build-base /home/roverj8/LUIS/ARGJ08/ARGOSJ8_IA_/build/j8_gui/build install --record /home/roverj8/LUIS/ARGJ08/ARGOSJ8_IA_/build/j8_gui/install.log --single-version-externally-managed install_data
[4.661s] DEBUG:colcon.colcon_core.event_handler.log_command:Invoked command in '/home/roverj8/LUIS/ARGJ08/ARGOSJ8_IA_/build/fixposition_driver_lib' returned '0': CMAKE_PREFIX_PATH=/home/roverj8/LUIS/ARGJ08/ARGOSJ8_IA_/install/fixposition_gnss_tf:/opt/ros/humble LD_LIBRARY_PATH=/home/roverj8/LUIS/ARGJ08/ARGOSJ8_IA_/install/fixposition_gnss_tf/lib:${LD_LIBRARY_PATH} PKG_CONFIG_PATH=/home/roverj8/LUIS/ARGJ08/ARGOSJ8_IA_/install/fixposition_gnss_tf/lib/x86_64-linux-gnu/pkgconfig:/home/roverj8/LUIS/ARGJ08/ARGOSJ8_IA_/install/fixposition_gnss_tf/lib/pkgconfig /usr/bin/cmake /home/roverj8/LUIS/ARGJ08/ARGOSJ8_IA_/src/argo_drivers_pkgs/Fixposition_driver_pkg/fixposition_driver-main/fixposition_driver_lib -DCMAKE_INSTALL_PREFIX=/home/roverj8/LUIS/ARGJ08/ARGOSJ8_IA_/install/fixposition_driver_lib
[4.662s] DEBUG:colcon.colcon_core.event_handler.log_command:Invoking command in '/home/roverj8/LUIS/ARGJ08/ARGOSJ8_IA_/build/fixposition_driver_lib': CMAKE_PREFIX_PATH=/home/roverj8/LUIS/ARGJ08/ARGOSJ8_IA_/install/fixposition_gnss_tf:/opt/ros/humble LD_LIBRARY_PATH=/home/roverj8/LUIS/ARGJ08/ARGOSJ8_IA_/install/fixposition_gnss_tf/lib:${LD_LIBRARY_PATH} PKG_CONFIG_PATH=/home/roverj8/LUIS/ARGJ08/ARGOSJ8_IA_/install/fixposition_gnss_tf/lib/x86_64-linux-gnu/pkgconfig:/home/roverj8/LUIS/ARGJ08/ARGOSJ8_IA_/install/fixposition_gnss_tf/lib/pkgconfig /usr/bin/cmake --build /home/roverj8/LUIS/ARGJ08/ARGOSJ8_IA_/build/fixposition_driver_lib -- -j24 -l24
[6.486s] Level 1:colcon.colcon_core.environment:checking '/home/roverj8/LUIS/ARGJ08/ARGOSJ8_IA_/install/android_ros2_server' for CMake module files
[6.494s] Level 1:colcon.colcon_core.environment:checking '/home/roverj8/LUIS/ARGJ08/ARGOSJ8_IA_/install/android_ros2_server' for CMake config files
[6.525s] Level 1:colcon.colcon_core.environment:checking '/home/roverj8/LUIS/ARGJ08/ARGOSJ8_IA_/install/android_ros2_server/lib'
[6.525s] Level 1:colcon.colcon_core.environment:checking '/home/roverj8/LUIS/ARGJ08/ARGOSJ8_IA_/install/android_ros2_server/bin'
[6.526s] Level 1:colcon.colcon_core.environment:checking '/home/roverj8/LUIS/ARGJ08/ARGOSJ8_IA_/install/android_ros2_server/lib/pkgconfig/android_ros2_server.pc'
[6.526s] Level 1:colcon.colcon_core.environment:checking '/home/roverj8/LUIS/ARGJ08/ARGOSJ8_IA_/install/android_ros2_server/lib/python3.10/site-packages'
[6.526s] Level 1:colcon.colcon_core.shell:create_environment_hook('android_ros2_server', 'pythonpath')
[6.527s] INFO:colcon.colcon_core.shell:Creating environment hook '/home/roverj8/LUIS/ARGJ08/ARGOSJ8_IA_/install/android_ros2_server/share/android_ros2_server/hook/pythonpath.ps1'
[6.528s] INFO:colcon.colcon_core.shell:Creating environment descriptor '/home/roverj8/LUIS/ARGJ08/ARGOSJ8_IA_/install/android_ros2_server/share/android_ros2_server/hook/pythonpath.dsv'
[6.528s] INFO:colcon.colcon_core.shell:Creating environment hook '/home/roverj8/LUIS/ARGJ08/ARGOSJ8_IA_/install/android_ros2_server/share/android_ros2_server/hook/pythonpath.sh'
[6.538s] DEBUG:colcon.colcon_core.event_handler.log_command:Invoked command in '/home/roverj8/LUIS/ARGJ08/ARGOSJ8_IA_/src/android_ros2_server' returned '0': PYTHONPATH=/home/roverj8/LUIS/ARGJ08/ARGOSJ8_IA_/build/android_ros2_server/prefix_override:/usr/lib/python3/dist-packages/colcon_core/task/python/colcon_distutils_commands:/home/roverj8/LUIS/ARGJ08/ARGOSJ8_IA_/install/android_ros2_server/lib/python3.10/site-packages:${PYTHONPATH} /usr/bin/python3 -W ignore:setup.py install is deprecated -W ignore:easy_install command is deprecated setup.py egg_info --egg-base ../../build/android_ros2_server build --build-base /home/roverj8/LUIS/ARGJ08/ARGOSJ8_IA_/build/android_ros2_server/build install --record /home/roverj8/LUIS/ARGJ08/ARGOSJ8_IA_/build/android_ros2_server/install.log --single-version-externally-managed install_data
[6.542s] Level 1:colcon.colcon_core.environment:checking '/home/roverj8/LUIS/ARGJ08/ARGOSJ8_IA_/install/android_ros2_server/bin'
[6.543s] Level 1:colcon.colcon_core.environment:create_environment_scripts_only(android_ros2_server)
[6.543s] INFO:colcon.colcon_core.shell:Creating package script '/home/roverj8/LUIS/ARGJ08/ARGOSJ8_IA_/install/android_ros2_server/share/android_ros2_server/package.ps1'
[6.545s] INFO:colcon.colcon_core.shell:Creating package descriptor '/home/roverj8/LUIS/ARGJ08/ARGOSJ8_IA_/install/android_ros2_server/share/android_ros2_server/package.dsv'
[6.550s] INFO:colcon.colcon_core.shell:Creating package script '/home/roverj8/LUIS/ARGJ08/ARGOSJ8_IA_/install/android_ros2_server/share/android_ros2_server/package.sh'
[6.555s] INFO:colcon.colcon_core.shell:Creating package script '/home/roverj8/LUIS/ARGJ08/ARGOSJ8_IA_/install/android_ros2_server/share/android_ros2_server/package.bash'
[6.557s] INFO:colcon.colcon_core.shell:Creating package script '/home/roverj8/LUIS/ARGJ08/ARGOSJ8_IA_/install/android_ros2_server/share/android_ros2_server/package.zsh'
[6.560s] Level 1:colcon.colcon_core.environment:create_file_with_runtime_dependencies(/home/roverj8/LUIS/ARGJ08/ARGOSJ8_IA_/install/android_ros2_server/share/colcon-core/packages/android_ros2_server)
[6.588s] DEBUG:colcon.colcon_core.event_handler.log_command:Invoked command in '/home/roverj8/LUIS/ARGJ08/ARGOSJ8_IA_/build/joy_linux' returned '0': CMAKE_PREFIX_PATH=/opt/ros/humble /usr/bin/cmake /home/roverj8/LUIS/ARGJ08/ARGOSJ8_IA_/src/j8_joystick/joy_linux -DCMAKE_INSTALL_PREFIX=/home/roverj8/LUIS/ARGJ08/ARGOSJ8_IA_/install/joy_linux
[6.589s] DEBUG:colcon.colcon_core.event_handler.log_command:Invoking command in '/home/roverj8/LUIS/ARGJ08/ARGOSJ8_IA_/build/joy_linux': CMAKE_PREFIX_PATH=/opt/ros/humble /usr/bin/cmake --build /home/roverj8/LUIS/ARGJ08/ARGOSJ8_IA_/build/joy_linux -- -j24 -l24
[6.594s] Level 1:colcon.colcon_core.environment:checking '/home/roverj8/LUIS/ARGJ08/ARGOSJ8_IA_/install/GUI_pkg' for CMake module files
[6.595s] Level 1:colcon.colcon_core.environment:checking '/home/roverj8/LUIS/ARGJ08/ARGOSJ8_IA_/install/GUI_pkg' for CMake config files
[6.596s] Level 1:colcon.colcon_core.environment:checking '/home/roverj8/LUIS/ARGJ08/ARGOSJ8_IA_/install/GUI_pkg/lib'
[6.596s] Level 1:colcon.colcon_core.environment:checking '/home/roverj8/LUIS/ARGJ08/ARGOSJ8_IA_/install/GUI_pkg/bin'
[6.596s] Level 1:colcon.colcon_core.environment:checking '/home/roverj8/LUIS/ARGJ08/ARGOSJ8_IA_/install/GUI_pkg/lib/pkgconfig/GUI_pkg.pc'
[6.596s] Level 1:colcon.colcon_core.environment:checking '/home/roverj8/LUIS/ARGJ08/ARGOSJ8_IA_/install/GUI_pkg/lib/python3.10/site-packages'
[6.596s] Level 1:colcon.colcon_core.shell:create_environment_hook('GUI_pkg', 'pythonpath')
[6.599s] INFO:colcon.colcon_core.shell:Creating environment hook '/home/roverj8/LUIS/ARGJ08/ARGOSJ8_IA_/install/GUI_pkg/share/GUI_pkg/hook/pythonpath.ps1'
[6.600s] INFO:colcon.colcon_core.shell:Creating environment descriptor '/home/roverj8/LUIS/ARGJ08/ARGOSJ8_IA_/install/GUI_pkg/share/GUI_pkg/hook/pythonpath.dsv'
[6.601s] INFO:colcon.colcon_core.shell:Creating environment hook '/home/roverj8/LUIS/ARGJ08/ARGOSJ8_IA_/install/GUI_pkg/share/GUI_pkg/hook/pythonpath.sh'
[6.603s] Level 1:colcon.colcon_core.environment:checking '/home/roverj8/LUIS/ARGJ08/ARGOSJ8_IA_/install/GUI_pkg/bin'
[6.603s] Level 1:colcon.colcon_core.environment:create_environment_scripts_only(GUI_pkg)
[6.604s] INFO:colcon.colcon_core.shell:Creating package script '/home/roverj8/LUIS/ARGJ08/ARGOSJ8_IA_/install/GUI_pkg/share/GUI_pkg/package.ps1'
[6.608s] INFO:colcon.colcon_core.shell:Creating package descriptor '/home/roverj8/LUIS/ARGJ08/ARGOSJ8_IA_/install/GUI_pkg/share/GUI_pkg/package.dsv'
[6.608s] DEBUG:colcon.colcon_core.event_handler.log_command:Invoked command in '/home/roverj8/LUIS/ARGJ08/ARGOSJ8_IA_/src/GUI_pkg' returned '0': PYTHONPATH=/home/roverj8/LUIS/ARGJ08/ARGOSJ8_IA_/build/GUI_pkg/prefix_override:/usr/lib/python3/dist-packages/colcon_core/task/python/colcon_distutils_commands:/home/roverj8/LUIS/ARGJ08/ARGOSJ8_IA_/install/GUI_pkg/lib/python3.10/site-packages:${PYTHONPATH} /usr/bin/python3 -W ignore:setup.py install is deprecated -W ignore:easy_install command is deprecated setup.py egg_info --egg-base ../../build/GUI_pkg build --build-base /home/roverj8/LUIS/ARGJ08/ARGOSJ8_IA_/build/GUI_pkg/build install --record /home/roverj8/LUIS/ARGJ08/ARGOSJ8_IA_/build/GUI_pkg/install.log --single-version-externally-managed
[6.613s] INFO:colcon.colcon_core.shell:Creating package script '/home/roverj8/LUIS/ARGJ08/ARGOSJ8_IA_/install/GUI_pkg/share/GUI_pkg/package.sh'
[6.623s] INFO:colcon.colcon_core.shell:Creating package script '/home/roverj8/LUIS/ARGJ08/ARGOSJ8_IA_/install/GUI_pkg/share/GUI_pkg/package.bash'
[6.624s] INFO:colcon.colcon_core.shell:Creating package script '/home/roverj8/LUIS/ARGJ08/ARGOSJ8_IA_/install/GUI_pkg/share/GUI_pkg/package.zsh'
[6.625s] Level 1:colcon.colcon_core.environment:create_file_with_runtime_dependencies(/home/roverj8/LUIS/ARGJ08/ARGOSJ8_IA_/install/GUI_pkg/share/colcon-core/packages/GUI_pkg)
[7.509s] DEBUG:colcon.colcon_core.event_handler.log_command:Invoked command in '/home/roverj8/LUIS/ARGJ08/ARGOSJ8_IA_/build/spacenav' returned '0': CMAKE_PREFIX_PATH=/opt/ros/humble /usr/bin/cmake /home/roverj8/LUIS/ARGJ08/ARGOSJ8_IA_/src/j8_joystick/spacenav -DCMAKE_INSTALL_PREFIX=/home/roverj8/LUIS/ARGJ08/ARGOSJ8_IA_/install/spacenav
[7.510s] DEBUG:colcon.colcon_core.event_handler.log_command:Invoking command in '/home/roverj8/LUIS/ARGJ08/ARGOSJ8_IA_/build/spacenav': CMAKE_PREFIX_PATH=/opt/ros/humble /usr/bin/cmake --build /home/roverj8/LUIS/ARGJ08/ARGOSJ8_IA_/build/spacenav -- -j24 -l24
[7.534s] Level 1:colcon.colcon_core.environment:checking '/home/roverj8/LUIS/ARGJ08/ARGOSJ8_IA_/install/ntrip_client' for CMake module files
[7.535s] Level 1:colcon.colcon_core.environment:checking '/home/roverj8/LUIS/ARGJ08/ARGOSJ8_IA_/install/ntrip_client' for CMake config files
[7.536s] Level 1:colcon.colcon_core.environment:checking '/home/roverj8/LUIS/ARGJ08/ARGOSJ8_IA_/install/ntrip_client/lib'
[7.537s] Level 1:colcon.colcon_core.environment:checking '/home/roverj8/LUIS/ARGJ08/ARGOSJ8_IA_/install/ntrip_client/bin'
[7.537s] Level 1:colcon.colcon_core.environment:checking '/home/roverj8/LUIS/ARGJ08/ARGOSJ8_IA_/install/ntrip_client/lib/pkgconfig/ntrip_client.pc'
[7.537s] Level 1:colcon.colcon_core.environment:checking '/home/roverj8/LUIS/ARGJ08/ARGOSJ8_IA_/install/ntrip_client/lib/python3.10/site-packages'
[7.537s] Level 1:colcon.colcon_core.shell:create_environment_hook('ntrip_client', 'pythonpath')
[7.538s] INFO:colcon.colcon_core.shell:Creating environment hook '/home/roverj8/LUIS/ARGJ08/ARGOSJ8_IA_/install/ntrip_client/share/ntrip_client/hook/pythonpath.ps1'
[7.539s] INFO:colcon.colcon_core.shell:Creating environment descriptor '/home/roverj8/LUIS/ARGJ08/ARGOSJ8_IA_/install/ntrip_client/share/ntrip_client/hook/pythonpath.dsv'
[7.540s] INFO:colcon.colcon_core.shell:Creating environment hook '/home/roverj8/LUIS/ARGJ08/ARGOSJ8_IA_/install/ntrip_client/share/ntrip_client/hook/pythonpath.sh'
[7.542s] Level 1:colcon.colcon_core.environment:checking '/home/roverj8/LUIS/ARGJ08/ARGOSJ8_IA_/install/ntrip_client/bin'
[7.560s] Level 1:colcon.colcon_core.environment:create_environment_scripts_only(ntrip_client)
[7.560s] INFO:colcon.colcon_core.shell:Creating package script '/home/roverj8/LUIS/ARGJ08/ARGOSJ8_IA_/install/ntrip_client/share/ntrip_client/package.ps1'
[7.562s] INFO:colcon.colcon_core.shell:Creating package descriptor '/home/roverj8/LUIS/ARGJ08/ARGOSJ8_IA_/install/ntrip_client/share/ntrip_client/package.dsv'
[7.563s] INFO:colcon.colcon_core.shell:Creating package script '/home/roverj8/LUIS/ARGJ08/ARGOSJ8_IA_/install/ntrip_client/share/ntrip_client/package.sh'
[7.564s] INFO:colcon.colcon_core.shell:Creating package script '/home/roverj8/LUIS/ARGJ08/ARGOSJ8_IA_/install/ntrip_client/share/ntrip_client/package.bash'
[7.565s] INFO:colcon.colcon_core.shell:Creating package script '/home/roverj8/LUIS/ARGJ08/ARGOSJ8_IA_/install/ntrip_client/share/ntrip_client/package.zsh'
[7.566s] Level 1:colcon.colcon_core.environment:create_file_with_runtime_dependencies(/home/roverj8/LUIS/ARGJ08/ARGOSJ8_IA_/install/ntrip_client/share/colcon-core/packages/ntrip_client)
[7.567s] Level 1:colcon.colcon_core.environment:checking '/home/roverj8/LUIS/ARGJ08/ARGOSJ8_IA_/install/gui' for CMake module files
[7.567s] Level 1:colcon.colcon_core.environment:checking '/home/roverj8/LUIS/ARGJ08/ARGOSJ8_IA_/install/gui' for CMake config files
[7.574s] Level 1:colcon.colcon_core.environment:checking '/home/roverj8/LUIS/ARGJ08/ARGOSJ8_IA_/install/gui/lib'
[7.577s] Level 1:colcon.colcon_core.environment:checking '/home/roverj8/LUIS/ARGJ08/ARGOSJ8_IA_/install/gui/bin'
[7.577s] Level 1:colcon.colcon_core.environment:checking '/home/roverj8/LUIS/ARGJ08/ARGOSJ8_IA_/install/gui/lib/pkgconfig/gui.pc'
[7.578s] Level 1:colcon.colcon_core.environment:checking '/home/roverj8/LUIS/ARGJ08/ARGOSJ8_IA_/install/gui/lib/python3.10/site-packages'
[7.579s] Level 1:colcon.colcon_core.shell:create_environment_hook('gui', 'pythonpath')
[7.580s] INFO:colcon.colcon_core.shell:Creating environment hook '/home/roverj8/LUIS/ARGJ08/ARGOSJ8_IA_/install/gui/share/gui/hook/pythonpath.ps1'
[7.580s] DEBUG:colcon.colcon_core.event_handler.log_command:Invoked command in '/home/roverj8/LUIS/ARGJ08/ARGOSJ8_IA_/src/argo_drivers_pkgs/ntrip_client' returned '0': PYTHONPATH=/home/roverj8/LUIS/ARGJ08/ARGOSJ8_IA_/build/ntrip_client/prefix_override:/usr/lib/python3/dist-packages/colcon_core/task/python/colcon_distutils_commands:/home/roverj8/LUIS/ARGJ08/ARGOSJ8_IA_/install/ntrip_client/lib/python3.10/site-packages:${PYTHONPATH} /usr/bin/python3 -W ignore:setup.py install is deprecated -W ignore:easy_install command is deprecated setup.py egg_info --egg-base ../../../build/ntrip_client build --build-base /home/roverj8/LUIS/ARGJ08/ARGOSJ8_IA_/build/ntrip_client/build install --record /home/roverj8/LUIS/ARGJ08/ARGOSJ8_IA_/build/ntrip_client/install.log --single-version-externally-managed install_data
[7.583s] INFO:colcon.colcon_core.shell:Creating environment descriptor '/home/roverj8/LUIS/ARGJ08/ARGOSJ8_IA_/install/gui/share/gui/hook/pythonpath.dsv'
[7.588s] DEBUG:colcon.colcon_core.event_handler.log_command:Invoked command in '/home/roverj8/LUIS/ARGJ08/ARGOSJ8_IA_/src/gui' returned '0': PYTHONPATH=/home/roverj8/LUIS/ARGJ08/ARGOSJ8_IA_/build/gui/prefix_override:/usr/lib/python3/dist-packages/colcon_core/task/python/colcon_distutils_commands:/home/roverj8/LUIS/ARGJ08/ARGOSJ8_IA_/install/gui/lib/python3.10/site-packages:${PYTHONPATH} /usr/bin/python3 -W ignore:setup.py install is deprecated -W ignore:easy_install command is deprecated setup.py egg_info --egg-base ../../build/gui build --build-base /home/roverj8/LUIS/ARGJ08/ARGOSJ8_IA_/build/gui/build install --record /home/roverj8/LUIS/ARGJ08/ARGOSJ8_IA_/build/gui/install.log --single-version-externally-managed install_data
[7.588s] INFO:colcon.colcon_core.shell:Creating environment hook '/home/roverj8/LUIS/ARGJ08/ARGOSJ8_IA_/install/gui/share/gui/hook/pythonpath.sh'
[7.590s] Level 1:colcon.colcon_core.environment:checking '/home/roverj8/LUIS/ARGJ08/ARGOSJ8_IA_/install/gui/bin'
[7.591s] Level 1:colcon.colcon_core.environment:create_environment_scripts_only(gui)
[7.592s] INFO:colcon.colcon_core.shell:Creating package script '/home/roverj8/LUIS/ARGJ08/ARGOSJ8_IA_/install/gui/share/gui/package.ps1'
[7.602s] INFO:colcon.colcon_core.shell:Creating package descriptor '/home/roverj8/LUIS/ARGJ08/ARGOSJ8_IA_/install/gui/share/gui/package.dsv'
[7.603s] INFO:colcon.colcon_core.shell:Creating package script '/home/roverj8/LUIS/ARGJ08/ARGOSJ8_IA_/install/gui/share/gui/package.sh'
[7.605s] INFO:colcon.colcon_core.shell:Creating package script '/home/roverj8/LUIS/ARGJ08/ARGOSJ8_IA_/install/gui/share/gui/package.bash'
[7.606s] INFO:colcon.colcon_core.shell:Creating package script '/home/roverj8/LUIS/ARGJ08/ARGOSJ8_IA_/install/gui/share/gui/package.zsh'
[7.607s] Level 1:colcon.colcon_core.environment:create_file_with_runtime_dependencies(/home/roverj8/LUIS/ARGJ08/ARGOSJ8_IA_/install/gui/share/colcon-core/packages/gui)
[7.737s] Level 1:colcon.colcon_core.environment:checking '/home/roverj8/LUIS/ARGJ08/ARGOSJ8_IA_/install/j8_gui' for CMake module files
[7.738s] Level 1:colcon.colcon_core.environment:checking '/home/roverj8/LUIS/ARGJ08/ARGOSJ8_IA_/install/j8_gui' for CMake config files
[7.739s] Level 1:colcon.colcon_core.environment:checking '/home/roverj8/LUIS/ARGJ08/ARGOSJ8_IA_/install/j8_gui/lib'
[7.740s] Level 1:colcon.colcon_core.environment:checking '/home/roverj8/LUIS/ARGJ08/ARGOSJ8_IA_/install/j8_gui/bin'
[7.740s] Level 1:colcon.colcon_core.environment:checking '/home/roverj8/LUIS/ARGJ08/ARGOSJ8_IA_/install/j8_gui/lib/pkgconfig/j8_gui.pc'
[7.740s] Level 1:colcon.colcon_core.environment:checking '/home/roverj8/LUIS/ARGJ08/ARGOSJ8_IA_/install/j8_gui/lib/python3.10/site-packages'
[7.740s] Level 1:colcon.colcon_core.shell:create_environment_hook('j8_gui', 'pythonpath')
[7.741s] INFO:colcon.colcon_core.shell:Creating environment hook '/home/roverj8/LUIS/ARGJ08/ARGOSJ8_IA_/install/j8_gui/share/j8_gui/hook/pythonpath.ps1'
[7.742s] DEBUG:colcon.colcon_core.event_handler.log_command:Invoked command in '/home/roverj8/LUIS/ARGJ08/ARGOSJ8_IA_/src/test_gui_j8/src/j8_gui' returned '0': PYTHONPATH=/home/roverj8/LUIS/ARGJ08/ARGOSJ8_IA_/build/j8_gui/prefix_override:/usr/lib/python3/dist-packages/colcon_core/task/python/colcon_distutils_commands:/home/roverj8/LUIS/ARGJ08/ARGOSJ8_IA_/install/j8_gui/lib/python3.10/site-packages:${PYTHONPATH} /usr/bin/python3 -W ignore:setup.py install is deprecated -W ignore:easy_install command is deprecated setup.py egg_info --egg-base ../../../../build/j8_gui build --build-base /home/roverj8/LUIS/ARGJ08/ARGOSJ8_IA_/build/j8_gui/build install --record /home/roverj8/LUIS/ARGJ08/ARGOSJ8_IA_/build/j8_gui/install.log --single-version-externally-managed install_data
[7.744s] INFO:colcon.colcon_core.shell:Creating environment descriptor '/home/roverj8/LUIS/ARGJ08/ARGOSJ8_IA_/install/j8_gui/share/j8_gui/hook/pythonpath.dsv'
[7.746s] INFO:colcon.colcon_core.shell:Creating environment hook '/home/roverj8/LUIS/ARGJ08/ARGOSJ8_IA_/install/j8_gui/share/j8_gui/hook/pythonpath.sh'
[7.748s] Level 1:colcon.colcon_core.environment:checking '/home/roverj8/LUIS/ARGJ08/ARGOSJ8_IA_/install/j8_gui/bin'
[7.748s] Level 1:colcon.colcon_core.environment:create_environment_scripts_only(j8_gui)
[7.749s] INFO:colcon.colcon_core.shell:Creating package script '/home/roverj8/LUIS/ARGJ08/ARGOSJ8_IA_/install/j8_gui/share/j8_gui/package.ps1'
[7.750s] INFO:colcon.colcon_core.shell:Creating package descriptor '/home/roverj8/LUIS/ARGJ08/ARGOSJ8_IA_/install/j8_gui/share/j8_gui/package.dsv'
[7.751s] INFO:colcon.colcon_core.shell:Creating package script '/home/roverj8/LUIS/ARGJ08/ARGOSJ8_IA_/install/j8_gui/share/j8_gui/package.sh'
[7.752s] INFO:colcon.colcon_core.shell:Creating package script '/home/roverj8/LUIS/ARGJ08/ARGOSJ8_IA_/install/j8_gui/share/j8_gui/package.bash'
[7.753s] INFO:colcon.colcon_core.shell:Creating package script '/home/roverj8/LUIS/ARGJ08/ARGOSJ8_IA_/install/j8_gui/share/j8_gui/package.zsh'
[7.755s] Level 1:colcon.colcon_core.environment:create_file_with_runtime_dependencies(/home/roverj8/LUIS/ARGJ08/ARGOSJ8_IA_/install/j8_gui/share/colcon-core/packages/j8_gui)
[10.727s] DEBUG:colcon.colcon_core.event_handler.log_command:Invoked command in '/home/roverj8/LUIS/ARGJ08/ARGOSJ8_IA_/build/joy' returned '0': AMENT_PREFIX_PATH=/home/roverj8/LUIS/ARGJ08/ARGOSJ8_IA_/install/sdl2_vendor:${AMENT_PREFIX_PATH} CMAKE_PREFIX_PATH=/home/roverj8/LUIS/ARGJ08/ARGOSJ8_IA_/install/sdl2_vendor:/opt/ros/humble /usr/bin/cmake /home/roverj8/LUIS/ARGJ08/ARGOSJ8_IA_/src/j8_joystick/joy -DCMAKE_INSTALL_PREFIX=/home/roverj8/LUIS/ARGJ08/ARGOSJ8_IA_/install/joy
[10.728s] DEBUG:colcon.colcon_core.event_handler.log_command:Invoking command in '/home/roverj8/LUIS/ARGJ08/ARGOSJ8_IA_/build/joy': AMENT_PREFIX_PATH=/home/roverj8/LUIS/ARGJ08/ARGOSJ8_IA_/install/sdl2_vendor:${AMENT_PREFIX_PATH} CMAKE_PREFIX_PATH=/home/roverj8/LUIS/ARGJ08/ARGOSJ8_IA_/install/sdl2_vendor:/opt/ros/humble /usr/bin/cmake --build /home/roverj8/LUIS/ARGJ08/ARGOSJ8_IA_/build/joy -- -j24 -l24
[11.274s] DEBUG:colcon.colcon_core.event_handler.log_command:Invoked command in '/home/roverj8/LUIS/ARGJ08/ARGOSJ8_IA_/build/fixposition_sensor_pkg' returned '0': CMAKE_PREFIX_PATH=/opt/ros/humble /usr/bin/cmake /home/roverj8/LUIS/ARGJ08/ARGOSJ8_IA_/src/gazebo_sim_pkgs/fix_position_pkg -DCMAKE_INSTALL_PREFIX=/home/roverj8/LUIS/ARGJ08/ARGOSJ8_IA_/install/fixposition_sensor_pkg
[11.275s] DEBUG:colcon.colcon_core.event_handler.log_command:Invoking command in '/home/roverj8/LUIS/ARGJ08/ARGOSJ8_IA_/build/fixposition_sensor_pkg': CMAKE_PREFIX_PATH=/opt/ros/humble /usr/bin/cmake --build /home/roverj8/LUIS/ARGJ08/ARGOSJ8_IA_/build/fixposition_sensor_pkg -- -j24 -l24
[12.923s] DEBUG:colcon.colcon_core.event_handler.log_command:Invoked command in '/home/roverj8/LUIS/ARGJ08/ARGOSJ8_IA_/build/wiimote_msgs' returned '0': CMAKE_PREFIX_PATH=/opt/ros/humble /usr/bin/cmake /home/roverj8/LUIS/ARGJ08/ARGOSJ8_IA_/src/j8_joystick/wiimote_msgs -DCMAKE_INSTALL_PREFIX=/home/roverj8/LUIS/ARGJ08/ARGOSJ8_IA_/install/wiimote_msgs
[12.924s] DEBUG:colcon.colcon_core.event_handler.log_command:Invoking command in '/home/roverj8/LUIS/ARGJ08/ARGOSJ8_IA_/build/wiimote_msgs': CMAKE_PREFIX_PATH=/opt/ros/humble /usr/bin/cmake --build /home/roverj8/LUIS/ARGJ08/ARGOSJ8_IA_/build/wiimote_msgs -- -j24 -l24
[16.275s] DEBUG:colcon.colcon_core.event_handler.log_command:Invoked command in '/home/roverj8/LUIS/ARGJ08/ARGOSJ8_IA_/build/car_interfaces' returned '0': CMAKE_PREFIX_PATH=/opt/ros/humble /usr/bin/cmake --build /home/roverj8/LUIS/ARGJ08/ARGOSJ8_IA_/build/car_interfaces -- -j24 -l24
[16.276s] DEBUG:colcon.colcon_core.event_handler.log_command:Invoking command in '/home/roverj8/LUIS/ARGJ08/ARGOSJ8_IA_/build/car_interfaces': CMAKE_PREFIX_PATH=/opt/ros/humble /usr/bin/cmake --install /home/roverj8/LUIS/ARGJ08/ARGOSJ8_IA_/build/car_interfaces
[16.302s] DEBUG:colcon.colcon_core.event_handler.log_command:Invoked command in '/home/roverj8/LUIS/ARGJ08/ARGOSJ8_IA_/build/argj801_sensors_msgs' returned '0': CMAKE_PREFIX_PATH=/opt/ros/humble /usr/bin/cmake --build /home/roverj8/LUIS/ARGJ08/ARGOSJ8_IA_/build/argj801_sensors_msgs -- -j24 -l24
[16.304s] DEBUG:colcon.colcon_core.event_handler.log_command:Invoking command in '/home/roverj8/LUIS/ARGJ08/ARGOSJ8_IA_/build/argj801_sensors_msgs': CMAKE_PREFIX_PATH=/opt/ros/humble /usr/bin/cmake --install /home/roverj8/LUIS/ARGJ08/ARGOSJ8_IA_/build/argj801_sensors_msgs
[20.578s] Level 1:colcon.colcon_core.environment:create_environment_scripts_only(car_interfaces)
[20.578s] Level 1:colcon.colcon_core.environment:checking '/home/roverj8/LUIS/ARGJ08/ARGOSJ8_IA_/install/car_interfaces' for CMake module files
[20.580s] Level 1:colcon.colcon_core.environment:checking '/home/roverj8/LUIS/ARGJ08/ARGOSJ8_IA_/install/car_interfaces' for CMake config files
[20.580s] Level 1:colcon.colcon_core.shell:create_environment_hook('car_interfaces', 'cmake_prefix_path')
[20.581s] INFO:colcon.colcon_core.shell:Creating environment hook '/home/roverj8/LUIS/ARGJ08/ARGOSJ8_IA_/install/car_interfaces/share/car_interfaces/hook/cmake_prefix_path.ps1'
[20.582s] INFO:colcon.colcon_core.shell:Creating environment descriptor '/home/roverj8/LUIS/ARGJ08/ARGOSJ8_IA_/install/car_interfaces/share/car_interfaces/hook/cmake_prefix_path.dsv'
[20.582s] INFO:colcon.colcon_core.shell:Creating environment hook '/home/roverj8/LUIS/ARGJ08/ARGOSJ8_IA_/install/car_interfaces/share/car_interfaces/hook/cmake_prefix_path.sh'
[20.584s] Level 1:colcon.colcon_core.environment:checking '/home/roverj8/LUIS/ARGJ08/ARGOSJ8_IA_/install/car_interfaces/lib'
[20.584s] Level 1:colcon.colcon_core.shell:create_environment_hook('car_interfaces', 'ld_library_path_lib')
[20.584s] INFO:colcon.colcon_core.shell:Creating environment hook '/home/roverj8/LUIS/ARGJ08/ARGOSJ8_IA_/install/car_interfaces/share/car_interfaces/hook/ld_library_path_lib.ps1'
[20.595s] DEBUG:colcon.colcon_core.event_handler.log_command:Invoked command in '/home/roverj8/LUIS/ARGJ08/ARGOSJ8_IA_/build/hector_gazebo_plugins' returned '0': CMAKE_PREFIX_PATH=/opt/ros/humble /usr/bin/cmake /home/roverj8/LUIS/ARGJ08/ARGOSJ8_IA_/src/hector_gazebo -DCMAKE_INSTALL_PREFIX=/home/roverj8/LUIS/ARGJ08/ARGOSJ8_IA_/install/hector_gazebo_plugins
[20.596s] DEBUG:colcon.colcon_core.event_handler.log_command:Invoking command in '/home/roverj8/LUIS/ARGJ08/ARGOSJ8_IA_/build/hector_gazebo_plugins': CMAKE_PREFIX_PATH=/opt/ros/humble /usr/bin/cmake --build /home/roverj8/LUIS/ARGJ08/ARGOSJ8_IA_/build/hector_gazebo_plugins -- -j24 -l24
[20.618s] INFO:colcon.colcon_core.shell:Creating environment descriptor '/home/roverj8/LUIS/ARGJ08/ARGOSJ8_IA_/install/car_interfaces/share/car_interfaces/hook/ld_library_path_lib.dsv'
[20.619s] INFO:colcon.colcon_core.shell:Creating environment hook '/home/roverj8/LUIS/ARGJ08/ARGOSJ8_IA_/install/car_interfaces/share/car_interfaces/hook/ld_library_path_lib.sh'
[20.619s] Level 1:colcon.colcon_core.environment:checking '/home/roverj8/LUIS/ARGJ08/ARGOSJ8_IA_/install/car_interfaces/bin'
[20.620s] Level 1:colcon.colcon_core.environment:checking '/home/roverj8/LUIS/ARGJ08/ARGOSJ8_IA_/install/car_interfaces/lib/pkgconfig/car_interfaces.pc'
[20.620s] Level 1:colcon.colcon_core.environment:checking '/home/roverj8/LUIS/ARGJ08/ARGOSJ8_IA_/install/car_interfaces/lib/python3.10/site-packages'
[20.621s] Level 1:colcon.colcon_core.environment:checking '/home/roverj8/LUIS/ARGJ08/ARGOSJ8_IA_/install/car_interfaces/bin'
[20.622s] INFO:colcon.colcon_core.shell:Creating package script '/home/roverj8/LUIS/ARGJ08/ARGOSJ8_IA_/install/car_interfaces/share/car_interfaces/package.ps1'
[20.623s] INFO:colcon.colcon_core.shell:Creating package descriptor '/home/roverj8/LUIS/ARGJ08/ARGOSJ8_IA_/install/car_interfaces/share/car_interfaces/package.dsv'
[20.624s] INFO:colcon.colcon_core.shell:Creating package script '/home/roverj8/LUIS/ARGJ08/ARGOSJ8_IA_/install/car_interfaces/share/car_interfaces/package.sh'
[20.634s] INFO:colcon.colcon_core.shell:Creating package script '/home/roverj8/LUIS/ARGJ08/ARGOSJ8_IA_/install/car_interfaces/share/car_interfaces/package.bash'
[20.635s] INFO:colcon.colcon_core.shell:Creating package script '/home/roverj8/LUIS/ARGJ08/ARGOSJ8_IA_/install/car_interfaces/share/car_interfaces/package.zsh'
[20.636s] Level 1:colcon.colcon_core.environment:create_file_with_runtime_dependencies(/home/roverj8/LUIS/ARGJ08/ARGOSJ8_IA_/install/car_interfaces/share/colcon-core/packages/car_interfaces)
[20.638s] Level 1:colcon.colcon_core.environment:create_environment_scripts_only(car_interfaces)
[20.638s] Level 1:colcon.colcon_core.environment:checking '/home/roverj8/LUIS/ARGJ08/ARGOSJ8_IA_/install/car_interfaces' for CMake module files
[20.639s] Level 1:colcon.colcon_core.environment:checking '/home/roverj8/LUIS/ARGJ08/ARGOSJ8_IA_/install/car_interfaces' for CMake config files
[20.640s] Level 1:colcon.colcon_core.shell:create_environment_hook('car_interfaces', 'cmake_prefix_path')
[20.641s] INFO:colcon.colcon_core.shell:Creating environment hook '/home/roverj8/LUIS/ARGJ08/ARGOSJ8_IA_/install/car_interfaces/share/car_interfaces/hook/cmake_prefix_path.ps1'
[20.646s] INFO:colcon.colcon_core.shell:Creating environment descriptor '/home/roverj8/LUIS/ARGJ08/ARGOSJ8_IA_/install/car_interfaces/share/car_interfaces/hook/cmake_prefix_path.dsv'
[20.647s] INFO:colcon.colcon_core.shell:Creating environment hook '/home/roverj8/LUIS/ARGJ08/ARGOSJ8_IA_/install/car_interfaces/share/car_interfaces/hook/cmake_prefix_path.sh'
[20.648s] Level 1:colcon.colcon_core.environment:checking '/home/roverj8/LUIS/ARGJ08/ARGOSJ8_IA_/install/car_interfaces/lib'
[20.648s] Level 1:colcon.colcon_core.shell:create_environment_hook('car_interfaces', 'ld_library_path_lib')
[20.649s] INFO:colcon.colcon_core.shell:Creating environment hook '/home/roverj8/LUIS/ARGJ08/ARGOSJ8_IA_/install/car_interfaces/share/car_interfaces/hook/ld_library_path_lib.ps1'
[20.656s] DEBUG:colcon.colcon_core.event_handler.log_command:Invoked command in '/home/roverj8/LUIS/ARGJ08/ARGOSJ8_IA_/build/car_interfaces' returned '0': CMAKE_PREFIX_PATH=/opt/ros/humble /usr/bin/cmake --install /home/roverj8/LUIS/ARGJ08/ARGOSJ8_IA_/build/car_interfaces
[20.661s] INFO:colcon.colcon_core.shell:Creating environment descriptor '/home/roverj8/LUIS/ARGJ08/ARGOSJ8_IA_/install/car_interfaces/share/car_interfaces/hook/ld_library_path_lib.dsv'
[20.662s] INFO:colcon.colcon_core.shell:Creating environment hook '/home/roverj8/LUIS/ARGJ08/ARGOSJ8_IA_/install/car_interfaces/share/car_interfaces/hook/ld_library_path_lib.sh'
[20.663s] Level 1:colcon.colcon_core.environment:checking '/home/roverj8/LUIS/ARGJ08/ARGOSJ8_IA_/install/car_interfaces/bin'
[20.663s] Level 1:colcon.colcon_core.environment:checking '/home/roverj8/LUIS/ARGJ08/ARGOSJ8_IA_/install/car_interfaces/lib/pkgconfig/car_interfaces.pc'
[20.664s] Level 1:colcon.colcon_core.environment:checking '/home/roverj8/LUIS/ARGJ08/ARGOSJ8_IA_/install/car_interfaces/lib/python3.10/site-packages'
[20.664s] Level 1:colcon.colcon_core.environment:checking '/home/roverj8/LUIS/ARGJ08/ARGOSJ8_IA_/install/car_interfaces/bin'
[20.665s] INFO:colcon.colcon_core.shell:Creating package script '/home/roverj8/LUIS/ARGJ08/ARGOSJ8_IA_/install/car_interfaces/share/car_interfaces/package.ps1'
[20.667s] INFO:colcon.colcon_core.shell:Creating package descriptor '/home/roverj8/LUIS/ARGJ08/ARGOSJ8_IA_/install/car_interfaces/share/car_interfaces/package.dsv'
[20.671s] INFO:colcon.colcon_core.shell:Creating package script '/home/roverj8/LUIS/ARGJ08/ARGOSJ8_IA_/install/car_interfaces/share/car_interfaces/package.sh'
[20.672s] INFO:colcon.colcon_core.shell:Creating package script '/home/roverj8/LUIS/ARGJ08/ARGOSJ8_IA_/install/car_interfaces/share/car_interfaces/package.bash'
[20.673s] INFO:colcon.colcon_core.shell:Creating package script '/home/roverj8/LUIS/ARGJ08/ARGOSJ8_IA_/install/car_interfaces/share/car_interfaces/package.zsh'
[20.674s] Level 1:colcon.colcon_core.environment:create_file_with_runtime_dependencies(/home/roverj8/LUIS/ARGJ08/ARGOSJ8_IA_/install/car_interfaces/share/colcon-core/packages/car_interfaces)
[20.676s] INFO:colcon.colcon_ros.task.ament_cmake.build:Building ROS package in '/home/roverj8/LUIS/ARGJ08/ARGOSJ8_IA_/src/car_cpp' with build type 'ament_cmake'
[20.677s] INFO:colcon.colcon_cmake.task.cmake.build:Building CMake package in '/home/roverj8/LUIS/ARGJ08/ARGOSJ8_IA_/src/car_cpp'
[20.677s] INFO:colcon.colcon_core.shell:Skip shell extension 'powershell' for command environment: Not usable outside of PowerShell
[20.677s] DEBUG:colcon.colcon_core.shell:Skip shell extension 'dsv' for command environment
[20.736s] DEBUG:colcon.colcon_core.event_handler.log_command:Invoking command in '/home/roverj8/LUIS/ARGJ08/ARGOSJ8_IA_/build/car_cpp': AMENT_PREFIX_PATH=/home/roverj8/LUIS/ARGJ08/ARGOSJ8_IA_/install/car_interfaces:${AMENT_PREFIX_PATH} CMAKE_PREFIX_PATH=/home/roverj8/LUIS/ARGJ08/ARGOSJ8_IA_/install/car_interfaces:/opt/ros/humble LD_LIBRARY_PATH=/home/roverj8/LUIS/ARGJ08/ARGOSJ8_IA_/install/car_interfaces/lib:${LD_LIBRARY_PATH} PYTHONPATH=/home/roverj8/LUIS/ARGJ08/ARGOSJ8_IA_/install/car_interfaces/local/lib/python3.10/dist-packages:${PYTHONPATH} /usr/bin/cmake /home/roverj8/LUIS/ARGJ08/ARGOSJ8_IA_/src/car_cpp -DCMAKE_INSTALL_PREFIX=/home/roverj8/LUIS/ARGJ08/ARGOSJ8_IA_/install/car_cpp
[20.750s] Level 1:colcon.colcon_core.environment:create_environment_scripts_only(argj801_sensors_msgs)
[20.751s] Level 1:colcon.colcon_core.environment:checking '/home/roverj8/LUIS/ARGJ08/ARGOSJ8_IA_/install/argj801_sensors_msgs' for CMake module files
[20.753s] Level 1:colcon.colcon_core.environment:checking '/home/roverj8/LUIS/ARGJ08/ARGOSJ8_IA_/install/argj801_sensors_msgs' for CMake config files
[20.754s] Level 1:colcon.colcon_core.shell:create_environment_hook('argj801_sensors_msgs', 'cmake_prefix_path')
[20.755s] INFO:colcon.colcon_core.shell:Creating environment hook '/home/roverj8/LUIS/ARGJ08/ARGOSJ8_IA_/install/argj801_sensors_msgs/share/argj801_sensors_msgs/hook/cmake_prefix_path.ps1'
[20.756s] INFO:colcon.colcon_core.shell:Creating environment descriptor '/home/roverj8/LUIS/ARGJ08/ARGOSJ8_IA_/install/argj801_sensors_msgs/share/argj801_sensors_msgs/hook/cmake_prefix_path.dsv'
[20.758s] DEBUG:colcon.colcon_core.event_handler.log_command:Invoked command in '/home/roverj8/LUIS/ARGJ08/ARGOSJ8_IA_/build/argj801_sensors_msgs' returned '0': CMAKE_PREFIX_PATH=/opt/ros/humble /usr/bin/cmake --install /home/roverj8/LUIS/ARGJ08/ARGOSJ8_IA_/build/argj801_sensors_msgs
[20.759s] INFO:colcon.colcon_core.shell:Creating environment hook '/home/roverj8/LUIS/ARGJ08/ARGOSJ8_IA_/install/argj801_sensors_msgs/share/argj801_sensors_msgs/hook/cmake_prefix_path.sh'
[20.761s] Level 1:colcon.colcon_core.environment:checking '/home/roverj8/LUIS/ARGJ08/ARGOSJ8_IA_/install/argj801_sensors_msgs/lib'
[20.762s] Level 1:colcon.colcon_core.shell:create_environment_hook('argj801_sensors_msgs', 'ld_library_path_lib')
[20.763s] INFO:colcon.colcon_core.shell:Creating environment hook '/home/roverj8/LUIS/ARGJ08/ARGOSJ8_IA_/install/argj801_sensors_msgs/share/argj801_sensors_msgs/hook/ld_library_path_lib.ps1'
[20.764s] INFO:colcon.colcon_core.shell:Creating environment descriptor '/home/roverj8/LUIS/ARGJ08/ARGOSJ8_IA_/install/argj801_sensors_msgs/share/argj801_sensors_msgs/hook/ld_library_path_lib.dsv'
[20.777s] INFO:colcon.colcon_core.shell:Creating environment hook '/home/roverj8/LUIS/ARGJ08/ARGOSJ8_IA_/install/argj801_sensors_msgs/share/argj801_sensors_msgs/hook/ld_library_path_lib.sh'
[20.779s] Level 1:colcon.colcon_core.environment:checking '/home/roverj8/LUIS/ARGJ08/ARGOSJ8_IA_/install/argj801_sensors_msgs/bin'
[20.779s] Level 1:colcon.colcon_core.environment:checking '/home/roverj8/LUIS/ARGJ08/ARGOSJ8_IA_/install/argj801_sensors_msgs/lib/pkgconfig/argj801_sensors_msgs.pc'
[20.780s] Level 1:colcon.colcon_core.environment:checking '/home/roverj8/LUIS/ARGJ08/ARGOSJ8_IA_/install/argj801_sensors_msgs/lib/python3.10/site-packages'
[20.781s] Level 1:colcon.colcon_core.environment:checking '/home/roverj8/LUIS/ARGJ08/ARGOSJ8_IA_/install/argj801_sensors_msgs/bin'
[20.783s] INFO:colcon.colcon_core.shell:Creating package script '/home/roverj8/LUIS/ARGJ08/ARGOSJ8_IA_/install/argj801_sensors_msgs/share/argj801_sensors_msgs/package.ps1'
[20.791s] INFO:colcon.colcon_core.shell:Creating package descriptor '/home/roverj8/LUIS/ARGJ08/ARGOSJ8_IA_/install/argj801_sensors_msgs/share/argj801_sensors_msgs/package.dsv'
[20.793s] INFO:colcon.colcon_core.shell:Creating package script '/home/roverj8/LUIS/ARGJ08/ARGOSJ8_IA_/install/argj801_sensors_msgs/share/argj801_sensors_msgs/package.sh'
[20.794s] INFO:colcon.colcon_core.shell:Creating package script '/home/roverj8/LUIS/ARGJ08/ARGOSJ8_IA_/install/argj801_sensors_msgs/share/argj801_sensors_msgs/package.bash'
[20.796s] INFO:colcon.colcon_core.shell:Creating package script '/home/roverj8/LUIS/ARGJ08/ARGOSJ8_IA_/install/argj801_sensors_msgs/share/argj801_sensors_msgs/package.zsh'
[20.821s] Level 1:colcon.colcon_core.environment:create_file_with_runtime_dependencies(/home/roverj8/LUIS/ARGJ08/ARGOSJ8_IA_/install/argj801_sensors_msgs/share/colcon-core/packages/argj801_sensors_msgs)
[20.823s] Level 1:colcon.colcon_core.environment:create_environment_scripts_only(argj801_sensors_msgs)
[20.824s] Level 1:colcon.colcon_core.environment:checking '/home/roverj8/LUIS/ARGJ08/ARGOSJ8_IA_/install/argj801_sensors_msgs' for CMake module files
[20.826s] Level 1:colcon.colcon_core.environment:checking '/home/roverj8/LUIS/ARGJ08/ARGOSJ8_IA_/install/argj801_sensors_msgs' for CMake config files
[20.827s] Level 1:colcon.colcon_core.shell:create_environment_hook('argj801_sensors_msgs', 'cmake_prefix_path')
[20.827s] INFO:colcon.colcon_core.shell:Creating environment hook '/home/roverj8/LUIS/ARGJ08/ARGOSJ8_IA_/install/argj801_sensors_msgs/share/argj801_sensors_msgs/hook/cmake_prefix_path.ps1'
[20.829s] INFO:colcon.colcon_core.shell:Creating environment descriptor '/home/roverj8/LUIS/ARGJ08/ARGOSJ8_IA_/install/argj801_sensors_msgs/share/argj801_sensors_msgs/hook/cmake_prefix_path.dsv'
[20.830s] INFO:colcon.colcon_core.shell:Creating environment hook '/home/roverj8/LUIS/ARGJ08/ARGOSJ8_IA_/install/argj801_sensors_msgs/share/argj801_sensors_msgs/hook/cmake_prefix_path.sh'
[20.847s] Level 1:colcon.colcon_core.environment:checking '/home/roverj8/LUIS/ARGJ08/ARGOSJ8_IA_/install/argj801_sensors_msgs/lib'
[20.847s] Level 1:colcon.colcon_core.shell:create_environment_hook('argj801_sensors_msgs', 'ld_library_path_lib')
[20.848s] INFO:colcon.colcon_core.shell:Creating environment hook '/home/roverj8/LUIS/ARGJ08/ARGOSJ8_IA_/install/argj801_sensors_msgs/share/argj801_sensors_msgs/hook/ld_library_path_lib.ps1'
[20.852s] INFO:colcon.colcon_core.shell:Creating environment descriptor '/home/roverj8/LUIS/ARGJ08/ARGOSJ8_IA_/install/argj801_sensors_msgs/share/argj801_sensors_msgs/hook/ld_library_path_lib.dsv'
[20.854s] INFO:colcon.colcon_core.shell:Creating environment hook '/home/roverj8/LUIS/ARGJ08/ARGOSJ8_IA_/install/argj801_sensors_msgs/share/argj801_sensors_msgs/hook/ld_library_path_lib.sh'
[20.857s] Level 1:colcon.colcon_core.environment:checking '/home/roverj8/LUIS/ARGJ08/ARGOSJ8_IA_/install/argj801_sensors_msgs/bin'
[20.858s] Level 1:colcon.colcon_core.environment:checking '/home/roverj8/LUIS/ARGJ08/ARGOSJ8_IA_/install/argj801_sensors_msgs/lib/pkgconfig/argj801_sensors_msgs.pc'
[20.858s] Level 1:colcon.colcon_core.environment:checking '/home/roverj8/LUIS/ARGJ08/ARGOSJ8_IA_/install/argj801_sensors_msgs/lib/python3.10/site-packages'
[20.874s] Level 1:colcon.colcon_core.environment:checking '/home/roverj8/LUIS/ARGJ08/ARGOSJ8_IA_/install/argj801_sensors_msgs/bin'
[20.875s] INFO:colcon.colcon_core.shell:Creating package script '/home/roverj8/LUIS/ARGJ08/ARGOSJ8_IA_/install/argj801_sensors_msgs/share/argj801_sensors_msgs/package.ps1'
[20.897s] INFO:colcon.colcon_core.shell:Creating package descriptor '/home/roverj8/LUIS/ARGJ08/ARGOSJ8_IA_/install/argj801_sensors_msgs/share/argj801_sensors_msgs/package.dsv'
[20.900s] INFO:colcon.colcon_core.shell:Creating package script '/home/roverj8/LUIS/ARGJ08/ARGOSJ8_IA_/install/argj801_sensors_msgs/share/argj801_sensors_msgs/package.sh'
[20.901s] INFO:colcon.colcon_core.shell:Creating package script '/home/roverj8/LUIS/ARGJ08/ARGOSJ8_IA_/install/argj801_sensors_msgs/share/argj801_sensors_msgs/package.bash'
[20.903s] INFO:colcon.colcon_core.shell:Creating package script '/home/roverj8/LUIS/ARGJ08/ARGOSJ8_IA_/install/argj801_sensors_msgs/share/argj801_sensors_msgs/package.zsh'
[20.923s] Level 1:colcon.colcon_core.environment:create_file_with_runtime_dependencies(/home/roverj8/LUIS/ARGJ08/ARGOSJ8_IA_/install/argj801_sensors_msgs/share/colcon-core/packages/argj801_sensors_msgs)
[24.175s] DEBUG:colcon.colcon_core.event_handler.log_command:Invoked command in '/home/roverj8/LUIS/ARGJ08/ARGOSJ8_IA_/build/security_check_interfaces' returned '0': CMAKE_PREFIX_PATH=/opt/ros/humble /usr/bin/cmake --build /home/roverj8/LUIS/ARGJ08/ARGOSJ8_IA_/build/security_check_interfaces -- -j24 -l24
[24.176s] DEBUG:colcon.colcon_core.event_handler.log_command:Invoking command in '/home/roverj8/LUIS/ARGJ08/ARGOSJ8_IA_/build/security_check_interfaces': CMAKE_PREFIX_PATH=/opt/ros/humble /usr/bin/cmake --install /home/roverj8/LUIS/ARGJ08/ARGOSJ8_IA_/build/security_check_interfaces
[24.359s] DEBUG:colcon.colcon_core.event_handler.log_command:Invoked command in '/home/roverj8/LUIS/ARGJ08/ARGOSJ8_IA_/build/ublox_msgs' returned '0': AMENT_PREFIX_PATH=/home/roverj8/LUIS/ARGJ08/ARGOSJ8_IA_/install/ublox_serialization:${AMENT_PREFIX_PATH} CMAKE_PREFIX_PATH=/home/roverj8/LUIS/ARGJ08/ARGOSJ8_IA_/install/ublox_serialization:/opt/ros/humble /usr/bin/cmake /home/roverj8/LUIS/ARGJ08/ARGOSJ8_IA_/src/argo_drivers_pkgs/ublox/ublox_msgs -DCMAKE_INSTALL_PREFIX=/home/roverj8/LUIS/ARGJ08/ARGOSJ8_IA_/install/ublox_msgs
[24.361s] DEBUG:colcon.colcon_core.event_handler.log_command:Invoking command in '/home/roverj8/LUIS/ARGJ08/ARGOSJ8_IA_/build/ublox_msgs': AMENT_PREFIX_PATH=/home/roverj8/LUIS/ARGJ08/ARGOSJ8_IA_/install/ublox_serialization:${AMENT_PREFIX_PATH} CMAKE_PREFIX_PATH=/home/roverj8/LUIS/ARGJ08/ARGOSJ8_IA_/install/ublox_serialization:/opt/ros/humble /usr/bin/cmake --build /home/roverj8/LUIS/ARGJ08/ARGOSJ8_IA_/build/ublox_msgs -- -j24 -l24
[24.661s] Level 1:colcon.colcon_core.environment:create_environment_scripts_only(security_check_interfaces)
[24.663s] Level 1:colcon.colcon_core.environment:checking '/home/roverj8/LUIS/ARGJ08/ARGOSJ8_IA_/install/security_check_interfaces' for CMake module files
[24.663s] DEBUG:colcon.colcon_core.event_handler.log_command:Invoked command in '/home/roverj8/LUIS/ARGJ08/ARGOSJ8_IA_/build/security_check_interfaces' returned '0': CMAKE_PREFIX_PATH=/opt/ros/humble /usr/bin/cmake --install /home/roverj8/LUIS/ARGJ08/ARGOSJ8_IA_/build/security_check_interfaces
[24.665s] Level 1:colcon.colcon_core.environment:checking '/home/roverj8/LUIS/ARGJ08/ARGOSJ8_IA_/install/security_check_interfaces' for CMake config files
[24.675s] Level 1:colcon.colcon_core.shell:create_environment_hook('security_check_interfaces', 'cmake_prefix_path')
[24.676s] INFO:colcon.colcon_core.shell:Creating environment hook '/home/roverj8/LUIS/ARGJ08/ARGOSJ8_IA_/install/security_check_interfaces/share/security_check_interfaces/hook/cmake_prefix_path.ps1'
[24.677s] INFO:colcon.colcon_core.shell:Creating environment descriptor '/home/roverj8/LUIS/ARGJ08/ARGOSJ8_IA_/install/security_check_interfaces/share/security_check_interfaces/hook/cmake_prefix_path.dsv'
[24.678s] INFO:colcon.colcon_core.shell:Creating environment hook '/home/roverj8/LUIS/ARGJ08/ARGOSJ8_IA_/install/security_check_interfaces/share/security_check_interfaces/hook/cmake_prefix_path.sh'
[24.679s] Level 1:colcon.colcon_core.environment:checking '/home/roverj8/LUIS/ARGJ08/ARGOSJ8_IA_/install/security_check_interfaces/lib'
[24.679s] Level 1:colcon.colcon_core.shell:create_environment_hook('security_check_interfaces', 'ld_library_path_lib')
[24.680s] INFO:colcon.colcon_core.shell:Creating environment hook '/home/roverj8/LUIS/ARGJ08/ARGOSJ8_IA_/install/security_check_interfaces/share/security_check_interfaces/hook/ld_library_path_lib.ps1'
[24.681s] INFO:colcon.colcon_core.shell:Creating environment descriptor '/home/roverj8/LUIS/ARGJ08/ARGOSJ8_IA_/install/security_check_interfaces/share/security_check_interfaces/hook/ld_library_path_lib.dsv'
[24.682s] INFO:colcon.colcon_core.shell:Creating environment hook '/home/roverj8/LUIS/ARGJ08/ARGOSJ8_IA_/install/security_check_interfaces/share/security_check_interfaces/hook/ld_library_path_lib.sh'
[24.683s] Level 1:colcon.colcon_core.environment:checking '/home/roverj8/LUIS/ARGJ08/ARGOSJ8_IA_/install/security_check_interfaces/bin'
[24.683s] Level 1:colcon.colcon_core.environment:checking '/home/roverj8/LUIS/ARGJ08/ARGOSJ8_IA_/install/security_check_interfaces/lib/pkgconfig/security_check_interfaces.pc'
[24.684s] Level 1:colcon.colcon_core.environment:checking '/home/roverj8/LUIS/ARGJ08/ARGOSJ8_IA_/install/security_check_interfaces/lib/python3.10/site-packages'
[24.684s] Level 1:colcon.colcon_core.environment:checking '/home/roverj8/LUIS/ARGJ08/ARGOSJ8_IA_/install/security_check_interfaces/bin'
[24.685s] INFO:colcon.colcon_core.shell:Creating package script '/home/roverj8/LUIS/ARGJ08/ARGOSJ8_IA_/install/security_check_interfaces/share/security_check_interfaces/package.ps1'
[24.687s] INFO:colcon.colcon_core.shell:Creating package descriptor '/home/roverj8/LUIS/ARGJ08/ARGOSJ8_IA_/install/security_check_interfaces/share/security_check_interfaces/package.dsv'
[24.694s] INFO:colcon.colcon_core.shell:Creating package script '/home/roverj8/LUIS/ARGJ08/ARGOSJ8_IA_/install/security_check_interfaces/share/security_check_interfaces/package.sh'
[24.695s] INFO:colcon.colcon_core.shell:Creating package script '/home/roverj8/LUIS/ARGJ08/ARGOSJ8_IA_/install/security_check_interfaces/share/security_check_interfaces/package.bash'
[24.696s] INFO:colcon.colcon_core.shell:Creating package script '/home/roverj8/LUIS/ARGJ08/ARGOSJ8_IA_/install/security_check_interfaces/share/security_check_interfaces/package.zsh'
[24.697s] Level 1:colcon.colcon_core.environment:create_file_with_runtime_dependencies(/home/roverj8/LUIS/ARGJ08/ARGOSJ8_IA_/install/security_check_interfaces/share/colcon-core/packages/security_check_interfaces)
[24.698s] Level 1:colcon.colcon_core.environment:create_environment_scripts_only(security_check_interfaces)
[24.701s] Level 1:colcon.colcon_core.environment:checking '/home/roverj8/LUIS/ARGJ08/ARGOSJ8_IA_/install/security_check_interfaces' for CMake module files
[24.703s] Level 1:colcon.colcon_core.environment:checking '/home/roverj8/LUIS/ARGJ08/ARGOSJ8_IA_/install/security_check_interfaces' for CMake config files
[24.706s] Level 1:colcon.colcon_core.shell:create_environment_hook('security_check_interfaces', 'cmake_prefix_path')
[24.709s] INFO:colcon.colcon_core.shell:Creating environment hook '/home/roverj8/LUIS/ARGJ08/ARGOSJ8_IA_/install/security_check_interfaces/share/security_check_interfaces/hook/cmake_prefix_path.ps1'
[24.714s] INFO:colcon.colcon_core.shell:Creating environment descriptor '/home/roverj8/LUIS/ARGJ08/ARGOSJ8_IA_/install/security_check_interfaces/share/security_check_interfaces/hook/cmake_prefix_path.dsv'
[24.715s] INFO:colcon.colcon_core.shell:Creating environment hook '/home/roverj8/LUIS/ARGJ08/ARGOSJ8_IA_/install/security_check_interfaces/share/security_check_interfaces/hook/cmake_prefix_path.sh'
[24.717s] Level 1:colcon.colcon_core.environment:checking '/home/roverj8/LUIS/ARGJ08/ARGOSJ8_IA_/install/security_check_interfaces/lib'
[24.717s] Level 1:colcon.colcon_core.shell:create_environment_hook('security_check_interfaces', 'ld_library_path_lib')
[24.717s] INFO:colcon.colcon_core.shell:Creating environment hook '/home/roverj8/LUIS/ARGJ08/ARGOSJ8_IA_/install/security_check_interfaces/share/security_check_interfaces/hook/ld_library_path_lib.ps1'
[24.721s] INFO:colcon.colcon_core.shell:Creating environment descriptor '/home/roverj8/LUIS/ARGJ08/ARGOSJ8_IA_/install/security_check_interfaces/share/security_check_interfaces/hook/ld_library_path_lib.dsv'
[24.722s] INFO:colcon.colcon_core.shell:Creating environment hook '/home/roverj8/LUIS/ARGJ08/ARGOSJ8_IA_/install/security_check_interfaces/share/security_check_interfaces/hook/ld_library_path_lib.sh'
[24.724s] Level 1:colcon.colcon_core.environment:checking '/home/roverj8/LUIS/ARGJ08/ARGOSJ8_IA_/install/security_check_interfaces/bin'
[24.729s] Level 1:colcon.colcon_core.environment:checking '/home/roverj8/LUIS/ARGJ08/ARGOSJ8_IA_/install/security_check_interfaces/lib/pkgconfig/security_check_interfaces.pc'
[24.731s] Level 1:colcon.colcon_core.environment:checking '/home/roverj8/LUIS/ARGJ08/ARGOSJ8_IA_/install/security_check_interfaces/lib/python3.10/site-packages'
[24.732s] Level 1:colcon.colcon_core.environment:checking '/home/roverj8/LUIS/ARGJ08/ARGOSJ8_IA_/install/security_check_interfaces/bin'
[24.732s] INFO:colcon.colcon_core.shell:Creating package script '/home/roverj8/LUIS/ARGJ08/ARGOSJ8_IA_/install/security_check_interfaces/share/security_check_interfaces/package.ps1'
[24.734s] INFO:colcon.colcon_core.shell:Creating package descriptor '/home/roverj8/LUIS/ARGJ08/ARGOSJ8_IA_/install/security_check_interfaces/share/security_check_interfaces/package.dsv'
[24.738s] INFO:colcon.colcon_core.shell:Creating package script '/home/roverj8/LUIS/ARGJ08/ARGOSJ8_IA_/install/security_check_interfaces/share/security_check_interfaces/package.sh'
[24.745s] INFO:colcon.colcon_core.shell:Creating package script '/home/roverj8/LUIS/ARGJ08/ARGOSJ8_IA_/install/security_check_interfaces/share/security_check_interfaces/package.bash'
[24.747s] INFO:colcon.colcon_core.shell:Creating package script '/home/roverj8/LUIS/ARGJ08/ARGOSJ8_IA_/install/security_check_interfaces/share/security_check_interfaces/package.zsh'
[24.748s] Level 1:colcon.colcon_core.environment:create_file_with_runtime_dependencies(/home/roverj8/LUIS/ARGJ08/ARGOSJ8_IA_/install/security_check_interfaces/share/colcon-core/packages/security_check_interfaces)
[26.846s] DEBUG:colcon.colcon_core.event_handler.log_command:Invoked command in '/home/roverj8/LUIS/ARGJ08/ARGOSJ8_IA_/build/fixposition_driver_lib' returned '0': CMAKE_PREFIX_PATH=/home/roverj8/LUIS/ARGJ08/ARGOSJ8_IA_/install/fixposition_gnss_tf:/opt/ros/humble LD_LIBRARY_PATH=/home/roverj8/LUIS/ARGJ08/ARGOSJ8_IA_/install/fixposition_gnss_tf/lib:${LD_LIBRARY_PATH} PKG_CONFIG_PATH=/home/roverj8/LUIS/ARGJ08/ARGOSJ8_IA_/install/fixposition_gnss_tf/lib/x86_64-linux-gnu/pkgconfig:/home/roverj8/LUIS/ARGJ08/ARGOSJ8_IA_/install/fixposition_gnss_tf/lib/pkgconfig /usr/bin/cmake --build /home/roverj8/LUIS/ARGJ08/ARGOSJ8_IA_/build/fixposition_driver_lib -- -j24 -l24
[26.849s] DEBUG:colcon.colcon_core.event_handler.log_command:Invoking command in '/home/roverj8/LUIS/ARGJ08/ARGOSJ8_IA_/build/fixposition_driver_lib': CMAKE_PREFIX_PATH=/home/roverj8/LUIS/ARGJ08/ARGOSJ8_IA_/install/fixposition_gnss_tf:/opt/ros/humble LD_LIBRARY_PATH=/home/roverj8/LUIS/ARGJ08/ARGOSJ8_IA_/install/fixposition_gnss_tf/lib:${LD_LIBRARY_PATH} PKG_CONFIG_PATH=/home/roverj8/LUIS/ARGJ08/ARGOSJ8_IA_/install/fixposition_gnss_tf/lib/x86_64-linux-gnu/pkgconfig:/home/roverj8/LUIS/ARGJ08/ARGOSJ8_IA_/install/fixposition_gnss_tf/lib/pkgconfig /usr/bin/cmake --install /home/roverj8/LUIS/ARGJ08/ARGOSJ8_IA_/build/fixposition_driver_lib
[26.908s] DEBUG:colcon.colcon_core.event_handler.log_command:Invoked command in '/home/roverj8/LUIS/ARGJ08/ARGOSJ8_IA_/build/fixposition_driver_lib' returned '0': CMAKE_PREFIX_PATH=/home/roverj8/LUIS/ARGJ08/ARGOSJ8_IA_/install/fixposition_gnss_tf:/opt/ros/humble LD_LIBRARY_PATH=/home/roverj8/LUIS/ARGJ08/ARGOSJ8_IA_/install/fixposition_gnss_tf/lib:${LD_LIBRARY_PATH} PKG_CONFIG_PATH=/home/roverj8/LUIS/ARGJ08/ARGOSJ8_IA_/install/fixposition_gnss_tf/lib/x86_64-linux-gnu/pkgconfig:/home/roverj8/LUIS/ARGJ08/ARGOSJ8_IA_/install/fixposition_gnss_tf/lib/pkgconfig /usr/bin/cmake --install /home/roverj8/LUIS/ARGJ08/ARGOSJ8_IA_/build/fixposition_driver_lib
[26.909s] Level 1:colcon.colcon_core.shell:create_environment_hook('fixposition_driver_lib', 'pkg_config_path')
[26.909s] INFO:colcon.colcon_core.shell:Creating environment hook '/home/roverj8/LUIS/ARGJ08/ARGOSJ8_IA_/install/fixposition_driver_lib/share/fixposition_driver_lib/hook/pkg_config_path.ps1'
[26.910s] INFO:colcon.colcon_core.shell:Creating environment descriptor '/home/roverj8/LUIS/ARGJ08/ARGOSJ8_IA_/install/fixposition_driver_lib/share/fixposition_driver_lib/hook/pkg_config_path.dsv'
[26.911s] INFO:colcon.colcon_core.shell:Creating environment hook '/home/roverj8/LUIS/ARGJ08/ARGOSJ8_IA_/install/fixposition_driver_lib/share/fixposition_driver_lib/hook/pkg_config_path.sh'
[26.912s] Level 1:colcon.colcon_core.shell:create_environment_hook('fixposition_driver_lib', 'pkg_config_path_multiarch')
[26.914s] INFO:colcon.colcon_core.shell:Creating environment hook '/home/roverj8/LUIS/ARGJ08/ARGOSJ8_IA_/install/fixposition_driver_lib/share/fixposition_driver_lib/hook/pkg_config_path_multiarch.ps1'
[26.915s] INFO:colcon.colcon_core.shell:Creating environment descriptor '/home/roverj8/LUIS/ARGJ08/ARGOSJ8_IA_/install/fixposition_driver_lib/share/fixposition_driver_lib/hook/pkg_config_path_multiarch.dsv'
[26.916s] INFO:colcon.colcon_core.shell:Creating environment hook '/home/roverj8/LUIS/ARGJ08/ARGOSJ8_IA_/install/fixposition_driver_lib/share/fixposition_driver_lib/hook/pkg_config_path_multiarch.sh'
[26.917s] Level 1:colcon.colcon_core.environment:create_environment_scripts_only(fixposition_driver_lib)
[26.918s] Level 1:colcon.colcon_core.environment:checking '/home/roverj8/LUIS/ARGJ08/ARGOSJ8_IA_/install/fixposition_driver_lib' for CMake module files
[26.919s] Level 1:colcon.colcon_core.environment:checking '/home/roverj8/LUIS/ARGJ08/ARGOSJ8_IA_/install/fixposition_driver_lib' for CMake config files
[26.919s] Level 1:colcon.colcon_core.shell:create_environment_hook('fixposition_driver_lib', 'cmake_prefix_path')
[26.920s] INFO:colcon.colcon_core.shell:Creating environment hook '/home/roverj8/LUIS/ARGJ08/ARGOSJ8_IA_/install/fixposition_driver_lib/share/fixposition_driver_lib/hook/cmake_prefix_path.ps1'
[26.921s] INFO:colcon.colcon_core.shell:Creating environment descriptor '/home/roverj8/LUIS/ARGJ08/ARGOSJ8_IA_/install/fixposition_driver_lib/share/fixposition_driver_lib/hook/cmake_prefix_path.dsv'
[26.922s] INFO:colcon.colcon_core.shell:Creating environment hook '/home/roverj8/LUIS/ARGJ08/ARGOSJ8_IA_/install/fixposition_driver_lib/share/fixposition_driver_lib/hook/cmake_prefix_path.sh'
[26.923s] Level 1:colcon.colcon_core.environment:checking '/home/roverj8/LUIS/ARGJ08/ARGOSJ8_IA_/install/fixposition_driver_lib/lib'
[26.923s] Level 1:colcon.colcon_core.shell:create_environment_hook('fixposition_driver_lib', 'ld_library_path_lib')
[26.924s] INFO:colcon.colcon_core.shell:Creating environment hook '/home/roverj8/LUIS/ARGJ08/ARGOSJ8_IA_/install/fixposition_driver_lib/share/fixposition_driver_lib/hook/ld_library_path_lib.ps1'
[26.925s] INFO:colcon.colcon_core.shell:Creating environment descriptor '/home/roverj8/LUIS/ARGJ08/ARGOSJ8_IA_/install/fixposition_driver_lib/share/fixposition_driver_lib/hook/ld_library_path_lib.dsv'
[26.926s] INFO:colcon.colcon_core.shell:Creating environment hook '/home/roverj8/LUIS/ARGJ08/ARGOSJ8_IA_/install/fixposition_driver_lib/share/fixposition_driver_lib/hook/ld_library_path_lib.sh'
[26.927s] Level 1:colcon.colcon_core.environment:checking '/home/roverj8/LUIS/ARGJ08/ARGOSJ8_IA_/install/fixposition_driver_lib/bin'
[26.927s] Level 1:colcon.colcon_core.environment:checking '/home/roverj8/LUIS/ARGJ08/ARGOSJ8_IA_/install/fixposition_driver_lib/lib/pkgconfig/fixposition_driver_lib.pc'
[26.927s] Level 1:colcon.colcon_core.environment:checking '/home/roverj8/LUIS/ARGJ08/ARGOSJ8_IA_/install/fixposition_driver_lib/lib/python3.10/site-packages'
[26.928s] Level 1:colcon.colcon_core.environment:checking '/home/roverj8/LUIS/ARGJ08/ARGOSJ8_IA_/install/fixposition_driver_lib/bin'
[26.929s] INFO:colcon.colcon_core.shell:Creating package script '/home/roverj8/LUIS/ARGJ08/ARGOSJ8_IA_/install/fixposition_driver_lib/share/fixposition_driver_lib/package.ps1'
[26.931s] INFO:colcon.colcon_core.shell:Creating package descriptor '/home/roverj8/LUIS/ARGJ08/ARGOSJ8_IA_/install/fixposition_driver_lib/share/fixposition_driver_lib/package.dsv'
[26.932s] INFO:colcon.colcon_core.shell:Creating package script '/home/roverj8/LUIS/ARGJ08/ARGOSJ8_IA_/install/fixposition_driver_lib/share/fixposition_driver_lib/package.sh'
[26.934s] INFO:colcon.colcon_core.shell:Creating package script '/home/roverj8/LUIS/ARGJ08/ARGOSJ8_IA_/install/fixposition_driver_lib/share/fixposition_driver_lib/package.bash'
[26.935s] INFO:colcon.colcon_core.shell:Creating package script '/home/roverj8/LUIS/ARGJ08/ARGOSJ8_IA_/install/fixposition_driver_lib/share/fixposition_driver_lib/package.zsh'
[26.936s] Level 1:colcon.colcon_core.environment:create_file_with_runtime_dependencies(/home/roverj8/LUIS/ARGJ08/ARGOSJ8_IA_/install/fixposition_driver_lib/share/colcon-core/packages/fixposition_driver_lib)
[26.938s] INFO:colcon.colcon_ros.task.ament_cmake.build:Building ROS package in '/home/roverj8/LUIS/ARGJ08/ARGOSJ8_IA_/src/argo_drivers_pkgs/Fixposition_driver_pkg/fixposition_driver-main/fixposition_driver_ros2' with build type 'ament_cmake'
[26.939s] INFO:colcon.colcon_cmake.task.cmake.build:Building CMake package in '/home/roverj8/LUIS/ARGJ08/ARGOSJ8_IA_/src/argo_drivers_pkgs/Fixposition_driver_pkg/fixposition_driver-main/fixposition_driver_ros2'
[26.939s] INFO:colcon.colcon_core.shell:Skip shell extension 'powershell' for command environment: Not usable outside of PowerShell
[26.939s] DEBUG:colcon.colcon_core.shell:Skip shell extension 'dsv' for command environment
[26.993s] DEBUG:colcon.colcon_core.event_handler.log_command:Invoking command in '/home/roverj8/LUIS/ARGJ08/ARGOSJ8_IA_/build/fixposition_driver_ros2': CMAKE_PREFIX_PATH=/home/roverj8/LUIS/ARGJ08/ARGOSJ8_IA_/install/fixposition_driver_lib:/home/roverj8/LUIS/ARGJ08/ARGOSJ8_IA_/install/fixposition_gnss_tf:/opt/ros/humble LD_LIBRARY_PATH=/home/roverj8/LUIS/ARGJ08/ARGOSJ8_IA_/install/fixposition_driver_lib/lib:/home/roverj8/LUIS/ARGJ08/ARGOSJ8_IA_/install/fixposition_gnss_tf/lib:${LD_LIBRARY_PATH} PKG_CONFIG_PATH=/home/roverj8/LUIS/ARGJ08/ARGOSJ8_IA_/install/fixposition_driver_lib/lib/x86_64-linux-gnu/pkgconfig:/home/roverj8/LUIS/ARGJ08/ARGOSJ8_IA_/install/fixposition_driver_lib/lib/pkgconfig:/home/roverj8/LUIS/ARGJ08/ARGOSJ8_IA_/install/fixposition_gnss_tf/lib/x86_64-linux-gnu/pkgconfig:/home/roverj8/LUIS/ARGJ08/ARGOSJ8_IA_/install/fixposition_gnss_tf/lib/pkgconfig /usr/bin/cmake /home/roverj8/LUIS/ARGJ08/ARGOSJ8_IA_/src/argo_drivers_pkgs/Fixposition_driver_pkg/fixposition_driver-main/fixposition_driver_ros2 -DCMAKE_INSTALL_PREFIX=/home/roverj8/LUIS/ARGJ08/ARGOSJ8_IA_/install/fixposition_driver_ros2
[27.326s] DEBUG:colcon.colcon_core.event_handler.log_command:Invoked command in '/home/roverj8/LUIS/ARGJ08/ARGOSJ8_IA_/build/argj801_ctl_platform_interfaces' returned '0': CMAKE_PREFIX_PATH=/opt/ros/humble /usr/bin/cmake --build /home/roverj8/LUIS/ARGJ08/ARGOSJ8_IA_/build/argj801_ctl_platform_interfaces -- -j24 -l24
[27.342s] DEBUG:colcon.colcon_core.event_handler.log_command:Invoking command in '/home/roverj8/LUIS/ARGJ08/ARGOSJ8_IA_/build/argj801_ctl_platform_interfaces': CMAKE_PREFIX_PATH=/opt/ros/humble /usr/bin/cmake --install /home/roverj8/LUIS/ARGJ08/ARGOSJ8_IA_/build/argj801_ctl_platform_interfaces
[27.597s] Level 1:colcon.colcon_core.environment:create_environment_scripts_only(argj801_ctl_platform_interfaces)
[27.598s] Level 1:colcon.colcon_core.environment:checking '/home/roverj8/LUIS/ARGJ08/ARGOSJ8_IA_/install/argj801_ctl_platform_interfaces' for CMake module files
[27.600s] Level 1:colcon.colcon_core.environment:checking '/home/roverj8/LUIS/ARGJ08/ARGOSJ8_IA_/install/argj801_ctl_platform_interfaces' for CMake config files
[27.601s] Level 1:colcon.colcon_core.shell:create_environment_hook('argj801_ctl_platform_interfaces', 'cmake_prefix_path')
[27.602s] INFO:colcon.colcon_core.shell:Creating environment hook '/home/roverj8/LUIS/ARGJ08/ARGOSJ8_IA_/install/argj801_ctl_platform_interfaces/share/argj801_ctl_platform_interfaces/hook/cmake_prefix_path.ps1'
[27.604s] INFO:colcon.colcon_core.shell:Creating environment descriptor '/home/roverj8/LUIS/ARGJ08/ARGOSJ8_IA_/install/argj801_ctl_platform_interfaces/share/argj801_ctl_platform_interfaces/hook/cmake_prefix_path.dsv'
[27.606s] INFO:colcon.colcon_core.shell:Creating environment hook '/home/roverj8/LUIS/ARGJ08/ARGOSJ8_IA_/install/argj801_ctl_platform_interfaces/share/argj801_ctl_platform_interfaces/hook/cmake_prefix_path.sh'
[27.608s] Level 1:colcon.colcon_core.environment:checking '/home/roverj8/LUIS/ARGJ08/ARGOSJ8_IA_/install/argj801_ctl_platform_interfaces/lib'
[27.608s] Level 1:colcon.colcon_core.shell:create_environment_hook('argj801_ctl_platform_interfaces', 'ld_library_path_lib')
[27.609s] INFO:colcon.colcon_core.shell:Creating environment hook '/home/roverj8/LUIS/ARGJ08/ARGOSJ8_IA_/install/argj801_ctl_platform_interfaces/share/argj801_ctl_platform_interfaces/hook/ld_library_path_lib.ps1'
[27.613s] INFO:colcon.colcon_core.shell:Creating environment descriptor '/home/roverj8/LUIS/ARGJ08/ARGOSJ8_IA_/install/argj801_ctl_platform_interfaces/share/argj801_ctl_platform_interfaces/hook/ld_library_path_lib.dsv'
[27.610s] DEBUG:colcon.colcon_core.event_handler.log_command:Invoked command in '/home/roverj8/LUIS/ARGJ08/ARGOSJ8_IA_/build/argj801_ctl_platform_interfaces' returned '0': CMAKE_PREFIX_PATH=/opt/ros/humble /usr/bin/cmake --install /home/roverj8/LUIS/ARGJ08/ARGOSJ8_IA_/build/argj801_ctl_platform_interfaces
[27.614s] INFO:colcon.colcon_core.shell:Creating environment hook '/home/roverj8/LUIS/ARGJ08/ARGOSJ8_IA_/install/argj801_ctl_platform_interfaces/share/argj801_ctl_platform_interfaces/hook/ld_library_path_lib.sh'
[27.616s] Level 1:colcon.colcon_core.environment:checking '/home/roverj8/LUIS/ARGJ08/ARGOSJ8_IA_/install/argj801_ctl_platform_interfaces/bin'
[27.616s] Level 1:colcon.colcon_core.environment:checking '/home/roverj8/LUIS/ARGJ08/ARGOSJ8_IA_/install/argj801_ctl_platform_interfaces/lib/pkgconfig/argj801_ctl_platform_interfaces.pc'
[27.617s] Level 1:colcon.colcon_core.environment:checking '/home/roverj8/LUIS/ARGJ08/ARGOSJ8_IA_/install/argj801_ctl_platform_interfaces/lib/python3.10/site-packages'
[27.618s] Level 1:colcon.colcon_core.environment:checking '/home/roverj8/LUIS/ARGJ08/ARGOSJ8_IA_/install/argj801_ctl_platform_interfaces/bin'
[27.620s] INFO:colcon.colcon_core.shell:Creating package script '/home/roverj8/LUIS/ARGJ08/ARGOSJ8_IA_/install/argj801_ctl_platform_interfaces/share/argj801_ctl_platform_interfaces/package.ps1'
[27.622s] INFO:colcon.colcon_core.shell:Creating package descriptor '/home/roverj8/LUIS/ARGJ08/ARGOSJ8_IA_/install/argj801_ctl_platform_interfaces/share/argj801_ctl_platform_interfaces/package.dsv'
[27.625s] INFO:colcon.colcon_core.shell:Creating package script '/home/roverj8/LUIS/ARGJ08/ARGOSJ8_IA_/install/argj801_ctl_platform_interfaces/share/argj801_ctl_platform_interfaces/package.sh'
[27.627s] INFO:colcon.colcon_core.shell:Creating package script '/home/roverj8/LUIS/ARGJ08/ARGOSJ8_IA_/install/argj801_ctl_platform_interfaces/share/argj801_ctl_platform_interfaces/package.bash'
[27.628s] INFO:colcon.colcon_core.shell:Creating package script '/home/roverj8/LUIS/ARGJ08/ARGOSJ8_IA_/install/argj801_ctl_platform_interfaces/share/argj801_ctl_platform_interfaces/package.zsh'
[27.630s] Level 1:colcon.colcon_core.environment:create_file_with_runtime_dependencies(/home/roverj8/LUIS/ARGJ08/ARGOSJ8_IA_/install/argj801_ctl_platform_interfaces/share/colcon-core/packages/argj801_ctl_platform_interfaces)
[27.631s] Level 1:colcon.colcon_core.environment:create_environment_scripts_only(argj801_ctl_platform_interfaces)
[27.632s] Level 1:colcon.colcon_core.environment:checking '/home/roverj8/LUIS/ARGJ08/ARGOSJ8_IA_/install/argj801_ctl_platform_interfaces' for CMake module files
[27.636s] Level 1:colcon.colcon_core.environment:checking '/home/roverj8/LUIS/ARGJ08/ARGOSJ8_IA_/install/argj801_ctl_platform_interfaces' for CMake config files
[27.638s] Level 1:colcon.colcon_core.shell:create_environment_hook('argj801_ctl_platform_interfaces', 'cmake_prefix_path')
[27.639s] INFO:colcon.colcon_core.shell:Creating environment hook '/home/roverj8/LUIS/ARGJ08/ARGOSJ8_IA_/install/argj801_ctl_platform_interfaces/share/argj801_ctl_platform_interfaces/hook/cmake_prefix_path.ps1'
[27.641s] INFO:colcon.colcon_core.shell:Creating environment descriptor '/home/roverj8/LUIS/ARGJ08/ARGOSJ8_IA_/install/argj801_ctl_platform_interfaces/share/argj801_ctl_platform_interfaces/hook/cmake_prefix_path.dsv'
[27.643s] INFO:colcon.colcon_core.shell:Creating environment hook '/home/roverj8/LUIS/ARGJ08/ARGOSJ8_IA_/install/argj801_ctl_platform_interfaces/share/argj801_ctl_platform_interfaces/hook/cmake_prefix_path.sh'
[27.647s] Level 1:colcon.colcon_core.environment:checking '/home/roverj8/LUIS/ARGJ08/ARGOSJ8_IA_/install/argj801_ctl_platform_interfaces/lib'
[27.648s] Level 1:colcon.colcon_core.shell:create_environment_hook('argj801_ctl_platform_interfaces', 'ld_library_path_lib')
[27.648s] INFO:colcon.colcon_core.shell:Creating environment hook '/home/roverj8/LUIS/ARGJ08/ARGOSJ8_IA_/install/argj801_ctl_platform_interfaces/share/argj801_ctl_platform_interfaces/hook/ld_library_path_lib.ps1'
[27.650s] INFO:colcon.colcon_core.shell:Creating environment descriptor '/home/roverj8/LUIS/ARGJ08/ARGOSJ8_IA_/install/argj801_ctl_platform_interfaces/share/argj801_ctl_platform_interfaces/hook/ld_library_path_lib.dsv'
[27.651s] INFO:colcon.colcon_core.shell:Creating environment hook '/home/roverj8/LUIS/ARGJ08/ARGOSJ8_IA_/install/argj801_ctl_platform_interfaces/share/argj801_ctl_platform_interfaces/hook/ld_library_path_lib.sh'
[27.655s] Level 1:colcon.colcon_core.environment:checking '/home/roverj8/LUIS/ARGJ08/ARGOSJ8_IA_/install/argj801_ctl_platform_interfaces/bin'
[27.656s] Level 1:colcon.colcon_core.environment:checking '/home/roverj8/LUIS/ARGJ08/ARGOSJ8_IA_/install/argj801_ctl_platform_interfaces/lib/pkgconfig/argj801_ctl_platform_interfaces.pc'
[27.656s] Level 1:colcon.colcon_core.environment:checking '/home/roverj8/LUIS/ARGJ08/ARGOSJ8_IA_/install/argj801_ctl_platform_interfaces/lib/python3.10/site-packages'
[27.658s] Level 1:colcon.colcon_core.environment:checking '/home/roverj8/LUIS/ARGJ08/ARGOSJ8_IA_/install/argj801_ctl_platform_interfaces/bin'
[27.659s] INFO:colcon.colcon_core.shell:Creating package script '/home/roverj8/LUIS/ARGJ08/ARGOSJ8_IA_/install/argj801_ctl_platform_interfaces/share/argj801_ctl_platform_interfaces/package.ps1'
[27.661s] INFO:colcon.colcon_core.shell:Creating package descriptor '/home/roverj8/LUIS/ARGJ08/ARGOSJ8_IA_/install/argj801_ctl_platform_interfaces/share/argj801_ctl_platform_interfaces/package.dsv'
[27.663s] INFO:colcon.colcon_core.shell:Creating package script '/home/roverj8/LUIS/ARGJ08/ARGOSJ8_IA_/install/argj801_ctl_platform_interfaces/share/argj801_ctl_platform_interfaces/package.sh'
[27.664s] INFO:colcon.colcon_core.shell:Creating package script '/home/roverj8/LUIS/ARGJ08/ARGOSJ8_IA_/install/argj801_ctl_platform_interfaces/share/argj801_ctl_platform_interfaces/package.bash'
[27.666s] INFO:colcon.colcon_core.shell:Creating package script '/home/roverj8/LUIS/ARGJ08/ARGOSJ8_IA_/install/argj801_ctl_platform_interfaces/share/argj801_ctl_platform_interfaces/package.zsh'
[27.667s] Level 1:colcon.colcon_core.environment:create_file_with_runtime_dependencies(/home/roverj8/LUIS/ARGJ08/ARGOSJ8_IA_/install/argj801_ctl_platform_interfaces/share/colcon-core/packages/argj801_ctl_platform_interfaces)
[27.673s] INFO:colcon.colcon_ros.task.ament_cmake.build:Building ROS package in '/home/roverj8/LUIS/ARGJ08/ARGOSJ8_IA_/src/argj801_ctl_platform/argj801_ctl_platform' with build type 'ament_cmake'
[27.674s] INFO:colcon.colcon_cmake.task.cmake.build:Building CMake package in '/home/roverj8/LUIS/ARGJ08/ARGOSJ8_IA_/src/argj801_ctl_platform/argj801_ctl_platform'
[27.675s] INFO:colcon.colcon_core.shell:Skip shell extension 'powershell' for command environment: Not usable outside of PowerShell
[27.675s] DEBUG:colcon.colcon_core.shell:Skip shell extension 'dsv' for command environment
[27.682s] INFO:colcon.colcon_ros.task.ament_cmake.build:Building ROS package in '/home/roverj8/LUIS/ARGJ08/ARGOSJ8_IA_/src/argo_drivers_pkgs/argj801_sensors/argj801_sensors' with build type 'ament_cmake'
[27.682s] INFO:colcon.colcon_cmake.task.cmake.build:Building CMake package in '/home/roverj8/LUIS/ARGJ08/ARGOSJ8_IA_/src/argo_drivers_pkgs/argj801_sensors/argj801_sensors'
[27.683s] INFO:colcon.colcon_core.shell:Skip shell extension 'powershell' for command environment: Not usable outside of PowerShell
[27.684s] DEBUG:colcon.colcon_core.shell:Skip shell extension 'dsv' for command environment
[27.746s] DEBUG:colcon.colcon_core.event_handler.log_command:Invoking command in '/home/roverj8/LUIS/ARGJ08/ARGOSJ8_IA_/build/argj801_ctl_platform': AMENT_PREFIX_PATH=/home/roverj8/LUIS/ARGJ08/ARGOSJ8_IA_/install/argj801_ctl_platform_interfaces:${AMENT_PREFIX_PATH} CMAKE_PREFIX_PATH=/home/roverj8/LUIS/ARGJ08/ARGOSJ8_IA_/install/argj801_ctl_platform_interfaces:/opt/ros/humble LD_LIBRARY_PATH=/home/roverj8/LUIS/ARGJ08/ARGOSJ8_IA_/install/argj801_ctl_platform_interfaces/lib:${LD_LIBRARY_PATH} PYTHONPATH=/home/roverj8/LUIS/ARGJ08/ARGOSJ8_IA_/install/argj801_ctl_platform_interfaces/local/lib/python3.10/dist-packages:${PYTHONPATH} /usr/bin/cmake /home/roverj8/LUIS/ARGJ08/ARGOSJ8_IA_/src/argj801_ctl_platform/argj801_ctl_platform -DCMAKE_INSTALL_PREFIX=/home/roverj8/LUIS/ARGJ08/ARGOSJ8_IA_/install/argj801_ctl_platform
[27.759s] DEBUG:colcon.colcon_core.event_handler.log_command:Invoking command in '/home/roverj8/LUIS/ARGJ08/ARGOSJ8_IA_/build/argj801_sensors': AMENT_PREFIX_PATH=/home/roverj8/LUIS/ARGJ08/ARGOSJ8_IA_/install/argj801_sensors_msgs:/home/roverj8/LUIS/ARGJ08/ARGOSJ8_IA_/install/argj801_ctl_platform_interfaces:${AMENT_PREFIX_PATH} CMAKE_PREFIX_PATH=/home/roverj8/LUIS/ARGJ08/ARGOSJ8_IA_/install/argj801_sensors_msgs:/home/roverj8/LUIS/ARGJ08/ARGOSJ8_IA_/install/argj801_ctl_platform_interfaces:/opt/ros/humble LD_LIBRARY_PATH=/home/roverj8/LUIS/ARGJ08/ARGOSJ8_IA_/install/argj801_sensors_msgs/lib:/home/roverj8/LUIS/ARGJ08/ARGOSJ8_IA_/install/argj801_ctl_platform_interfaces/lib:${LD_LIBRARY_PATH} PYTHONPATH=/home/roverj8/LUIS/ARGJ08/ARGOSJ8_IA_/install/argj801_sensors_msgs/local/lib/python3.10/dist-packages:/home/roverj8/LUIS/ARGJ08/ARGOSJ8_IA_/install/argj801_ctl_platform_interfaces/local/lib/python3.10/dist-packages:${PYTHONPATH} /usr/bin/cmake /home/roverj8/LUIS/ARGJ08/ARGOSJ8_IA_/src/argo_drivers_pkgs/argj801_sensors/argj801_sensors -DCMAKE_INSTALL_PREFIX=/home/roverj8/LUIS/ARGJ08/ARGOSJ8_IA_/install/argj801_sensors
[29.327s] DEBUG:colcon.colcon_core.event_handler.log_command:Invoked command in '/home/roverj8/LUIS/ARGJ08/ARGOSJ8_IA_/build/spacenav' returned '0': CMAKE_PREFIX_PATH=/opt/ros/humble /usr/bin/cmake --build /home/roverj8/LUIS/ARGJ08/ARGOSJ8_IA_/build/spacenav -- -j24 -l24
[29.328s] DEBUG:colcon.colcon_core.event_handler.log_command:Invoking command in '/home/roverj8/LUIS/ARGJ08/ARGOSJ8_IA_/build/spacenav': CMAKE_PREFIX_PATH=/opt/ros/humble /usr/bin/cmake --install /home/roverj8/LUIS/ARGJ08/ARGOSJ8_IA_/build/spacenav
[30.955s] DEBUG:colcon.colcon_core.event_handler.log_command:Invoked command in '/home/roverj8/LUIS/ARGJ08/ARGOSJ8_IA_/build/hikmicro_thermal_camera' returned '0': CMAKE_PREFIX_PATH=/opt/ros/humble /usr/bin/cmake --build /home/roverj8/LUIS/ARGJ08/ARGOSJ8_IA_/build/hikmicro_thermal_camera -- -j24 -l24
[30.956s] DEBUG:colcon.colcon_core.event_handler.log_command:Invoking command in '/home/roverj8/LUIS/ARGJ08/ARGOSJ8_IA_/build/hikmicro_thermal_camera': CMAKE_PREFIX_PATH=/opt/ros/humble /usr/bin/cmake --install /home/roverj8/LUIS/ARGJ08/ARGOSJ8_IA_/build/hikmicro_thermal_camera
[30.957s] Level 1:colcon.colcon_core.environment:create_environment_scripts_only(spacenav)
[30.958s] Level 1:colcon.colcon_core.environment:checking '/home/roverj8/LUIS/ARGJ08/ARGOSJ8_IA_/install/spacenav' for CMake module files
[30.959s] DEBUG:colcon.colcon_core.event_handler.log_command:Invoked command in '/home/roverj8/LUIS/ARGJ08/ARGOSJ8_IA_/build/spacenav' returned '0': CMAKE_PREFIX_PATH=/opt/ros/humble /usr/bin/cmake --install /home/roverj8/LUIS/ARGJ08/ARGOSJ8_IA_/build/spacenav
[30.961s] Level 1:colcon.colcon_core.environment:checking '/home/roverj8/LUIS/ARGJ08/ARGOSJ8_IA_/install/spacenav' for CMake config files
[30.962s] Level 1:colcon.colcon_core.shell:create_environment_hook('spacenav', 'cmake_prefix_path')
[30.963s] INFO:colcon.colcon_core.shell:Creating environment hook '/home/roverj8/LUIS/ARGJ08/ARGOSJ8_IA_/install/spacenav/share/spacenav/hook/cmake_prefix_path.ps1'
[30.964s] INFO:colcon.colcon_core.shell:Creating environment descriptor '/home/roverj8/LUIS/ARGJ08/ARGOSJ8_IA_/install/spacenav/share/spacenav/hook/cmake_prefix_path.dsv'
[30.969s] INFO:colcon.colcon_core.shell:Creating environment hook '/home/roverj8/LUIS/ARGJ08/ARGOSJ8_IA_/install/spacenav/share/spacenav/hook/cmake_prefix_path.sh'
[30.971s] Level 1:colcon.colcon_core.environment:checking '/home/roverj8/LUIS/ARGJ08/ARGOSJ8_IA_/install/spacenav/lib'
[30.980s] Level 1:colcon.colcon_core.shell:create_environment_hook('spacenav', 'ld_library_path_lib')
[30.981s] INFO:colcon.colcon_core.shell:Creating environment hook '/home/roverj8/LUIS/ARGJ08/ARGOSJ8_IA_/install/spacenav/share/spacenav/hook/ld_library_path_lib.ps1'
[30.982s] INFO:colcon.colcon_core.shell:Creating environment descriptor '/home/roverj8/LUIS/ARGJ08/ARGOSJ8_IA_/install/spacenav/share/spacenav/hook/ld_library_path_lib.dsv'
[30.984s] INFO:colcon.colcon_core.shell:Creating environment hook '/home/roverj8/LUIS/ARGJ08/ARGOSJ8_IA_/install/spacenav/share/spacenav/hook/ld_library_path_lib.sh'
[30.986s] Level 1:colcon.colcon_core.environment:checking '/home/roverj8/LUIS/ARGJ08/ARGOSJ8_IA_/install/spacenav/bin'
[30.986s] Level 1:colcon.colcon_core.environment:checking '/home/roverj8/LUIS/ARGJ08/ARGOSJ8_IA_/install/spacenav/lib/pkgconfig/spacenav.pc'
[30.987s] Level 1:colcon.colcon_core.environment:checking '/home/roverj8/LUIS/ARGJ08/ARGOSJ8_IA_/install/spacenav/lib/python3.10/site-packages'
[30.988s] Level 1:colcon.colcon_core.environment:checking '/home/roverj8/LUIS/ARGJ08/ARGOSJ8_IA_/install/spacenav/bin'
[30.989s] INFO:colcon.colcon_core.shell:Creating package script '/home/roverj8/LUIS/ARGJ08/ARGOSJ8_IA_/install/spacenav/share/spacenav/package.ps1'
[30.991s] INFO:colcon.colcon_core.shell:Creating package descriptor '/home/roverj8/LUIS/ARGJ08/ARGOSJ8_IA_/install/spacenav/share/spacenav/package.dsv'
[30.992s] INFO:colcon.colcon_core.shell:Creating package script '/home/roverj8/LUIS/ARGJ08/ARGOSJ8_IA_/install/spacenav/share/spacenav/package.sh'
[30.993s] INFO:colcon.colcon_core.shell:Creating package script '/home/roverj8/LUIS/ARGJ08/ARGOSJ8_IA_/install/spacenav/share/spacenav/package.bash'
[30.994s] INFO:colcon.colcon_core.shell:Creating package script '/home/roverj8/LUIS/ARGJ08/ARGOSJ8_IA_/install/spacenav/share/spacenav/package.zsh'
[30.995s] Level 1:colcon.colcon_core.environment:create_file_with_runtime_dependencies(/home/roverj8/LUIS/ARGJ08/ARGOSJ8_IA_/install/spacenav/share/colcon-core/packages/spacenav)
[30.997s] Level 1:colcon.colcon_core.environment:create_environment_scripts_only(spacenav)
[30.998s] Level 1:colcon.colcon_core.environment:checking '/home/roverj8/LUIS/ARGJ08/ARGOSJ8_IA_/install/spacenav' for CMake module files
[31.002s] Level 1:colcon.colcon_core.environment:checking '/home/roverj8/LUIS/ARGJ08/ARGOSJ8_IA_/install/spacenav' for CMake config files
[31.002s] Level 1:colcon.colcon_core.shell:create_environment_hook('spacenav', 'cmake_prefix_path')
[31.003s] INFO:colcon.colcon_core.shell:Creating environment hook '/home/roverj8/LUIS/ARGJ08/ARGOSJ8_IA_/install/spacenav/share/spacenav/hook/cmake_prefix_path.ps1'
[31.007s] INFO:colcon.colcon_core.shell:Creating environment descriptor '/home/roverj8/LUIS/ARGJ08/ARGOSJ8_IA_/install/spacenav/share/spacenav/hook/cmake_prefix_path.dsv'
[31.008s] INFO:colcon.colcon_core.shell:Creating environment hook '/home/roverj8/LUIS/ARGJ08/ARGOSJ8_IA_/install/spacenav/share/spacenav/hook/cmake_prefix_path.sh'
[31.014s] Level 1:colcon.colcon_core.environment:checking '/home/roverj8/LUIS/ARGJ08/ARGOSJ8_IA_/install/spacenav/lib'
[31.015s] Level 1:colcon.colcon_core.shell:create_environment_hook('spacenav', 'ld_library_path_lib')
[31.015s] INFO:colcon.colcon_core.shell:Creating environment hook '/home/roverj8/LUIS/ARGJ08/ARGOSJ8_IA_/install/spacenav/share/spacenav/hook/ld_library_path_lib.ps1'
[31.016s] INFO:colcon.colcon_core.shell:Creating environment descriptor '/home/roverj8/LUIS/ARGJ08/ARGOSJ8_IA_/install/spacenav/share/spacenav/hook/ld_library_path_lib.dsv'
[31.022s] INFO:colcon.colcon_core.shell:Creating environment hook '/home/roverj8/LUIS/ARGJ08/ARGOSJ8_IA_/install/spacenav/share/spacenav/hook/ld_library_path_lib.sh'
[31.023s] Level 1:colcon.colcon_core.environment:checking '/home/roverj8/LUIS/ARGJ08/ARGOSJ8_IA_/install/spacenav/bin'
[31.023s] Level 1:colcon.colcon_core.environment:checking '/home/roverj8/LUIS/ARGJ08/ARGOSJ8_IA_/install/spacenav/lib/pkgconfig/spacenav.pc'
[31.024s] Level 1:colcon.colcon_core.environment:checking '/home/roverj8/LUIS/ARGJ08/ARGOSJ8_IA_/install/spacenav/lib/python3.10/site-packages'
[31.025s] Level 1:colcon.colcon_core.environment:checking '/home/roverj8/LUIS/ARGJ08/ARGOSJ8_IA_/install/spacenav/bin'
[31.030s] INFO:colcon.colcon_core.shell:Creating package script '/home/roverj8/LUIS/ARGJ08/ARGOSJ8_IA_/install/spacenav/share/spacenav/package.ps1'
[31.032s] INFO:colcon.colcon_core.shell:Creating package descriptor '/home/roverj8/LUIS/ARGJ08/ARGOSJ8_IA_/install/spacenav/share/spacenav/package.dsv'
[31.034s] INFO:colcon.colcon_core.shell:Creating package script '/home/roverj8/LUIS/ARGJ08/ARGOSJ8_IA_/install/spacenav/share/spacenav/package.sh'
[31.040s] INFO:colcon.colcon_core.shell:Creating package script '/home/roverj8/LUIS/ARGJ08/ARGOSJ8_IA_/install/spacenav/share/spacenav/package.bash'
[31.041s] INFO:colcon.colcon_core.shell:Creating package script '/home/roverj8/LUIS/ARGJ08/ARGOSJ8_IA_/install/spacenav/share/spacenav/package.zsh'
[31.042s] Level 1:colcon.colcon_core.environment:create_file_with_runtime_dependencies(/home/roverj8/LUIS/ARGJ08/ARGOSJ8_IA_/install/spacenav/share/colcon-core/packages/spacenav)
[31.052s] Level 1:colcon.colcon_core.environment:create_environment_scripts_only(hikmicro_thermal_camera)
[31.052s] Level 1:colcon.colcon_core.environment:checking '/home/roverj8/LUIS/ARGJ08/ARGOSJ8_IA_/install/hikmicro_thermal_camera' for CMake module files
[31.053s] Level 1:colcon.colcon_core.environment:checking '/home/roverj8/LUIS/ARGJ08/ARGOSJ8_IA_/install/hikmicro_thermal_camera' for CMake config files
[31.054s] DEBUG:colcon.colcon_core.event_handler.log_command:Invoked command in '/home/roverj8/LUIS/ARGJ08/ARGOSJ8_IA_/build/hikmicro_thermal_camera' returned '0': CMAKE_PREFIX_PATH=/opt/ros/humble /usr/bin/cmake --install /home/roverj8/LUIS/ARGJ08/ARGOSJ8_IA_/build/hikmicro_thermal_camera
[31.057s] Level 1:colcon.colcon_core.shell:create_environment_hook('hikmicro_thermal_camera', 'cmake_prefix_path')
[31.058s] INFO:colcon.colcon_core.shell:Creating environment hook '/home/roverj8/LUIS/ARGJ08/ARGOSJ8_IA_/install/hikmicro_thermal_camera/share/hikmicro_thermal_camera/hook/cmake_prefix_path.ps1'
[31.061s] INFO:colcon.colcon_core.shell:Creating environment descriptor '/home/roverj8/LUIS/ARGJ08/ARGOSJ8_IA_/install/hikmicro_thermal_camera/share/hikmicro_thermal_camera/hook/cmake_prefix_path.dsv'
[31.062s] INFO:colcon.colcon_core.shell:Creating environment hook '/home/roverj8/LUIS/ARGJ08/ARGOSJ8_IA_/install/hikmicro_thermal_camera/share/hikmicro_thermal_camera/hook/cmake_prefix_path.sh'
[31.063s] Level 1:colcon.colcon_core.environment:checking '/home/roverj8/LUIS/ARGJ08/ARGOSJ8_IA_/install/hikmicro_thermal_camera/lib'
[31.064s] Level 1:colcon.colcon_core.environment:checking '/home/roverj8/LUIS/ARGJ08/ARGOSJ8_IA_/install/hikmicro_thermal_camera/bin'
[31.064s] Level 1:colcon.colcon_core.environment:checking '/home/roverj8/LUIS/ARGJ08/ARGOSJ8_IA_/install/hikmicro_thermal_camera/lib/pkgconfig/hikmicro_thermal_camera.pc'
[31.065s] Level 1:colcon.colcon_core.environment:checking '/home/roverj8/LUIS/ARGJ08/ARGOSJ8_IA_/install/hikmicro_thermal_camera/lib/python3.10/site-packages'
[31.065s] Level 1:colcon.colcon_core.environment:checking '/home/roverj8/LUIS/ARGJ08/ARGOSJ8_IA_/install/hikmicro_thermal_camera/bin'
[31.066s] INFO:colcon.colcon_core.shell:Creating package script '/home/roverj8/LUIS/ARGJ08/ARGOSJ8_IA_/install/hikmicro_thermal_camera/share/hikmicro_thermal_camera/package.ps1'
[31.082s] INFO:colcon.colcon_core.shell:Creating package descriptor '/home/roverj8/LUIS/ARGJ08/ARGOSJ8_IA_/install/hikmicro_thermal_camera/share/hikmicro_thermal_camera/package.dsv'
[31.083s] INFO:colcon.colcon_core.shell:Creating package script '/home/roverj8/LUIS/ARGJ08/ARGOSJ8_IA_/install/hikmicro_thermal_camera/share/hikmicro_thermal_camera/package.sh'
[31.084s] INFO:colcon.colcon_core.shell:Creating package script '/home/roverj8/LUIS/ARGJ08/ARGOSJ8_IA_/install/hikmicro_thermal_camera/share/hikmicro_thermal_camera/package.bash'
[31.085s] INFO:colcon.colcon_core.shell:Creating package script '/home/roverj8/LUIS/ARGJ08/ARGOSJ8_IA_/install/hikmicro_thermal_camera/share/hikmicro_thermal_camera/package.zsh'
[31.086s] Level 1:colcon.colcon_core.environment:create_file_with_runtime_dependencies(/home/roverj8/LUIS/ARGJ08/ARGOSJ8_IA_/install/hikmicro_thermal_camera/share/colcon-core/packages/hikmicro_thermal_camera)
[31.087s] Level 1:colcon.colcon_core.environment:create_environment_scripts_only(hikmicro_thermal_camera)
[31.088s] Level 1:colcon.colcon_core.environment:checking '/home/roverj8/LUIS/ARGJ08/ARGOSJ8_IA_/install/hikmicro_thermal_camera' for CMake module files
[31.089s] Level 1:colcon.colcon_core.environment:checking '/home/roverj8/LUIS/ARGJ08/ARGOSJ8_IA_/install/hikmicro_thermal_camera' for CMake config files
[31.089s] Level 1:colcon.colcon_core.shell:create_environment_hook('hikmicro_thermal_camera', 'cmake_prefix_path')
[31.090s] INFO:colcon.colcon_core.shell:Creating environment hook '/home/roverj8/LUIS/ARGJ08/ARGOSJ8_IA_/install/hikmicro_thermal_camera/share/hikmicro_thermal_camera/hook/cmake_prefix_path.ps1'
[31.091s] INFO:colcon.colcon_core.shell:Creating environment descriptor '/home/roverj8/LUIS/ARGJ08/ARGOSJ8_IA_/install/hikmicro_thermal_camera/share/hikmicro_thermal_camera/hook/cmake_prefix_path.dsv'
[31.091s] INFO:colcon.colcon_core.shell:Creating environment hook '/home/roverj8/LUIS/ARGJ08/ARGOSJ8_IA_/install/hikmicro_thermal_camera/share/hikmicro_thermal_camera/hook/cmake_prefix_path.sh'
[31.093s] Level 1:colcon.colcon_core.environment:checking '/home/roverj8/LUIS/ARGJ08/ARGOSJ8_IA_/install/hikmicro_thermal_camera/lib'
[31.093s] Level 1:colcon.colcon_core.environment:checking '/home/roverj8/LUIS/ARGJ08/ARGOSJ8_IA_/install/hikmicro_thermal_camera/bin'
[31.101s] Level 1:colcon.colcon_core.environment:checking '/home/roverj8/LUIS/ARGJ08/ARGOSJ8_IA_/install/hikmicro_thermal_camera/lib/pkgconfig/hikmicro_thermal_camera.pc'
[31.102s] Level 1:colcon.colcon_core.environment:checking '/home/roverj8/LUIS/ARGJ08/ARGOSJ8_IA_/install/hikmicro_thermal_camera/lib/python3.10/site-packages'
[31.103s] Level 1:colcon.colcon_core.environment:checking '/home/roverj8/LUIS/ARGJ08/ARGOSJ8_IA_/install/hikmicro_thermal_camera/bin'
[31.103s] INFO:colcon.colcon_core.shell:Creating package script '/home/roverj8/LUIS/ARGJ08/ARGOSJ8_IA_/install/hikmicro_thermal_camera/share/hikmicro_thermal_camera/package.ps1'
[31.106s] INFO:colcon.colcon_core.shell:Creating package descriptor '/home/roverj8/LUIS/ARGJ08/ARGOSJ8_IA_/install/hikmicro_thermal_camera/share/hikmicro_thermal_camera/package.dsv'
[31.107s] INFO:colcon.colcon_core.shell:Creating package script '/home/roverj8/LUIS/ARGJ08/ARGOSJ8_IA_/install/hikmicro_thermal_camera/share/hikmicro_thermal_camera/package.sh'
[31.108s] INFO:colcon.colcon_core.shell:Creating package script '/home/roverj8/LUIS/ARGJ08/ARGOSJ8_IA_/install/hikmicro_thermal_camera/share/hikmicro_thermal_camera/package.bash'
[31.109s] INFO:colcon.colcon_core.shell:Creating package script '/home/roverj8/LUIS/ARGJ08/ARGOSJ8_IA_/install/hikmicro_thermal_camera/share/hikmicro_thermal_camera/package.zsh'
[31.110s] Level 1:colcon.colcon_core.environment:create_file_with_runtime_dependencies(/home/roverj8/LUIS/ARGJ08/ARGOSJ8_IA_/install/hikmicro_thermal_camera/share/colcon-core/packages/hikmicro_thermal_camera)
[31.291s] DEBUG:colcon.colcon_core.event_handler.log_command:Invoked command in '/home/roverj8/LUIS/ARGJ08/ARGOSJ8_IA_/build/argj801_ctl_platform' returned '0': AMENT_PREFIX_PATH=/home/roverj8/LUIS/ARGJ08/ARGOSJ8_IA_/install/argj801_ctl_platform_interfaces:${AMENT_PREFIX_PATH} CMAKE_PREFIX_PATH=/home/roverj8/LUIS/ARGJ08/ARGOSJ8_IA_/install/argj801_ctl_platform_interfaces:/opt/ros/humble LD_LIBRARY_PATH=/home/roverj8/LUIS/ARGJ08/ARGOSJ8_IA_/install/argj801_ctl_platform_interfaces/lib:${LD_LIBRARY_PATH} PYTHONPATH=/home/roverj8/LUIS/ARGJ08/ARGOSJ8_IA_/install/argj801_ctl_platform_interfaces/local/lib/python3.10/dist-packages:${PYTHONPATH} /usr/bin/cmake /home/roverj8/LUIS/ARGJ08/ARGOSJ8_IA_/src/argj801_ctl_platform/argj801_ctl_platform -DCMAKE_INSTALL_PREFIX=/home/roverj8/LUIS/ARGJ08/ARGOSJ8_IA_/install/argj801_ctl_platform
[31.293s] DEBUG:colcon.colcon_core.event_handler.log_command:Invoking command in '/home/roverj8/LUIS/ARGJ08/ARGOSJ8_IA_/build/argj801_ctl_platform': AMENT_PREFIX_PATH=/home/roverj8/LUIS/ARGJ08/ARGOSJ8_IA_/install/argj801_ctl_platform_interfaces:${AMENT_PREFIX_PATH} CMAKE_PREFIX_PATH=/home/roverj8/LUIS/ARGJ08/ARGOSJ8_IA_/install/argj801_ctl_platform_interfaces:/opt/ros/humble LD_LIBRARY_PATH=/home/roverj8/LUIS/ARGJ08/ARGOSJ8_IA_/install/argj801_ctl_platform_interfaces/lib:${LD_LIBRARY_PATH} PYTHONPATH=/home/roverj8/LUIS/ARGJ08/ARGOSJ8_IA_/install/argj801_ctl_platform_interfaces/local/lib/python3.10/dist-packages:${PYTHONPATH} /usr/bin/cmake --build /home/roverj8/LUIS/ARGJ08/ARGOSJ8_IA_/build/argj801_ctl_platform -- -j24 -l24
[31.449s] DEBUG:colcon.colcon_core.event_handler.log_command:Invoked command in '/home/roverj8/LUIS/ARGJ08/ARGOSJ8_IA_/build/argj801_sensors' returned '0': AMENT_PREFIX_PATH=/home/roverj8/LUIS/ARGJ08/ARGOSJ8_IA_/install/argj801_sensors_msgs:/home/roverj8/LUIS/ARGJ08/ARGOSJ8_IA_/install/argj801_ctl_platform_interfaces:${AMENT_PREFIX_PATH} CMAKE_PREFIX_PATH=/home/roverj8/LUIS/ARGJ08/ARGOSJ8_IA_/install/argj801_sensors_msgs:/home/roverj8/LUIS/ARGJ08/ARGOSJ8_IA_/install/argj801_ctl_platform_interfaces:/opt/ros/humble LD_LIBRARY_PATH=/home/roverj8/LUIS/ARGJ08/ARGOSJ8_IA_/install/argj801_sensors_msgs/lib:/home/roverj8/LUIS/ARGJ08/ARGOSJ8_IA_/install/argj801_ctl_platform_interfaces/lib:${LD_LIBRARY_PATH} PYTHONPATH=/home/roverj8/LUIS/ARGJ08/ARGOSJ8_IA_/install/argj801_sensors_msgs/local/lib/python3.10/dist-packages:/home/roverj8/LUIS/ARGJ08/ARGOSJ8_IA_/install/argj801_ctl_platform_interfaces/local/lib/python3.10/dist-packages:${PYTHONPATH} /usr/bin/cmake /home/roverj8/LUIS/ARGJ08/ARGOSJ8_IA_/src/argo_drivers_pkgs/argj801_sensors/argj801_sensors -DCMAKE_INSTALL_PREFIX=/home/roverj8/LUIS/ARGJ08/ARGOSJ8_IA_/install/argj801_sensors
[31.454s] DEBUG:colcon.colcon_core.event_handler.log_command:Invoking command in '/home/roverj8/LUIS/ARGJ08/ARGOSJ8_IA_/build/argj801_sensors': AMENT_PREFIX_PATH=/home/roverj8/LUIS/ARGJ08/ARGOSJ8_IA_/install/argj801_sensors_msgs:/home/roverj8/LUIS/ARGJ08/ARGOSJ8_IA_/install/argj801_ctl_platform_interfaces:${AMENT_PREFIX_PATH} CMAKE_PREFIX_PATH=/home/roverj8/LUIS/ARGJ08/ARGOSJ8_IA_/install/argj801_sensors_msgs:/home/roverj8/LUIS/ARGJ08/ARGOSJ8_IA_/install/argj801_ctl_platform_interfaces:/opt/ros/humble LD_LIBRARY_PATH=/home/roverj8/LUIS/ARGJ08/ARGOSJ8_IA_/install/argj801_sensors_msgs/lib:/home/roverj8/LUIS/ARGJ08/ARGOSJ8_IA_/install/argj801_ctl_platform_interfaces/lib:${LD_LIBRARY_PATH} PYTHONPATH=/home/roverj8/LUIS/ARGJ08/ARGOSJ8_IA_/install/argj801_sensors_msgs/local/lib/python3.10/dist-packages:/home/roverj8/LUIS/ARGJ08/ARGOSJ8_IA_/install/argj801_ctl_platform_interfaces/local/lib/python3.10/dist-packages:${PYTHONPATH} /usr/bin/cmake --build /home/roverj8/LUIS/ARGJ08/ARGOSJ8_IA_/build/argj801_sensors -- -j24 -l24
[33.806s] DEBUG:colcon.colcon_core.event_handler.log_command:Invoked command in '/home/roverj8/LUIS/ARGJ08/ARGOSJ8_IA_/build/fixposition_driver_ros2' returned '0': CMAKE_PREFIX_PATH=/home/roverj8/LUIS/ARGJ08/ARGOSJ8_IA_/install/fixposition_driver_lib:/home/roverj8/LUIS/ARGJ08/ARGOSJ8_IA_/install/fixposition_gnss_tf:/opt/ros/humble LD_LIBRARY_PATH=/home/roverj8/LUIS/ARGJ08/ARGOSJ8_IA_/install/fixposition_driver_lib/lib:/home/roverj8/LUIS/ARGJ08/ARGOSJ8_IA_/install/fixposition_gnss_tf/lib:${LD_LIBRARY_PATH} PKG_CONFIG_PATH=/home/roverj8/LUIS/ARGJ08/ARGOSJ8_IA_/install/fixposition_driver_lib/lib/x86_64-linux-gnu/pkgconfig:/home/roverj8/LUIS/ARGJ08/ARGOSJ8_IA_/install/fixposition_driver_lib/lib/pkgconfig:/home/roverj8/LUIS/ARGJ08/ARGOSJ8_IA_/install/fixposition_gnss_tf/lib/x86_64-linux-gnu/pkgconfig:/home/roverj8/LUIS/ARGJ08/ARGOSJ8_IA_/install/fixposition_gnss_tf/lib/pkgconfig /usr/bin/cmake /home/roverj8/LUIS/ARGJ08/ARGOSJ8_IA_/src/argo_drivers_pkgs/Fixposition_driver_pkg/fixposition_driver-main/fixposition_driver_ros2 -DCMAKE_INSTALL_PREFIX=/home/roverj8/LUIS/ARGJ08/ARGOSJ8_IA_/install/fixposition_driver_ros2
[33.809s] DEBUG:colcon.colcon_core.event_handler.log_command:Invoking command in '/home/roverj8/LUIS/ARGJ08/ARGOSJ8_IA_/build/fixposition_driver_ros2': CMAKE_PREFIX_PATH=/home/roverj8/LUIS/ARGJ08/ARGOSJ8_IA_/install/fixposition_driver_lib:/home/roverj8/LUIS/ARGJ08/ARGOSJ8_IA_/install/fixposition_gnss_tf:/opt/ros/humble LD_LIBRARY_PATH=/home/roverj8/LUIS/ARGJ08/ARGOSJ8_IA_/install/fixposition_driver_lib/lib:/home/roverj8/LUIS/ARGJ08/ARGOSJ8_IA_/install/fixposition_gnss_tf/lib:${LD_LIBRARY_PATH} PKG_CONFIG_PATH=/home/roverj8/LUIS/ARGJ08/ARGOSJ8_IA_/install/fixposition_driver_lib/lib/x86_64-linux-gnu/pkgconfig:/home/roverj8/LUIS/ARGJ08/ARGOSJ8_IA_/install/fixposition_driver_lib/lib/pkgconfig:/home/roverj8/LUIS/ARGJ08/ARGOSJ8_IA_/install/fixposition_gnss_tf/lib/x86_64-linux-gnu/pkgconfig:/home/roverj8/LUIS/ARGJ08/ARGOSJ8_IA_/install/fixposition_gnss_tf/lib/pkgconfig /usr/bin/cmake --build /home/roverj8/LUIS/ARGJ08/ARGOSJ8_IA_/build/fixposition_driver_ros2 -- -j24 -l24
[35.170s] DEBUG:colcon.colcon_core.event_handler.log_command:Invoked command in '/home/roverj8/LUIS/ARGJ08/ARGOSJ8_IA_/build/car_cpp' returned '1': AMENT_PREFIX_PATH=/home/roverj8/LUIS/ARGJ08/ARGOSJ8_IA_/install/car_interfaces:${AMENT_PREFIX_PATH} CMAKE_PREFIX_PATH=/home/roverj8/LUIS/ARGJ08/ARGOSJ8_IA_/install/car_interfaces:/opt/ros/humble LD_LIBRARY_PATH=/home/roverj8/LUIS/ARGJ08/ARGOSJ8_IA_/install/car_interfaces/lib:${LD_LIBRARY_PATH} PYTHONPATH=/home/roverj8/LUIS/ARGJ08/ARGOSJ8_IA_/install/car_interfaces/local/lib/python3.10/dist-packages:${PYTHONPATH} /usr/bin/cmake /home/roverj8/LUIS/ARGJ08/ARGOSJ8_IA_/src/car_cpp -DCMAKE_INSTALL_PREFIX=/home/roverj8/LUIS/ARGJ08/ARGOSJ8_IA_/install/car_cpp
[35.200s] Level 1:colcon.colcon_core.environment:create_environment_scripts_only(car_cpp)
[35.200s] Level 1:colcon.colcon_core.environment:checking '/home/roverj8/LUIS/ARGJ08/ARGOSJ8_IA_/install/car_cpp' for CMake module files
[35.201s] Level 1:colcon.colcon_core.environment:checking '/home/roverj8/LUIS/ARGJ08/ARGOSJ8_IA_/install/car_cpp' for CMake config files
[35.201s] Level 1:colcon.colcon_core.environment:checking '/home/roverj8/LUIS/ARGJ08/ARGOSJ8_IA_/install/car_cpp/bin'
[35.202s] Level 1:colcon.colcon_core.environment:checking '/home/roverj8/LUIS/ARGJ08/ARGOSJ8_IA_/install/car_cpp/lib/pkgconfig/car_cpp.pc'
[35.202s] Level 1:colcon.colcon_core.environment:checking '/home/roverj8/LUIS/ARGJ08/ARGOSJ8_IA_/install/car_cpp/lib/python3.10/site-packages'
[35.203s] Level 1:colcon.colcon_core.environment:checking '/home/roverj8/LUIS/ARGJ08/ARGOSJ8_IA_/install/car_cpp/bin'
[35.204s] INFO:colcon.colcon_core.shell:Creating package script '/home/roverj8/LUIS/ARGJ08/ARGOSJ8_IA_/install/car_cpp/share/car_cpp/package.ps1'
[35.205s] INFO:colcon.colcon_core.shell:Creating package descriptor '/home/roverj8/LUIS/ARGJ08/ARGOSJ8_IA_/install/car_cpp/share/car_cpp/package.dsv'
[35.206s] INFO:colcon.colcon_core.shell:Creating package script '/home/roverj8/LUIS/ARGJ08/ARGOSJ8_IA_/install/car_cpp/share/car_cpp/package.sh'
[35.207s] INFO:colcon.colcon_core.shell:Creating package script '/home/roverj8/LUIS/ARGJ08/ARGOSJ8_IA_/install/car_cpp/share/car_cpp/package.bash'
[35.207s] INFO:colcon.colcon_core.shell:Creating package script '/home/roverj8/LUIS/ARGJ08/ARGOSJ8_IA_/install/car_cpp/share/car_cpp/package.zsh'
[35.208s] Level 1:colcon.colcon_core.environment:create_file_with_runtime_dependencies(/home/roverj8/LUIS/ARGJ08/ARGOSJ8_IA_/install/car_cpp/share/colcon-core/packages/car_cpp)
[106.461s] DEBUG:colcon.colcon_parallel_executor.executor.parallel:run_until_complete was interrupted
[106.461s] DEBUG:colcon.colcon_parallel_executor.executor.parallel:run_until_complete again
[106.508s] DEBUG:colcon.colcon_parallel_executor.executor.parallel:run_until_complete finished
[106.508s] DEBUG:colcon.colcon_parallel_executor.executor.parallel:closing loop
[106.508s] DEBUG:colcon.colcon_parallel_executor.executor.parallel:loop closed
[106.508s] DEBUG:colcon.colcon_core.event_reactor:joining thread
[106.510s] DEBUG:colcon.colcon_core.event_reactor:joined thread
[106.511s] INFO:colcon.colcon_core.shell:Creating prefix script '/home/roverj8/LUIS/ARGJ08/ARGOSJ8_IA_/install/local_setup.ps1'
[106.511s] INFO:colcon.colcon_core.shell:Creating prefix util module '/home/roverj8/LUIS/ARGJ08/ARGOSJ8_IA_/install/_local_setup_util_ps1.py'
[106.512s] INFO:colcon.colcon_core.shell:Creating prefix chain script '/home/roverj8/LUIS/ARGJ08/ARGOSJ8_IA_/install/setup.ps1'
[106.513s] INFO:colcon.colcon_core.shell:Creating prefix script '/home/roverj8/LUIS/ARGJ08/ARGOSJ8_IA_/install/local_setup.sh'
[106.514s] INFO:colcon.colcon_core.shell:Creating prefix util module '/home/roverj8/LUIS/ARGJ08/ARGOSJ8_IA_/install/_local_setup_util_sh.py'
[106.514s] INFO:colcon.colcon_core.shell:Creating prefix chain script '/home/roverj8/LUIS/ARGJ08/ARGOSJ8_IA_/install/setup.sh'
[106.515s] INFO:colcon.colcon_core.shell:Creating prefix script '/home/roverj8/LUIS/ARGJ08/ARGOSJ8_IA_/install/local_setup.bash'
[106.516s] INFO:colcon.colcon_core.shell:Creating prefix chain script '/home/roverj8/LUIS/ARGJ08/ARGOSJ8_IA_/install/setup.bash'
[106.516s] INFO:colcon.colcon_core.shell:Creating prefix script '/home/roverj8/LUIS/ARGJ08/ARGOSJ8_IA_/install/local_setup.zsh'
[106.517s] INFO:colcon.colcon_core.shell:Creating prefix chain script '/home/roverj8/LUIS/ARGJ08/ARGOSJ8_IA_/install/setup.zsh'
