[0.150s] DEBUG:colcon:Command line arguments: ['/usr/bin/colcon', 'build', '--packages-select', 'car', 'gui', 'j8_xacro_model']
[0.150s] DEBUG:colcon:Parsed command line arguments: Namespace(log_base=None, log_level=None, verb_name='build', build_base='build', install_base='install', merge_install=False, symlink_install=False, test_result_base=None, continue_on_error=False, executor='parallel', parallel_workers=24, event_handlers=None, ignore_user_meta=False, metas=['./colcon.meta'], base_paths=['.'], packages_ignore=None, packages_ignore_regex=None, paths=None, packages_up_to=None, packages_up_to_regex=None, packages_above=None, packages_above_and_dependencies=None, packages_above_depth=None, packages_select_by_dep=None, packages_skip_by_dep=None, packages_skip_up_to=None, packages_select_build_failed=False, packages_skip_build_finished=False, packages_select_test_failures=False, packages_skip_test_passed=False, packages_select=['car', 'gui', 'j8_xacro_model'], packages_skip=None, packages_select_regex=None, packages_skip_regex=None, packages_start=None, packages_end=None, allow_overriding=[], cmake_args=None, cmake_target=None, cmake_target_skip_unavailable=False, cmake_clean_cache=False, cmake_clean_first=False, cmake_force_configure=False, ament_cmake_args=None, catkin_cmake_args=None, catkin_skip_building_tests=False, mixin_files=None, mixin=None, verb_parser=<colcon_mixin.mixin.mixin_argument.MixinArgumentDecorator object at 0x7f75958c6e60>, verb_extension=<colcon_core.verb.build.BuildVerb object at 0x7f75958c6380>, main=<bound method BuildVerb.main of <colcon_core.verb.build.BuildVerb object at 0x7f75958c6380>>, mixin_verb=('build',))
[0.431s] Level 1:colcon.colcon_core.package_discovery:discover_packages(colcon_meta) check parameters
[0.431s] Level 1:colcon.colcon_core.package_discovery:discover_packages(recursive) check parameters
[0.431s] Level 1:colcon.colcon_core.package_discovery:discover_packages(ignore) check parameters
[0.431s] Level 1:colcon.colcon_core.package_discovery:discover_packages(path) check parameters
[0.431s] Level 1:colcon.colcon_core.package_discovery:discover_packages(colcon_meta) discover
[0.431s] Level 1:colcon.colcon_core.package_discovery:discover_packages(recursive) discover
[0.431s] INFO:colcon.colcon_core.package_discovery:Crawling recursively for packages in '/home/roverj8/LUIS/ARGJ08/ARGOSJ8_IA_'
[0.431s] Level 1:colcon.colcon_core.package_identification:_identify(.) by extensions ['ignore', 'ignore_ament_install']
[0.431s] Level 1:colcon.colcon_core.package_identification:_identify(.) by extension 'ignore'
[0.431s] Level 1:colcon.colcon_core.package_identification:_identify(.) by extension 'ignore_ament_install'
[0.431s] Level 1:colcon.colcon_core.package_identification:_identify(.) by extensions ['colcon_pkg']
[0.432s] Level 1:colcon.colcon_core.package_identification:_identify(.) by extension 'colcon_pkg'
[0.432s] Level 1:colcon.colcon_core.package_identification:_identify(.) by extensions ['colcon_meta']
[0.432s] Level 1:colcon.colcon_core.package_identification:_identify(.) by extension 'colcon_meta'
[0.432s] Level 1:colcon.colcon_core.package_identification:_identify(.) by extensions ['ros']
[0.432s] Level 1:colcon.colcon_core.package_identification:_identify(.) by extension 'ros'
[0.445s] Level 1:colcon.colcon_core.package_identification:_identify(.) by extensions ['cmake', 'python']
[0.446s] Level 1:colcon.colcon_core.package_identification:_identify(.) by extension 'cmake'
[0.446s] Level 1:colcon.colcon_core.package_identification:_identify(.) by extension 'python'
[0.446s] Level 1:colcon.colcon_core.package_identification:_identify(.) by extensions ['python_setup_py']
[0.446s] Level 1:colcon.colcon_core.package_identification:_identify(.) by extension 'python_setup_py'
[0.446s] Level 1:colcon.colcon_core.package_identification:_identify(build) by extensions ['ignore', 'ignore_ament_install']
[0.446s] Level 1:colcon.colcon_core.package_identification:_identify(build) by extension 'ignore'
[0.446s] Level 1:colcon.colcon_core.package_identification:_identify(build) ignored
[0.446s] Level 1:colcon.colcon_core.package_identification:_identify(docs) by extensions ['ignore', 'ignore_ament_install']
[0.446s] Level 1:colcon.colcon_core.package_identification:_identify(docs) by extension 'ignore'
[0.446s] Level 1:colcon.colcon_core.package_identification:_identify(docs) by extension 'ignore_ament_install'
[0.446s] Level 1:colcon.colcon_core.package_identification:_identify(docs) by extensions ['colcon_pkg']
[0.446s] Level 1:colcon.colcon_core.package_identification:_identify(docs) by extension 'colcon_pkg'
[0.446s] Level 1:colcon.colcon_core.package_identification:_identify(docs) by extensions ['colcon_meta']
[0.446s] Level 1:colcon.colcon_core.package_identification:_identify(docs) by extension 'colcon_meta'
[0.446s] Level 1:colcon.colcon_core.package_identification:_identify(docs) by extensions ['ros']
[0.446s] Level 1:colcon.colcon_core.package_identification:_identify(docs) by extension 'ros'
[0.446s] Level 1:colcon.colcon_core.package_identification:_identify(docs) by extensions ['cmake', 'python']
[0.446s] Level 1:colcon.colcon_core.package_identification:_identify(docs) by extension 'cmake'
[0.446s] Level 1:colcon.colcon_core.package_identification:_identify(docs) by extension 'python'
[0.446s] Level 1:colcon.colcon_core.package_identification:_identify(docs) by extensions ['python_setup_py']
[0.446s] Level 1:colcon.colcon_core.package_identification:_identify(docs) by extension 'python_setup_py'
[0.446s] Level 1:colcon.colcon_core.package_identification:_identify(install) by extensions ['ignore', 'ignore_ament_install']
[0.447s] Level 1:colcon.colcon_core.package_identification:_identify(install) by extension 'ignore'
[0.447s] Level 1:colcon.colcon_core.package_identification:_identify(install) ignored
[0.447s] Level 1:colcon.colcon_core.package_identification:_identify(log) by extensions ['ignore', 'ignore_ament_install']
[0.447s] Level 1:colcon.colcon_core.package_identification:_identify(log) by extension 'ignore'
[0.447s] Level 1:colcon.colcon_core.package_identification:_identify(log) ignored
[0.447s] Level 1:colcon.colcon_core.package_identification:_identify(maps) by extensions ['ignore', 'ignore_ament_install']
[0.447s] Level 1:colcon.colcon_core.package_identification:_identify(maps) by extension 'ignore'
[0.447s] Level 1:colcon.colcon_core.package_identification:_identify(maps) by extension 'ignore_ament_install'
[0.447s] Level 1:colcon.colcon_core.package_identification:_identify(maps) by extensions ['colcon_pkg']
[0.447s] Level 1:colcon.colcon_core.package_identification:_identify(maps) by extension 'colcon_pkg'
[0.447s] Level 1:colcon.colcon_core.package_identification:_identify(maps) by extensions ['colcon_meta']
[0.447s] Level 1:colcon.colcon_core.package_identification:_identify(maps) by extension 'colcon_meta'
[0.447s] Level 1:colcon.colcon_core.package_identification:_identify(maps) by extensions ['ros']
[0.447s] Level 1:colcon.colcon_core.package_identification:_identify(maps) by extension 'ros'
[0.447s] Level 1:colcon.colcon_core.package_identification:_identify(maps) by extensions ['cmake', 'python']
[0.447s] Level 1:colcon.colcon_core.package_identification:_identify(maps) by extension 'cmake'
[0.447s] Level 1:colcon.colcon_core.package_identification:_identify(maps) by extension 'python'
[0.447s] Level 1:colcon.colcon_core.package_identification:_identify(maps) by extensions ['python_setup_py']
[0.447s] Level 1:colcon.colcon_core.package_identification:_identify(maps) by extension 'python_setup_py'
[0.447s] Level 1:colcon.colcon_core.package_identification:_identify(maps/dem) by extensions ['ignore', 'ignore_ament_install']
[0.447s] Level 1:colcon.colcon_core.package_identification:_identify(maps/dem) by extension 'ignore'
[0.447s] Level 1:colcon.colcon_core.package_identification:_identify(maps/dem) by extension 'ignore_ament_install'
[0.447s] Level 1:colcon.colcon_core.package_identification:_identify(maps/dem) by extensions ['colcon_pkg']
[0.447s] Level 1:colcon.colcon_core.package_identification:_identify(maps/dem) by extension 'colcon_pkg'
[0.447s] Level 1:colcon.colcon_core.package_identification:_identify(maps/dem) by extensions ['colcon_meta']
[0.448s] Level 1:colcon.colcon_core.package_identification:_identify(maps/dem) by extension 'colcon_meta'
[0.448s] Level 1:colcon.colcon_core.package_identification:_identify(maps/dem) by extensions ['ros']
[0.448s] Level 1:colcon.colcon_core.package_identification:_identify(maps/dem) by extension 'ros'
[0.448s] Level 1:colcon.colcon_core.package_identification:_identify(maps/dem) by extensions ['cmake', 'python']
[0.448s] Level 1:colcon.colcon_core.package_identification:_identify(maps/dem) by extension 'cmake'
[0.448s] Level 1:colcon.colcon_core.package_identification:_identify(maps/dem) by extension 'python'
[0.448s] Level 1:colcon.colcon_core.package_identification:_identify(maps/dem) by extensions ['python_setup_py']
[0.448s] Level 1:colcon.colcon_core.package_identification:_identify(maps/dem) by extension 'python_setup_py'
[0.448s] Level 1:colcon.colcon_core.package_identification:_identify(src) by extensions ['ignore', 'ignore_ament_install']
[0.448s] Level 1:colcon.colcon_core.package_identification:_identify(src) by extension 'ignore'
[0.448s] Level 1:colcon.colcon_core.package_identification:_identify(src) by extension 'ignore_ament_install'
[0.448s] Level 1:colcon.colcon_core.package_identification:_identify(src) by extensions ['colcon_pkg']
[0.448s] Level 1:colcon.colcon_core.package_identification:_identify(src) by extension 'colcon_pkg'
[0.448s] Level 1:colcon.colcon_core.package_identification:_identify(src) by extensions ['colcon_meta']
[0.448s] Level 1:colcon.colcon_core.package_identification:_identify(src) by extension 'colcon_meta'
[0.448s] Level 1:colcon.colcon_core.package_identification:_identify(src) by extensions ['ros']
[0.448s] Level 1:colcon.colcon_core.package_identification:_identify(src) by extension 'ros'
[0.448s] Level 1:colcon.colcon_core.package_identification:_identify(src) by extensions ['cmake', 'python']
[0.448s] Level 1:colcon.colcon_core.package_identification:_identify(src) by extension 'cmake'
[0.448s] Level 1:colcon.colcon_core.package_identification:_identify(src) by extension 'python'
[0.448s] Level 1:colcon.colcon_core.package_identification:_identify(src) by extensions ['python_setup_py']
[0.448s] Level 1:colcon.colcon_core.package_identification:_identify(src) by extension 'python_setup_py'
[0.448s] Level 1:colcon.colcon_core.package_identification:_identify(src/GUI_pkg) by extensions ['ignore', 'ignore_ament_install']
[0.448s] Level 1:colcon.colcon_core.package_identification:_identify(src/GUI_pkg) by extension 'ignore'
[0.448s] Level 1:colcon.colcon_core.package_identification:_identify(src/GUI_pkg) by extension 'ignore_ament_install'
[0.448s] Level 1:colcon.colcon_core.package_identification:_identify(src/GUI_pkg) by extensions ['colcon_pkg']
[0.448s] Level 1:colcon.colcon_core.package_identification:_identify(src/GUI_pkg) by extension 'colcon_pkg'
[0.448s] Level 1:colcon.colcon_core.package_identification:_identify(src/GUI_pkg) by extensions ['colcon_meta']
[0.448s] Level 1:colcon.colcon_core.package_identification:_identify(src/GUI_pkg) by extension 'colcon_meta'
[0.448s] Level 1:colcon.colcon_core.package_identification:_identify(src/GUI_pkg) by extensions ['ros']
[0.448s] Level 1:colcon.colcon_core.package_identification:_identify(src/GUI_pkg) by extension 'ros'
[0.452s] DEBUG:colcon.colcon_core.package_identification:Package 'src/GUI_pkg' with type 'ros.ament_python' and name 'GUI_pkg'
[0.453s] Level 1:colcon.colcon_core.package_identification:_identify(src/android_ros2_server) by extensions ['ignore', 'ignore_ament_install']
[0.453s] Level 1:colcon.colcon_core.package_identification:_identify(src/android_ros2_server) by extension 'ignore'
[0.453s] Level 1:colcon.colcon_core.package_identification:_identify(src/android_ros2_server) by extension 'ignore_ament_install'
[0.453s] Level 1:colcon.colcon_core.package_identification:_identify(src/android_ros2_server) by extensions ['colcon_pkg']
[0.453s] Level 1:colcon.colcon_core.package_identification:_identify(src/android_ros2_server) by extension 'colcon_pkg'
[0.453s] Level 1:colcon.colcon_core.package_identification:_identify(src/android_ros2_server) by extensions ['colcon_meta']
[0.453s] Level 1:colcon.colcon_core.package_identification:_identify(src/android_ros2_server) by extension 'colcon_meta'
[0.453s] Level 1:colcon.colcon_core.package_identification:_identify(src/android_ros2_server) by extensions ['ros']
[0.453s] Level 1:colcon.colcon_core.package_identification:_identify(src/android_ros2_server) by extension 'ros'
[0.453s] DEBUG:colcon.colcon_core.package_identification:Package 'src/android_ros2_server' with type 'ros.ament_python' and name 'android_ros2_server'
[0.453s] Level 1:colcon.colcon_core.package_identification:_identify(src/argj801_ctl_platform) by extensions ['ignore', 'ignore_ament_install']
[0.453s] Level 1:colcon.colcon_core.package_identification:_identify(src/argj801_ctl_platform) by extension 'ignore'
[0.453s] Level 1:colcon.colcon_core.package_identification:_identify(src/argj801_ctl_platform) by extension 'ignore_ament_install'
[0.453s] Level 1:colcon.colcon_core.package_identification:_identify(src/argj801_ctl_platform) by extensions ['colcon_pkg']
[0.453s] Level 1:colcon.colcon_core.package_identification:_identify(src/argj801_ctl_platform) by extension 'colcon_pkg'
[0.454s] Level 1:colcon.colcon_core.package_identification:_identify(src/argj801_ctl_platform) by extensions ['colcon_meta']
[0.454s] Level 1:colcon.colcon_core.package_identification:_identify(src/argj801_ctl_platform) by extension 'colcon_meta'
[0.454s] Level 1:colcon.colcon_core.package_identification:_identify(src/argj801_ctl_platform) by extensions ['ros']
[0.454s] Level 1:colcon.colcon_core.package_identification:_identify(src/argj801_ctl_platform) by extension 'ros'
[0.454s] Level 1:colcon.colcon_core.package_identification:_identify(src/argj801_ctl_platform) by extensions ['cmake', 'python']
[0.454s] Level 1:colcon.colcon_core.package_identification:_identify(src/argj801_ctl_platform) by extension 'cmake'
[0.454s] Level 1:colcon.colcon_core.package_identification:_identify(src/argj801_ctl_platform) by extension 'python'
[0.454s] Level 1:colcon.colcon_core.package_identification:_identify(src/argj801_ctl_platform) by extensions ['python_setup_py']
[0.454s] Level 1:colcon.colcon_core.package_identification:_identify(src/argj801_ctl_platform) by extension 'python_setup_py'
[0.454s] Level 1:colcon.colcon_core.package_identification:_identify(src/argj801_ctl_platform/argj801_ctl_platform) by extensions ['ignore', 'ignore_ament_install']
[0.454s] Level 1:colcon.colcon_core.package_identification:_identify(src/argj801_ctl_platform/argj801_ctl_platform) by extension 'ignore'
[0.454s] Level 1:colcon.colcon_core.package_identification:_identify(src/argj801_ctl_platform/argj801_ctl_platform) by extension 'ignore_ament_install'
[0.454s] Level 1:colcon.colcon_core.package_identification:_identify(src/argj801_ctl_platform/argj801_ctl_platform) by extensions ['colcon_pkg']
[0.454s] Level 1:colcon.colcon_core.package_identification:_identify(src/argj801_ctl_platform/argj801_ctl_platform) by extension 'colcon_pkg'
[0.454s] Level 1:colcon.colcon_core.package_identification:_identify(src/argj801_ctl_platform/argj801_ctl_platform) by extensions ['colcon_meta']
[0.454s] Level 1:colcon.colcon_core.package_identification:_identify(src/argj801_ctl_platform/argj801_ctl_platform) by extension 'colcon_meta'
[0.454s] Level 1:colcon.colcon_core.package_identification:_identify(src/argj801_ctl_platform/argj801_ctl_platform) by extensions ['ros']
[0.454s] Level 1:colcon.colcon_core.package_identification:_identify(src/argj801_ctl_platform/argj801_ctl_platform) by extension 'ros'
[0.455s] DEBUG:colcon.colcon_core.package_identification:Package 'src/argj801_ctl_platform/argj801_ctl_platform' with type 'ros.ament_cmake' and name 'argj801_ctl_platform'
[0.455s] Level 1:colcon.colcon_core.package_identification:_identify(src/argj801_ctl_platform/argj801_ctl_platform_interfaces) by extensions ['ignore', 'ignore_ament_install']
[0.455s] Level 1:colcon.colcon_core.package_identification:_identify(src/argj801_ctl_platform/argj801_ctl_platform_interfaces) by extension 'ignore'
[0.455s] Level 1:colcon.colcon_core.package_identification:_identify(src/argj801_ctl_platform/argj801_ctl_platform_interfaces) by extension 'ignore_ament_install'
[0.455s] Level 1:colcon.colcon_core.package_identification:_identify(src/argj801_ctl_platform/argj801_ctl_platform_interfaces) by extensions ['colcon_pkg']
[0.455s] Level 1:colcon.colcon_core.package_identification:_identify(src/argj801_ctl_platform/argj801_ctl_platform_interfaces) by extension 'colcon_pkg'
[0.455s] Level 1:colcon.colcon_core.package_identification:_identify(src/argj801_ctl_platform/argj801_ctl_platform_interfaces) by extensions ['colcon_meta']
[0.455s] Level 1:colcon.colcon_core.package_identification:_identify(src/argj801_ctl_platform/argj801_ctl_platform_interfaces) by extension 'colcon_meta'
[0.455s] Level 1:colcon.colcon_core.package_identification:_identify(src/argj801_ctl_platform/argj801_ctl_platform_interfaces) by extensions ['ros']
[0.455s] Level 1:colcon.colcon_core.package_identification:_identify(src/argj801_ctl_platform/argj801_ctl_platform_interfaces) by extension 'ros'
[0.456s] DEBUG:colcon.colcon_core.package_identification:Package 'src/argj801_ctl_platform/argj801_ctl_platform_interfaces' with type 'ros.ament_cmake' and name 'argj801_ctl_platform_interfaces'
[0.456s] Level 1:colcon.colcon_core.package_identification:_identify(src/argj801_setup) by extensions ['ignore', 'ignore_ament_install']
[0.456s] Level 1:colcon.colcon_core.package_identification:_identify(src/argj801_setup) by extension 'ignore'
[0.456s] Level 1:colcon.colcon_core.package_identification:_identify(src/argj801_setup) by extension 'ignore_ament_install'
[0.456s] Level 1:colcon.colcon_core.package_identification:_identify(src/argj801_setup) by extensions ['colcon_pkg']
[0.456s] Level 1:colcon.colcon_core.package_identification:_identify(src/argj801_setup) by extension 'colcon_pkg'
[0.456s] Level 1:colcon.colcon_core.package_identification:_identify(src/argj801_setup) by extensions ['colcon_meta']
[0.456s] Level 1:colcon.colcon_core.package_identification:_identify(src/argj801_setup) by extension 'colcon_meta'
[0.456s] Level 1:colcon.colcon_core.package_identification:_identify(src/argj801_setup) by extensions ['ros']
[0.456s] Level 1:colcon.colcon_core.package_identification:_identify(src/argj801_setup) by extension 'ros'
[0.456s] DEBUG:colcon.colcon_core.package_identification:Package 'src/argj801_setup' with type 'ros.ament_cmake' and name 'argj801_setup'
[0.456s] Level 1:colcon.colcon_core.package_identification:_identify(src/argo_drivers_pkgs) by extensions ['ignore', 'ignore_ament_install']
[0.456s] Level 1:colcon.colcon_core.package_identification:_identify(src/argo_drivers_pkgs) by extension 'ignore'
[0.457s] Level 1:colcon.colcon_core.package_identification:_identify(src/argo_drivers_pkgs) by extension 'ignore_ament_install'
[0.457s] Level 1:colcon.colcon_core.package_identification:_identify(src/argo_drivers_pkgs) by extensions ['colcon_pkg']
[0.457s] Level 1:colcon.colcon_core.package_identification:_identify(src/argo_drivers_pkgs) by extension 'colcon_pkg'
[0.457s] Level 1:colcon.colcon_core.package_identification:_identify(src/argo_drivers_pkgs) by extensions ['colcon_meta']
[0.457s] Level 1:colcon.colcon_core.package_identification:_identify(src/argo_drivers_pkgs) by extension 'colcon_meta'
[0.457s] Level 1:colcon.colcon_core.package_identification:_identify(src/argo_drivers_pkgs) by extensions ['ros']
[0.457s] Level 1:colcon.colcon_core.package_identification:_identify(src/argo_drivers_pkgs) by extension 'ros'
[0.457s] Level 1:colcon.colcon_core.package_identification:_identify(src/argo_drivers_pkgs) by extensions ['cmake', 'python']
[0.457s] Level 1:colcon.colcon_core.package_identification:_identify(src/argo_drivers_pkgs) by extension 'cmake'
[0.457s] Level 1:colcon.colcon_core.package_identification:_identify(src/argo_drivers_pkgs) by extension 'python'
[0.457s] Level 1:colcon.colcon_core.package_identification:_identify(src/argo_drivers_pkgs) by extensions ['python_setup_py']
[0.457s] Level 1:colcon.colcon_core.package_identification:_identify(src/argo_drivers_pkgs) by extension 'python_setup_py'
[0.457s] Level 1:colcon.colcon_core.package_identification:_identify(src/argo_drivers_pkgs/Fixposition_driver_pkg) by extensions ['ignore', 'ignore_ament_install']
[0.457s] Level 1:colcon.colcon_core.package_identification:_identify(src/argo_drivers_pkgs/Fixposition_driver_pkg) by extension 'ignore'
[0.457s] Level 1:colcon.colcon_core.package_identification:_identify(src/argo_drivers_pkgs/Fixposition_driver_pkg) by extension 'ignore_ament_install'
[0.457s] Level 1:colcon.colcon_core.package_identification:_identify(src/argo_drivers_pkgs/Fixposition_driver_pkg) by extensions ['colcon_pkg']
[0.457s] Level 1:colcon.colcon_core.package_identification:_identify(src/argo_drivers_pkgs/Fixposition_driver_pkg) by extension 'colcon_pkg'
[0.457s] Level 1:colcon.colcon_core.package_identification:_identify(src/argo_drivers_pkgs/Fixposition_driver_pkg) by extensions ['colcon_meta']
[0.457s] Level 1:colcon.colcon_core.package_identification:_identify(src/argo_drivers_pkgs/Fixposition_driver_pkg) by extension 'colcon_meta'
[0.457s] Level 1:colcon.colcon_core.package_identification:_identify(src/argo_drivers_pkgs/Fixposition_driver_pkg) by extensions ['ros']
[0.457s] Level 1:colcon.colcon_core.package_identification:_identify(src/argo_drivers_pkgs/Fixposition_driver_pkg) by extension 'ros'
[0.457s] Level 1:colcon.colcon_core.package_identification:_identify(src/argo_drivers_pkgs/Fixposition_driver_pkg) by extensions ['cmake', 'python']
[0.457s] Level 1:colcon.colcon_core.package_identification:_identify(src/argo_drivers_pkgs/Fixposition_driver_pkg) by extension 'cmake'
[0.457s] Level 1:colcon.colcon_core.package_identification:_identify(src/argo_drivers_pkgs/Fixposition_driver_pkg) by extension 'python'
[0.457s] Level 1:colcon.colcon_core.package_identification:_identify(src/argo_drivers_pkgs/Fixposition_driver_pkg) by extensions ['python_setup_py']
[0.457s] Level 1:colcon.colcon_core.package_identification:_identify(src/argo_drivers_pkgs/Fixposition_driver_pkg) by extension 'python_setup_py'
[0.457s] Level 1:colcon.colcon_core.package_identification:_identify(src/argo_drivers_pkgs/Fixposition_driver_pkg/fixposition_driver-main) by extensions ['ignore', 'ignore_ament_install']
[0.458s] Level 1:colcon.colcon_core.package_identification:_identify(src/argo_drivers_pkgs/Fixposition_driver_pkg/fixposition_driver-main) by extension 'ignore'
[0.458s] Level 1:colcon.colcon_core.package_identification:_identify(src/argo_drivers_pkgs/Fixposition_driver_pkg/fixposition_driver-main) by extension 'ignore_ament_install'
[0.458s] Level 1:colcon.colcon_core.package_identification:_identify(src/argo_drivers_pkgs/Fixposition_driver_pkg/fixposition_driver-main) by extensions ['colcon_pkg']
[0.458s] Level 1:colcon.colcon_core.package_identification:_identify(src/argo_drivers_pkgs/Fixposition_driver_pkg/fixposition_driver-main) by extension 'colcon_pkg'
[0.458s] Level 1:colcon.colcon_core.package_identification:_identify(src/argo_drivers_pkgs/Fixposition_driver_pkg/fixposition_driver-main) by extensions ['colcon_meta']
[0.458s] Level 1:colcon.colcon_core.package_identification:_identify(src/argo_drivers_pkgs/Fixposition_driver_pkg/fixposition_driver-main) by extension 'colcon_meta'
[0.458s] Level 1:colcon.colcon_core.package_identification:_identify(src/argo_drivers_pkgs/Fixposition_driver_pkg/fixposition_driver-main) by extensions ['ros']
[0.458s] Level 1:colcon.colcon_core.package_identification:_identify(src/argo_drivers_pkgs/Fixposition_driver_pkg/fixposition_driver-main) by extension 'ros'
[0.458s] Level 1:colcon.colcon_core.package_identification:_identify(src/argo_drivers_pkgs/Fixposition_driver_pkg/fixposition_driver-main) by extensions ['cmake', 'python']
[0.458s] Level 1:colcon.colcon_core.package_identification:_identify(src/argo_drivers_pkgs/Fixposition_driver_pkg/fixposition_driver-main) by extension 'cmake'
[0.458s] Level 1:colcon.colcon_core.package_identification:_identify(src/argo_drivers_pkgs/Fixposition_driver_pkg/fixposition_driver-main) by extension 'python'
[0.458s] Level 1:colcon.colcon_core.package_identification:_identify(src/argo_drivers_pkgs/Fixposition_driver_pkg/fixposition_driver-main) by extensions ['python_setup_py']
[0.458s] Level 1:colcon.colcon_core.package_identification:_identify(src/argo_drivers_pkgs/Fixposition_driver_pkg/fixposition_driver-main) by extension 'python_setup_py'
[0.458s] Level 1:colcon.colcon_core.package_identification:_identify(src/argo_drivers_pkgs/Fixposition_driver_pkg/fixposition_driver-main/fixposition_driver_lib) by extensions ['ignore', 'ignore_ament_install']
[0.458s] Level 1:colcon.colcon_core.package_identification:_identify(src/argo_drivers_pkgs/Fixposition_driver_pkg/fixposition_driver-main/fixposition_driver_lib) by extension 'ignore'
[0.458s] Level 1:colcon.colcon_core.package_identification:_identify(src/argo_drivers_pkgs/Fixposition_driver_pkg/fixposition_driver-main/fixposition_driver_lib) by extension 'ignore_ament_install'
[0.458s] Level 1:colcon.colcon_core.package_identification:_identify(src/argo_drivers_pkgs/Fixposition_driver_pkg/fixposition_driver-main/fixposition_driver_lib) by extensions ['colcon_pkg']
[0.458s] Level 1:colcon.colcon_core.package_identification:_identify(src/argo_drivers_pkgs/Fixposition_driver_pkg/fixposition_driver-main/fixposition_driver_lib) by extension 'colcon_pkg'
[0.458s] Level 1:colcon.colcon_core.package_identification:_identify(src/argo_drivers_pkgs/Fixposition_driver_pkg/fixposition_driver-main/fixposition_driver_lib) by extensions ['colcon_meta']
[0.458s] Level 1:colcon.colcon_core.package_identification:_identify(src/argo_drivers_pkgs/Fixposition_driver_pkg/fixposition_driver-main/fixposition_driver_lib) by extension 'colcon_meta'
[0.458s] Level 1:colcon.colcon_core.package_identification:_identify(src/argo_drivers_pkgs/Fixposition_driver_pkg/fixposition_driver-main/fixposition_driver_lib) by extensions ['ros']
[0.458s] Level 1:colcon.colcon_core.package_identification:_identify(src/argo_drivers_pkgs/Fixposition_driver_pkg/fixposition_driver-main/fixposition_driver_lib) by extension 'ros'
[0.467s] DEBUG:colcon.colcon_core.package_identification:Package 'src/argo_drivers_pkgs/Fixposition_driver_pkg/fixposition_driver-main/fixposition_driver_lib' with type 'ros.cmake' and name 'fixposition_driver_lib'
[0.467s] Level 1:colcon.colcon_core.package_identification:_identify(src/argo_drivers_pkgs/Fixposition_driver_pkg/fixposition_driver-main/fixposition_driver_ros1) by extensions ['ignore', 'ignore_ament_install']
[0.467s] Level 1:colcon.colcon_core.package_identification:_identify(src/argo_drivers_pkgs/Fixposition_driver_pkg/fixposition_driver-main/fixposition_driver_ros1) by extension 'ignore'
[0.467s] Level 1:colcon.colcon_core.package_identification:_identify(src/argo_drivers_pkgs/Fixposition_driver_pkg/fixposition_driver-main/fixposition_driver_ros1) ignored
[0.467s] Level 1:colcon.colcon_core.package_identification:_identify(src/argo_drivers_pkgs/Fixposition_driver_pkg/fixposition_driver-main/fixposition_driver_ros2) by extensions ['ignore', 'ignore_ament_install']
[0.467s] Level 1:colcon.colcon_core.package_identification:_identify(src/argo_drivers_pkgs/Fixposition_driver_pkg/fixposition_driver-main/fixposition_driver_ros2) by extension 'ignore'
[0.467s] Level 1:colcon.colcon_core.package_identification:_identify(src/argo_drivers_pkgs/Fixposition_driver_pkg/fixposition_driver-main/fixposition_driver_ros2) by extension 'ignore_ament_install'
[0.467s] Level 1:colcon.colcon_core.package_identification:_identify(src/argo_drivers_pkgs/Fixposition_driver_pkg/fixposition_driver-main/fixposition_driver_ros2) by extensions ['colcon_pkg']
[0.467s] Level 1:colcon.colcon_core.package_identification:_identify(src/argo_drivers_pkgs/Fixposition_driver_pkg/fixposition_driver-main/fixposition_driver_ros2) by extension 'colcon_pkg'
[0.467s] Level 1:colcon.colcon_core.package_identification:_identify(src/argo_drivers_pkgs/Fixposition_driver_pkg/fixposition_driver-main/fixposition_driver_ros2) by extensions ['colcon_meta']
[0.467s] Level 1:colcon.colcon_core.package_identification:_identify(src/argo_drivers_pkgs/Fixposition_driver_pkg/fixposition_driver-main/fixposition_driver_ros2) by extension 'colcon_meta'
[0.467s] Level 1:colcon.colcon_core.package_identification:_identify(src/argo_drivers_pkgs/Fixposition_driver_pkg/fixposition_driver-main/fixposition_driver_ros2) by extensions ['ros']
[0.467s] Level 1:colcon.colcon_core.package_identification:_identify(src/argo_drivers_pkgs/Fixposition_driver_pkg/fixposition_driver-main/fixposition_driver_ros2) by extension 'ros'
[0.468s] DEBUG:colcon.colcon_core.package_identification:Package 'src/argo_drivers_pkgs/Fixposition_driver_pkg/fixposition_driver-main/fixposition_driver_ros2' with type 'ros.ament_cmake' and name 'fixposition_driver_ros2'
[0.468s] Level 1:colcon.colcon_core.package_identification:_identify(src/argo_drivers_pkgs/Fixposition_driver_pkg/fixposition_driver-main/fixposition_odometry_converter_ros2) by extensions ['ignore', 'ignore_ament_install']
[0.468s] Level 1:colcon.colcon_core.package_identification:_identify(src/argo_drivers_pkgs/Fixposition_driver_pkg/fixposition_driver-main/fixposition_odometry_converter_ros2) by extension 'ignore'
[0.468s] Level 1:colcon.colcon_core.package_identification:_identify(src/argo_drivers_pkgs/Fixposition_driver_pkg/fixposition_driver-main/fixposition_odometry_converter_ros2) by extension 'ignore_ament_install'
[0.468s] Level 1:colcon.colcon_core.package_identification:_identify(src/argo_drivers_pkgs/Fixposition_driver_pkg/fixposition_driver-main/fixposition_odometry_converter_ros2) by extensions ['colcon_pkg']
[0.468s] Level 1:colcon.colcon_core.package_identification:_identify(src/argo_drivers_pkgs/Fixposition_driver_pkg/fixposition_driver-main/fixposition_odometry_converter_ros2) by extension 'colcon_pkg'
[0.469s] Level 1:colcon.colcon_core.package_identification:_identify(src/argo_drivers_pkgs/Fixposition_driver_pkg/fixposition_driver-main/fixposition_odometry_converter_ros2) by extensions ['colcon_meta']
[0.469s] Level 1:colcon.colcon_core.package_identification:_identify(src/argo_drivers_pkgs/Fixposition_driver_pkg/fixposition_driver-main/fixposition_odometry_converter_ros2) by extension 'colcon_meta'
[0.469s] Level 1:colcon.colcon_core.package_identification:_identify(src/argo_drivers_pkgs/Fixposition_driver_pkg/fixposition_driver-main/fixposition_odometry_converter_ros2) by extensions ['ros']
[0.469s] Level 1:colcon.colcon_core.package_identification:_identify(src/argo_drivers_pkgs/Fixposition_driver_pkg/fixposition_driver-main/fixposition_odometry_converter_ros2) by extension 'ros'
[0.469s] DEBUG:colcon.colcon_core.package_identification:Package 'src/argo_drivers_pkgs/Fixposition_driver_pkg/fixposition_driver-main/fixposition_odometry_converter_ros2' with type 'ros.ament_cmake' and name 'fixposition_odometry_converter_ros2'
[0.469s] Level 1:colcon.colcon_core.package_identification:_identify(src/argo_drivers_pkgs/Fixposition_driver_pkg/fixposition_driver-main/test) by extensions ['ignore', 'ignore_ament_install']
[0.469s] Level 1:colcon.colcon_core.package_identification:_identify(src/argo_drivers_pkgs/Fixposition_driver_pkg/fixposition_driver-main/test) by extension 'ignore'
[0.469s] Level 1:colcon.colcon_core.package_identification:_identify(src/argo_drivers_pkgs/Fixposition_driver_pkg/fixposition_driver-main/test) by extension 'ignore_ament_install'
[0.469s] Level 1:colcon.colcon_core.package_identification:_identify(src/argo_drivers_pkgs/Fixposition_driver_pkg/fixposition_driver-main/test) by extensions ['colcon_pkg']
[0.469s] Level 1:colcon.colcon_core.package_identification:_identify(src/argo_drivers_pkgs/Fixposition_driver_pkg/fixposition_driver-main/test) by extension 'colcon_pkg'
[0.470s] Level 1:colcon.colcon_core.package_identification:_identify(src/argo_drivers_pkgs/Fixposition_driver_pkg/fixposition_driver-main/test) by extensions ['colcon_meta']
[0.470s] Level 1:colcon.colcon_core.package_identification:_identify(src/argo_drivers_pkgs/Fixposition_driver_pkg/fixposition_driver-main/test) by extension 'colcon_meta'
[0.470s] Level 1:colcon.colcon_core.package_identification:_identify(src/argo_drivers_pkgs/Fixposition_driver_pkg/fixposition_driver-main/test) by extensions ['ros']
[0.470s] Level 1:colcon.colcon_core.package_identification:_identify(src/argo_drivers_pkgs/Fixposition_driver_pkg/fixposition_driver-main/test) by extension 'ros'
[0.470s] Level 1:colcon.colcon_core.package_identification:_identify(src/argo_drivers_pkgs/Fixposition_driver_pkg/fixposition_driver-main/test) by extensions ['cmake', 'python']
[0.470s] Level 1:colcon.colcon_core.package_identification:_identify(src/argo_drivers_pkgs/Fixposition_driver_pkg/fixposition_driver-main/test) by extension 'cmake'
[0.470s] Level 1:colcon.colcon_core.package_identification:_identify(src/argo_drivers_pkgs/Fixposition_driver_pkg/fixposition_driver-main/test) by extension 'python'
[0.470s] Level 1:colcon.colcon_core.package_identification:_identify(src/argo_drivers_pkgs/Fixposition_driver_pkg/fixposition_driver-main/test) by extensions ['python_setup_py']
[0.470s] Level 1:colcon.colcon_core.package_identification:_identify(src/argo_drivers_pkgs/Fixposition_driver_pkg/fixposition_driver-main/test) by extension 'python_setup_py'
[0.470s] Level 1:colcon.colcon_core.package_identification:_identify(src/argo_drivers_pkgs/Fixposition_driver_pkg/fixposition_driver-main/test/data) by extensions ['ignore', 'ignore_ament_install']
[0.470s] Level 1:colcon.colcon_core.package_identification:_identify(src/argo_drivers_pkgs/Fixposition_driver_pkg/fixposition_driver-main/test/data) by extension 'ignore'
[0.470s] Level 1:colcon.colcon_core.package_identification:_identify(src/argo_drivers_pkgs/Fixposition_driver_pkg/fixposition_driver-main/test/data) by extension 'ignore_ament_install'
[0.470s] Level 1:colcon.colcon_core.package_identification:_identify(src/argo_drivers_pkgs/Fixposition_driver_pkg/fixposition_driver-main/test/data) by extensions ['colcon_pkg']
[0.470s] Level 1:colcon.colcon_core.package_identification:_identify(src/argo_drivers_pkgs/Fixposition_driver_pkg/fixposition_driver-main/test/data) by extension 'colcon_pkg'
[0.470s] Level 1:colcon.colcon_core.package_identification:_identify(src/argo_drivers_pkgs/Fixposition_driver_pkg/fixposition_driver-main/test/data) by extensions ['colcon_meta']
[0.470s] Level 1:colcon.colcon_core.package_identification:_identify(src/argo_drivers_pkgs/Fixposition_driver_pkg/fixposition_driver-main/test/data) by extension 'colcon_meta'
[0.470s] Level 1:colcon.colcon_core.package_identification:_identify(src/argo_drivers_pkgs/Fixposition_driver_pkg/fixposition_driver-main/test/data) by extensions ['ros']
[0.470s] Level 1:colcon.colcon_core.package_identification:_identify(src/argo_drivers_pkgs/Fixposition_driver_pkg/fixposition_driver-main/test/data) by extension 'ros'
[0.470s] Level 1:colcon.colcon_core.package_identification:_identify(src/argo_drivers_pkgs/Fixposition_driver_pkg/fixposition_driver-main/test/data) by extensions ['cmake', 'python']
[0.470s] Level 1:colcon.colcon_core.package_identification:_identify(src/argo_drivers_pkgs/Fixposition_driver_pkg/fixposition_driver-main/test/data) by extension 'cmake'
[0.470s] Level 1:colcon.colcon_core.package_identification:_identify(src/argo_drivers_pkgs/Fixposition_driver_pkg/fixposition_driver-main/test/data) by extension 'python'
[0.470s] Level 1:colcon.colcon_core.package_identification:_identify(src/argo_drivers_pkgs/Fixposition_driver_pkg/fixposition_driver-main/test/data) by extensions ['python_setup_py']
[0.470s] Level 1:colcon.colcon_core.package_identification:_identify(src/argo_drivers_pkgs/Fixposition_driver_pkg/fixposition_driver-main/test/data) by extension 'python_setup_py'
[0.470s] Level 1:colcon.colcon_core.package_identification:_identify(src/argo_drivers_pkgs/Fixposition_driver_pkg/fixposition_gnss_tf-main) by extensions ['ignore', 'ignore_ament_install']
[0.470s] Level 1:colcon.colcon_core.package_identification:_identify(src/argo_drivers_pkgs/Fixposition_driver_pkg/fixposition_gnss_tf-main) by extension 'ignore'
[0.470s] Level 1:colcon.colcon_core.package_identification:_identify(src/argo_drivers_pkgs/Fixposition_driver_pkg/fixposition_gnss_tf-main) by extension 'ignore_ament_install'
[0.470s] Level 1:colcon.colcon_core.package_identification:_identify(src/argo_drivers_pkgs/Fixposition_driver_pkg/fixposition_gnss_tf-main) by extensions ['colcon_pkg']
[0.471s] Level 1:colcon.colcon_core.package_identification:_identify(src/argo_drivers_pkgs/Fixposition_driver_pkg/fixposition_gnss_tf-main) by extension 'colcon_pkg'
[0.471s] Level 1:colcon.colcon_core.package_identification:_identify(src/argo_drivers_pkgs/Fixposition_driver_pkg/fixposition_gnss_tf-main) by extensions ['colcon_meta']
[0.471s] Level 1:colcon.colcon_core.package_identification:_identify(src/argo_drivers_pkgs/Fixposition_driver_pkg/fixposition_gnss_tf-main) by extension 'colcon_meta'
[0.471s] Level 1:colcon.colcon_core.package_identification:_identify(src/argo_drivers_pkgs/Fixposition_driver_pkg/fixposition_gnss_tf-main) by extensions ['ros']
[0.471s] Level 1:colcon.colcon_core.package_identification:_identify(src/argo_drivers_pkgs/Fixposition_driver_pkg/fixposition_gnss_tf-main) by extension 'ros'
[0.472s] DEBUG:colcon.colcon_core.package_identification:Package 'src/argo_drivers_pkgs/Fixposition_driver_pkg/fixposition_gnss_tf-main' with type 'ros.cmake' and name 'fixposition_gnss_tf'
[0.472s] Level 1:colcon.colcon_core.package_identification:_identify(src/argo_drivers_pkgs/argj801_sensors) by extensions ['ignore', 'ignore_ament_install']
[0.472s] Level 1:colcon.colcon_core.package_identification:_identify(src/argo_drivers_pkgs/argj801_sensors) by extension 'ignore'
[0.472s] Level 1:colcon.colcon_core.package_identification:_identify(src/argo_drivers_pkgs/argj801_sensors) by extension 'ignore_ament_install'
[0.472s] Level 1:colcon.colcon_core.package_identification:_identify(src/argo_drivers_pkgs/argj801_sensors) by extensions ['colcon_pkg']
[0.472s] Level 1:colcon.colcon_core.package_identification:_identify(src/argo_drivers_pkgs/argj801_sensors) by extension 'colcon_pkg'
[0.472s] Level 1:colcon.colcon_core.package_identification:_identify(src/argo_drivers_pkgs/argj801_sensors) by extensions ['colcon_meta']
[0.472s] Level 1:colcon.colcon_core.package_identification:_identify(src/argo_drivers_pkgs/argj801_sensors) by extension 'colcon_meta'
[0.472s] Level 1:colcon.colcon_core.package_identification:_identify(src/argo_drivers_pkgs/argj801_sensors) by extensions ['ros']
[0.472s] Level 1:colcon.colcon_core.package_identification:_identify(src/argo_drivers_pkgs/argj801_sensors) by extension 'ros'
[0.472s] Level 1:colcon.colcon_core.package_identification:_identify(src/argo_drivers_pkgs/argj801_sensors) by extensions ['cmake', 'python']
[0.472s] Level 1:colcon.colcon_core.package_identification:_identify(src/argo_drivers_pkgs/argj801_sensors) by extension 'cmake'
[0.472s] Level 1:colcon.colcon_core.package_identification:_identify(src/argo_drivers_pkgs/argj801_sensors) by extension 'python'
[0.472s] Level 1:colcon.colcon_core.package_identification:_identify(src/argo_drivers_pkgs/argj801_sensors) by extensions ['python_setup_py']
[0.472s] Level 1:colcon.colcon_core.package_identification:_identify(src/argo_drivers_pkgs/argj801_sensors) by extension 'python_setup_py'
[0.472s] Level 1:colcon.colcon_core.package_identification:_identify(src/argo_drivers_pkgs/argj801_sensors/argj801_sensors) by extensions ['ignore', 'ignore_ament_install']
[0.472s] Level 1:colcon.colcon_core.package_identification:_identify(src/argo_drivers_pkgs/argj801_sensors/argj801_sensors) by extension 'ignore'
[0.472s] Level 1:colcon.colcon_core.package_identification:_identify(src/argo_drivers_pkgs/argj801_sensors/argj801_sensors) by extension 'ignore_ament_install'
[0.472s] Level 1:colcon.colcon_core.package_identification:_identify(src/argo_drivers_pkgs/argj801_sensors/argj801_sensors) by extensions ['colcon_pkg']
[0.472s] Level 1:colcon.colcon_core.package_identification:_identify(src/argo_drivers_pkgs/argj801_sensors/argj801_sensors) by extension 'colcon_pkg'
[0.472s] Level 1:colcon.colcon_core.package_identification:_identify(src/argo_drivers_pkgs/argj801_sensors/argj801_sensors) by extensions ['colcon_meta']
[0.472s] Level 1:colcon.colcon_core.package_identification:_identify(src/argo_drivers_pkgs/argj801_sensors/argj801_sensors) by extension 'colcon_meta'
[0.472s] Level 1:colcon.colcon_core.package_identification:_identify(src/argo_drivers_pkgs/argj801_sensors/argj801_sensors) by extensions ['ros']
[0.472s] Level 1:colcon.colcon_core.package_identification:_identify(src/argo_drivers_pkgs/argj801_sensors/argj801_sensors) by extension 'ros'
[0.473s] DEBUG:colcon.colcon_core.package_identification:Package 'src/argo_drivers_pkgs/argj801_sensors/argj801_sensors' with type 'ros.ament_cmake' and name 'argj801_sensors'
[0.473s] Level 1:colcon.colcon_core.package_identification:_identify(src/argo_drivers_pkgs/argj801_sensors/argj801_sensors_msgs) by extensions ['ignore', 'ignore_ament_install']
[0.473s] Level 1:colcon.colcon_core.package_identification:_identify(src/argo_drivers_pkgs/argj801_sensors/argj801_sensors_msgs) by extension 'ignore'
[0.474s] Level 1:colcon.colcon_core.package_identification:_identify(src/argo_drivers_pkgs/argj801_sensors/argj801_sensors_msgs) by extension 'ignore_ament_install'
[0.474s] Level 1:colcon.colcon_core.package_identification:_identify(src/argo_drivers_pkgs/argj801_sensors/argj801_sensors_msgs) by extensions ['colcon_pkg']
[0.474s] Level 1:colcon.colcon_core.package_identification:_identify(src/argo_drivers_pkgs/argj801_sensors/argj801_sensors_msgs) by extension 'colcon_pkg'
[0.474s] Level 1:colcon.colcon_core.package_identification:_identify(src/argo_drivers_pkgs/argj801_sensors/argj801_sensors_msgs) by extensions ['colcon_meta']
[0.474s] Level 1:colcon.colcon_core.package_identification:_identify(src/argo_drivers_pkgs/argj801_sensors/argj801_sensors_msgs) by extension 'colcon_meta'
[0.474s] Level 1:colcon.colcon_core.package_identification:_identify(src/argo_drivers_pkgs/argj801_sensors/argj801_sensors_msgs) by extensions ['ros']
[0.474s] Level 1:colcon.colcon_core.package_identification:_identify(src/argo_drivers_pkgs/argj801_sensors/argj801_sensors_msgs) by extension 'ros'
[0.474s] DEBUG:colcon.colcon_core.package_identification:Package 'src/argo_drivers_pkgs/argj801_sensors/argj801_sensors_msgs' with type 'ros.ament_cmake' and name 'argj801_sensors_msgs'
[0.474s] Level 1:colcon.colcon_core.package_identification:_identify(src/argo_drivers_pkgs/ntrip_client) by extensions ['ignore', 'ignore_ament_install']
[0.474s] Level 1:colcon.colcon_core.package_identification:_identify(src/argo_drivers_pkgs/ntrip_client) by extension 'ignore'
[0.474s] Level 1:colcon.colcon_core.package_identification:_identify(src/argo_drivers_pkgs/ntrip_client) by extension 'ignore_ament_install'
[0.474s] Level 1:colcon.colcon_core.package_identification:_identify(src/argo_drivers_pkgs/ntrip_client) by extensions ['colcon_pkg']
[0.474s] Level 1:colcon.colcon_core.package_identification:_identify(src/argo_drivers_pkgs/ntrip_client) by extension 'colcon_pkg'
[0.474s] Level 1:colcon.colcon_core.package_identification:_identify(src/argo_drivers_pkgs/ntrip_client) by extensions ['colcon_meta']
[0.474s] Level 1:colcon.colcon_core.package_identification:_identify(src/argo_drivers_pkgs/ntrip_client) by extension 'colcon_meta'
[0.474s] Level 1:colcon.colcon_core.package_identification:_identify(src/argo_drivers_pkgs/ntrip_client) by extensions ['ros']
[0.474s] Level 1:colcon.colcon_core.package_identification:_identify(src/argo_drivers_pkgs/ntrip_client) by extension 'ros'
[0.475s] DEBUG:colcon.colcon_core.package_identification:Package 'src/argo_drivers_pkgs/ntrip_client' with type 'ros.ament_python' and name 'ntrip_client'
[0.475s] Level 1:colcon.colcon_core.package_identification:_identify(src/argo_drivers_pkgs/ublox) by extensions ['ignore', 'ignore_ament_install']
[0.475s] Level 1:colcon.colcon_core.package_identification:_identify(src/argo_drivers_pkgs/ublox) by extension 'ignore'
[0.475s] Level 1:colcon.colcon_core.package_identification:_identify(src/argo_drivers_pkgs/ublox) by extension 'ignore_ament_install'
[0.475s] Level 1:colcon.colcon_core.package_identification:_identify(src/argo_drivers_pkgs/ublox) by extensions ['colcon_pkg']
[0.475s] Level 1:colcon.colcon_core.package_identification:_identify(src/argo_drivers_pkgs/ublox) by extension 'colcon_pkg'
[0.475s] Level 1:colcon.colcon_core.package_identification:_identify(src/argo_drivers_pkgs/ublox) by extensions ['colcon_meta']
[0.475s] Level 1:colcon.colcon_core.package_identification:_identify(src/argo_drivers_pkgs/ublox) by extension 'colcon_meta'
[0.475s] Level 1:colcon.colcon_core.package_identification:_identify(src/argo_drivers_pkgs/ublox) by extensions ['ros']
[0.475s] Level 1:colcon.colcon_core.package_identification:_identify(src/argo_drivers_pkgs/ublox) by extension 'ros'
[0.475s] Level 1:colcon.colcon_core.package_identification:_identify(src/argo_drivers_pkgs/ublox) by extensions ['cmake', 'python']
[0.475s] Level 1:colcon.colcon_core.package_identification:_identify(src/argo_drivers_pkgs/ublox) by extension 'cmake'
[0.475s] Level 1:colcon.colcon_core.package_identification:_identify(src/argo_drivers_pkgs/ublox) by extension 'python'
[0.475s] Level 1:colcon.colcon_core.package_identification:_identify(src/argo_drivers_pkgs/ublox) by extensions ['python_setup_py']
[0.475s] Level 1:colcon.colcon_core.package_identification:_identify(src/argo_drivers_pkgs/ublox) by extension 'python_setup_py'
[0.476s] Level 1:colcon.colcon_core.package_identification:_identify(src/argo_drivers_pkgs/ublox/ublox) by extensions ['ignore', 'ignore_ament_install']
[0.476s] Level 1:colcon.colcon_core.package_identification:_identify(src/argo_drivers_pkgs/ublox/ublox) by extension 'ignore'
[0.476s] Level 1:colcon.colcon_core.package_identification:_identify(src/argo_drivers_pkgs/ublox/ublox) by extension 'ignore_ament_install'
[0.476s] Level 1:colcon.colcon_core.package_identification:_identify(src/argo_drivers_pkgs/ublox/ublox) by extensions ['colcon_pkg']
[0.476s] Level 1:colcon.colcon_core.package_identification:_identify(src/argo_drivers_pkgs/ublox/ublox) by extension 'colcon_pkg'
[0.476s] Level 1:colcon.colcon_core.package_identification:_identify(src/argo_drivers_pkgs/ublox/ublox) by extensions ['colcon_meta']
[0.476s] Level 1:colcon.colcon_core.package_identification:_identify(src/argo_drivers_pkgs/ublox/ublox) by extension 'colcon_meta'
[0.476s] Level 1:colcon.colcon_core.package_identification:_identify(src/argo_drivers_pkgs/ublox/ublox) by extensions ['ros']
[0.476s] Level 1:colcon.colcon_core.package_identification:_identify(src/argo_drivers_pkgs/ublox/ublox) by extension 'ros'
[0.476s] DEBUG:colcon.colcon_core.package_identification:Package 'src/argo_drivers_pkgs/ublox/ublox' with type 'ros.ament_cmake' and name 'ublox'
[0.476s] Level 1:colcon.colcon_core.package_identification:_identify(src/argo_drivers_pkgs/ublox/ublox_gps) by extensions ['ignore', 'ignore_ament_install']
[0.476s] Level 1:colcon.colcon_core.package_identification:_identify(src/argo_drivers_pkgs/ublox/ublox_gps) by extension 'ignore'
[0.476s] Level 1:colcon.colcon_core.package_identification:_identify(src/argo_drivers_pkgs/ublox/ublox_gps) by extension 'ignore_ament_install'
[0.476s] Level 1:colcon.colcon_core.package_identification:_identify(src/argo_drivers_pkgs/ublox/ublox_gps) by extensions ['colcon_pkg']
[0.476s] Level 1:colcon.colcon_core.package_identification:_identify(src/argo_drivers_pkgs/ublox/ublox_gps) by extension 'colcon_pkg'
[0.476s] Level 1:colcon.colcon_core.package_identification:_identify(src/argo_drivers_pkgs/ublox/ublox_gps) by extensions ['colcon_meta']
[0.476s] Level 1:colcon.colcon_core.package_identification:_identify(src/argo_drivers_pkgs/ublox/ublox_gps) by extension 'colcon_meta'
[0.477s] Level 1:colcon.colcon_core.package_identification:_identify(src/argo_drivers_pkgs/ublox/ublox_gps) by extensions ['ros']
[0.477s] Level 1:colcon.colcon_core.package_identification:_identify(src/argo_drivers_pkgs/ublox/ublox_gps) by extension 'ros'
[0.478s] DEBUG:colcon.colcon_core.package_identification:Package 'src/argo_drivers_pkgs/ublox/ublox_gps' with type 'ros.ament_cmake' and name 'ublox_gps'
[0.478s] Level 1:colcon.colcon_core.package_identification:_identify(src/argo_drivers_pkgs/ublox/ublox_msgs) by extensions ['ignore', 'ignore_ament_install']
[0.478s] Level 1:colcon.colcon_core.package_identification:_identify(src/argo_drivers_pkgs/ublox/ublox_msgs) by extension 'ignore'
[0.478s] Level 1:colcon.colcon_core.package_identification:_identify(src/argo_drivers_pkgs/ublox/ublox_msgs) by extension 'ignore_ament_install'
[0.478s] Level 1:colcon.colcon_core.package_identification:_identify(src/argo_drivers_pkgs/ublox/ublox_msgs) by extensions ['colcon_pkg']
[0.478s] Level 1:colcon.colcon_core.package_identification:_identify(src/argo_drivers_pkgs/ublox/ublox_msgs) by extension 'colcon_pkg'
[0.478s] Level 1:colcon.colcon_core.package_identification:_identify(src/argo_drivers_pkgs/ublox/ublox_msgs) by extensions ['colcon_meta']
[0.478s] Level 1:colcon.colcon_core.package_identification:_identify(src/argo_drivers_pkgs/ublox/ublox_msgs) by extension 'colcon_meta'
[0.478s] Level 1:colcon.colcon_core.package_identification:_identify(src/argo_drivers_pkgs/ublox/ublox_msgs) by extensions ['ros']
[0.478s] Level 1:colcon.colcon_core.package_identification:_identify(src/argo_drivers_pkgs/ublox/ublox_msgs) by extension 'ros'
[0.479s] DEBUG:colcon.colcon_core.package_identification:Package 'src/argo_drivers_pkgs/ublox/ublox_msgs' with type 'ros.ament_cmake' and name 'ublox_msgs'
[0.479s] Level 1:colcon.colcon_core.package_identification:_identify(src/argo_drivers_pkgs/ublox/ublox_serialization) by extensions ['ignore', 'ignore_ament_install']
[0.479s] Level 1:colcon.colcon_core.package_identification:_identify(src/argo_drivers_pkgs/ublox/ublox_serialization) by extension 'ignore'
[0.479s] Level 1:colcon.colcon_core.package_identification:_identify(src/argo_drivers_pkgs/ublox/ublox_serialization) by extension 'ignore_ament_install'
[0.479s] Level 1:colcon.colcon_core.package_identification:_identify(src/argo_drivers_pkgs/ublox/ublox_serialization) by extensions ['colcon_pkg']
[0.479s] Level 1:colcon.colcon_core.package_identification:_identify(src/argo_drivers_pkgs/ublox/ublox_serialization) by extension 'colcon_pkg'
[0.479s] Level 1:colcon.colcon_core.package_identification:_identify(src/argo_drivers_pkgs/ublox/ublox_serialization) by extensions ['colcon_meta']
[0.479s] Level 1:colcon.colcon_core.package_identification:_identify(src/argo_drivers_pkgs/ublox/ublox_serialization) by extension 'colcon_meta'
[0.479s] Level 1:colcon.colcon_core.package_identification:_identify(src/argo_drivers_pkgs/ublox/ublox_serialization) by extensions ['ros']
[0.479s] Level 1:colcon.colcon_core.package_identification:_identify(src/argo_drivers_pkgs/ublox/ublox_serialization) by extension 'ros'
[0.479s] DEBUG:colcon.colcon_core.package_identification:Package 'src/argo_drivers_pkgs/ublox/ublox_serialization' with type 'ros.ament_cmake' and name 'ublox_serialization'
[0.479s] Level 1:colcon.colcon_core.package_identification:_identify(src/car_cpp) by extensions ['ignore', 'ignore_ament_install']
[0.479s] Level 1:colcon.colcon_core.package_identification:_identify(src/car_cpp) by extension 'ignore'
[0.480s] Level 1:colcon.colcon_core.package_identification:_identify(src/car_cpp) by extension 'ignore_ament_install'
[0.480s] Level 1:colcon.colcon_core.package_identification:_identify(src/car_cpp) by extensions ['colcon_pkg']
[0.480s] Level 1:colcon.colcon_core.package_identification:_identify(src/car_cpp) by extension 'colcon_pkg'
[0.480s] Level 1:colcon.colcon_core.package_identification:_identify(src/car_cpp) by extensions ['colcon_meta']
[0.480s] Level 1:colcon.colcon_core.package_identification:_identify(src/car_cpp) by extension 'colcon_meta'
[0.480s] Level 1:colcon.colcon_core.package_identification:_identify(src/car_cpp) by extensions ['ros']
[0.480s] Level 1:colcon.colcon_core.package_identification:_identify(src/car_cpp) by extension 'ros'
[0.480s] DEBUG:colcon.colcon_core.package_identification:Package 'src/car_cpp' with type 'ros.ament_cmake' and name 'car_cpp'
[0.481s] Level 1:colcon.colcon_core.package_identification:_identify(src/car_interfaces) by extensions ['ignore', 'ignore_ament_install']
[0.481s] Level 1:colcon.colcon_core.package_identification:_identify(src/car_interfaces) by extension 'ignore'
[0.481s] Level 1:colcon.colcon_core.package_identification:_identify(src/car_interfaces) by extension 'ignore_ament_install'
[0.481s] Level 1:colcon.colcon_core.package_identification:_identify(src/car_interfaces) by extensions ['colcon_pkg']
[0.481s] Level 1:colcon.colcon_core.package_identification:_identify(src/car_interfaces) by extension 'colcon_pkg'
[0.481s] Level 1:colcon.colcon_core.package_identification:_identify(src/car_interfaces) by extensions ['colcon_meta']
[0.481s] Level 1:colcon.colcon_core.package_identification:_identify(src/car_interfaces) by extension 'colcon_meta'
[0.481s] Level 1:colcon.colcon_core.package_identification:_identify(src/car_interfaces) by extensions ['ros']
[0.481s] Level 1:colcon.colcon_core.package_identification:_identify(src/car_interfaces) by extension 'ros'
[0.481s] DEBUG:colcon.colcon_core.package_identification:Package 'src/car_interfaces' with type 'ros.ament_cmake' and name 'car_interfaces'
[0.481s] Level 1:colcon.colcon_core.package_identification:_identify(src/car_python) by extensions ['ignore', 'ignore_ament_install']
[0.482s] Level 1:colcon.colcon_core.package_identification:_identify(src/car_python) by extension 'ignore'
[0.482s] Level 1:colcon.colcon_core.package_identification:_identify(src/car_python) by extension 'ignore_ament_install'
[0.482s] Level 1:colcon.colcon_core.package_identification:_identify(src/car_python) by extensions ['colcon_pkg']
[0.482s] Level 1:colcon.colcon_core.package_identification:_identify(src/car_python) by extension 'colcon_pkg'
[0.482s] Level 1:colcon.colcon_core.package_identification:_identify(src/car_python) by extensions ['colcon_meta']
[0.482s] Level 1:colcon.colcon_core.package_identification:_identify(src/car_python) by extension 'colcon_meta'
[0.482s] Level 1:colcon.colcon_core.package_identification:_identify(src/car_python) by extensions ['ros']
[0.482s] Level 1:colcon.colcon_core.package_identification:_identify(src/car_python) by extension 'ros'
[0.484s] DEBUG:colcon.colcon_core.package_identification:Package 'src/car_python' with type 'ros.ament_python' and name 'car'
[0.484s] Level 1:colcon.colcon_core.package_identification:_identify(src/ctl_mission) by extensions ['ignore', 'ignore_ament_install']
[0.484s] Level 1:colcon.colcon_core.package_identification:_identify(src/ctl_mission) by extension 'ignore'
[0.484s] Level 1:colcon.colcon_core.package_identification:_identify(src/ctl_mission) by extension 'ignore_ament_install'
[0.484s] Level 1:colcon.colcon_core.package_identification:_identify(src/ctl_mission) by extensions ['colcon_pkg']
[0.484s] Level 1:colcon.colcon_core.package_identification:_identify(src/ctl_mission) by extension 'colcon_pkg'
[0.484s] Level 1:colcon.colcon_core.package_identification:_identify(src/ctl_mission) by extensions ['colcon_meta']
[0.484s] Level 1:colcon.colcon_core.package_identification:_identify(src/ctl_mission) by extension 'colcon_meta'
[0.484s] Level 1:colcon.colcon_core.package_identification:_identify(src/ctl_mission) by extensions ['ros']
[0.484s] Level 1:colcon.colcon_core.package_identification:_identify(src/ctl_mission) by extension 'ros'
[0.484s] Level 1:colcon.colcon_core.package_identification:_identify(src/ctl_mission) by extensions ['cmake', 'python']
[0.484s] Level 1:colcon.colcon_core.package_identification:_identify(src/ctl_mission) by extension 'cmake'
[0.484s] Level 1:colcon.colcon_core.package_identification:_identify(src/ctl_mission) by extension 'python'
[0.484s] Level 1:colcon.colcon_core.package_identification:_identify(src/ctl_mission) by extensions ['python_setup_py']
[0.484s] Level 1:colcon.colcon_core.package_identification:_identify(src/ctl_mission) by extension 'python_setup_py'
[0.484s] Level 1:colcon.colcon_core.package_identification:_identify(src/ctl_mission/ctl_mission) by extensions ['ignore', 'ignore_ament_install']
[0.485s] Level 1:colcon.colcon_core.package_identification:_identify(src/ctl_mission/ctl_mission) by extension 'ignore'
[0.485s] Level 1:colcon.colcon_core.package_identification:_identify(src/ctl_mission/ctl_mission) by extension 'ignore_ament_install'
[0.485s] Level 1:colcon.colcon_core.package_identification:_identify(src/ctl_mission/ctl_mission) by extensions ['colcon_pkg']
[0.485s] Level 1:colcon.colcon_core.package_identification:_identify(src/ctl_mission/ctl_mission) by extension 'colcon_pkg'
[0.485s] Level 1:colcon.colcon_core.package_identification:_identify(src/ctl_mission/ctl_mission) by extensions ['colcon_meta']
[0.485s] Level 1:colcon.colcon_core.package_identification:_identify(src/ctl_mission/ctl_mission) by extension 'colcon_meta'
[0.485s] Level 1:colcon.colcon_core.package_identification:_identify(src/ctl_mission/ctl_mission) by extensions ['ros']
[0.485s] Level 1:colcon.colcon_core.package_identification:_identify(src/ctl_mission/ctl_mission) by extension 'ros'
[0.486s] DEBUG:colcon.colcon_core.package_identification:Package 'src/ctl_mission/ctl_mission' with type 'ros.ament_cmake' and name 'ctl_mission'
[0.486s] Level 1:colcon.colcon_core.package_identification:_identify(src/ctl_mission/ctl_mission_interfaces) by extensions ['ignore', 'ignore_ament_install']
[0.486s] Level 1:colcon.colcon_core.package_identification:_identify(src/ctl_mission/ctl_mission_interfaces) by extension 'ignore'
[0.486s] Level 1:colcon.colcon_core.package_identification:_identify(src/ctl_mission/ctl_mission_interfaces) by extension 'ignore_ament_install'
[0.486s] Level 1:colcon.colcon_core.package_identification:_identify(src/ctl_mission/ctl_mission_interfaces) by extensions ['colcon_pkg']
[0.486s] Level 1:colcon.colcon_core.package_identification:_identify(src/ctl_mission/ctl_mission_interfaces) by extension 'colcon_pkg'
[0.486s] Level 1:colcon.colcon_core.package_identification:_identify(src/ctl_mission/ctl_mission_interfaces) by extensions ['colcon_meta']
[0.486s] Level 1:colcon.colcon_core.package_identification:_identify(src/ctl_mission/ctl_mission_interfaces) by extension 'colcon_meta'
[0.486s] Level 1:colcon.colcon_core.package_identification:_identify(src/ctl_mission/ctl_mission_interfaces) by extensions ['ros']
[0.486s] Level 1:colcon.colcon_core.package_identification:_identify(src/ctl_mission/ctl_mission_interfaces) by extension 'ros'
[0.486s] DEBUG:colcon.colcon_core.package_identification:Package 'src/ctl_mission/ctl_mission_interfaces' with type 'ros.ament_cmake' and name 'ctl_mission_interfaces'
[0.487s] Level 1:colcon.colcon_core.package_identification:_identify(src/ctl_mission/images) by extensions ['ignore', 'ignore_ament_install']
[0.487s] Level 1:colcon.colcon_core.package_identification:_identify(src/ctl_mission/images) by extension 'ignore'
[0.487s] Level 1:colcon.colcon_core.package_identification:_identify(src/ctl_mission/images) by extension 'ignore_ament_install'
[0.487s] Level 1:colcon.colcon_core.package_identification:_identify(src/ctl_mission/images) by extensions ['colcon_pkg']
[0.487s] Level 1:colcon.colcon_core.package_identification:_identify(src/ctl_mission/images) by extension 'colcon_pkg'
[0.487s] Level 1:colcon.colcon_core.package_identification:_identify(src/ctl_mission/images) by extensions ['colcon_meta']
[0.487s] Level 1:colcon.colcon_core.package_identification:_identify(src/ctl_mission/images) by extension 'colcon_meta'
[0.487s] Level 1:colcon.colcon_core.package_identification:_identify(src/ctl_mission/images) by extensions ['ros']
[0.487s] Level 1:colcon.colcon_core.package_identification:_identify(src/ctl_mission/images) by extension 'ros'
[0.487s] Level 1:colcon.colcon_core.package_identification:_identify(src/ctl_mission/images) by extensions ['cmake', 'python']
[0.487s] Level 1:colcon.colcon_core.package_identification:_identify(src/ctl_mission/images) by extension 'cmake'
[0.487s] Level 1:colcon.colcon_core.package_identification:_identify(src/ctl_mission/images) by extension 'python'
[0.487s] Level 1:colcon.colcon_core.package_identification:_identify(src/ctl_mission/images) by extensions ['python_setup_py']
[0.487s] Level 1:colcon.colcon_core.package_identification:_identify(src/ctl_mission/images) by extension 'python_setup_py'
[0.487s] Level 1:colcon.colcon_core.package_identification:_identify(src/gazebo_sim_pkgs) by extensions ['ignore', 'ignore_ament_install']
[0.487s] Level 1:colcon.colcon_core.package_identification:_identify(src/gazebo_sim_pkgs) by extension 'ignore'
[0.487s] Level 1:colcon.colcon_core.package_identification:_identify(src/gazebo_sim_pkgs) by extension 'ignore_ament_install'
[0.487s] Level 1:colcon.colcon_core.package_identification:_identify(src/gazebo_sim_pkgs) by extensions ['colcon_pkg']
[0.487s] Level 1:colcon.colcon_core.package_identification:_identify(src/gazebo_sim_pkgs) by extension 'colcon_pkg'
[0.487s] Level 1:colcon.colcon_core.package_identification:_identify(src/gazebo_sim_pkgs) by extensions ['colcon_meta']
[0.487s] Level 1:colcon.colcon_core.package_identification:_identify(src/gazebo_sim_pkgs) by extension 'colcon_meta'
[0.487s] Level 1:colcon.colcon_core.package_identification:_identify(src/gazebo_sim_pkgs) by extensions ['ros']
[0.487s] Level 1:colcon.colcon_core.package_identification:_identify(src/gazebo_sim_pkgs) by extension 'ros'
[0.487s] Level 1:colcon.colcon_core.package_identification:_identify(src/gazebo_sim_pkgs) by extensions ['cmake', 'python']
[0.487s] Level 1:colcon.colcon_core.package_identification:_identify(src/gazebo_sim_pkgs) by extension 'cmake'
[0.487s] Level 1:colcon.colcon_core.package_identification:_identify(src/gazebo_sim_pkgs) by extension 'python'
[0.487s] Level 1:colcon.colcon_core.package_identification:_identify(src/gazebo_sim_pkgs) by extensions ['python_setup_py']
[0.488s] Level 1:colcon.colcon_core.package_identification:_identify(src/gazebo_sim_pkgs) by extension 'python_setup_py'
[0.488s] Level 1:colcon.colcon_core.package_identification:_identify(src/gazebo_sim_pkgs/fix_position_pkg) by extensions ['ignore', 'ignore_ament_install']
[0.488s] Level 1:colcon.colcon_core.package_identification:_identify(src/gazebo_sim_pkgs/fix_position_pkg) by extension 'ignore'
[0.488s] Level 1:colcon.colcon_core.package_identification:_identify(src/gazebo_sim_pkgs/fix_position_pkg) by extension 'ignore_ament_install'
[0.488s] Level 1:colcon.colcon_core.package_identification:_identify(src/gazebo_sim_pkgs/fix_position_pkg) by extensions ['colcon_pkg']
[0.488s] Level 1:colcon.colcon_core.package_identification:_identify(src/gazebo_sim_pkgs/fix_position_pkg) by extension 'colcon_pkg'
[0.488s] Level 1:colcon.colcon_core.package_identification:_identify(src/gazebo_sim_pkgs/fix_position_pkg) by extensions ['colcon_meta']
[0.488s] Level 1:colcon.colcon_core.package_identification:_identify(src/gazebo_sim_pkgs/fix_position_pkg) by extension 'colcon_meta'
[0.488s] Level 1:colcon.colcon_core.package_identification:_identify(src/gazebo_sim_pkgs/fix_position_pkg) by extensions ['ros']
[0.488s] Level 1:colcon.colcon_core.package_identification:_identify(src/gazebo_sim_pkgs/fix_position_pkg) by extension 'ros'
[0.489s] DEBUG:colcon.colcon_core.package_identification:Package 'src/gazebo_sim_pkgs/fix_position_pkg' with type 'ros.ament_cmake' and name 'fixposition_sensor_pkg'
[0.489s] Level 1:colcon.colcon_core.package_identification:_identify(src/gazebo_sim_pkgs/j8_xacro_model) by extensions ['ignore', 'ignore_ament_install']
[0.489s] Level 1:colcon.colcon_core.package_identification:_identify(src/gazebo_sim_pkgs/j8_xacro_model) by extension 'ignore'
[0.489s] Level 1:colcon.colcon_core.package_identification:_identify(src/gazebo_sim_pkgs/j8_xacro_model) by extension 'ignore_ament_install'
[0.489s] Level 1:colcon.colcon_core.package_identification:_identify(src/gazebo_sim_pkgs/j8_xacro_model) by extensions ['colcon_pkg']
[0.489s] Level 1:colcon.colcon_core.package_identification:_identify(src/gazebo_sim_pkgs/j8_xacro_model) by extension 'colcon_pkg'
[0.489s] Level 1:colcon.colcon_core.package_identification:_identify(src/gazebo_sim_pkgs/j8_xacro_model) by extensions ['colcon_meta']
[0.489s] Level 1:colcon.colcon_core.package_identification:_identify(src/gazebo_sim_pkgs/j8_xacro_model) by extension 'colcon_meta'
[0.489s] Level 1:colcon.colcon_core.package_identification:_identify(src/gazebo_sim_pkgs/j8_xacro_model) by extensions ['ros']
[0.489s] Level 1:colcon.colcon_core.package_identification:_identify(src/gazebo_sim_pkgs/j8_xacro_model) by extension 'ros'
[0.490s] DEBUG:colcon.colcon_core.package_identification:Package 'src/gazebo_sim_pkgs/j8_xacro_model' with type 'ros.ament_cmake' and name 'j8_xacro_model'
[0.490s] Level 1:colcon.colcon_core.package_identification:_identify(src/gui) by extensions ['ignore', 'ignore_ament_install']
[0.490s] Level 1:colcon.colcon_core.package_identification:_identify(src/gui) by extension 'ignore'
[0.490s] Level 1:colcon.colcon_core.package_identification:_identify(src/gui) by extension 'ignore_ament_install'
[0.490s] Level 1:colcon.colcon_core.package_identification:_identify(src/gui) by extensions ['colcon_pkg']
[0.491s] Level 1:colcon.colcon_core.package_identification:_identify(src/gui) by extension 'colcon_pkg'
[0.491s] Level 1:colcon.colcon_core.package_identification:_identify(src/gui) by extensions ['colcon_meta']
[0.491s] Level 1:colcon.colcon_core.package_identification:_identify(src/gui) by extension 'colcon_meta'
[0.491s] Level 1:colcon.colcon_core.package_identification:_identify(src/gui) by extensions ['ros']
[0.491s] Level 1:colcon.colcon_core.package_identification:_identify(src/gui) by extension 'ros'
[0.491s] DEBUG:colcon.colcon_core.package_identification:Package 'src/gui' with type 'ros.ament_python' and name 'gui'
[0.491s] Level 1:colcon.colcon_core.package_identification:_identify(src/hector_gazebo) by extensions ['ignore', 'ignore_ament_install']
[0.491s] Level 1:colcon.colcon_core.package_identification:_identify(src/hector_gazebo) by extension 'ignore'
[0.491s] Level 1:colcon.colcon_core.package_identification:_identify(src/hector_gazebo) by extension 'ignore_ament_install'
[0.491s] Level 1:colcon.colcon_core.package_identification:_identify(src/hector_gazebo) by extensions ['colcon_pkg']
[0.491s] Level 1:colcon.colcon_core.package_identification:_identify(src/hector_gazebo) by extension 'colcon_pkg'
[0.491s] Level 1:colcon.colcon_core.package_identification:_identify(src/hector_gazebo) by extensions ['colcon_meta']
[0.491s] Level 1:colcon.colcon_core.package_identification:_identify(src/hector_gazebo) by extension 'colcon_meta'
[0.491s] Level 1:colcon.colcon_core.package_identification:_identify(src/hector_gazebo) by extensions ['ros']
[0.491s] Level 1:colcon.colcon_core.package_identification:_identify(src/hector_gazebo) by extension 'ros'
[0.492s] DEBUG:colcon.colcon_core.package_identification:Package 'src/hector_gazebo' with type 'ros.ament_cmake' and name 'hector_gazebo_plugins'
[0.492s] Level 1:colcon.colcon_core.package_identification:_identify(src/hikmicro_thermal_camera) by extensions ['ignore', 'ignore_ament_install']
[0.492s] Level 1:colcon.colcon_core.package_identification:_identify(src/hikmicro_thermal_camera) by extension 'ignore'
[0.492s] Level 1:colcon.colcon_core.package_identification:_identify(src/hikmicro_thermal_camera) by extension 'ignore_ament_install'
[0.492s] Level 1:colcon.colcon_core.package_identification:_identify(src/hikmicro_thermal_camera) by extensions ['colcon_pkg']
[0.492s] Level 1:colcon.colcon_core.package_identification:_identify(src/hikmicro_thermal_camera) by extension 'colcon_pkg'
[0.492s] Level 1:colcon.colcon_core.package_identification:_identify(src/hikmicro_thermal_camera) by extensions ['colcon_meta']
[0.493s] Level 1:colcon.colcon_core.package_identification:_identify(src/hikmicro_thermal_camera) by extension 'colcon_meta'
[0.493s] Level 1:colcon.colcon_core.package_identification:_identify(src/hikmicro_thermal_camera) by extensions ['ros']
[0.493s] Level 1:colcon.colcon_core.package_identification:_identify(src/hikmicro_thermal_camera) by extension 'ros'
[0.493s] DEBUG:colcon.colcon_core.package_identification:Package 'src/hikmicro_thermal_camera' with type 'ros.ament_cmake' and name 'hikmicro_thermal_camera'
[0.493s] Level 1:colcon.colcon_core.package_identification:_identify(src/j8_joystick) by extensions ['ignore', 'ignore_ament_install']
[0.493s] Level 1:colcon.colcon_core.package_identification:_identify(src/j8_joystick) by extension 'ignore'
[0.493s] Level 1:colcon.colcon_core.package_identification:_identify(src/j8_joystick) by extension 'ignore_ament_install'
[0.493s] Level 1:colcon.colcon_core.package_identification:_identify(src/j8_joystick) by extensions ['colcon_pkg']
[0.493s] Level 1:colcon.colcon_core.package_identification:_identify(src/j8_joystick) by extension 'colcon_pkg'
[0.493s] Level 1:colcon.colcon_core.package_identification:_identify(src/j8_joystick) by extensions ['colcon_meta']
[0.494s] Level 1:colcon.colcon_core.package_identification:_identify(src/j8_joystick) by extension 'colcon_meta'
[0.494s] Level 1:colcon.colcon_core.package_identification:_identify(src/j8_joystick) by extensions ['ros']
[0.494s] Level 1:colcon.colcon_core.package_identification:_identify(src/j8_joystick) by extension 'ros'
[0.494s] Level 1:colcon.colcon_core.package_identification:_identify(src/j8_joystick) by extensions ['cmake', 'python']
[0.494s] Level 1:colcon.colcon_core.package_identification:_identify(src/j8_joystick) by extension 'cmake'
[0.494s] Level 1:colcon.colcon_core.package_identification:_identify(src/j8_joystick) by extension 'python'
[0.494s] Level 1:colcon.colcon_core.package_identification:_identify(src/j8_joystick) by extensions ['python_setup_py']
[0.494s] Level 1:colcon.colcon_core.package_identification:_identify(src/j8_joystick) by extension 'python_setup_py'
[0.494s] Level 1:colcon.colcon_core.package_identification:_identify(src/j8_joystick/joy) by extensions ['ignore', 'ignore_ament_install']
[0.494s] Level 1:colcon.colcon_core.package_identification:_identify(src/j8_joystick/joy) by extension 'ignore'
[0.494s] Level 1:colcon.colcon_core.package_identification:_identify(src/j8_joystick/joy) by extension 'ignore_ament_install'
[0.494s] Level 1:colcon.colcon_core.package_identification:_identify(src/j8_joystick/joy) by extensions ['colcon_pkg']
[0.494s] Level 1:colcon.colcon_core.package_identification:_identify(src/j8_joystick/joy) by extension 'colcon_pkg'
[0.494s] Level 1:colcon.colcon_core.package_identification:_identify(src/j8_joystick/joy) by extensions ['colcon_meta']
[0.494s] Level 1:colcon.colcon_core.package_identification:_identify(src/j8_joystick/joy) by extension 'colcon_meta'
[0.494s] Level 1:colcon.colcon_core.package_identification:_identify(src/j8_joystick/joy) by extensions ['ros']
[0.494s] Level 1:colcon.colcon_core.package_identification:_identify(src/j8_joystick/joy) by extension 'ros'
[0.495s] DEBUG:colcon.colcon_core.package_identification:Package 'src/j8_joystick/joy' with type 'ros.ament_cmake' and name 'joy'
[0.495s] Level 1:colcon.colcon_core.package_identification:_identify(src/j8_joystick/joy_linux) by extensions ['ignore', 'ignore_ament_install']
[0.495s] Level 1:colcon.colcon_core.package_identification:_identify(src/j8_joystick/joy_linux) by extension 'ignore'
[0.495s] Level 1:colcon.colcon_core.package_identification:_identify(src/j8_joystick/joy_linux) by extension 'ignore_ament_install'
[0.495s] Level 1:colcon.colcon_core.package_identification:_identify(src/j8_joystick/joy_linux) by extensions ['colcon_pkg']
[0.495s] Level 1:colcon.colcon_core.package_identification:_identify(src/j8_joystick/joy_linux) by extension 'colcon_pkg'
[0.495s] Level 1:colcon.colcon_core.package_identification:_identify(src/j8_joystick/joy_linux) by extensions ['colcon_meta']
[0.495s] Level 1:colcon.colcon_core.package_identification:_identify(src/j8_joystick/joy_linux) by extension 'colcon_meta'
[0.495s] Level 1:colcon.colcon_core.package_identification:_identify(src/j8_joystick/joy_linux) by extensions ['ros']
[0.495s] Level 1:colcon.colcon_core.package_identification:_identify(src/j8_joystick/joy_linux) by extension 'ros'
[0.496s] DEBUG:colcon.colcon_core.package_identification:Package 'src/j8_joystick/joy_linux' with type 'ros.ament_cmake' and name 'joy_linux'
[0.496s] Level 1:colcon.colcon_core.package_identification:_identify(src/j8_joystick/joystick_drivers) by extensions ['ignore', 'ignore_ament_install']
[0.496s] Level 1:colcon.colcon_core.package_identification:_identify(src/j8_joystick/joystick_drivers) by extension 'ignore'
[0.496s] Level 1:colcon.colcon_core.package_identification:_identify(src/j8_joystick/joystick_drivers) by extension 'ignore_ament_install'
[0.496s] Level 1:colcon.colcon_core.package_identification:_identify(src/j8_joystick/joystick_drivers) by extensions ['colcon_pkg']
[0.496s] Level 1:colcon.colcon_core.package_identification:_identify(src/j8_joystick/joystick_drivers) by extension 'colcon_pkg'
[0.496s] Level 1:colcon.colcon_core.package_identification:_identify(src/j8_joystick/joystick_drivers) by extensions ['colcon_meta']
[0.496s] Level 1:colcon.colcon_core.package_identification:_identify(src/j8_joystick/joystick_drivers) by extension 'colcon_meta'
[0.496s] Level 1:colcon.colcon_core.package_identification:_identify(src/j8_joystick/joystick_drivers) by extensions ['ros']
[0.496s] Level 1:colcon.colcon_core.package_identification:_identify(src/j8_joystick/joystick_drivers) by extension 'ros'
[0.496s] Level 1:colcon.colcon_core.package_identification:_identify(src/j8_joystick/joystick_drivers) ignored
[0.496s] Level 1:colcon.colcon_core.package_identification:_identify(src/j8_joystick/ps3joy) by extensions ['ignore', 'ignore_ament_install']
[0.496s] Level 1:colcon.colcon_core.package_identification:_identify(src/j8_joystick/ps3joy) by extension 'ignore'
[0.496s] Level 1:colcon.colcon_core.package_identification:_identify(src/j8_joystick/ps3joy) by extension 'ignore_ament_install'
[0.496s] Level 1:colcon.colcon_core.package_identification:_identify(src/j8_joystick/ps3joy) by extensions ['colcon_pkg']
[0.496s] Level 1:colcon.colcon_core.package_identification:_identify(src/j8_joystick/ps3joy) by extension 'colcon_pkg'
[0.496s] Level 1:colcon.colcon_core.package_identification:_identify(src/j8_joystick/ps3joy) by extensions ['colcon_meta']
[0.496s] Level 1:colcon.colcon_core.package_identification:_identify(src/j8_joystick/ps3joy) by extension 'colcon_meta'
[0.496s] Level 1:colcon.colcon_core.package_identification:_identify(src/j8_joystick/ps3joy) by extensions ['ros']
[0.496s] Level 1:colcon.colcon_core.package_identification:_identify(src/j8_joystick/ps3joy) by extension 'ros'
[0.497s] Level 1:colcon.colcon_core.package_identification:_identify(src/j8_joystick/ps3joy) ignored
[0.497s] Level 1:colcon.colcon_core.package_identification:_identify(src/j8_joystick/sdl2_vendor) by extensions ['ignore', 'ignore_ament_install']
[0.497s] Level 1:colcon.colcon_core.package_identification:_identify(src/j8_joystick/sdl2_vendor) by extension 'ignore'
[0.497s] Level 1:colcon.colcon_core.package_identification:_identify(src/j8_joystick/sdl2_vendor) by extension 'ignore_ament_install'
[0.497s] Level 1:colcon.colcon_core.package_identification:_identify(src/j8_joystick/sdl2_vendor) by extensions ['colcon_pkg']
[0.497s] Level 1:colcon.colcon_core.package_identification:_identify(src/j8_joystick/sdl2_vendor) by extension 'colcon_pkg'
[0.497s] Level 1:colcon.colcon_core.package_identification:_identify(src/j8_joystick/sdl2_vendor) by extensions ['colcon_meta']
[0.497s] Level 1:colcon.colcon_core.package_identification:_identify(src/j8_joystick/sdl2_vendor) by extension 'colcon_meta'
[0.497s] Level 1:colcon.colcon_core.package_identification:_identify(src/j8_joystick/sdl2_vendor) by extensions ['ros']
[0.497s] Level 1:colcon.colcon_core.package_identification:_identify(src/j8_joystick/sdl2_vendor) by extension 'ros'
[0.497s] DEBUG:colcon.colcon_core.package_identification:Package 'src/j8_joystick/sdl2_vendor' with type 'ros.ament_cmake' and name 'sdl2_vendor'
[0.497s] Level 1:colcon.colcon_core.package_identification:_identify(src/j8_joystick/spacenav) by extensions ['ignore', 'ignore_ament_install']
[0.498s] Level 1:colcon.colcon_core.package_identification:_identify(src/j8_joystick/spacenav) by extension 'ignore'
[0.498s] Level 1:colcon.colcon_core.package_identification:_identify(src/j8_joystick/spacenav) by extension 'ignore_ament_install'
[0.498s] Level 1:colcon.colcon_core.package_identification:_identify(src/j8_joystick/spacenav) by extensions ['colcon_pkg']
[0.498s] Level 1:colcon.colcon_core.package_identification:_identify(src/j8_joystick/spacenav) by extension 'colcon_pkg'
[0.498s] Level 1:colcon.colcon_core.package_identification:_identify(src/j8_joystick/spacenav) by extensions ['colcon_meta']
[0.498s] Level 1:colcon.colcon_core.package_identification:_identify(src/j8_joystick/spacenav) by extension 'colcon_meta'
[0.498s] Level 1:colcon.colcon_core.package_identification:_identify(src/j8_joystick/spacenav) by extensions ['ros']
[0.498s] Level 1:colcon.colcon_core.package_identification:_identify(src/j8_joystick/spacenav) by extension 'ros'
[0.498s] DEBUG:colcon.colcon_core.package_identification:Package 'src/j8_joystick/spacenav' with type 'ros.ament_cmake' and name 'spacenav'
[0.499s] Level 1:colcon.colcon_core.package_identification:_identify(src/j8_joystick/wiimote_msgs) by extensions ['ignore', 'ignore_ament_install']
[0.499s] Level 1:colcon.colcon_core.package_identification:_identify(src/j8_joystick/wiimote_msgs) by extension 'ignore'
[0.499s] Level 1:colcon.colcon_core.package_identification:_identify(src/j8_joystick/wiimote_msgs) by extension 'ignore_ament_install'
[0.499s] Level 1:colcon.colcon_core.package_identification:_identify(src/j8_joystick/wiimote_msgs) by extensions ['colcon_pkg']
[0.499s] Level 1:colcon.colcon_core.package_identification:_identify(src/j8_joystick/wiimote_msgs) by extension 'colcon_pkg'
[0.499s] Level 1:colcon.colcon_core.package_identification:_identify(src/j8_joystick/wiimote_msgs) by extensions ['colcon_meta']
[0.499s] Level 1:colcon.colcon_core.package_identification:_identify(src/j8_joystick/wiimote_msgs) by extension 'colcon_meta'
[0.499s] Level 1:colcon.colcon_core.package_identification:_identify(src/j8_joystick/wiimote_msgs) by extensions ['ros']
[0.499s] Level 1:colcon.colcon_core.package_identification:_identify(src/j8_joystick/wiimote_msgs) by extension 'ros'
[0.499s] DEBUG:colcon.colcon_core.package_identification:Package 'src/j8_joystick/wiimote_msgs' with type 'ros.ament_cmake' and name 'wiimote_msgs'
[0.500s] Level 1:colcon.colcon_core.package_identification:_identify(src/lidar_process_pkgs) by extensions ['ignore', 'ignore_ament_install']
[0.500s] Level 1:colcon.colcon_core.package_identification:_identify(src/lidar_process_pkgs) by extension 'ignore'
[0.500s] Level 1:colcon.colcon_core.package_identification:_identify(src/lidar_process_pkgs) by extension 'ignore_ament_install'
[0.500s] Level 1:colcon.colcon_core.package_identification:_identify(src/lidar_process_pkgs) by extensions ['colcon_pkg']
[0.500s] Level 1:colcon.colcon_core.package_identification:_identify(src/lidar_process_pkgs) by extension 'colcon_pkg'
[0.500s] Level 1:colcon.colcon_core.package_identification:_identify(src/lidar_process_pkgs) by extensions ['colcon_meta']
[0.500s] Level 1:colcon.colcon_core.package_identification:_identify(src/lidar_process_pkgs) by extension 'colcon_meta'
[0.500s] Level 1:colcon.colcon_core.package_identification:_identify(src/lidar_process_pkgs) by extensions ['ros']
[0.500s] Level 1:colcon.colcon_core.package_identification:_identify(src/lidar_process_pkgs) by extension 'ros'
[0.500s] Level 1:colcon.colcon_core.package_identification:_identify(src/lidar_process_pkgs) by extensions ['cmake', 'python']
[0.500s] Level 1:colcon.colcon_core.package_identification:_identify(src/lidar_process_pkgs) by extension 'cmake'
[0.500s] Level 1:colcon.colcon_core.package_identification:_identify(src/lidar_process_pkgs) by extension 'python'
[0.500s] Level 1:colcon.colcon_core.package_identification:_identify(src/lidar_process_pkgs) by extensions ['python_setup_py']
[0.500s] Level 1:colcon.colcon_core.package_identification:_identify(src/lidar_process_pkgs) by extension 'python_setup_py'
[0.500s] Level 1:colcon.colcon_core.package_identification:_identify(src/lidar_process_pkgs/laser_segmentation) by extensions ['ignore', 'ignore_ament_install']
[0.500s] Level 1:colcon.colcon_core.package_identification:_identify(src/lidar_process_pkgs/laser_segmentation) by extension 'ignore'
[0.500s] Level 1:colcon.colcon_core.package_identification:_identify(src/lidar_process_pkgs/laser_segmentation) by extension 'ignore_ament_install'
[0.500s] Level 1:colcon.colcon_core.package_identification:_identify(src/lidar_process_pkgs/laser_segmentation) by extensions ['colcon_pkg']
[0.500s] Level 1:colcon.colcon_core.package_identification:_identify(src/lidar_process_pkgs/laser_segmentation) by extension 'colcon_pkg'
[0.500s] Level 1:colcon.colcon_core.package_identification:_identify(src/lidar_process_pkgs/laser_segmentation) by extensions ['colcon_meta']
[0.500s] Level 1:colcon.colcon_core.package_identification:_identify(src/lidar_process_pkgs/laser_segmentation) by extension 'colcon_meta'
[0.500s] Level 1:colcon.colcon_core.package_identification:_identify(src/lidar_process_pkgs/laser_segmentation) by extensions ['ros']
[0.500s] Level 1:colcon.colcon_core.package_identification:_identify(src/lidar_process_pkgs/laser_segmentation) by extension 'ros'
[0.501s] DEBUG:colcon.colcon_core.package_identification:Package 'src/lidar_process_pkgs/laser_segmentation' with type 'ros.ament_cmake' and name 'laser_segmentation'
[0.501s] Level 1:colcon.colcon_core.package_identification:_identify(src/lidar_process_pkgs/slg_msgs) by extensions ['ignore', 'ignore_ament_install']
[0.501s] Level 1:colcon.colcon_core.package_identification:_identify(src/lidar_process_pkgs/slg_msgs) by extension 'ignore'
[0.501s] Level 1:colcon.colcon_core.package_identification:_identify(src/lidar_process_pkgs/slg_msgs) by extension 'ignore_ament_install'
[0.501s] Level 1:colcon.colcon_core.package_identification:_identify(src/lidar_process_pkgs/slg_msgs) by extensions ['colcon_pkg']
[0.501s] Level 1:colcon.colcon_core.package_identification:_identify(src/lidar_process_pkgs/slg_msgs) by extension 'colcon_pkg'
[0.501s] Level 1:colcon.colcon_core.package_identification:_identify(src/lidar_process_pkgs/slg_msgs) by extensions ['colcon_meta']
[0.501s] Level 1:colcon.colcon_core.package_identification:_identify(src/lidar_process_pkgs/slg_msgs) by extension 'colcon_meta'
[0.501s] Level 1:colcon.colcon_core.package_identification:_identify(src/lidar_process_pkgs/slg_msgs) by extensions ['ros']
[0.502s] Level 1:colcon.colcon_core.package_identification:_identify(src/lidar_process_pkgs/slg_msgs) by extension 'ros'
[0.502s] DEBUG:colcon.colcon_core.package_identification:Package 'src/lidar_process_pkgs/slg_msgs' with type 'ros.ament_cmake' and name 'slg_msgs'
[0.502s] Level 1:colcon.colcon_core.package_identification:_identify(src/path_manager) by extensions ['ignore', 'ignore_ament_install']
[0.502s] Level 1:colcon.colcon_core.package_identification:_identify(src/path_manager) by extension 'ignore'
[0.502s] Level 1:colcon.colcon_core.package_identification:_identify(src/path_manager) by extension 'ignore_ament_install'
[0.502s] Level 1:colcon.colcon_core.package_identification:_identify(src/path_manager) by extensions ['colcon_pkg']
[0.502s] Level 1:colcon.colcon_core.package_identification:_identify(src/path_manager) by extension 'colcon_pkg'
[0.502s] Level 1:colcon.colcon_core.package_identification:_identify(src/path_manager) by extensions ['colcon_meta']
[0.502s] Level 1:colcon.colcon_core.package_identification:_identify(src/path_manager) by extension 'colcon_meta'
[0.502s] Level 1:colcon.colcon_core.package_identification:_identify(src/path_manager) by extensions ['ros']
[0.503s] Level 1:colcon.colcon_core.package_identification:_identify(src/path_manager) by extension 'ros'
[0.503s] Level 1:colcon.colcon_core.package_identification:_identify(src/path_manager) by extensions ['cmake', 'python']
[0.503s] Level 1:colcon.colcon_core.package_identification:_identify(src/path_manager) by extension 'cmake'
[0.503s] Level 1:colcon.colcon_core.package_identification:_identify(src/path_manager) by extension 'python'
[0.503s] Level 1:colcon.colcon_core.package_identification:_identify(src/path_manager) by extensions ['python_setup_py']
[0.503s] Level 1:colcon.colcon_core.package_identification:_identify(src/path_manager) by extension 'python_setup_py'
[0.503s] Level 1:colcon.colcon_core.package_identification:_identify(src/path_manager/path_manager) by extensions ['ignore', 'ignore_ament_install']
[0.503s] Level 1:colcon.colcon_core.package_identification:_identify(src/path_manager/path_manager) by extension 'ignore'
[0.503s] Level 1:colcon.colcon_core.package_identification:_identify(src/path_manager/path_manager) by extension 'ignore_ament_install'
[0.503s] Level 1:colcon.colcon_core.package_identification:_identify(src/path_manager/path_manager) by extensions ['colcon_pkg']
[0.503s] Level 1:colcon.colcon_core.package_identification:_identify(src/path_manager/path_manager) by extension 'colcon_pkg'
[0.503s] Level 1:colcon.colcon_core.package_identification:_identify(src/path_manager/path_manager) by extensions ['colcon_meta']
[0.503s] Level 1:colcon.colcon_core.package_identification:_identify(src/path_manager/path_manager) by extension 'colcon_meta'
[0.503s] Level 1:colcon.colcon_core.package_identification:_identify(src/path_manager/path_manager) by extensions ['ros']
[0.503s] Level 1:colcon.colcon_core.package_identification:_identify(src/path_manager/path_manager) by extension 'ros'
[0.504s] DEBUG:colcon.colcon_core.package_identification:Package 'src/path_manager/path_manager' with type 'ros.ament_cmake' and name 'path_manager'
[0.504s] Level 1:colcon.colcon_core.package_identification:_identify(src/path_manager/path_manager_interfaces) by extensions ['ignore', 'ignore_ament_install']
[0.504s] Level 1:colcon.colcon_core.package_identification:_identify(src/path_manager/path_manager_interfaces) by extension 'ignore'
[0.504s] Level 1:colcon.colcon_core.package_identification:_identify(src/path_manager/path_manager_interfaces) by extension 'ignore_ament_install'
[0.504s] Level 1:colcon.colcon_core.package_identification:_identify(src/path_manager/path_manager_interfaces) by extensions ['colcon_pkg']
[0.504s] Level 1:colcon.colcon_core.package_identification:_identify(src/path_manager/path_manager_interfaces) by extension 'colcon_pkg'
[0.504s] Level 1:colcon.colcon_core.package_identification:_identify(src/path_manager/path_manager_interfaces) by extensions ['colcon_meta']
[0.504s] Level 1:colcon.colcon_core.package_identification:_identify(src/path_manager/path_manager_interfaces) by extension 'colcon_meta'
[0.504s] Level 1:colcon.colcon_core.package_identification:_identify(src/path_manager/path_manager_interfaces) by extensions ['ros']
[0.504s] Level 1:colcon.colcon_core.package_identification:_identify(src/path_manager/path_manager_interfaces) by extension 'ros'
[0.504s] DEBUG:colcon.colcon_core.package_identification:Package 'src/path_manager/path_manager_interfaces' with type 'ros.ament_cmake' and name 'path_manager_interfaces'
[0.504s] Level 1:colcon.colcon_core.package_identification:_identify(src/security_check) by extensions ['ignore', 'ignore_ament_install']
[0.505s] Level 1:colcon.colcon_core.package_identification:_identify(src/security_check) by extension 'ignore'
[0.505s] Level 1:colcon.colcon_core.package_identification:_identify(src/security_check) by extension 'ignore_ament_install'
[0.505s] Level 1:colcon.colcon_core.package_identification:_identify(src/security_check) by extensions ['colcon_pkg']
[0.505s] Level 1:colcon.colcon_core.package_identification:_identify(src/security_check) by extension 'colcon_pkg'
[0.505s] Level 1:colcon.colcon_core.package_identification:_identify(src/security_check) by extensions ['colcon_meta']
[0.505s] Level 1:colcon.colcon_core.package_identification:_identify(src/security_check) by extension 'colcon_meta'
[0.505s] Level 1:colcon.colcon_core.package_identification:_identify(src/security_check) by extensions ['ros']
[0.505s] Level 1:colcon.colcon_core.package_identification:_identify(src/security_check) by extension 'ros'
[0.505s] Level 1:colcon.colcon_core.package_identification:_identify(src/security_check) by extensions ['cmake', 'python']
[0.505s] Level 1:colcon.colcon_core.package_identification:_identify(src/security_check) by extension 'cmake'
[0.505s] Level 1:colcon.colcon_core.package_identification:_identify(src/security_check) by extension 'python'
[0.505s] Level 1:colcon.colcon_core.package_identification:_identify(src/security_check) by extensions ['python_setup_py']
[0.505s] Level 1:colcon.colcon_core.package_identification:_identify(src/security_check) by extension 'python_setup_py'
[0.505s] Level 1:colcon.colcon_core.package_identification:_identify(src/security_check/security_check) by extensions ['ignore', 'ignore_ament_install']
[0.505s] Level 1:colcon.colcon_core.package_identification:_identify(src/security_check/security_check) by extension 'ignore'
[0.505s] Level 1:colcon.colcon_core.package_identification:_identify(src/security_check/security_check) by extension 'ignore_ament_install'
[0.505s] Level 1:colcon.colcon_core.package_identification:_identify(src/security_check/security_check) by extensions ['colcon_pkg']
[0.505s] Level 1:colcon.colcon_core.package_identification:_identify(src/security_check/security_check) by extension 'colcon_pkg'
[0.505s] Level 1:colcon.colcon_core.package_identification:_identify(src/security_check/security_check) by extensions ['colcon_meta']
[0.505s] Level 1:colcon.colcon_core.package_identification:_identify(src/security_check/security_check) by extension 'colcon_meta'
[0.505s] Level 1:colcon.colcon_core.package_identification:_identify(src/security_check/security_check) by extensions ['ros']
[0.505s] Level 1:colcon.colcon_core.package_identification:_identify(src/security_check/security_check) by extension 'ros'
[0.506s] DEBUG:colcon.colcon_core.package_identification:Package 'src/security_check/security_check' with type 'ros.ament_cmake' and name 'security_check'
[0.506s] Level 1:colcon.colcon_core.package_identification:_identify(src/security_check/security_check_interfaces) by extensions ['ignore', 'ignore_ament_install']
[0.506s] Level 1:colcon.colcon_core.package_identification:_identify(src/security_check/security_check_interfaces) by extension 'ignore'
[0.506s] Level 1:colcon.colcon_core.package_identification:_identify(src/security_check/security_check_interfaces) by extension 'ignore_ament_install'
[0.507s] Level 1:colcon.colcon_core.package_identification:_identify(src/security_check/security_check_interfaces) by extensions ['colcon_pkg']
[0.507s] Level 1:colcon.colcon_core.package_identification:_identify(src/security_check/security_check_interfaces) by extension 'colcon_pkg'
[0.507s] Level 1:colcon.colcon_core.package_identification:_identify(src/security_check/security_check_interfaces) by extensions ['colcon_meta']
[0.507s] Level 1:colcon.colcon_core.package_identification:_identify(src/security_check/security_check_interfaces) by extension 'colcon_meta'
[0.507s] Level 1:colcon.colcon_core.package_identification:_identify(src/security_check/security_check_interfaces) by extensions ['ros']
[0.507s] Level 1:colcon.colcon_core.package_identification:_identify(src/security_check/security_check_interfaces) by extension 'ros'
[0.507s] DEBUG:colcon.colcon_core.package_identification:Package 'src/security_check/security_check_interfaces' with type 'ros.ament_cmake' and name 'security_check_interfaces'
[0.507s] Level 1:colcon.colcon_core.package_identification:_identify(src/test_gui_j8) by extensions ['ignore', 'ignore_ament_install']
[0.507s] Level 1:colcon.colcon_core.package_identification:_identify(src/test_gui_j8) by extension 'ignore'
[0.507s] Level 1:colcon.colcon_core.package_identification:_identify(src/test_gui_j8) by extension 'ignore_ament_install'
[0.507s] Level 1:colcon.colcon_core.package_identification:_identify(src/test_gui_j8) by extensions ['colcon_pkg']
[0.507s] Level 1:colcon.colcon_core.package_identification:_identify(src/test_gui_j8) by extension 'colcon_pkg'
[0.508s] Level 1:colcon.colcon_core.package_identification:_identify(src/test_gui_j8) by extensions ['colcon_meta']
[0.508s] Level 1:colcon.colcon_core.package_identification:_identify(src/test_gui_j8) by extension 'colcon_meta'
[0.508s] Level 1:colcon.colcon_core.package_identification:_identify(src/test_gui_j8) by extensions ['ros']
[0.508s] Level 1:colcon.colcon_core.package_identification:_identify(src/test_gui_j8) by extension 'ros'
[0.508s] Level 1:colcon.colcon_core.package_identification:_identify(src/test_gui_j8) by extensions ['cmake', 'python']
[0.508s] Level 1:colcon.colcon_core.package_identification:_identify(src/test_gui_j8) by extension 'cmake'
[0.508s] Level 1:colcon.colcon_core.package_identification:_identify(src/test_gui_j8) by extension 'python'
[0.508s] Level 1:colcon.colcon_core.package_identification:_identify(src/test_gui_j8) by extensions ['python_setup_py']
[0.508s] Level 1:colcon.colcon_core.package_identification:_identify(src/test_gui_j8) by extension 'python_setup_py'
[0.508s] Level 1:colcon.colcon_core.package_identification:_identify(src/test_gui_j8/src) by extensions ['ignore', 'ignore_ament_install']
[0.508s] Level 1:colcon.colcon_core.package_identification:_identify(src/test_gui_j8/src) by extension 'ignore'
[0.508s] Level 1:colcon.colcon_core.package_identification:_identify(src/test_gui_j8/src) by extension 'ignore_ament_install'
[0.508s] Level 1:colcon.colcon_core.package_identification:_identify(src/test_gui_j8/src) by extensions ['colcon_pkg']
[0.508s] Level 1:colcon.colcon_core.package_identification:_identify(src/test_gui_j8/src) by extension 'colcon_pkg'
[0.508s] Level 1:colcon.colcon_core.package_identification:_identify(src/test_gui_j8/src) by extensions ['colcon_meta']
[0.508s] Level 1:colcon.colcon_core.package_identification:_identify(src/test_gui_j8/src) by extension 'colcon_meta'
[0.508s] Level 1:colcon.colcon_core.package_identification:_identify(src/test_gui_j8/src) by extensions ['ros']
[0.508s] Level 1:colcon.colcon_core.package_identification:_identify(src/test_gui_j8/src) by extension 'ros'
[0.508s] Level 1:colcon.colcon_core.package_identification:_identify(src/test_gui_j8/src) by extensions ['cmake', 'python']
[0.508s] Level 1:colcon.colcon_core.package_identification:_identify(src/test_gui_j8/src) by extension 'cmake'
[0.508s] Level 1:colcon.colcon_core.package_identification:_identify(src/test_gui_j8/src) by extension 'python'
[0.508s] Level 1:colcon.colcon_core.package_identification:_identify(src/test_gui_j8/src) by extensions ['python_setup_py']
[0.508s] Level 1:colcon.colcon_core.package_identification:_identify(src/test_gui_j8/src) by extension 'python_setup_py'
[0.508s] Level 1:colcon.colcon_core.package_identification:_identify(src/test_gui_j8/src/j8_gui) by extensions ['ignore', 'ignore_ament_install']
[0.508s] Level 1:colcon.colcon_core.package_identification:_identify(src/test_gui_j8/src/j8_gui) by extension 'ignore'
[0.508s] Level 1:colcon.colcon_core.package_identification:_identify(src/test_gui_j8/src/j8_gui) by extension 'ignore_ament_install'
[0.508s] Level 1:colcon.colcon_core.package_identification:_identify(src/test_gui_j8/src/j8_gui) by extensions ['colcon_pkg']
[0.508s] Level 1:colcon.colcon_core.package_identification:_identify(src/test_gui_j8/src/j8_gui) by extension 'colcon_pkg'
[0.508s] Level 1:colcon.colcon_core.package_identification:_identify(src/test_gui_j8/src/j8_gui) by extensions ['colcon_meta']
[0.508s] Level 1:colcon.colcon_core.package_identification:_identify(src/test_gui_j8/src/j8_gui) by extension 'colcon_meta'
[0.509s] Level 1:colcon.colcon_core.package_identification:_identify(src/test_gui_j8/src/j8_gui) by extensions ['ros']
[0.509s] Level 1:colcon.colcon_core.package_identification:_identify(src/test_gui_j8/src/j8_gui) by extension 'ros'
[0.509s] DEBUG:colcon.colcon_core.package_identification:Package 'src/test_gui_j8/src/j8_gui' with type 'ros.ament_python' and name 'j8_gui'
[0.509s] Level 1:colcon.colcon_core.package_discovery:discover_packages(recursive) using defaults
[0.509s] Level 1:colcon.colcon_core.package_discovery:discover_packages(ignore) discover
[0.509s] Level 1:colcon.colcon_core.package_discovery:discover_packages(ignore) using defaults
[0.509s] Level 1:colcon.colcon_core.package_discovery:discover_packages(path) discover
[0.509s] Level 1:colcon.colcon_core.package_discovery:discover_packages(path) using defaults
[0.553s] INFO:colcon.colcon_core.package_selection:Skipping not selected package 'GUI_pkg' in 'src/GUI_pkg'
[0.553s] INFO:colcon.colcon_core.package_selection:Skipping not selected package 'android_ros2_server' in 'src/android_ros2_server'
[0.553s] INFO:colcon.colcon_core.package_selection:Skipping not selected package 'argj801_ctl_platform_interfaces' in 'src/argj801_ctl_platform/argj801_ctl_platform_interfaces'
[0.553s] INFO:colcon.colcon_core.package_selection:Skipping not selected package 'argj801_sensors_msgs' in 'src/argo_drivers_pkgs/argj801_sensors/argj801_sensors_msgs'
[0.553s] INFO:colcon.colcon_core.package_selection:Skipping not selected package 'argj801_setup' in 'src/argj801_setup'
[0.553s] INFO:colcon.colcon_core.package_selection:Skipping not selected package 'car_interfaces' in 'src/car_interfaces'
[0.553s] INFO:colcon.colcon_core.package_selection:Skipping not selected package 'ctl_mission_interfaces' in 'src/ctl_mission/ctl_mission_interfaces'
[0.553s] INFO:colcon.colcon_core.package_selection:Skipping not selected package 'fixposition_gnss_tf' in 'src/argo_drivers_pkgs/Fixposition_driver_pkg/fixposition_gnss_tf-main'
[0.553s] INFO:colcon.colcon_core.package_selection:Skipping not selected package 'fixposition_sensor_pkg' in 'src/gazebo_sim_pkgs/fix_position_pkg'
[0.553s] INFO:colcon.colcon_core.package_selection:Skipping not selected package 'hector_gazebo_plugins' in 'src/hector_gazebo'
[0.553s] INFO:colcon.colcon_core.package_selection:Skipping not selected package 'hikmicro_thermal_camera' in 'src/hikmicro_thermal_camera'
[0.553s] INFO:colcon.colcon_core.package_selection:Skipping not selected package 'j8_gui' in 'src/test_gui_j8/src/j8_gui'
[0.553s] INFO:colcon.colcon_core.package_selection:Skipping not selected package 'joy_linux' in 'src/j8_joystick/joy_linux'
[0.553s] INFO:colcon.colcon_core.package_selection:Skipping not selected package 'ntrip_client' in 'src/argo_drivers_pkgs/ntrip_client'
[0.553s] INFO:colcon.colcon_core.package_selection:Skipping not selected package 'path_manager_interfaces' in 'src/path_manager/path_manager_interfaces'
[0.553s] INFO:colcon.colcon_core.package_selection:Skipping not selected package 'sdl2_vendor' in 'src/j8_joystick/sdl2_vendor'
[0.553s] INFO:colcon.colcon_core.package_selection:Skipping not selected package 'security_check_interfaces' in 'src/security_check/security_check_interfaces'
[0.553s] INFO:colcon.colcon_core.package_selection:Skipping not selected package 'slg_msgs' in 'src/lidar_process_pkgs/slg_msgs'
[0.553s] INFO:colcon.colcon_core.package_selection:Skipping not selected package 'spacenav' in 'src/j8_joystick/spacenav'
[0.553s] INFO:colcon.colcon_core.package_selection:Skipping not selected package 'ublox_serialization' in 'src/argo_drivers_pkgs/ublox/ublox_serialization'
[0.553s] INFO:colcon.colcon_core.package_selection:Skipping not selected package 'wiimote_msgs' in 'src/j8_joystick/wiimote_msgs'
[0.553s] INFO:colcon.colcon_core.package_selection:Skipping not selected package 'argj801_ctl_platform' in 'src/argj801_ctl_platform/argj801_ctl_platform'
[0.553s] INFO:colcon.colcon_core.package_selection:Skipping not selected package 'argj801_sensors' in 'src/argo_drivers_pkgs/argj801_sensors/argj801_sensors'
[0.553s] INFO:colcon.colcon_core.package_selection:Skipping not selected package 'car_cpp' in 'src/car_cpp'
[0.553s] INFO:colcon.colcon_core.package_selection:Skipping not selected package 'fixposition_driver_lib' in 'src/argo_drivers_pkgs/Fixposition_driver_pkg/fixposition_driver-main/fixposition_driver_lib'
[0.553s] INFO:colcon.colcon_core.package_selection:Skipping not selected package 'joy' in 'src/j8_joystick/joy'
[0.553s] INFO:colcon.colcon_core.package_selection:Skipping not selected package 'laser_segmentation' in 'src/lidar_process_pkgs/laser_segmentation'
[0.553s] INFO:colcon.colcon_core.package_selection:Skipping not selected package 'path_manager' in 'src/path_manager/path_manager'
[0.554s] INFO:colcon.colcon_core.package_selection:Skipping not selected package 'ublox_msgs' in 'src/argo_drivers_pkgs/ublox/ublox_msgs'
[0.554s] INFO:colcon.colcon_core.package_selection:Skipping not selected package 'ctl_mission' in 'src/ctl_mission/ctl_mission'
[0.554s] INFO:colcon.colcon_core.package_selection:Skipping not selected package 'fixposition_driver_ros2' in 'src/argo_drivers_pkgs/Fixposition_driver_pkg/fixposition_driver-main/fixposition_driver_ros2'
[0.554s] INFO:colcon.colcon_core.package_selection:Skipping not selected package 'ublox_gps' in 'src/argo_drivers_pkgs/ublox/ublox_gps'
[0.554s] INFO:colcon.colcon_core.package_selection:Skipping not selected package 'fixposition_odometry_converter_ros2' in 'src/argo_drivers_pkgs/Fixposition_driver_pkg/fixposition_driver-main/fixposition_odometry_converter_ros2'
[0.554s] INFO:colcon.colcon_core.package_selection:Skipping not selected package 'security_check' in 'src/security_check/security_check'
[0.554s] INFO:colcon.colcon_core.package_selection:Skipping not selected package 'ublox' in 'src/argo_drivers_pkgs/ublox/ublox'
[0.554s] Level 1:colcon.colcon_core.package_discovery:discover_packages(prefix_path) check parameters
[0.554s] Level 1:colcon.colcon_core.package_discovery:discover_packages(prefix_path) discover
[0.557s] DEBUG:colcon.colcon_installed_package_information.package_discovery:Found 321 installed packages in /opt/ros/humble
[0.559s] Level 1:colcon.colcon_core.package_discovery:discover_packages(prefix_path) using defaults
[0.590s] Level 5:colcon.colcon_core.verb:set package 'gui' build argument 'cmake_args' from command line to 'None'
[0.590s] Level 5:colcon.colcon_core.verb:set package 'gui' build argument 'cmake_target' from command line to 'None'
[0.590s] Level 5:colcon.colcon_core.verb:set package 'gui' build argument 'cmake_target_skip_unavailable' from command line to 'False'
[0.590s] Level 5:colcon.colcon_core.verb:set package 'gui' build argument 'cmake_clean_cache' from command line to 'False'
[0.590s] Level 5:colcon.colcon_core.verb:set package 'gui' build argument 'cmake_clean_first' from command line to 'False'
[0.590s] Level 5:colcon.colcon_core.verb:set package 'gui' build argument 'cmake_force_configure' from command line to 'False'
[0.590s] Level 5:colcon.colcon_core.verb:set package 'gui' build argument 'ament_cmake_args' from command line to 'None'
[0.590s] Level 5:colcon.colcon_core.verb:set package 'gui' build argument 'catkin_cmake_args' from command line to 'None'
[0.590s] Level 5:colcon.colcon_core.verb:set package 'gui' build argument 'catkin_skip_building_tests' from command line to 'False'
[0.590s] DEBUG:colcon.colcon_core.verb:Building package 'gui' with the following arguments: {'ament_cmake_args': None, 'build_base': '/home/roverj8/LUIS/ARGJ08/ARGOSJ8_IA_/build/gui', 'catkin_cmake_args': None, 'catkin_skip_building_tests': False, 'cmake_args': None, 'cmake_clean_cache': False, 'cmake_clean_first': False, 'cmake_force_configure': False, 'cmake_target': None, 'cmake_target_skip_unavailable': False, 'install_base': '/home/roverj8/LUIS/ARGJ08/ARGOSJ8_IA_/install/gui', 'merge_install': False, 'path': '/home/roverj8/LUIS/ARGJ08/ARGOSJ8_IA_/src/gui', 'symlink_install': False, 'test_result_base': None}
[0.590s] Level 5:colcon.colcon_core.verb:set package 'car' build argument 'cmake_args' from command line to 'None'
[0.590s] Level 5:colcon.colcon_core.verb:set package 'car' build argument 'cmake_target' from command line to 'None'
[0.590s] Level 5:colcon.colcon_core.verb:set package 'car' build argument 'cmake_target_skip_unavailable' from command line to 'False'
[0.590s] Level 5:colcon.colcon_core.verb:set package 'car' build argument 'cmake_clean_cache' from command line to 'False'
[0.591s] Level 5:colcon.colcon_core.verb:set package 'car' build argument 'cmake_clean_first' from command line to 'False'
[0.591s] Level 5:colcon.colcon_core.verb:set package 'car' build argument 'cmake_force_configure' from command line to 'False'
[0.591s] Level 5:colcon.colcon_core.verb:set package 'car' build argument 'ament_cmake_args' from command line to 'None'
[0.591s] Level 5:colcon.colcon_core.verb:set package 'car' build argument 'catkin_cmake_args' from command line to 'None'
[0.591s] Level 5:colcon.colcon_core.verb:set package 'car' build argument 'catkin_skip_building_tests' from command line to 'False'
[0.591s] DEBUG:colcon.colcon_core.verb:Building package 'car' with the following arguments: {'ament_cmake_args': None, 'build_base': '/home/roverj8/LUIS/ARGJ08/ARGOSJ8_IA_/build/car', 'catkin_cmake_args': None, 'catkin_skip_building_tests': False, 'cmake_args': None, 'cmake_clean_cache': False, 'cmake_clean_first': False, 'cmake_force_configure': False, 'cmake_target': None, 'cmake_target_skip_unavailable': False, 'install_base': '/home/roverj8/LUIS/ARGJ08/ARGOSJ8_IA_/install/car', 'merge_install': False, 'path': '/home/roverj8/LUIS/ARGJ08/ARGOSJ8_IA_/src/car_python', 'symlink_install': False, 'test_result_base': None}
[0.591s] Level 5:colcon.colcon_core.verb:set package 'j8_xacro_model' build argument 'cmake_args' from command line to 'None'
[0.591s] Level 5:colcon.colcon_core.verb:set package 'j8_xacro_model' build argument 'cmake_target' from command line to 'None'
[0.591s] Level 5:colcon.colcon_core.verb:set package 'j8_xacro_model' build argument 'cmake_target_skip_unavailable' from command line to 'False'
[0.591s] Level 5:colcon.colcon_core.verb:set package 'j8_xacro_model' build argument 'cmake_clean_cache' from command line to 'False'
[0.591s] Level 5:colcon.colcon_core.verb:set package 'j8_xacro_model' build argument 'cmake_clean_first' from command line to 'False'
[0.591s] Level 5:colcon.colcon_core.verb:set package 'j8_xacro_model' build argument 'cmake_force_configure' from command line to 'False'
[0.591s] Level 5:colcon.colcon_core.verb:set package 'j8_xacro_model' build argument 'ament_cmake_args' from command line to 'None'
[0.591s] Level 5:colcon.colcon_core.verb:set package 'j8_xacro_model' build argument 'catkin_cmake_args' from command line to 'None'
[0.591s] Level 5:colcon.colcon_core.verb:set package 'j8_xacro_model' build argument 'catkin_skip_building_tests' from command line to 'False'
[0.591s] DEBUG:colcon.colcon_core.verb:Building package 'j8_xacro_model' with the following arguments: {'ament_cmake_args': None, 'build_base': '/home/roverj8/LUIS/ARGJ08/ARGOSJ8_IA_/build/j8_xacro_model', 'catkin_cmake_args': None, 'catkin_skip_building_tests': False, 'cmake_args': None, 'cmake_clean_cache': False, 'cmake_clean_first': False, 'cmake_force_configure': False, 'cmake_target': None, 'cmake_target_skip_unavailable': False, 'install_base': '/home/roverj8/LUIS/ARGJ08/ARGOSJ8_IA_/install/j8_xacro_model', 'merge_install': False, 'path': '/home/roverj8/LUIS/ARGJ08/ARGOSJ8_IA_/src/gazebo_sim_pkgs/j8_xacro_model', 'symlink_install': False, 'test_result_base': None}
[0.591s] INFO:colcon.colcon_core.executor:Executing jobs using 'parallel' executor
[0.592s] DEBUG:colcon.colcon_parallel_executor.executor.parallel:run_until_complete
[0.592s] INFO:colcon.colcon_ros.task.ament_python.build:Building ROS package in '/home/roverj8/LUIS/ARGJ08/ARGOSJ8_IA_/src/gui' with build type 'ament_python'
[0.592s] Level 1:colcon.colcon_core.shell:create_environment_hook('gui', 'ament_prefix_path')
[0.597s] INFO:colcon.colcon_core.plugin_system:Skipping extension 'colcon_core.shell.bat': Not used on non-Windows systems
[0.597s] INFO:colcon.colcon_core.shell:Creating environment hook '/home/roverj8/LUIS/ARGJ08/ARGOSJ8_IA_/install/gui/share/gui/hook/ament_prefix_path.ps1'
[0.599s] INFO:colcon.colcon_core.shell:Creating environment descriptor '/home/roverj8/LUIS/ARGJ08/ARGOSJ8_IA_/install/gui/share/gui/hook/ament_prefix_path.dsv'
[0.600s] INFO:colcon.colcon_core.shell:Creating environment hook '/home/roverj8/LUIS/ARGJ08/ARGOSJ8_IA_/install/gui/share/gui/hook/ament_prefix_path.sh'
[0.601s] INFO:colcon.colcon_core.shell:Skip shell extension 'powershell' for command environment: Not usable outside of PowerShell
[0.601s] DEBUG:colcon.colcon_core.shell:Skip shell extension 'dsv' for command environment
[0.606s] INFO:colcon.colcon_ros.task.ament_python.build:Building ROS package in '/home/roverj8/LUIS/ARGJ08/ARGOSJ8_IA_/src/car_python' with build type 'ament_python'
[0.606s] Level 1:colcon.colcon_core.shell:create_environment_hook('car', 'ament_prefix_path')
[0.606s] INFO:colcon.colcon_core.shell:Creating environment hook '/home/roverj8/LUIS/ARGJ08/ARGOSJ8_IA_/install/car/share/car/hook/ament_prefix_path.ps1'
[0.606s] INFO:colcon.colcon_core.shell:Creating environment descriptor '/home/roverj8/LUIS/ARGJ08/ARGOSJ8_IA_/install/car/share/car/hook/ament_prefix_path.dsv'
[0.607s] INFO:colcon.colcon_core.shell:Creating environment hook '/home/roverj8/LUIS/ARGJ08/ARGOSJ8_IA_/install/car/share/car/hook/ament_prefix_path.sh'
[0.607s] INFO:colcon.colcon_core.shell:Skip shell extension 'powershell' for command environment: Not usable outside of PowerShell
[0.607s] DEBUG:colcon.colcon_core.shell:Skip shell extension 'dsv' for command environment
[0.609s] INFO:colcon.colcon_ros.task.ament_cmake.build:Building ROS package in '/home/roverj8/LUIS/ARGJ08/ARGOSJ8_IA_/src/gazebo_sim_pkgs/j8_xacro_model' with build type 'ament_cmake'
[0.609s] INFO:colcon.colcon_cmake.task.cmake.build:Building CMake package in '/home/roverj8/LUIS/ARGJ08/ARGOSJ8_IA_/src/gazebo_sim_pkgs/j8_xacro_model'
[0.609s] INFO:colcon.colcon_core.shell:Skip shell extension 'powershell' for command environment: Not usable outside of PowerShell
[0.609s] DEBUG:colcon.colcon_core.shell:Skip shell extension 'dsv' for command environment
[0.611s] ERROR:colcon.colcon_cmake.task.cmake.build:Failed to find the following files:
- /home/roverj8/LUIS/ARGJ08/ARGOSJ8_IA_/install/argj801_ctl_platform/share/argj801_ctl_platform/package.sh
Check that the following packages have been built:
- argj801_ctl_platform
[0.611s] Level 1:colcon.colcon_core.environment:create_environment_scripts_only(j8_xacro_model)
[0.616s] Level 1:colcon.colcon_core.environment:checking '/home/roverj8/LUIS/ARGJ08/ARGOSJ8_IA_/install/j8_xacro_model' for CMake module files
[0.616s] Level 1:colcon.colcon_core.environment:checking '/home/roverj8/LUIS/ARGJ08/ARGOSJ8_IA_/install/j8_xacro_model' for CMake config files
[0.617s] Level 1:colcon.colcon_core.environment:checking '/home/roverj8/LUIS/ARGJ08/ARGOSJ8_IA_/install/j8_xacro_model/bin'
[0.617s] Level 1:colcon.colcon_core.environment:checking '/home/roverj8/LUIS/ARGJ08/ARGOSJ8_IA_/install/j8_xacro_model/lib/pkgconfig/j8_xacro_model.pc'
[0.617s] Level 1:colcon.colcon_core.environment:checking '/home/roverj8/LUIS/ARGJ08/ARGOSJ8_IA_/install/j8_xacro_model/lib/python3.10/site-packages'
[0.617s] Level 1:colcon.colcon_core.environment:checking '/home/roverj8/LUIS/ARGJ08/ARGOSJ8_IA_/install/j8_xacro_model/bin'
[0.617s] INFO:colcon.colcon_core.shell:Creating package script '/home/roverj8/LUIS/ARGJ08/ARGOSJ8_IA_/install/j8_xacro_model/share/j8_xacro_model/package.ps1'
[0.618s] INFO:colcon.colcon_core.shell:Creating package descriptor '/home/roverj8/LUIS/ARGJ08/ARGOSJ8_IA_/install/j8_xacro_model/share/j8_xacro_model/package.dsv'
[0.619s] INFO:colcon.colcon_core.shell:Creating package script '/home/roverj8/LUIS/ARGJ08/ARGOSJ8_IA_/install/j8_xacro_model/share/j8_xacro_model/package.sh'
[0.620s] INFO:colcon.colcon_core.shell:Creating package script '/home/roverj8/LUIS/ARGJ08/ARGOSJ8_IA_/install/j8_xacro_model/share/j8_xacro_model/package.bash'
[0.621s] INFO:colcon.colcon_core.shell:Creating package script '/home/roverj8/LUIS/ARGJ08/ARGOSJ8_IA_/install/j8_xacro_model/share/j8_xacro_model/package.zsh'
[0.622s] Level 1:colcon.colcon_core.environment:create_file_with_runtime_dependencies(/home/roverj8/LUIS/ARGJ08/ARGOSJ8_IA_/install/j8_xacro_model/share/colcon-core/packages/j8_xacro_model)
[0.633s] DEBUG:colcon.colcon_parallel_executor.executor.parallel:closing loop
[0.633s] DEBUG:colcon.colcon_parallel_executor.executor.parallel:loop closed
[0.633s] DEBUG:colcon.colcon_parallel_executor.executor.parallel:run_until_complete finished with '1'
[0.633s] DEBUG:colcon.colcon_core.event_reactor:joining thread
[0.633s] DEBUG:colcon.colcon_core.event_reactor:joined thread
[0.633s] INFO:colcon.colcon_core.shell:Creating prefix script '/home/roverj8/LUIS/ARGJ08/ARGOSJ8_IA_/install/local_setup.ps1'
[0.635s] INFO:colcon.colcon_core.shell:Creating prefix util module '/home/roverj8/LUIS/ARGJ08/ARGOSJ8_IA_/install/_local_setup_util_ps1.py'
[0.636s] INFO:colcon.colcon_core.shell:Creating prefix chain script '/home/roverj8/LUIS/ARGJ08/ARGOSJ8_IA_/install/setup.ps1'
[0.637s] INFO:colcon.colcon_core.shell:Creating prefix script '/home/roverj8/LUIS/ARGJ08/ARGOSJ8_IA_/install/local_setup.sh'
[0.637s] INFO:colcon.colcon_core.shell:Creating prefix util module '/home/roverj8/LUIS/ARGJ08/ARGOSJ8_IA_/install/_local_setup_util_sh.py'
[0.638s] INFO:colcon.colcon_core.shell:Creating prefix chain script '/home/roverj8/LUIS/ARGJ08/ARGOSJ8_IA_/install/setup.sh'
[0.639s] INFO:colcon.colcon_core.shell:Creating prefix script '/home/roverj8/LUIS/ARGJ08/ARGOSJ8_IA_/install/local_setup.bash'
[0.639s] INFO:colcon.colcon_core.shell:Creating prefix chain script '/home/roverj8/LUIS/ARGJ08/ARGOSJ8_IA_/install/setup.bash'
[0.640s] INFO:colcon.colcon_core.shell:Creating prefix script '/home/roverj8/LUIS/ARGJ08/ARGOSJ8_IA_/install/local_setup.zsh'
[0.641s] INFO:colcon.colcon_core.shell:Creating prefix chain script '/home/roverj8/LUIS/ARGJ08/ARGOSJ8_IA_/install/setup.zsh'
