[0.059s] DEBUG:colcon:Command line arguments: ['/usr/bin/colcon', 'build']
[0.060s] DEBUG:colcon:Parsed command line arguments: Namespace(log_base=None, log_level=None, verb_name='build', build_base='build', install_base='install', merge_install=False, symlink_install=False, test_result_base=None, continue_on_error=False, executor='parallel', parallel_workers=24, event_handlers=None, ignore_user_meta=False, metas=['./colcon.meta'], base_paths=['.'], packages_ignore=None, packages_ignore_regex=None, paths=None, packages_up_to=None, packages_up_to_regex=None, packages_above=None, packages_above_and_dependencies=None, packages_above_depth=None, packages_select_by_dep=None, packages_skip_by_dep=None, packages_skip_up_to=None, packages_select_build_failed=False, packages_skip_build_finished=False, packages_select_test_failures=False, packages_skip_test_passed=False, packages_select=None, packages_skip=None, packages_select_regex=None, packages_skip_regex=None, packages_start=None, packages_end=None, allow_overriding=[], cmake_args=None, cmake_target=None, cmake_target_skip_unavailable=False, cmake_clean_cache=False, cmake_clean_first=False, cmake_force_configure=False, ament_cmake_args=None, catkin_cmake_args=None, catkin_skip_building_tests=False, mixin_files=None, mixin=None, verb_parser=<colcon_mixin.mixin.mixin_argument.MixinArgumentDecorator object at 0x7f488abf1f60>, verb_extension=<colcon_core.verb.build.BuildVerb object at 0x7f488acf7550>, main=<bound method BuildVerb.main of <colcon_core.verb.build.BuildVerb object at 0x7f488acf7550>>, mixin_verb=('build',))
[0.151s] Level 1:colcon.colcon_core.package_discovery:discover_packages(colcon_meta) check parameters
[0.151s] Level 1:colcon.colcon_core.package_discovery:discover_packages(recursive) check parameters
[0.151s] Level 1:colcon.colcon_core.package_discovery:discover_packages(ignore) check parameters
[0.151s] Level 1:colcon.colcon_core.package_discovery:discover_packages(path) check parameters
[0.151s] Level 1:colcon.colcon_core.package_discovery:discover_packages(colcon_meta) discover
[0.151s] Level 1:colcon.colcon_core.package_discovery:discover_packages(recursive) discover
[0.151s] INFO:colcon.colcon_core.package_discovery:Crawling recursively for packages in '/home/roverj8/LUIS/ARGJ08/ARGOSJ8_IA_'
[0.151s] Level 1:colcon.colcon_core.package_identification:_identify(.) by extensions ['ignore', 'ignore_ament_install']
[0.151s] Level 1:colcon.colcon_core.package_identification:_identify(.) by extension 'ignore'
[0.151s] Level 1:colcon.colcon_core.package_identification:_identify(.) by extension 'ignore_ament_install'
[0.151s] Level 1:colcon.colcon_core.package_identification:_identify(.) by extensions ['colcon_pkg']
[0.151s] Level 1:colcon.colcon_core.package_identification:_identify(.) by extension 'colcon_pkg'
[0.151s] Level 1:colcon.colcon_core.package_identification:_identify(.) by extensions ['colcon_meta']
[0.151s] Level 1:colcon.colcon_core.package_identification:_identify(.) by extension 'colcon_meta'
[0.151s] Level 1:colcon.colcon_core.package_identification:_identify(.) by extensions ['ros']
[0.151s] Level 1:colcon.colcon_core.package_identification:_identify(.) by extension 'ros'
[0.161s] Level 1:colcon.colcon_core.package_identification:_identify(.) by extensions ['cmake', 'python']
[0.161s] Level 1:colcon.colcon_core.package_identification:_identify(.) by extension 'cmake'
[0.162s] Level 1:colcon.colcon_core.package_identification:_identify(.) by extension 'python'
[0.162s] Level 1:colcon.colcon_core.package_identification:_identify(.) by extensions ['python_setup_py']
[0.162s] Level 1:colcon.colcon_core.package_identification:_identify(.) by extension 'python_setup_py'
[0.162s] Level 1:colcon.colcon_core.package_identification:_identify(build) by extensions ['ignore', 'ignore_ament_install']
[0.162s] Level 1:colcon.colcon_core.package_identification:_identify(build) by extension 'ignore'
[0.162s] Level 1:colcon.colcon_core.package_identification:_identify(build) ignored
[0.162s] Level 1:colcon.colcon_core.package_identification:_identify(docs) by extensions ['ignore', 'ignore_ament_install']
[0.162s] Level 1:colcon.colcon_core.package_identification:_identify(docs) by extension 'ignore'
[0.162s] Level 1:colcon.colcon_core.package_identification:_identify(docs) by extension 'ignore_ament_install'
[0.162s] Level 1:colcon.colcon_core.package_identification:_identify(docs) by extensions ['colcon_pkg']
[0.162s] Level 1:colcon.colcon_core.package_identification:_identify(docs) by extension 'colcon_pkg'
[0.162s] Level 1:colcon.colcon_core.package_identification:_identify(docs) by extensions ['colcon_meta']
[0.162s] Level 1:colcon.colcon_core.package_identification:_identify(docs) by extension 'colcon_meta'
[0.162s] Level 1:colcon.colcon_core.package_identification:_identify(docs) by extensions ['ros']
[0.162s] Level 1:colcon.colcon_core.package_identification:_identify(docs) by extension 'ros'
[0.162s] Level 1:colcon.colcon_core.package_identification:_identify(docs) by extensions ['cmake', 'python']
[0.162s] Level 1:colcon.colcon_core.package_identification:_identify(docs) by extension 'cmake'
[0.162s] Level 1:colcon.colcon_core.package_identification:_identify(docs) by extension 'python'
[0.162s] Level 1:colcon.colcon_core.package_identification:_identify(docs) by extensions ['python_setup_py']
[0.162s] Level 1:colcon.colcon_core.package_identification:_identify(docs) by extension 'python_setup_py'
[0.162s] Level 1:colcon.colcon_core.package_identification:_identify(install) by extensions ['ignore', 'ignore_ament_install']
[0.162s] Level 1:colcon.colcon_core.package_identification:_identify(install) by extension 'ignore'
[0.162s] Level 1:colcon.colcon_core.package_identification:_identify(install) ignored
[0.162s] Level 1:colcon.colcon_core.package_identification:_identify(log) by extensions ['ignore', 'ignore_ament_install']
[0.162s] Level 1:colcon.colcon_core.package_identification:_identify(log) by extension 'ignore'
[0.162s] Level 1:colcon.colcon_core.package_identification:_identify(log) ignored
[0.162s] Level 1:colcon.colcon_core.package_identification:_identify(src) by extensions ['ignore', 'ignore_ament_install']
[0.162s] Level 1:colcon.colcon_core.package_identification:_identify(src) by extension 'ignore'
[0.163s] Level 1:colcon.colcon_core.package_identification:_identify(src) by extension 'ignore_ament_install'
[0.163s] Level 1:colcon.colcon_core.package_identification:_identify(src) by extensions ['colcon_pkg']
[0.163s] Level 1:colcon.colcon_core.package_identification:_identify(src) by extension 'colcon_pkg'
[0.163s] Level 1:colcon.colcon_core.package_identification:_identify(src) by extensions ['colcon_meta']
[0.163s] Level 1:colcon.colcon_core.package_identification:_identify(src) by extension 'colcon_meta'
[0.163s] Level 1:colcon.colcon_core.package_identification:_identify(src) by extensions ['ros']
[0.163s] Level 1:colcon.colcon_core.package_identification:_identify(src) by extension 'ros'
[0.163s] Level 1:colcon.colcon_core.package_identification:_identify(src) by extensions ['cmake', 'python']
[0.163s] Level 1:colcon.colcon_core.package_identification:_identify(src) by extension 'cmake'
[0.163s] Level 1:colcon.colcon_core.package_identification:_identify(src) by extension 'python'
[0.163s] Level 1:colcon.colcon_core.package_identification:_identify(src) by extensions ['python_setup_py']
[0.163s] Level 1:colcon.colcon_core.package_identification:_identify(src) by extension 'python_setup_py'
[0.163s] Level 1:colcon.colcon_core.package_identification:_identify(src/GUI_pkg) by extensions ['ignore', 'ignore_ament_install']
[0.163s] Level 1:colcon.colcon_core.package_identification:_identify(src/GUI_pkg) by extension 'ignore'
[0.163s] Level 1:colcon.colcon_core.package_identification:_identify(src/GUI_pkg) by extension 'ignore_ament_install'
[0.163s] Level 1:colcon.colcon_core.package_identification:_identify(src/GUI_pkg) by extensions ['colcon_pkg']
[0.163s] Level 1:colcon.colcon_core.package_identification:_identify(src/GUI_pkg) by extension 'colcon_pkg'
[0.163s] Level 1:colcon.colcon_core.package_identification:_identify(src/GUI_pkg) by extensions ['colcon_meta']
[0.163s] Level 1:colcon.colcon_core.package_identification:_identify(src/GUI_pkg) by extension 'colcon_meta'
[0.163s] Level 1:colcon.colcon_core.package_identification:_identify(src/GUI_pkg) by extensions ['ros']
[0.163s] Level 1:colcon.colcon_core.package_identification:_identify(src/GUI_pkg) by extension 'ros'
[0.165s] DEBUG:colcon.colcon_core.package_identification:Package 'src/GUI_pkg' with type 'ros.ament_python' and name 'GUI_pkg'
[0.165s] Level 1:colcon.colcon_core.package_identification:_identify(src/android_ros2_server) by extensions ['ignore', 'ignore_ament_install']
[0.165s] Level 1:colcon.colcon_core.package_identification:_identify(src/android_ros2_server) by extension 'ignore'
[0.165s] Level 1:colcon.colcon_core.package_identification:_identify(src/android_ros2_server) by extension 'ignore_ament_install'
[0.165s] Level 1:colcon.colcon_core.package_identification:_identify(src/android_ros2_server) by extensions ['colcon_pkg']
[0.165s] Level 1:colcon.colcon_core.package_identification:_identify(src/android_ros2_server) by extension 'colcon_pkg'
[0.165s] Level 1:colcon.colcon_core.package_identification:_identify(src/android_ros2_server) by extensions ['colcon_meta']
[0.165s] Level 1:colcon.colcon_core.package_identification:_identify(src/android_ros2_server) by extension 'colcon_meta'
[0.165s] Level 1:colcon.colcon_core.package_identification:_identify(src/android_ros2_server) by extensions ['ros']
[0.165s] Level 1:colcon.colcon_core.package_identification:_identify(src/android_ros2_server) by extension 'ros'
[0.166s] DEBUG:colcon.colcon_core.package_identification:Package 'src/android_ros2_server' with type 'ros.ament_python' and name 'android_ros2_server'
[0.166s] Level 1:colcon.colcon_core.package_identification:_identify(src/argj801_ctl_platform) by extensions ['ignore', 'ignore_ament_install']
[0.166s] Level 1:colcon.colcon_core.package_identification:_identify(src/argj801_ctl_platform) by extension 'ignore'
[0.166s] Level 1:colcon.colcon_core.package_identification:_identify(src/argj801_ctl_platform) by extension 'ignore_ament_install'
[0.166s] Level 1:colcon.colcon_core.package_identification:_identify(src/argj801_ctl_platform) by extensions ['colcon_pkg']
[0.166s] Level 1:colcon.colcon_core.package_identification:_identify(src/argj801_ctl_platform) by extension 'colcon_pkg'
[0.166s] Level 1:colcon.colcon_core.package_identification:_identify(src/argj801_ctl_platform) by extensions ['colcon_meta']
[0.166s] Level 1:colcon.colcon_core.package_identification:_identify(src/argj801_ctl_platform) by extension 'colcon_meta'
[0.166s] Level 1:colcon.colcon_core.package_identification:_identify(src/argj801_ctl_platform) by extensions ['ros']
[0.166s] Level 1:colcon.colcon_core.package_identification:_identify(src/argj801_ctl_platform) by extension 'ros'
[0.166s] Level 1:colcon.colcon_core.package_identification:_identify(src/argj801_ctl_platform) by extensions ['cmake', 'python']
[0.166s] Level 1:colcon.colcon_core.package_identification:_identify(src/argj801_ctl_platform) by extension 'cmake'
[0.166s] Level 1:colcon.colcon_core.package_identification:_identify(src/argj801_ctl_platform) by extension 'python'
[0.166s] Level 1:colcon.colcon_core.package_identification:_identify(src/argj801_ctl_platform) by extensions ['python_setup_py']
[0.166s] Level 1:colcon.colcon_core.package_identification:_identify(src/argj801_ctl_platform) by extension 'python_setup_py'
[0.166s] Level 1:colcon.colcon_core.package_identification:_identify(src/argj801_ctl_platform/argj801_ctl_platform) by extensions ['ignore', 'ignore_ament_install']
[0.166s] Level 1:colcon.colcon_core.package_identification:_identify(src/argj801_ctl_platform/argj801_ctl_platform) by extension 'ignore'
[0.166s] Level 1:colcon.colcon_core.package_identification:_identify(src/argj801_ctl_platform/argj801_ctl_platform) by extension 'ignore_ament_install'
[0.166s] Level 1:colcon.colcon_core.package_identification:_identify(src/argj801_ctl_platform/argj801_ctl_platform) by extensions ['colcon_pkg']
[0.166s] Level 1:colcon.colcon_core.package_identification:_identify(src/argj801_ctl_platform/argj801_ctl_platform) by extension 'colcon_pkg'
[0.166s] Level 1:colcon.colcon_core.package_identification:_identify(src/argj801_ctl_platform/argj801_ctl_platform) by extensions ['colcon_meta']
[0.166s] Level 1:colcon.colcon_core.package_identification:_identify(src/argj801_ctl_platform/argj801_ctl_platform) by extension 'colcon_meta'
[0.166s] Level 1:colcon.colcon_core.package_identification:_identify(src/argj801_ctl_platform/argj801_ctl_platform) by extensions ['ros']
[0.166s] Level 1:colcon.colcon_core.package_identification:_identify(src/argj801_ctl_platform/argj801_ctl_platform) by extension 'ros'
[0.167s] DEBUG:colcon.colcon_core.package_identification:Package 'src/argj801_ctl_platform/argj801_ctl_platform' with type 'ros.ament_cmake' and name 'argj801_ctl_platform'
[0.167s] Level 1:colcon.colcon_core.package_identification:_identify(src/argj801_ctl_platform/argj801_ctl_platform_interfaces) by extensions ['ignore', 'ignore_ament_install']
[0.167s] Level 1:colcon.colcon_core.package_identification:_identify(src/argj801_ctl_platform/argj801_ctl_platform_interfaces) by extension 'ignore'
[0.167s] Level 1:colcon.colcon_core.package_identification:_identify(src/argj801_ctl_platform/argj801_ctl_platform_interfaces) by extension 'ignore_ament_install'
[0.167s] Level 1:colcon.colcon_core.package_identification:_identify(src/argj801_ctl_platform/argj801_ctl_platform_interfaces) by extensions ['colcon_pkg']
[0.167s] Level 1:colcon.colcon_core.package_identification:_identify(src/argj801_ctl_platform/argj801_ctl_platform_interfaces) by extension 'colcon_pkg'
[0.167s] Level 1:colcon.colcon_core.package_identification:_identify(src/argj801_ctl_platform/argj801_ctl_platform_interfaces) by extensions ['colcon_meta']
[0.167s] Level 1:colcon.colcon_core.package_identification:_identify(src/argj801_ctl_platform/argj801_ctl_platform_interfaces) by extension 'colcon_meta'
[0.167s] Level 1:colcon.colcon_core.package_identification:_identify(src/argj801_ctl_platform/argj801_ctl_platform_interfaces) by extensions ['ros']
[0.167s] Level 1:colcon.colcon_core.package_identification:_identify(src/argj801_ctl_platform/argj801_ctl_platform_interfaces) by extension 'ros'
[0.168s] DEBUG:colcon.colcon_core.package_identification:Package 'src/argj801_ctl_platform/argj801_ctl_platform_interfaces' with type 'ros.ament_cmake' and name 'argj801_ctl_platform_interfaces'
[0.168s] Level 1:colcon.colcon_core.package_identification:_identify(src/argj801_setup) by extensions ['ignore', 'ignore_ament_install']
[0.168s] Level 1:colcon.colcon_core.package_identification:_identify(src/argj801_setup) by extension 'ignore'
[0.168s] Level 1:colcon.colcon_core.package_identification:_identify(src/argj801_setup) by extension 'ignore_ament_install'
[0.168s] Level 1:colcon.colcon_core.package_identification:_identify(src/argj801_setup) by extensions ['colcon_pkg']
[0.168s] Level 1:colcon.colcon_core.package_identification:_identify(src/argj801_setup) by extension 'colcon_pkg'
[0.168s] Level 1:colcon.colcon_core.package_identification:_identify(src/argj801_setup) by extensions ['colcon_meta']
[0.168s] Level 1:colcon.colcon_core.package_identification:_identify(src/argj801_setup) by extension 'colcon_meta'
[0.168s] Level 1:colcon.colcon_core.package_identification:_identify(src/argj801_setup) by extensions ['ros']
[0.168s] Level 1:colcon.colcon_core.package_identification:_identify(src/argj801_setup) by extension 'ros'
[0.168s] DEBUG:colcon.colcon_core.package_identification:Package 'src/argj801_setup' with type 'ros.ament_cmake' and name 'argj801_setup'
[0.168s] Level 1:colcon.colcon_core.package_identification:_identify(src/argo_drivers_pkgs) by extensions ['ignore', 'ignore_ament_install']
[0.168s] Level 1:colcon.colcon_core.package_identification:_identify(src/argo_drivers_pkgs) by extension 'ignore'
[0.168s] Level 1:colcon.colcon_core.package_identification:_identify(src/argo_drivers_pkgs) by extension 'ignore_ament_install'
[0.168s] Level 1:colcon.colcon_core.package_identification:_identify(src/argo_drivers_pkgs) by extensions ['colcon_pkg']
[0.169s] Level 1:colcon.colcon_core.package_identification:_identify(src/argo_drivers_pkgs) by extension 'colcon_pkg'
[0.169s] Level 1:colcon.colcon_core.package_identification:_identify(src/argo_drivers_pkgs) by extensions ['colcon_meta']
[0.169s] Level 1:colcon.colcon_core.package_identification:_identify(src/argo_drivers_pkgs) by extension 'colcon_meta'
[0.169s] Level 1:colcon.colcon_core.package_identification:_identify(src/argo_drivers_pkgs) by extensions ['ros']
[0.169s] Level 1:colcon.colcon_core.package_identification:_identify(src/argo_drivers_pkgs) by extension 'ros'
[0.169s] Level 1:colcon.colcon_core.package_identification:_identify(src/argo_drivers_pkgs) by extensions ['cmake', 'python']
[0.169s] Level 1:colcon.colcon_core.package_identification:_identify(src/argo_drivers_pkgs) by extension 'cmake'
[0.169s] Level 1:colcon.colcon_core.package_identification:_identify(src/argo_drivers_pkgs) by extension 'python'
[0.169s] Level 1:colcon.colcon_core.package_identification:_identify(src/argo_drivers_pkgs) by extensions ['python_setup_py']
[0.169s] Level 1:colcon.colcon_core.package_identification:_identify(src/argo_drivers_pkgs) by extension 'python_setup_py'
[0.169s] Level 1:colcon.colcon_core.package_identification:_identify(src/argo_drivers_pkgs/Fixposition_driver_pkg) by extensions ['ignore', 'ignore_ament_install']
[0.169s] Level 1:colcon.colcon_core.package_identification:_identify(src/argo_drivers_pkgs/Fixposition_driver_pkg) by extension 'ignore'
[0.169s] Level 1:colcon.colcon_core.package_identification:_identify(src/argo_drivers_pkgs/Fixposition_driver_pkg) by extension 'ignore_ament_install'
[0.169s] Level 1:colcon.colcon_core.package_identification:_identify(src/argo_drivers_pkgs/Fixposition_driver_pkg) by extensions ['colcon_pkg']
[0.169s] Level 1:colcon.colcon_core.package_identification:_identify(src/argo_drivers_pkgs/Fixposition_driver_pkg) by extension 'colcon_pkg'
[0.169s] Level 1:colcon.colcon_core.package_identification:_identify(src/argo_drivers_pkgs/Fixposition_driver_pkg) by extensions ['colcon_meta']
[0.169s] Level 1:colcon.colcon_core.package_identification:_identify(src/argo_drivers_pkgs/Fixposition_driver_pkg) by extension 'colcon_meta'
[0.169s] Level 1:colcon.colcon_core.package_identification:_identify(src/argo_drivers_pkgs/Fixposition_driver_pkg) by extensions ['ros']
[0.169s] Level 1:colcon.colcon_core.package_identification:_identify(src/argo_drivers_pkgs/Fixposition_driver_pkg) by extension 'ros'
[0.169s] Level 1:colcon.colcon_core.package_identification:_identify(src/argo_drivers_pkgs/Fixposition_driver_pkg) by extensions ['cmake', 'python']
[0.169s] Level 1:colcon.colcon_core.package_identification:_identify(src/argo_drivers_pkgs/Fixposition_driver_pkg) by extension 'cmake'
[0.169s] Level 1:colcon.colcon_core.package_identification:_identify(src/argo_drivers_pkgs/Fixposition_driver_pkg) by extension 'python'
[0.169s] Level 1:colcon.colcon_core.package_identification:_identify(src/argo_drivers_pkgs/Fixposition_driver_pkg) by extensions ['python_setup_py']
[0.169s] Level 1:colcon.colcon_core.package_identification:_identify(src/argo_drivers_pkgs/Fixposition_driver_pkg) by extension 'python_setup_py'
[0.169s] Level 1:colcon.colcon_core.package_identification:_identify(src/argo_drivers_pkgs/Fixposition_driver_pkg/fixposition_driver-main) by extensions ['ignore', 'ignore_ament_install']
[0.169s] Level 1:colcon.colcon_core.package_identification:_identify(src/argo_drivers_pkgs/Fixposition_driver_pkg/fixposition_driver-main) by extension 'ignore'
[0.169s] Level 1:colcon.colcon_core.package_identification:_identify(src/argo_drivers_pkgs/Fixposition_driver_pkg/fixposition_driver-main) by extension 'ignore_ament_install'
[0.169s] Level 1:colcon.colcon_core.package_identification:_identify(src/argo_drivers_pkgs/Fixposition_driver_pkg/fixposition_driver-main) by extensions ['colcon_pkg']
[0.169s] Level 1:colcon.colcon_core.package_identification:_identify(src/argo_drivers_pkgs/Fixposition_driver_pkg/fixposition_driver-main) by extension 'colcon_pkg'
[0.169s] Level 1:colcon.colcon_core.package_identification:_identify(src/argo_drivers_pkgs/Fixposition_driver_pkg/fixposition_driver-main) by extensions ['colcon_meta']
[0.169s] Level 1:colcon.colcon_core.package_identification:_identify(src/argo_drivers_pkgs/Fixposition_driver_pkg/fixposition_driver-main) by extension 'colcon_meta'
[0.169s] Level 1:colcon.colcon_core.package_identification:_identify(src/argo_drivers_pkgs/Fixposition_driver_pkg/fixposition_driver-main) by extensions ['ros']
[0.169s] Level 1:colcon.colcon_core.package_identification:_identify(src/argo_drivers_pkgs/Fixposition_driver_pkg/fixposition_driver-main) by extension 'ros'
[0.169s] Level 1:colcon.colcon_core.package_identification:_identify(src/argo_drivers_pkgs/Fixposition_driver_pkg/fixposition_driver-main) by extensions ['cmake', 'python']
[0.169s] Level 1:colcon.colcon_core.package_identification:_identify(src/argo_drivers_pkgs/Fixposition_driver_pkg/fixposition_driver-main) by extension 'cmake'
[0.169s] Level 1:colcon.colcon_core.package_identification:_identify(src/argo_drivers_pkgs/Fixposition_driver_pkg/fixposition_driver-main) by extension 'python'
[0.169s] Level 1:colcon.colcon_core.package_identification:_identify(src/argo_drivers_pkgs/Fixposition_driver_pkg/fixposition_driver-main) by extensions ['python_setup_py']
[0.169s] Level 1:colcon.colcon_core.package_identification:_identify(src/argo_drivers_pkgs/Fixposition_driver_pkg/fixposition_driver-main) by extension 'python_setup_py'
[0.170s] Level 1:colcon.colcon_core.package_identification:_identify(src/argo_drivers_pkgs/Fixposition_driver_pkg/fixposition_driver-main/fixposition_driver_lib) by extensions ['ignore', 'ignore_ament_install']
[0.170s] Level 1:colcon.colcon_core.package_identification:_identify(src/argo_drivers_pkgs/Fixposition_driver_pkg/fixposition_driver-main/fixposition_driver_lib) by extension 'ignore'
[0.170s] Level 1:colcon.colcon_core.package_identification:_identify(src/argo_drivers_pkgs/Fixposition_driver_pkg/fixposition_driver-main/fixposition_driver_lib) by extension 'ignore_ament_install'
[0.170s] Level 1:colcon.colcon_core.package_identification:_identify(src/argo_drivers_pkgs/Fixposition_driver_pkg/fixposition_driver-main/fixposition_driver_lib) by extensions ['colcon_pkg']
[0.170s] Level 1:colcon.colcon_core.package_identification:_identify(src/argo_drivers_pkgs/Fixposition_driver_pkg/fixposition_driver-main/fixposition_driver_lib) by extension 'colcon_pkg'
[0.170s] Level 1:colcon.colcon_core.package_identification:_identify(src/argo_drivers_pkgs/Fixposition_driver_pkg/fixposition_driver-main/fixposition_driver_lib) by extensions ['colcon_meta']
[0.170s] Level 1:colcon.colcon_core.package_identification:_identify(src/argo_drivers_pkgs/Fixposition_driver_pkg/fixposition_driver-main/fixposition_driver_lib) by extension 'colcon_meta'
[0.170s] Level 1:colcon.colcon_core.package_identification:_identify(src/argo_drivers_pkgs/Fixposition_driver_pkg/fixposition_driver-main/fixposition_driver_lib) by extensions ['ros']
[0.170s] Level 1:colcon.colcon_core.package_identification:_identify(src/argo_drivers_pkgs/Fixposition_driver_pkg/fixposition_driver-main/fixposition_driver_lib) by extension 'ros'
[0.172s] DEBUG:colcon.colcon_core.package_identification:Package 'src/argo_drivers_pkgs/Fixposition_driver_pkg/fixposition_driver-main/fixposition_driver_lib' with type 'ros.cmake' and name 'fixposition_driver_lib'
[0.172s] Level 1:colcon.colcon_core.package_identification:_identify(src/argo_drivers_pkgs/Fixposition_driver_pkg/fixposition_driver-main/fixposition_driver_ros1) by extensions ['ignore', 'ignore_ament_install']
[0.172s] Level 1:colcon.colcon_core.package_identification:_identify(src/argo_drivers_pkgs/Fixposition_driver_pkg/fixposition_driver-main/fixposition_driver_ros1) by extension 'ignore'
[0.172s] Level 1:colcon.colcon_core.package_identification:_identify(src/argo_drivers_pkgs/Fixposition_driver_pkg/fixposition_driver-main/fixposition_driver_ros1) ignored
[0.172s] Level 1:colcon.colcon_core.package_identification:_identify(src/argo_drivers_pkgs/Fixposition_driver_pkg/fixposition_driver-main/fixposition_driver_ros2) by extensions ['ignore', 'ignore_ament_install']
[0.172s] Level 1:colcon.colcon_core.package_identification:_identify(src/argo_drivers_pkgs/Fixposition_driver_pkg/fixposition_driver-main/fixposition_driver_ros2) by extension 'ignore'
[0.172s] Level 1:colcon.colcon_core.package_identification:_identify(src/argo_drivers_pkgs/Fixposition_driver_pkg/fixposition_driver-main/fixposition_driver_ros2) by extension 'ignore_ament_install'
[0.172s] Level 1:colcon.colcon_core.package_identification:_identify(src/argo_drivers_pkgs/Fixposition_driver_pkg/fixposition_driver-main/fixposition_driver_ros2) by extensions ['colcon_pkg']
[0.172s] Level 1:colcon.colcon_core.package_identification:_identify(src/argo_drivers_pkgs/Fixposition_driver_pkg/fixposition_driver-main/fixposition_driver_ros2) by extension 'colcon_pkg'
[0.172s] Level 1:colcon.colcon_core.package_identification:_identify(src/argo_drivers_pkgs/Fixposition_driver_pkg/fixposition_driver-main/fixposition_driver_ros2) by extensions ['colcon_meta']
[0.172s] Level 1:colcon.colcon_core.package_identification:_identify(src/argo_drivers_pkgs/Fixposition_driver_pkg/fixposition_driver-main/fixposition_driver_ros2) by extension 'colcon_meta'
[0.172s] Level 1:colcon.colcon_core.package_identification:_identify(src/argo_drivers_pkgs/Fixposition_driver_pkg/fixposition_driver-main/fixposition_driver_ros2) by extensions ['ros']
[0.172s] Level 1:colcon.colcon_core.package_identification:_identify(src/argo_drivers_pkgs/Fixposition_driver_pkg/fixposition_driver-main/fixposition_driver_ros2) by extension 'ros'
[0.173s] DEBUG:colcon.colcon_core.package_identification:Package 'src/argo_drivers_pkgs/Fixposition_driver_pkg/fixposition_driver-main/fixposition_driver_ros2' with type 'ros.ament_cmake' and name 'fixposition_driver_ros2'
[0.173s] Level 1:colcon.colcon_core.package_identification:_identify(src/argo_drivers_pkgs/Fixposition_driver_pkg/fixposition_driver-main/fixposition_odometry_converter_ros2) by extensions ['ignore', 'ignore_ament_install']
[0.173s] Level 1:colcon.colcon_core.package_identification:_identify(src/argo_drivers_pkgs/Fixposition_driver_pkg/fixposition_driver-main/fixposition_odometry_converter_ros2) by extension 'ignore'
[0.173s] Level 1:colcon.colcon_core.package_identification:_identify(src/argo_drivers_pkgs/Fixposition_driver_pkg/fixposition_driver-main/fixposition_odometry_converter_ros2) by extension 'ignore_ament_install'
[0.173s] Level 1:colcon.colcon_core.package_identification:_identify(src/argo_drivers_pkgs/Fixposition_driver_pkg/fixposition_driver-main/fixposition_odometry_converter_ros2) by extensions ['colcon_pkg']
[0.173s] Level 1:colcon.colcon_core.package_identification:_identify(src/argo_drivers_pkgs/Fixposition_driver_pkg/fixposition_driver-main/fixposition_odometry_converter_ros2) by extension 'colcon_pkg'
[0.173s] Level 1:colcon.colcon_core.package_identification:_identify(src/argo_drivers_pkgs/Fixposition_driver_pkg/fixposition_driver-main/fixposition_odometry_converter_ros2) by extensions ['colcon_meta']
[0.173s] Level 1:colcon.colcon_core.package_identification:_identify(src/argo_drivers_pkgs/Fixposition_driver_pkg/fixposition_driver-main/fixposition_odometry_converter_ros2) by extension 'colcon_meta'
[0.173s] Level 1:colcon.colcon_core.package_identification:_identify(src/argo_drivers_pkgs/Fixposition_driver_pkg/fixposition_driver-main/fixposition_odometry_converter_ros2) by extensions ['ros']
[0.173s] Level 1:colcon.colcon_core.package_identification:_identify(src/argo_drivers_pkgs/Fixposition_driver_pkg/fixposition_driver-main/fixposition_odometry_converter_ros2) by extension 'ros'
[0.174s] DEBUG:colcon.colcon_core.package_identification:Package 'src/argo_drivers_pkgs/Fixposition_driver_pkg/fixposition_driver-main/fixposition_odometry_converter_ros2' with type 'ros.ament_cmake' and name 'fixposition_odometry_converter_ros2'
[0.174s] Level 1:colcon.colcon_core.package_identification:_identify(src/argo_drivers_pkgs/Fixposition_driver_pkg/fixposition_driver-main/test) by extensions ['ignore', 'ignore_ament_install']
[0.174s] Level 1:colcon.colcon_core.package_identification:_identify(src/argo_drivers_pkgs/Fixposition_driver_pkg/fixposition_driver-main/test) by extension 'ignore'
[0.174s] Level 1:colcon.colcon_core.package_identification:_identify(src/argo_drivers_pkgs/Fixposition_driver_pkg/fixposition_driver-main/test) by extension 'ignore_ament_install'
[0.174s] Level 1:colcon.colcon_core.package_identification:_identify(src/argo_drivers_pkgs/Fixposition_driver_pkg/fixposition_driver-main/test) by extensions ['colcon_pkg']
[0.174s] Level 1:colcon.colcon_core.package_identification:_identify(src/argo_drivers_pkgs/Fixposition_driver_pkg/fixposition_driver-main/test) by extension 'colcon_pkg'
[0.174s] Level 1:colcon.colcon_core.package_identification:_identify(src/argo_drivers_pkgs/Fixposition_driver_pkg/fixposition_driver-main/test) by extensions ['colcon_meta']
[0.174s] Level 1:colcon.colcon_core.package_identification:_identify(src/argo_drivers_pkgs/Fixposition_driver_pkg/fixposition_driver-main/test) by extension 'colcon_meta'
[0.174s] Level 1:colcon.colcon_core.package_identification:_identify(src/argo_drivers_pkgs/Fixposition_driver_pkg/fixposition_driver-main/test) by extensions ['ros']
[0.174s] Level 1:colcon.colcon_core.package_identification:_identify(src/argo_drivers_pkgs/Fixposition_driver_pkg/fixposition_driver-main/test) by extension 'ros'
[0.174s] Level 1:colcon.colcon_core.package_identification:_identify(src/argo_drivers_pkgs/Fixposition_driver_pkg/fixposition_driver-main/test) by extensions ['cmake', 'python']
[0.174s] Level 1:colcon.colcon_core.package_identification:_identify(src/argo_drivers_pkgs/Fixposition_driver_pkg/fixposition_driver-main/test) by extension 'cmake'
[0.174s] Level 1:colcon.colcon_core.package_identification:_identify(src/argo_drivers_pkgs/Fixposition_driver_pkg/fixposition_driver-main/test) by extension 'python'
[0.174s] Level 1:colcon.colcon_core.package_identification:_identify(src/argo_drivers_pkgs/Fixposition_driver_pkg/fixposition_driver-main/test) by extensions ['python_setup_py']
[0.174s] Level 1:colcon.colcon_core.package_identification:_identify(src/argo_drivers_pkgs/Fixposition_driver_pkg/fixposition_driver-main/test) by extension 'python_setup_py'
[0.174s] Level 1:colcon.colcon_core.package_identification:_identify(src/argo_drivers_pkgs/Fixposition_driver_pkg/fixposition_driver-main/test/data) by extensions ['ignore', 'ignore_ament_install']
[0.174s] Level 1:colcon.colcon_core.package_identification:_identify(src/argo_drivers_pkgs/Fixposition_driver_pkg/fixposition_driver-main/test/data) by extension 'ignore'
[0.174s] Level 1:colcon.colcon_core.package_identification:_identify(src/argo_drivers_pkgs/Fixposition_driver_pkg/fixposition_driver-main/test/data) by extension 'ignore_ament_install'
[0.174s] Level 1:colcon.colcon_core.package_identification:_identify(src/argo_drivers_pkgs/Fixposition_driver_pkg/fixposition_driver-main/test/data) by extensions ['colcon_pkg']
[0.174s] Level 1:colcon.colcon_core.package_identification:_identify(src/argo_drivers_pkgs/Fixposition_driver_pkg/fixposition_driver-main/test/data) by extension 'colcon_pkg'
[0.174s] Level 1:colcon.colcon_core.package_identification:_identify(src/argo_drivers_pkgs/Fixposition_driver_pkg/fixposition_driver-main/test/data) by extensions ['colcon_meta']
[0.174s] Level 1:colcon.colcon_core.package_identification:_identify(src/argo_drivers_pkgs/Fixposition_driver_pkg/fixposition_driver-main/test/data) by extension 'colcon_meta'
[0.174s] Level 1:colcon.colcon_core.package_identification:_identify(src/argo_drivers_pkgs/Fixposition_driver_pkg/fixposition_driver-main/test/data) by extensions ['ros']
[0.174s] Level 1:colcon.colcon_core.package_identification:_identify(src/argo_drivers_pkgs/Fixposition_driver_pkg/fixposition_driver-main/test/data) by extension 'ros'
[0.174s] Level 1:colcon.colcon_core.package_identification:_identify(src/argo_drivers_pkgs/Fixposition_driver_pkg/fixposition_driver-main/test/data) by extensions ['cmake', 'python']
[0.174s] Level 1:colcon.colcon_core.package_identification:_identify(src/argo_drivers_pkgs/Fixposition_driver_pkg/fixposition_driver-main/test/data) by extension 'cmake'
[0.174s] Level 1:colcon.colcon_core.package_identification:_identify(src/argo_drivers_pkgs/Fixposition_driver_pkg/fixposition_driver-main/test/data) by extension 'python'
[0.174s] Level 1:colcon.colcon_core.package_identification:_identify(src/argo_drivers_pkgs/Fixposition_driver_pkg/fixposition_driver-main/test/data) by extensions ['python_setup_py']
[0.174s] Level 1:colcon.colcon_core.package_identification:_identify(src/argo_drivers_pkgs/Fixposition_driver_pkg/fixposition_driver-main/test/data) by extension 'python_setup_py'
[0.175s] Level 1:colcon.colcon_core.package_identification:_identify(src/argo_drivers_pkgs/Fixposition_driver_pkg/fixposition_gnss_tf-main) by extensions ['ignore', 'ignore_ament_install']
[0.175s] Level 1:colcon.colcon_core.package_identification:_identify(src/argo_drivers_pkgs/Fixposition_driver_pkg/fixposition_gnss_tf-main) by extension 'ignore'
[0.175s] Level 1:colcon.colcon_core.package_identification:_identify(src/argo_drivers_pkgs/Fixposition_driver_pkg/fixposition_gnss_tf-main) by extension 'ignore_ament_install'
[0.175s] Level 1:colcon.colcon_core.package_identification:_identify(src/argo_drivers_pkgs/Fixposition_driver_pkg/fixposition_gnss_tf-main) by extensions ['colcon_pkg']
[0.175s] Level 1:colcon.colcon_core.package_identification:_identify(src/argo_drivers_pkgs/Fixposition_driver_pkg/fixposition_gnss_tf-main) by extension 'colcon_pkg'
[0.175s] Level 1:colcon.colcon_core.package_identification:_identify(src/argo_drivers_pkgs/Fixposition_driver_pkg/fixposition_gnss_tf-main) by extensions ['colcon_meta']
[0.175s] Level 1:colcon.colcon_core.package_identification:_identify(src/argo_drivers_pkgs/Fixposition_driver_pkg/fixposition_gnss_tf-main) by extension 'colcon_meta'
[0.175s] Level 1:colcon.colcon_core.package_identification:_identify(src/argo_drivers_pkgs/Fixposition_driver_pkg/fixposition_gnss_tf-main) by extensions ['ros']
[0.175s] Level 1:colcon.colcon_core.package_identification:_identify(src/argo_drivers_pkgs/Fixposition_driver_pkg/fixposition_gnss_tf-main) by extension 'ros'
[0.176s] DEBUG:colcon.colcon_core.package_identification:Package 'src/argo_drivers_pkgs/Fixposition_driver_pkg/fixposition_gnss_tf-main' with type 'ros.cmake' and name 'fixposition_gnss_tf'
[0.176s] Level 1:colcon.colcon_core.package_identification:_identify(src/argo_drivers_pkgs/argj801_sensors) by extensions ['ignore', 'ignore_ament_install']
[0.176s] Level 1:colcon.colcon_core.package_identification:_identify(src/argo_drivers_pkgs/argj801_sensors) by extension 'ignore'
[0.176s] Level 1:colcon.colcon_core.package_identification:_identify(src/argo_drivers_pkgs/argj801_sensors) by extension 'ignore_ament_install'
[0.176s] Level 1:colcon.colcon_core.package_identification:_identify(src/argo_drivers_pkgs/argj801_sensors) by extensions ['colcon_pkg']
[0.176s] Level 1:colcon.colcon_core.package_identification:_identify(src/argo_drivers_pkgs/argj801_sensors) by extension 'colcon_pkg'
[0.176s] Level 1:colcon.colcon_core.package_identification:_identify(src/argo_drivers_pkgs/argj801_sensors) by extensions ['colcon_meta']
[0.176s] Level 1:colcon.colcon_core.package_identification:_identify(src/argo_drivers_pkgs/argj801_sensors) by extension 'colcon_meta'
[0.176s] Level 1:colcon.colcon_core.package_identification:_identify(src/argo_drivers_pkgs/argj801_sensors) by extensions ['ros']
[0.176s] Level 1:colcon.colcon_core.package_identification:_identify(src/argo_drivers_pkgs/argj801_sensors) by extension 'ros'
[0.176s] Level 1:colcon.colcon_core.package_identification:_identify(src/argo_drivers_pkgs/argj801_sensors) by extensions ['cmake', 'python']
[0.176s] Level 1:colcon.colcon_core.package_identification:_identify(src/argo_drivers_pkgs/argj801_sensors) by extension 'cmake'
[0.176s] Level 1:colcon.colcon_core.package_identification:_identify(src/argo_drivers_pkgs/argj801_sensors) by extension 'python'
[0.176s] Level 1:colcon.colcon_core.package_identification:_identify(src/argo_drivers_pkgs/argj801_sensors) by extensions ['python_setup_py']
[0.176s] Level 1:colcon.colcon_core.package_identification:_identify(src/argo_drivers_pkgs/argj801_sensors) by extension 'python_setup_py'
[0.176s] Level 1:colcon.colcon_core.package_identification:_identify(src/argo_drivers_pkgs/argj801_sensors/argj801_sensors) by extensions ['ignore', 'ignore_ament_install']
[0.176s] Level 1:colcon.colcon_core.package_identification:_identify(src/argo_drivers_pkgs/argj801_sensors/argj801_sensors) by extension 'ignore'
[0.176s] Level 1:colcon.colcon_core.package_identification:_identify(src/argo_drivers_pkgs/argj801_sensors/argj801_sensors) by extension 'ignore_ament_install'
[0.176s] Level 1:colcon.colcon_core.package_identification:_identify(src/argo_drivers_pkgs/argj801_sensors/argj801_sensors) by extensions ['colcon_pkg']
[0.176s] Level 1:colcon.colcon_core.package_identification:_identify(src/argo_drivers_pkgs/argj801_sensors/argj801_sensors) by extension 'colcon_pkg'
[0.176s] Level 1:colcon.colcon_core.package_identification:_identify(src/argo_drivers_pkgs/argj801_sensors/argj801_sensors) by extensions ['colcon_meta']
[0.176s] Level 1:colcon.colcon_core.package_identification:_identify(src/argo_drivers_pkgs/argj801_sensors/argj801_sensors) by extension 'colcon_meta'
[0.176s] Level 1:colcon.colcon_core.package_identification:_identify(src/argo_drivers_pkgs/argj801_sensors/argj801_sensors) by extensions ['ros']
[0.176s] Level 1:colcon.colcon_core.package_identification:_identify(src/argo_drivers_pkgs/argj801_sensors/argj801_sensors) by extension 'ros'
[0.177s] DEBUG:colcon.colcon_core.package_identification:Package 'src/argo_drivers_pkgs/argj801_sensors/argj801_sensors' with type 'ros.ament_cmake' and name 'argj801_sensors'
[0.177s] Level 1:colcon.colcon_core.package_identification:_identify(src/argo_drivers_pkgs/argj801_sensors/argj801_sensors_msgs) by extensions ['ignore', 'ignore_ament_install']
[0.177s] Level 1:colcon.colcon_core.package_identification:_identify(src/argo_drivers_pkgs/argj801_sensors/argj801_sensors_msgs) by extension 'ignore'
[0.177s] Level 1:colcon.colcon_core.package_identification:_identify(src/argo_drivers_pkgs/argj801_sensors/argj801_sensors_msgs) by extension 'ignore_ament_install'
[0.177s] Level 1:colcon.colcon_core.package_identification:_identify(src/argo_drivers_pkgs/argj801_sensors/argj801_sensors_msgs) by extensions ['colcon_pkg']
[0.177s] Level 1:colcon.colcon_core.package_identification:_identify(src/argo_drivers_pkgs/argj801_sensors/argj801_sensors_msgs) by extension 'colcon_pkg'
[0.177s] Level 1:colcon.colcon_core.package_identification:_identify(src/argo_drivers_pkgs/argj801_sensors/argj801_sensors_msgs) by extensions ['colcon_meta']
[0.177s] Level 1:colcon.colcon_core.package_identification:_identify(src/argo_drivers_pkgs/argj801_sensors/argj801_sensors_msgs) by extension 'colcon_meta'
[0.177s] Level 1:colcon.colcon_core.package_identification:_identify(src/argo_drivers_pkgs/argj801_sensors/argj801_sensors_msgs) by extensions ['ros']
[0.177s] Level 1:colcon.colcon_core.package_identification:_identify(src/argo_drivers_pkgs/argj801_sensors/argj801_sensors_msgs) by extension 'ros'
[0.178s] DEBUG:colcon.colcon_core.package_identification:Package 'src/argo_drivers_pkgs/argj801_sensors/argj801_sensors_msgs' with type 'ros.ament_cmake' and name 'argj801_sensors_msgs'
[0.178s] Level 1:colcon.colcon_core.package_identification:_identify(src/argo_drivers_pkgs/ntrip_client) by extensions ['ignore', 'ignore_ament_install']
[0.178s] Level 1:colcon.colcon_core.package_identification:_identify(src/argo_drivers_pkgs/ntrip_client) by extension 'ignore'
[0.178s] Level 1:colcon.colcon_core.package_identification:_identify(src/argo_drivers_pkgs/ntrip_client) by extension 'ignore_ament_install'
[0.178s] Level 1:colcon.colcon_core.package_identification:_identify(src/argo_drivers_pkgs/ntrip_client) by extensions ['colcon_pkg']
[0.178s] Level 1:colcon.colcon_core.package_identification:_identify(src/argo_drivers_pkgs/ntrip_client) by extension 'colcon_pkg'
[0.178s] Level 1:colcon.colcon_core.package_identification:_identify(src/argo_drivers_pkgs/ntrip_client) by extensions ['colcon_meta']
[0.178s] Level 1:colcon.colcon_core.package_identification:_identify(src/argo_drivers_pkgs/ntrip_client) by extension 'colcon_meta'
[0.178s] Level 1:colcon.colcon_core.package_identification:_identify(src/argo_drivers_pkgs/ntrip_client) by extensions ['ros']
[0.178s] Level 1:colcon.colcon_core.package_identification:_identify(src/argo_drivers_pkgs/ntrip_client) by extension 'ros'
[0.179s] DEBUG:colcon.colcon_core.package_identification:Package 'src/argo_drivers_pkgs/ntrip_client' with type 'ros.ament_python' and name 'ntrip_client'
[0.179s] Level 1:colcon.colcon_core.package_identification:_identify(src/argo_drivers_pkgs/ublox) by extensions ['ignore', 'ignore_ament_install']
[0.179s] Level 1:colcon.colcon_core.package_identification:_identify(src/argo_drivers_pkgs/ublox) by extension 'ignore'
[0.179s] Level 1:colcon.colcon_core.package_identification:_identify(src/argo_drivers_pkgs/ublox) by extension 'ignore_ament_install'
[0.179s] Level 1:colcon.colcon_core.package_identification:_identify(src/argo_drivers_pkgs/ublox) by extensions ['colcon_pkg']
[0.179s] Level 1:colcon.colcon_core.package_identification:_identify(src/argo_drivers_pkgs/ublox) by extension 'colcon_pkg'
[0.179s] Level 1:colcon.colcon_core.package_identification:_identify(src/argo_drivers_pkgs/ublox) by extensions ['colcon_meta']
[0.179s] Level 1:colcon.colcon_core.package_identification:_identify(src/argo_drivers_pkgs/ublox) by extension 'colcon_meta'
[0.179s] Level 1:colcon.colcon_core.package_identification:_identify(src/argo_drivers_pkgs/ublox) by extensions ['ros']
[0.179s] Level 1:colcon.colcon_core.package_identification:_identify(src/argo_drivers_pkgs/ublox) by extension 'ros'
[0.179s] Level 1:colcon.colcon_core.package_identification:_identify(src/argo_drivers_pkgs/ublox) by extensions ['cmake', 'python']
[0.179s] Level 1:colcon.colcon_core.package_identification:_identify(src/argo_drivers_pkgs/ublox) by extension 'cmake'
[0.179s] Level 1:colcon.colcon_core.package_identification:_identify(src/argo_drivers_pkgs/ublox) by extension 'python'
[0.179s] Level 1:colcon.colcon_core.package_identification:_identify(src/argo_drivers_pkgs/ublox) by extensions ['python_setup_py']
[0.179s] Level 1:colcon.colcon_core.package_identification:_identify(src/argo_drivers_pkgs/ublox) by extension 'python_setup_py'
[0.179s] Level 1:colcon.colcon_core.package_identification:_identify(src/argo_drivers_pkgs/ublox/ublox) by extensions ['ignore', 'ignore_ament_install']
[0.179s] Level 1:colcon.colcon_core.package_identification:_identify(src/argo_drivers_pkgs/ublox/ublox) by extension 'ignore'
[0.179s] Level 1:colcon.colcon_core.package_identification:_identify(src/argo_drivers_pkgs/ublox/ublox) by extension 'ignore_ament_install'
[0.179s] Level 1:colcon.colcon_core.package_identification:_identify(src/argo_drivers_pkgs/ublox/ublox) by extensions ['colcon_pkg']
[0.179s] Level 1:colcon.colcon_core.package_identification:_identify(src/argo_drivers_pkgs/ublox/ublox) by extension 'colcon_pkg'
[0.179s] Level 1:colcon.colcon_core.package_identification:_identify(src/argo_drivers_pkgs/ublox/ublox) by extensions ['colcon_meta']
[0.179s] Level 1:colcon.colcon_core.package_identification:_identify(src/argo_drivers_pkgs/ublox/ublox) by extension 'colcon_meta'
[0.179s] Level 1:colcon.colcon_core.package_identification:_identify(src/argo_drivers_pkgs/ublox/ublox) by extensions ['ros']
[0.179s] Level 1:colcon.colcon_core.package_identification:_identify(src/argo_drivers_pkgs/ublox/ublox) by extension 'ros'
[0.180s] DEBUG:colcon.colcon_core.package_identification:Package 'src/argo_drivers_pkgs/ublox/ublox' with type 'ros.ament_cmake' and name 'ublox'
[0.180s] Level 1:colcon.colcon_core.package_identification:_identify(src/argo_drivers_pkgs/ublox/ublox_gps) by extensions ['ignore', 'ignore_ament_install']
[0.180s] Level 1:colcon.colcon_core.package_identification:_identify(src/argo_drivers_pkgs/ublox/ublox_gps) by extension 'ignore'
[0.180s] Level 1:colcon.colcon_core.package_identification:_identify(src/argo_drivers_pkgs/ublox/ublox_gps) by extension 'ignore_ament_install'
[0.180s] Level 1:colcon.colcon_core.package_identification:_identify(src/argo_drivers_pkgs/ublox/ublox_gps) by extensions ['colcon_pkg']
[0.180s] Level 1:colcon.colcon_core.package_identification:_identify(src/argo_drivers_pkgs/ublox/ublox_gps) by extension 'colcon_pkg'
[0.180s] Level 1:colcon.colcon_core.package_identification:_identify(src/argo_drivers_pkgs/ublox/ublox_gps) by extensions ['colcon_meta']
[0.180s] Level 1:colcon.colcon_core.package_identification:_identify(src/argo_drivers_pkgs/ublox/ublox_gps) by extension 'colcon_meta'
[0.180s] Level 1:colcon.colcon_core.package_identification:_identify(src/argo_drivers_pkgs/ublox/ublox_gps) by extensions ['ros']
[0.180s] Level 1:colcon.colcon_core.package_identification:_identify(src/argo_drivers_pkgs/ublox/ublox_gps) by extension 'ros'
[0.181s] DEBUG:colcon.colcon_core.package_identification:Package 'src/argo_drivers_pkgs/ublox/ublox_gps' with type 'ros.ament_cmake' and name 'ublox_gps'
[0.181s] Level 1:colcon.colcon_core.package_identification:_identify(src/argo_drivers_pkgs/ublox/ublox_msgs) by extensions ['ignore', 'ignore_ament_install']
[0.181s] Level 1:colcon.colcon_core.package_identification:_identify(src/argo_drivers_pkgs/ublox/ublox_msgs) by extension 'ignore'
[0.181s] Level 1:colcon.colcon_core.package_identification:_identify(src/argo_drivers_pkgs/ublox/ublox_msgs) by extension 'ignore_ament_install'
[0.181s] Level 1:colcon.colcon_core.package_identification:_identify(src/argo_drivers_pkgs/ublox/ublox_msgs) by extensions ['colcon_pkg']
[0.181s] Level 1:colcon.colcon_core.package_identification:_identify(src/argo_drivers_pkgs/ublox/ublox_msgs) by extension 'colcon_pkg'
[0.181s] Level 1:colcon.colcon_core.package_identification:_identify(src/argo_drivers_pkgs/ublox/ublox_msgs) by extensions ['colcon_meta']
[0.181s] Level 1:colcon.colcon_core.package_identification:_identify(src/argo_drivers_pkgs/ublox/ublox_msgs) by extension 'colcon_meta'
[0.181s] Level 1:colcon.colcon_core.package_identification:_identify(src/argo_drivers_pkgs/ublox/ublox_msgs) by extensions ['ros']
[0.181s] Level 1:colcon.colcon_core.package_identification:_identify(src/argo_drivers_pkgs/ublox/ublox_msgs) by extension 'ros'
[0.182s] DEBUG:colcon.colcon_core.package_identification:Package 'src/argo_drivers_pkgs/ublox/ublox_msgs' with type 'ros.ament_cmake' and name 'ublox_msgs'
[0.182s] Level 1:colcon.colcon_core.package_identification:_identify(src/argo_drivers_pkgs/ublox/ublox_serialization) by extensions ['ignore', 'ignore_ament_install']
[0.182s] Level 1:colcon.colcon_core.package_identification:_identify(src/argo_drivers_pkgs/ublox/ublox_serialization) by extension 'ignore'
[0.182s] Level 1:colcon.colcon_core.package_identification:_identify(src/argo_drivers_pkgs/ublox/ublox_serialization) by extension 'ignore_ament_install'
[0.182s] Level 1:colcon.colcon_core.package_identification:_identify(src/argo_drivers_pkgs/ublox/ublox_serialization) by extensions ['colcon_pkg']
[0.182s] Level 1:colcon.colcon_core.package_identification:_identify(src/argo_drivers_pkgs/ublox/ublox_serialization) by extension 'colcon_pkg'
[0.182s] Level 1:colcon.colcon_core.package_identification:_identify(src/argo_drivers_pkgs/ublox/ublox_serialization) by extensions ['colcon_meta']
[0.182s] Level 1:colcon.colcon_core.package_identification:_identify(src/argo_drivers_pkgs/ublox/ublox_serialization) by extension 'colcon_meta'
[0.182s] Level 1:colcon.colcon_core.package_identification:_identify(src/argo_drivers_pkgs/ublox/ublox_serialization) by extensions ['ros']
[0.182s] Level 1:colcon.colcon_core.package_identification:_identify(src/argo_drivers_pkgs/ublox/ublox_serialization) by extension 'ros'
[0.182s] DEBUG:colcon.colcon_core.package_identification:Package 'src/argo_drivers_pkgs/ublox/ublox_serialization' with type 'ros.ament_cmake' and name 'ublox_serialization'
[0.182s] Level 1:colcon.colcon_core.package_identification:_identify(src/car_cpp) by extensions ['ignore', 'ignore_ament_install']
[0.182s] Level 1:colcon.colcon_core.package_identification:_identify(src/car_cpp) by extension 'ignore'
[0.182s] Level 1:colcon.colcon_core.package_identification:_identify(src/car_cpp) by extension 'ignore_ament_install'
[0.182s] Level 1:colcon.colcon_core.package_identification:_identify(src/car_cpp) by extensions ['colcon_pkg']
[0.182s] Level 1:colcon.colcon_core.package_identification:_identify(src/car_cpp) by extension 'colcon_pkg'
[0.183s] Level 1:colcon.colcon_core.package_identification:_identify(src/car_cpp) by extensions ['colcon_meta']
[0.183s] Level 1:colcon.colcon_core.package_identification:_identify(src/car_cpp) by extension 'colcon_meta'
[0.183s] Level 1:colcon.colcon_core.package_identification:_identify(src/car_cpp) by extensions ['ros']
[0.183s] Level 1:colcon.colcon_core.package_identification:_identify(src/car_cpp) by extension 'ros'
[0.183s] DEBUG:colcon.colcon_core.package_identification:Package 'src/car_cpp' with type 'ros.ament_cmake' and name 'car_cpp'
[0.183s] Level 1:colcon.colcon_core.package_identification:_identify(src/car_interfaces) by extensions ['ignore', 'ignore_ament_install']
[0.183s] Level 1:colcon.colcon_core.package_identification:_identify(src/car_interfaces) by extension 'ignore'
[0.184s] Level 1:colcon.colcon_core.package_identification:_identify(src/car_interfaces) by extension 'ignore_ament_install'
[0.184s] Level 1:colcon.colcon_core.package_identification:_identify(src/car_interfaces) by extensions ['colcon_pkg']
[0.184s] Level 1:colcon.colcon_core.package_identification:_identify(src/car_interfaces) by extension 'colcon_pkg'
[0.184s] Level 1:colcon.colcon_core.package_identification:_identify(src/car_interfaces) by extensions ['colcon_meta']
[0.184s] Level 1:colcon.colcon_core.package_identification:_identify(src/car_interfaces) by extension 'colcon_meta'
[0.184s] Level 1:colcon.colcon_core.package_identification:_identify(src/car_interfaces) by extensions ['ros']
[0.184s] Level 1:colcon.colcon_core.package_identification:_identify(src/car_interfaces) by extension 'ros'
[0.184s] DEBUG:colcon.colcon_core.package_identification:Package 'src/car_interfaces' with type 'ros.ament_cmake' and name 'car_interfaces'
[0.184s] Level 1:colcon.colcon_core.package_identification:_identify(src/car_python) by extensions ['ignore', 'ignore_ament_install']
[0.184s] Level 1:colcon.colcon_core.package_identification:_identify(src/car_python) by extension 'ignore'
[0.184s] Level 1:colcon.colcon_core.package_identification:_identify(src/car_python) by extension 'ignore_ament_install'
[0.184s] Level 1:colcon.colcon_core.package_identification:_identify(src/car_python) by extensions ['colcon_pkg']
[0.184s] Level 1:colcon.colcon_core.package_identification:_identify(src/car_python) by extension 'colcon_pkg'
[0.184s] Level 1:colcon.colcon_core.package_identification:_identify(src/car_python) by extensions ['colcon_meta']
[0.184s] Level 1:colcon.colcon_core.package_identification:_identify(src/car_python) by extension 'colcon_meta'
[0.184s] Level 1:colcon.colcon_core.package_identification:_identify(src/car_python) by extensions ['ros']
[0.184s] Level 1:colcon.colcon_core.package_identification:_identify(src/car_python) by extension 'ros'
[0.186s] DEBUG:colcon.colcon_core.package_identification:Package 'src/car_python' with type 'ros.ament_python' and name 'car'
[0.186s] Level 1:colcon.colcon_core.package_identification:_identify(src/ctl_mission) by extensions ['ignore', 'ignore_ament_install']
[0.186s] Level 1:colcon.colcon_core.package_identification:_identify(src/ctl_mission) by extension 'ignore'
[0.186s] Level 1:colcon.colcon_core.package_identification:_identify(src/ctl_mission) by extension 'ignore_ament_install'
[0.186s] Level 1:colcon.colcon_core.package_identification:_identify(src/ctl_mission) by extensions ['colcon_pkg']
[0.186s] Level 1:colcon.colcon_core.package_identification:_identify(src/ctl_mission) by extension 'colcon_pkg'
[0.187s] Level 1:colcon.colcon_core.package_identification:_identify(src/ctl_mission) by extensions ['colcon_meta']
[0.187s] Level 1:colcon.colcon_core.package_identification:_identify(src/ctl_mission) by extension 'colcon_meta'
[0.187s] Level 1:colcon.colcon_core.package_identification:_identify(src/ctl_mission) by extensions ['ros']
[0.187s] Level 1:colcon.colcon_core.package_identification:_identify(src/ctl_mission) by extension 'ros'
[0.187s] Level 1:colcon.colcon_core.package_identification:_identify(src/ctl_mission) by extensions ['cmake', 'python']
[0.187s] Level 1:colcon.colcon_core.package_identification:_identify(src/ctl_mission) by extension 'cmake'
[0.187s] Level 1:colcon.colcon_core.package_identification:_identify(src/ctl_mission) by extension 'python'
[0.187s] Level 1:colcon.colcon_core.package_identification:_identify(src/ctl_mission) by extensions ['python_setup_py']
[0.187s] Level 1:colcon.colcon_core.package_identification:_identify(src/ctl_mission) by extension 'python_setup_py'
[0.187s] Level 1:colcon.colcon_core.package_identification:_identify(src/ctl_mission/ctl_mission) by extensions ['ignore', 'ignore_ament_install']
[0.187s] Level 1:colcon.colcon_core.package_identification:_identify(src/ctl_mission/ctl_mission) by extension 'ignore'
[0.187s] Level 1:colcon.colcon_core.package_identification:_identify(src/ctl_mission/ctl_mission) by extension 'ignore_ament_install'
[0.187s] Level 1:colcon.colcon_core.package_identification:_identify(src/ctl_mission/ctl_mission) by extensions ['colcon_pkg']
[0.187s] Level 1:colcon.colcon_core.package_identification:_identify(src/ctl_mission/ctl_mission) by extension 'colcon_pkg'
[0.187s] Level 1:colcon.colcon_core.package_identification:_identify(src/ctl_mission/ctl_mission) by extensions ['colcon_meta']
[0.187s] Level 1:colcon.colcon_core.package_identification:_identify(src/ctl_mission/ctl_mission) by extension 'colcon_meta'
[0.187s] Level 1:colcon.colcon_core.package_identification:_identify(src/ctl_mission/ctl_mission) by extensions ['ros']
[0.187s] Level 1:colcon.colcon_core.package_identification:_identify(src/ctl_mission/ctl_mission) by extension 'ros'
[0.188s] DEBUG:colcon.colcon_core.package_identification:Package 'src/ctl_mission/ctl_mission' with type 'ros.ament_cmake' and name 'ctl_mission'
[0.188s] Level 1:colcon.colcon_core.package_identification:_identify(src/ctl_mission/ctl_mission_interfaces) by extensions ['ignore', 'ignore_ament_install']
[0.188s] Level 1:colcon.colcon_core.package_identification:_identify(src/ctl_mission/ctl_mission_interfaces) by extension 'ignore'
[0.188s] Level 1:colcon.colcon_core.package_identification:_identify(src/ctl_mission/ctl_mission_interfaces) by extension 'ignore_ament_install'
[0.188s] Level 1:colcon.colcon_core.package_identification:_identify(src/ctl_mission/ctl_mission_interfaces) by extensions ['colcon_pkg']
[0.188s] Level 1:colcon.colcon_core.package_identification:_identify(src/ctl_mission/ctl_mission_interfaces) by extension 'colcon_pkg'
[0.188s] Level 1:colcon.colcon_core.package_identification:_identify(src/ctl_mission/ctl_mission_interfaces) by extensions ['colcon_meta']
[0.188s] Level 1:colcon.colcon_core.package_identification:_identify(src/ctl_mission/ctl_mission_interfaces) by extension 'colcon_meta'
[0.188s] Level 1:colcon.colcon_core.package_identification:_identify(src/ctl_mission/ctl_mission_interfaces) by extensions ['ros']
[0.188s] Level 1:colcon.colcon_core.package_identification:_identify(src/ctl_mission/ctl_mission_interfaces) by extension 'ros'
[0.189s] DEBUG:colcon.colcon_core.package_identification:Package 'src/ctl_mission/ctl_mission_interfaces' with type 'ros.ament_cmake' and name 'ctl_mission_interfaces'
[0.189s] Level 1:colcon.colcon_core.package_identification:_identify(src/ctl_mission/images) by extensions ['ignore', 'ignore_ament_install']
[0.189s] Level 1:colcon.colcon_core.package_identification:_identify(src/ctl_mission/images) by extension 'ignore'
[0.189s] Level 1:colcon.colcon_core.package_identification:_identify(src/ctl_mission/images) by extension 'ignore_ament_install'
[0.189s] Level 1:colcon.colcon_core.package_identification:_identify(src/ctl_mission/images) by extensions ['colcon_pkg']
[0.189s] Level 1:colcon.colcon_core.package_identification:_identify(src/ctl_mission/images) by extension 'colcon_pkg'
[0.189s] Level 1:colcon.colcon_core.package_identification:_identify(src/ctl_mission/images) by extensions ['colcon_meta']
[0.189s] Level 1:colcon.colcon_core.package_identification:_identify(src/ctl_mission/images) by extension 'colcon_meta'
[0.189s] Level 1:colcon.colcon_core.package_identification:_identify(src/ctl_mission/images) by extensions ['ros']
[0.189s] Level 1:colcon.colcon_core.package_identification:_identify(src/ctl_mission/images) by extension 'ros'
[0.189s] Level 1:colcon.colcon_core.package_identification:_identify(src/ctl_mission/images) by extensions ['cmake', 'python']
[0.189s] Level 1:colcon.colcon_core.package_identification:_identify(src/ctl_mission/images) by extension 'cmake'
[0.189s] Level 1:colcon.colcon_core.package_identification:_identify(src/ctl_mission/images) by extension 'python'
[0.189s] Level 1:colcon.colcon_core.package_identification:_identify(src/ctl_mission/images) by extensions ['python_setup_py']
[0.189s] Level 1:colcon.colcon_core.package_identification:_identify(src/ctl_mission/images) by extension 'python_setup_py'
[0.189s] Level 1:colcon.colcon_core.package_identification:_identify(src/gazebo_sim_pkgs) by extensions ['ignore', 'ignore_ament_install']
[0.189s] Level 1:colcon.colcon_core.package_identification:_identify(src/gazebo_sim_pkgs) by extension 'ignore'
[0.189s] Level 1:colcon.colcon_core.package_identification:_identify(src/gazebo_sim_pkgs) by extension 'ignore_ament_install'
[0.189s] Level 1:colcon.colcon_core.package_identification:_identify(src/gazebo_sim_pkgs) by extensions ['colcon_pkg']
[0.189s] Level 1:colcon.colcon_core.package_identification:_identify(src/gazebo_sim_pkgs) by extension 'colcon_pkg'
[0.189s] Level 1:colcon.colcon_core.package_identification:_identify(src/gazebo_sim_pkgs) by extensions ['colcon_meta']
[0.189s] Level 1:colcon.colcon_core.package_identification:_identify(src/gazebo_sim_pkgs) by extension 'colcon_meta'
[0.189s] Level 1:colcon.colcon_core.package_identification:_identify(src/gazebo_sim_pkgs) by extensions ['ros']
[0.189s] Level 1:colcon.colcon_core.package_identification:_identify(src/gazebo_sim_pkgs) by extension 'ros'
[0.189s] Level 1:colcon.colcon_core.package_identification:_identify(src/gazebo_sim_pkgs) by extensions ['cmake', 'python']
[0.189s] Level 1:colcon.colcon_core.package_identification:_identify(src/gazebo_sim_pkgs) by extension 'cmake'
[0.189s] Level 1:colcon.colcon_core.package_identification:_identify(src/gazebo_sim_pkgs) by extension 'python'
[0.189s] Level 1:colcon.colcon_core.package_identification:_identify(src/gazebo_sim_pkgs) by extensions ['python_setup_py']
[0.189s] Level 1:colcon.colcon_core.package_identification:_identify(src/gazebo_sim_pkgs) by extension 'python_setup_py'
[0.189s] Level 1:colcon.colcon_core.package_identification:_identify(src/gazebo_sim_pkgs/fix_position_pkg) by extensions ['ignore', 'ignore_ament_install']
[0.190s] Level 1:colcon.colcon_core.package_identification:_identify(src/gazebo_sim_pkgs/fix_position_pkg) by extension 'ignore'
[0.190s] Level 1:colcon.colcon_core.package_identification:_identify(src/gazebo_sim_pkgs/fix_position_pkg) by extension 'ignore_ament_install'
[0.190s] Level 1:colcon.colcon_core.package_identification:_identify(src/gazebo_sim_pkgs/fix_position_pkg) by extensions ['colcon_pkg']
[0.190s] Level 1:colcon.colcon_core.package_identification:_identify(src/gazebo_sim_pkgs/fix_position_pkg) by extension 'colcon_pkg'
[0.190s] Level 1:colcon.colcon_core.package_identification:_identify(src/gazebo_sim_pkgs/fix_position_pkg) by extensions ['colcon_meta']
[0.190s] Level 1:colcon.colcon_core.package_identification:_identify(src/gazebo_sim_pkgs/fix_position_pkg) by extension 'colcon_meta'
[0.190s] Level 1:colcon.colcon_core.package_identification:_identify(src/gazebo_sim_pkgs/fix_position_pkg) by extensions ['ros']
[0.190s] Level 1:colcon.colcon_core.package_identification:_identify(src/gazebo_sim_pkgs/fix_position_pkg) by extension 'ros'
[0.191s] DEBUG:colcon.colcon_core.package_identification:Package 'src/gazebo_sim_pkgs/fix_position_pkg' with type 'ros.ament_cmake' and name 'fixposition_sensor_pkg'
[0.191s] Level 1:colcon.colcon_core.package_identification:_identify(src/gazebo_sim_pkgs/j8_xacro_model) by extensions ['ignore', 'ignore_ament_install']
[0.191s] Level 1:colcon.colcon_core.package_identification:_identify(src/gazebo_sim_pkgs/j8_xacro_model) by extension 'ignore'
[0.191s] Level 1:colcon.colcon_core.package_identification:_identify(src/gazebo_sim_pkgs/j8_xacro_model) by extension 'ignore_ament_install'
[0.191s] Level 1:colcon.colcon_core.package_identification:_identify(src/gazebo_sim_pkgs/j8_xacro_model) by extensions ['colcon_pkg']
[0.191s] Level 1:colcon.colcon_core.package_identification:_identify(src/gazebo_sim_pkgs/j8_xacro_model) by extension 'colcon_pkg'
[0.191s] Level 1:colcon.colcon_core.package_identification:_identify(src/gazebo_sim_pkgs/j8_xacro_model) by extensions ['colcon_meta']
[0.191s] Level 1:colcon.colcon_core.package_identification:_identify(src/gazebo_sim_pkgs/j8_xacro_model) by extension 'colcon_meta'
[0.191s] Level 1:colcon.colcon_core.package_identification:_identify(src/gazebo_sim_pkgs/j8_xacro_model) by extensions ['ros']
[0.191s] Level 1:colcon.colcon_core.package_identification:_identify(src/gazebo_sim_pkgs/j8_xacro_model) by extension 'ros'
[0.192s] DEBUG:colcon.colcon_core.package_identification:Package 'src/gazebo_sim_pkgs/j8_xacro_model' with type 'ros.ament_cmake' and name 'j8_xacro_model'
[0.192s] Level 1:colcon.colcon_core.package_identification:_identify(src/gui) by extensions ['ignore', 'ignore_ament_install']
[0.192s] Level 1:colcon.colcon_core.package_identification:_identify(src/gui) by extension 'ignore'
[0.192s] Level 1:colcon.colcon_core.package_identification:_identify(src/gui) by extension 'ignore_ament_install'
[0.192s] Level 1:colcon.colcon_core.package_identification:_identify(src/gui) by extensions ['colcon_pkg']
[0.192s] Level 1:colcon.colcon_core.package_identification:_identify(src/gui) by extension 'colcon_pkg'
[0.192s] Level 1:colcon.colcon_core.package_identification:_identify(src/gui) by extensions ['colcon_meta']
[0.192s] Level 1:colcon.colcon_core.package_identification:_identify(src/gui) by extension 'colcon_meta'
[0.192s] Level 1:colcon.colcon_core.package_identification:_identify(src/gui) by extensions ['ros']
[0.192s] Level 1:colcon.colcon_core.package_identification:_identify(src/gui) by extension 'ros'
[0.192s] DEBUG:colcon.colcon_core.package_identification:Package 'src/gui' with type 'ros.ament_python' and name 'gui'
[0.193s] Level 1:colcon.colcon_core.package_identification:_identify(src/hector_gazebo) by extensions ['ignore', 'ignore_ament_install']
[0.193s] Level 1:colcon.colcon_core.package_identification:_identify(src/hector_gazebo) by extension 'ignore'
[0.193s] Level 1:colcon.colcon_core.package_identification:_identify(src/hector_gazebo) by extension 'ignore_ament_install'
[0.193s] Level 1:colcon.colcon_core.package_identification:_identify(src/hector_gazebo) by extensions ['colcon_pkg']
[0.193s] Level 1:colcon.colcon_core.package_identification:_identify(src/hector_gazebo) by extension 'colcon_pkg'
[0.193s] Level 1:colcon.colcon_core.package_identification:_identify(src/hector_gazebo) by extensions ['colcon_meta']
[0.193s] Level 1:colcon.colcon_core.package_identification:_identify(src/hector_gazebo) by extension 'colcon_meta'
[0.193s] Level 1:colcon.colcon_core.package_identification:_identify(src/hector_gazebo) by extensions ['ros']
[0.193s] Level 1:colcon.colcon_core.package_identification:_identify(src/hector_gazebo) by extension 'ros'
[0.193s] DEBUG:colcon.colcon_core.package_identification:Package 'src/hector_gazebo' with type 'ros.ament_cmake' and name 'hector_gazebo_plugins'
[0.193s] Level 1:colcon.colcon_core.package_identification:_identify(src/hikmicro_thermal_camera) by extensions ['ignore', 'ignore_ament_install']
[0.193s] Level 1:colcon.colcon_core.package_identification:_identify(src/hikmicro_thermal_camera) by extension 'ignore'
[0.194s] Level 1:colcon.colcon_core.package_identification:_identify(src/hikmicro_thermal_camera) by extension 'ignore_ament_install'
[0.194s] Level 1:colcon.colcon_core.package_identification:_identify(src/hikmicro_thermal_camera) by extensions ['colcon_pkg']
[0.194s] Level 1:colcon.colcon_core.package_identification:_identify(src/hikmicro_thermal_camera) by extension 'colcon_pkg'
[0.194s] Level 1:colcon.colcon_core.package_identification:_identify(src/hikmicro_thermal_camera) by extensions ['colcon_meta']
[0.194s] Level 1:colcon.colcon_core.package_identification:_identify(src/hikmicro_thermal_camera) by extension 'colcon_meta'
[0.194s] Level 1:colcon.colcon_core.package_identification:_identify(src/hikmicro_thermal_camera) by extensions ['ros']
[0.194s] Level 1:colcon.colcon_core.package_identification:_identify(src/hikmicro_thermal_camera) by extension 'ros'
[0.194s] DEBUG:colcon.colcon_core.package_identification:Package 'src/hikmicro_thermal_camera' with type 'ros.ament_cmake' and name 'hikmicro_thermal_camera'
[0.194s] Level 1:colcon.colcon_core.package_identification:_identify(src/j8_joystick) by extensions ['ignore', 'ignore_ament_install']
[0.194s] Level 1:colcon.colcon_core.package_identification:_identify(src/j8_joystick) by extension 'ignore'
[0.194s] Level 1:colcon.colcon_core.package_identification:_identify(src/j8_joystick) by extension 'ignore_ament_install'
[0.194s] Level 1:colcon.colcon_core.package_identification:_identify(src/j8_joystick) by extensions ['colcon_pkg']
[0.194s] Level 1:colcon.colcon_core.package_identification:_identify(src/j8_joystick) by extension 'colcon_pkg'
[0.194s] Level 1:colcon.colcon_core.package_identification:_identify(src/j8_joystick) by extensions ['colcon_meta']
[0.194s] Level 1:colcon.colcon_core.package_identification:_identify(src/j8_joystick) by extension 'colcon_meta'
[0.195s] Level 1:colcon.colcon_core.package_identification:_identify(src/j8_joystick) by extensions ['ros']
[0.195s] Level 1:colcon.colcon_core.package_identification:_identify(src/j8_joystick) by extension 'ros'
[0.195s] Level 1:colcon.colcon_core.package_identification:_identify(src/j8_joystick) by extensions ['cmake', 'python']
[0.195s] Level 1:colcon.colcon_core.package_identification:_identify(src/j8_joystick) by extension 'cmake'
[0.195s] Level 1:colcon.colcon_core.package_identification:_identify(src/j8_joystick) by extension 'python'
[0.195s] Level 1:colcon.colcon_core.package_identification:_identify(src/j8_joystick) by extensions ['python_setup_py']
[0.195s] Level 1:colcon.colcon_core.package_identification:_identify(src/j8_joystick) by extension 'python_setup_py'
[0.195s] Level 1:colcon.colcon_core.package_identification:_identify(src/j8_joystick/joy) by extensions ['ignore', 'ignore_ament_install']
[0.195s] Level 1:colcon.colcon_core.package_identification:_identify(src/j8_joystick/joy) by extension 'ignore'
[0.195s] Level 1:colcon.colcon_core.package_identification:_identify(src/j8_joystick/joy) by extension 'ignore_ament_install'
[0.195s] Level 1:colcon.colcon_core.package_identification:_identify(src/j8_joystick/joy) by extensions ['colcon_pkg']
[0.195s] Level 1:colcon.colcon_core.package_identification:_identify(src/j8_joystick/joy) by extension 'colcon_pkg'
[0.195s] Level 1:colcon.colcon_core.package_identification:_identify(src/j8_joystick/joy) by extensions ['colcon_meta']
[0.195s] Level 1:colcon.colcon_core.package_identification:_identify(src/j8_joystick/joy) by extension 'colcon_meta'
[0.195s] Level 1:colcon.colcon_core.package_identification:_identify(src/j8_joystick/joy) by extensions ['ros']
[0.195s] Level 1:colcon.colcon_core.package_identification:_identify(src/j8_joystick/joy) by extension 'ros'
[0.196s] DEBUG:colcon.colcon_core.package_identification:Package 'src/j8_joystick/joy' with type 'ros.ament_cmake' and name 'joy'
[0.196s] Level 1:colcon.colcon_core.package_identification:_identify(src/j8_joystick/joy_linux) by extensions ['ignore', 'ignore_ament_install']
[0.196s] Level 1:colcon.colcon_core.package_identification:_identify(src/j8_joystick/joy_linux) by extension 'ignore'
[0.196s] Level 1:colcon.colcon_core.package_identification:_identify(src/j8_joystick/joy_linux) by extension 'ignore_ament_install'
[0.196s] Level 1:colcon.colcon_core.package_identification:_identify(src/j8_joystick/joy_linux) by extensions ['colcon_pkg']
[0.196s] Level 1:colcon.colcon_core.package_identification:_identify(src/j8_joystick/joy_linux) by extension 'colcon_pkg'
[0.196s] Level 1:colcon.colcon_core.package_identification:_identify(src/j8_joystick/joy_linux) by extensions ['colcon_meta']
[0.196s] Level 1:colcon.colcon_core.package_identification:_identify(src/j8_joystick/joy_linux) by extension 'colcon_meta'
[0.196s] Level 1:colcon.colcon_core.package_identification:_identify(src/j8_joystick/joy_linux) by extensions ['ros']
[0.196s] Level 1:colcon.colcon_core.package_identification:_identify(src/j8_joystick/joy_linux) by extension 'ros'
[0.196s] DEBUG:colcon.colcon_core.package_identification:Package 'src/j8_joystick/joy_linux' with type 'ros.ament_cmake' and name 'joy_linux'
[0.196s] Level 1:colcon.colcon_core.package_identification:_identify(src/j8_joystick/joystick_drivers) by extensions ['ignore', 'ignore_ament_install']
[0.196s] Level 1:colcon.colcon_core.package_identification:_identify(src/j8_joystick/joystick_drivers) by extension 'ignore'
[0.197s] Level 1:colcon.colcon_core.package_identification:_identify(src/j8_joystick/joystick_drivers) by extension 'ignore_ament_install'
[0.197s] Level 1:colcon.colcon_core.package_identification:_identify(src/j8_joystick/joystick_drivers) by extensions ['colcon_pkg']
[0.197s] Level 1:colcon.colcon_core.package_identification:_identify(src/j8_joystick/joystick_drivers) by extension 'colcon_pkg'
[0.197s] Level 1:colcon.colcon_core.package_identification:_identify(src/j8_joystick/joystick_drivers) by extensions ['colcon_meta']
[0.197s] Level 1:colcon.colcon_core.package_identification:_identify(src/j8_joystick/joystick_drivers) by extension 'colcon_meta'
[0.197s] Level 1:colcon.colcon_core.package_identification:_identify(src/j8_joystick/joystick_drivers) by extensions ['ros']
[0.197s] Level 1:colcon.colcon_core.package_identification:_identify(src/j8_joystick/joystick_drivers) by extension 'ros'
[0.197s] Level 1:colcon.colcon_core.package_identification:_identify(src/j8_joystick/joystick_drivers) ignored
[0.197s] Level 1:colcon.colcon_core.package_identification:_identify(src/j8_joystick/ps3joy) by extensions ['ignore', 'ignore_ament_install']
[0.197s] Level 1:colcon.colcon_core.package_identification:_identify(src/j8_joystick/ps3joy) by extension 'ignore'
[0.197s] Level 1:colcon.colcon_core.package_identification:_identify(src/j8_joystick/ps3joy) by extension 'ignore_ament_install'
[0.197s] Level 1:colcon.colcon_core.package_identification:_identify(src/j8_joystick/ps3joy) by extensions ['colcon_pkg']
[0.197s] Level 1:colcon.colcon_core.package_identification:_identify(src/j8_joystick/ps3joy) by extension 'colcon_pkg'
[0.197s] Level 1:colcon.colcon_core.package_identification:_identify(src/j8_joystick/ps3joy) by extensions ['colcon_meta']
[0.197s] Level 1:colcon.colcon_core.package_identification:_identify(src/j8_joystick/ps3joy) by extension 'colcon_meta'
[0.197s] Level 1:colcon.colcon_core.package_identification:_identify(src/j8_joystick/ps3joy) by extensions ['ros']
[0.197s] Level 1:colcon.colcon_core.package_identification:_identify(src/j8_joystick/ps3joy) by extension 'ros'
[0.197s] Level 1:colcon.colcon_core.package_identification:_identify(src/j8_joystick/ps3joy) ignored
[0.197s] Level 1:colcon.colcon_core.package_identification:_identify(src/j8_joystick/sdl2_vendor) by extensions ['ignore', 'ignore_ament_install']
[0.197s] Level 1:colcon.colcon_core.package_identification:_identify(src/j8_joystick/sdl2_vendor) by extension 'ignore'
[0.197s] Level 1:colcon.colcon_core.package_identification:_identify(src/j8_joystick/sdl2_vendor) by extension 'ignore_ament_install'
[0.197s] Level 1:colcon.colcon_core.package_identification:_identify(src/j8_joystick/sdl2_vendor) by extensions ['colcon_pkg']
[0.197s] Level 1:colcon.colcon_core.package_identification:_identify(src/j8_joystick/sdl2_vendor) by extension 'colcon_pkg'
[0.197s] Level 1:colcon.colcon_core.package_identification:_identify(src/j8_joystick/sdl2_vendor) by extensions ['colcon_meta']
[0.197s] Level 1:colcon.colcon_core.package_identification:_identify(src/j8_joystick/sdl2_vendor) by extension 'colcon_meta'
[0.197s] Level 1:colcon.colcon_core.package_identification:_identify(src/j8_joystick/sdl2_vendor) by extensions ['ros']
[0.197s] Level 1:colcon.colcon_core.package_identification:_identify(src/j8_joystick/sdl2_vendor) by extension 'ros'
[0.198s] DEBUG:colcon.colcon_core.package_identification:Package 'src/j8_joystick/sdl2_vendor' with type 'ros.ament_cmake' and name 'sdl2_vendor'
[0.198s] Level 1:colcon.colcon_core.package_identification:_identify(src/j8_joystick/spacenav) by extensions ['ignore', 'ignore_ament_install']
[0.198s] Level 1:colcon.colcon_core.package_identification:_identify(src/j8_joystick/spacenav) by extension 'ignore'
[0.198s] Level 1:colcon.colcon_core.package_identification:_identify(src/j8_joystick/spacenav) by extension 'ignore_ament_install'
[0.198s] Level 1:colcon.colcon_core.package_identification:_identify(src/j8_joystick/spacenav) by extensions ['colcon_pkg']
[0.198s] Level 1:colcon.colcon_core.package_identification:_identify(src/j8_joystick/spacenav) by extension 'colcon_pkg'
[0.198s] Level 1:colcon.colcon_core.package_identification:_identify(src/j8_joystick/spacenav) by extensions ['colcon_meta']
[0.198s] Level 1:colcon.colcon_core.package_identification:_identify(src/j8_joystick/spacenav) by extension 'colcon_meta'
[0.198s] Level 1:colcon.colcon_core.package_identification:_identify(src/j8_joystick/spacenav) by extensions ['ros']
[0.198s] Level 1:colcon.colcon_core.package_identification:_identify(src/j8_joystick/spacenav) by extension 'ros'
[0.198s] DEBUG:colcon.colcon_core.package_identification:Package 'src/j8_joystick/spacenav' with type 'ros.ament_cmake' and name 'spacenav'
[0.198s] Level 1:colcon.colcon_core.package_identification:_identify(src/j8_joystick/wiimote_msgs) by extensions ['ignore', 'ignore_ament_install']
[0.199s] Level 1:colcon.colcon_core.package_identification:_identify(src/j8_joystick/wiimote_msgs) by extension 'ignore'
[0.199s] Level 1:colcon.colcon_core.package_identification:_identify(src/j8_joystick/wiimote_msgs) by extension 'ignore_ament_install'
[0.199s] Level 1:colcon.colcon_core.package_identification:_identify(src/j8_joystick/wiimote_msgs) by extensions ['colcon_pkg']
[0.199s] Level 1:colcon.colcon_core.package_identification:_identify(src/j8_joystick/wiimote_msgs) by extension 'colcon_pkg'
[0.199s] Level 1:colcon.colcon_core.package_identification:_identify(src/j8_joystick/wiimote_msgs) by extensions ['colcon_meta']
[0.199s] Level 1:colcon.colcon_core.package_identification:_identify(src/j8_joystick/wiimote_msgs) by extension 'colcon_meta'
[0.199s] Level 1:colcon.colcon_core.package_identification:_identify(src/j8_joystick/wiimote_msgs) by extensions ['ros']
[0.199s] Level 1:colcon.colcon_core.package_identification:_identify(src/j8_joystick/wiimote_msgs) by extension 'ros'
[0.199s] DEBUG:colcon.colcon_core.package_identification:Package 'src/j8_joystick/wiimote_msgs' with type 'ros.ament_cmake' and name 'wiimote_msgs'
[0.199s] Level 1:colcon.colcon_core.package_identification:_identify(src/lidar_process_pkgs) by extensions ['ignore', 'ignore_ament_install']
[0.199s] Level 1:colcon.colcon_core.package_identification:_identify(src/lidar_process_pkgs) by extension 'ignore'
[0.199s] Level 1:colcon.colcon_core.package_identification:_identify(src/lidar_process_pkgs) by extension 'ignore_ament_install'
[0.199s] Level 1:colcon.colcon_core.package_identification:_identify(src/lidar_process_pkgs) by extensions ['colcon_pkg']
[0.200s] Level 1:colcon.colcon_core.package_identification:_identify(src/lidar_process_pkgs) by extension 'colcon_pkg'
[0.200s] Level 1:colcon.colcon_core.package_identification:_identify(src/lidar_process_pkgs) by extensions ['colcon_meta']
[0.200s] Level 1:colcon.colcon_core.package_identification:_identify(src/lidar_process_pkgs) by extension 'colcon_meta'
[0.200s] Level 1:colcon.colcon_core.package_identification:_identify(src/lidar_process_pkgs) by extensions ['ros']
[0.200s] Level 1:colcon.colcon_core.package_identification:_identify(src/lidar_process_pkgs) by extension 'ros'
[0.200s] Level 1:colcon.colcon_core.package_identification:_identify(src/lidar_process_pkgs) by extensions ['cmake', 'python']
[0.200s] Level 1:colcon.colcon_core.package_identification:_identify(src/lidar_process_pkgs) by extension 'cmake'
[0.200s] Level 1:colcon.colcon_core.package_identification:_identify(src/lidar_process_pkgs) by extension 'python'
[0.200s] Level 1:colcon.colcon_core.package_identification:_identify(src/lidar_process_pkgs) by extensions ['python_setup_py']
[0.200s] Level 1:colcon.colcon_core.package_identification:_identify(src/lidar_process_pkgs) by extension 'python_setup_py'
[0.200s] Level 1:colcon.colcon_core.package_identification:_identify(src/lidar_process_pkgs/laser_segmentation) by extensions ['ignore', 'ignore_ament_install']
[0.200s] Level 1:colcon.colcon_core.package_identification:_identify(src/lidar_process_pkgs/laser_segmentation) by extension 'ignore'
[0.200s] Level 1:colcon.colcon_core.package_identification:_identify(src/lidar_process_pkgs/laser_segmentation) by extension 'ignore_ament_install'
[0.200s] Level 1:colcon.colcon_core.package_identification:_identify(src/lidar_process_pkgs/laser_segmentation) by extensions ['colcon_pkg']
[0.200s] Level 1:colcon.colcon_core.package_identification:_identify(src/lidar_process_pkgs/laser_segmentation) by extension 'colcon_pkg'
[0.200s] Level 1:colcon.colcon_core.package_identification:_identify(src/lidar_process_pkgs/laser_segmentation) by extensions ['colcon_meta']
[0.200s] Level 1:colcon.colcon_core.package_identification:_identify(src/lidar_process_pkgs/laser_segmentation) by extension 'colcon_meta'
[0.200s] Level 1:colcon.colcon_core.package_identification:_identify(src/lidar_process_pkgs/laser_segmentation) by extensions ['ros']
[0.200s] Level 1:colcon.colcon_core.package_identification:_identify(src/lidar_process_pkgs/laser_segmentation) by extension 'ros'
[0.201s] DEBUG:colcon.colcon_core.package_identification:Package 'src/lidar_process_pkgs/laser_segmentation' with type 'ros.ament_cmake' and name 'laser_segmentation'
[0.201s] Level 1:colcon.colcon_core.package_identification:_identify(src/lidar_process_pkgs/slg_msgs) by extensions ['ignore', 'ignore_ament_install']
[0.201s] Level 1:colcon.colcon_core.package_identification:_identify(src/lidar_process_pkgs/slg_msgs) by extension 'ignore'
[0.201s] Level 1:colcon.colcon_core.package_identification:_identify(src/lidar_process_pkgs/slg_msgs) by extension 'ignore_ament_install'
[0.201s] Level 1:colcon.colcon_core.package_identification:_identify(src/lidar_process_pkgs/slg_msgs) by extensions ['colcon_pkg']
[0.201s] Level 1:colcon.colcon_core.package_identification:_identify(src/lidar_process_pkgs/slg_msgs) by extension 'colcon_pkg'
[0.201s] Level 1:colcon.colcon_core.package_identification:_identify(src/lidar_process_pkgs/slg_msgs) by extensions ['colcon_meta']
[0.201s] Level 1:colcon.colcon_core.package_identification:_identify(src/lidar_process_pkgs/slg_msgs) by extension 'colcon_meta'
[0.201s] Level 1:colcon.colcon_core.package_identification:_identify(src/lidar_process_pkgs/slg_msgs) by extensions ['ros']
[0.201s] Level 1:colcon.colcon_core.package_identification:_identify(src/lidar_process_pkgs/slg_msgs) by extension 'ros'
[0.201s] DEBUG:colcon.colcon_core.package_identification:Package 'src/lidar_process_pkgs/slg_msgs' with type 'ros.ament_cmake' and name 'slg_msgs'
[0.201s] Level 1:colcon.colcon_core.package_identification:_identify(src/path_manager) by extensions ['ignore', 'ignore_ament_install']
[0.202s] Level 1:colcon.colcon_core.package_identification:_identify(src/path_manager) by extension 'ignore'
[0.202s] Level 1:colcon.colcon_core.package_identification:_identify(src/path_manager) by extension 'ignore_ament_install'
[0.202s] Level 1:colcon.colcon_core.package_identification:_identify(src/path_manager) by extensions ['colcon_pkg']
[0.202s] Level 1:colcon.colcon_core.package_identification:_identify(src/path_manager) by extension 'colcon_pkg'
[0.202s] Level 1:colcon.colcon_core.package_identification:_identify(src/path_manager) by extensions ['colcon_meta']
[0.202s] Level 1:colcon.colcon_core.package_identification:_identify(src/path_manager) by extension 'colcon_meta'
[0.202s] Level 1:colcon.colcon_core.package_identification:_identify(src/path_manager) by extensions ['ros']
[0.202s] Level 1:colcon.colcon_core.package_identification:_identify(src/path_manager) by extension 'ros'
[0.202s] Level 1:colcon.colcon_core.package_identification:_identify(src/path_manager) by extensions ['cmake', 'python']
[0.202s] Level 1:colcon.colcon_core.package_identification:_identify(src/path_manager) by extension 'cmake'
[0.202s] Level 1:colcon.colcon_core.package_identification:_identify(src/path_manager) by extension 'python'
[0.202s] Level 1:colcon.colcon_core.package_identification:_identify(src/path_manager) by extensions ['python_setup_py']
[0.202s] Level 1:colcon.colcon_core.package_identification:_identify(src/path_manager) by extension 'python_setup_py'
[0.202s] Level 1:colcon.colcon_core.package_identification:_identify(src/path_manager/path_manager) by extensions ['ignore', 'ignore_ament_install']
[0.202s] Level 1:colcon.colcon_core.package_identification:_identify(src/path_manager/path_manager) by extension 'ignore'
[0.202s] Level 1:colcon.colcon_core.package_identification:_identify(src/path_manager/path_manager) by extension 'ignore_ament_install'
[0.202s] Level 1:colcon.colcon_core.package_identification:_identify(src/path_manager/path_manager) by extensions ['colcon_pkg']
[0.202s] Level 1:colcon.colcon_core.package_identification:_identify(src/path_manager/path_manager) by extension 'colcon_pkg'
[0.202s] Level 1:colcon.colcon_core.package_identification:_identify(src/path_manager/path_manager) by extensions ['colcon_meta']
[0.202s] Level 1:colcon.colcon_core.package_identification:_identify(src/path_manager/path_manager) by extension 'colcon_meta'
[0.202s] Level 1:colcon.colcon_core.package_identification:_identify(src/path_manager/path_manager) by extensions ['ros']
[0.202s] Level 1:colcon.colcon_core.package_identification:_identify(src/path_manager/path_manager) by extension 'ros'
[0.203s] DEBUG:colcon.colcon_core.package_identification:Package 'src/path_manager/path_manager' with type 'ros.ament_cmake' and name 'path_manager'
[0.203s] Level 1:colcon.colcon_core.package_identification:_identify(src/path_manager/path_manager_interfaces) by extensions ['ignore', 'ignore_ament_install']
[0.203s] Level 1:colcon.colcon_core.package_identification:_identify(src/path_manager/path_manager_interfaces) by extension 'ignore'
[0.203s] Level 1:colcon.colcon_core.package_identification:_identify(src/path_manager/path_manager_interfaces) by extension 'ignore_ament_install'
[0.203s] Level 1:colcon.colcon_core.package_identification:_identify(src/path_manager/path_manager_interfaces) by extensions ['colcon_pkg']
[0.203s] Level 1:colcon.colcon_core.package_identification:_identify(src/path_manager/path_manager_interfaces) by extension 'colcon_pkg'
[0.203s] Level 1:colcon.colcon_core.package_identification:_identify(src/path_manager/path_manager_interfaces) by extensions ['colcon_meta']
[0.203s] Level 1:colcon.colcon_core.package_identification:_identify(src/path_manager/path_manager_interfaces) by extension 'colcon_meta'
[0.203s] Level 1:colcon.colcon_core.package_identification:_identify(src/path_manager/path_manager_interfaces) by extensions ['ros']
[0.203s] Level 1:colcon.colcon_core.package_identification:_identify(src/path_manager/path_manager_interfaces) by extension 'ros'
[0.203s] DEBUG:colcon.colcon_core.package_identification:Package 'src/path_manager/path_manager_interfaces' with type 'ros.ament_cmake' and name 'path_manager_interfaces'
[0.203s] Level 1:colcon.colcon_core.package_identification:_identify(src/security_check) by extensions ['ignore', 'ignore_ament_install']
[0.203s] Level 1:colcon.colcon_core.package_identification:_identify(src/security_check) by extension 'ignore'
[0.203s] Level 1:colcon.colcon_core.package_identification:_identify(src/security_check) by extension 'ignore_ament_install'
[0.204s] Level 1:colcon.colcon_core.package_identification:_identify(src/security_check) by extensions ['colcon_pkg']
[0.204s] Level 1:colcon.colcon_core.package_identification:_identify(src/security_check) by extension 'colcon_pkg'
[0.204s] Level 1:colcon.colcon_core.package_identification:_identify(src/security_check) by extensions ['colcon_meta']
[0.204s] Level 1:colcon.colcon_core.package_identification:_identify(src/security_check) by extension 'colcon_meta'
[0.204s] Level 1:colcon.colcon_core.package_identification:_identify(src/security_check) by extensions ['ros']
[0.204s] Level 1:colcon.colcon_core.package_identification:_identify(src/security_check) by extension 'ros'
[0.204s] Level 1:colcon.colcon_core.package_identification:_identify(src/security_check) by extensions ['cmake', 'python']
[0.204s] Level 1:colcon.colcon_core.package_identification:_identify(src/security_check) by extension 'cmake'
[0.204s] Level 1:colcon.colcon_core.package_identification:_identify(src/security_check) by extension 'python'
[0.204s] Level 1:colcon.colcon_core.package_identification:_identify(src/security_check) by extensions ['python_setup_py']
[0.204s] Level 1:colcon.colcon_core.package_identification:_identify(src/security_check) by extension 'python_setup_py'
[0.204s] Level 1:colcon.colcon_core.package_identification:_identify(src/security_check/security_check) by extensions ['ignore', 'ignore_ament_install']
[0.204s] Level 1:colcon.colcon_core.package_identification:_identify(src/security_check/security_check) by extension 'ignore'
[0.204s] Level 1:colcon.colcon_core.package_identification:_identify(src/security_check/security_check) by extension 'ignore_ament_install'
[0.204s] Level 1:colcon.colcon_core.package_identification:_identify(src/security_check/security_check) by extensions ['colcon_pkg']
[0.204s] Level 1:colcon.colcon_core.package_identification:_identify(src/security_check/security_check) by extension 'colcon_pkg'
[0.204s] Level 1:colcon.colcon_core.package_identification:_identify(src/security_check/security_check) by extensions ['colcon_meta']
[0.204s] Level 1:colcon.colcon_core.package_identification:_identify(src/security_check/security_check) by extension 'colcon_meta'
[0.204s] Level 1:colcon.colcon_core.package_identification:_identify(src/security_check/security_check) by extensions ['ros']
[0.204s] Level 1:colcon.colcon_core.package_identification:_identify(src/security_check/security_check) by extension 'ros'
[0.205s] DEBUG:colcon.colcon_core.package_identification:Package 'src/security_check/security_check' with type 'ros.ament_cmake' and name 'security_check'
[0.205s] Level 1:colcon.colcon_core.package_identification:_identify(src/security_check/security_check_interfaces) by extensions ['ignore', 'ignore_ament_install']
[0.205s] Level 1:colcon.colcon_core.package_identification:_identify(src/security_check/security_check_interfaces) by extension 'ignore'
[0.205s] Level 1:colcon.colcon_core.package_identification:_identify(src/security_check/security_check_interfaces) by extension 'ignore_ament_install'
[0.205s] Level 1:colcon.colcon_core.package_identification:_identify(src/security_check/security_check_interfaces) by extensions ['colcon_pkg']
[0.205s] Level 1:colcon.colcon_core.package_identification:_identify(src/security_check/security_check_interfaces) by extension 'colcon_pkg'
[0.205s] Level 1:colcon.colcon_core.package_identification:_identify(src/security_check/security_check_interfaces) by extensions ['colcon_meta']
[0.205s] Level 1:colcon.colcon_core.package_identification:_identify(src/security_check/security_check_interfaces) by extension 'colcon_meta'
[0.205s] Level 1:colcon.colcon_core.package_identification:_identify(src/security_check/security_check_interfaces) by extensions ['ros']
[0.205s] Level 1:colcon.colcon_core.package_identification:_identify(src/security_check/security_check_interfaces) by extension 'ros'
[0.205s] DEBUG:colcon.colcon_core.package_identification:Package 'src/security_check/security_check_interfaces' with type 'ros.ament_cmake' and name 'security_check_interfaces'
[0.205s] Level 1:colcon.colcon_core.package_identification:_identify(src/test_gui_j8) by extensions ['ignore', 'ignore_ament_install']
[0.206s] Level 1:colcon.colcon_core.package_identification:_identify(src/test_gui_j8) by extension 'ignore'
[0.206s] Level 1:colcon.colcon_core.package_identification:_identify(src/test_gui_j8) by extension 'ignore_ament_install'
[0.206s] Level 1:colcon.colcon_core.package_identification:_identify(src/test_gui_j8) by extensions ['colcon_pkg']
[0.206s] Level 1:colcon.colcon_core.package_identification:_identify(src/test_gui_j8) by extension 'colcon_pkg'
[0.206s] Level 1:colcon.colcon_core.package_identification:_identify(src/test_gui_j8) by extensions ['colcon_meta']
[0.206s] Level 1:colcon.colcon_core.package_identification:_identify(src/test_gui_j8) by extension 'colcon_meta'
[0.206s] Level 1:colcon.colcon_core.package_identification:_identify(src/test_gui_j8) by extensions ['ros']
[0.206s] Level 1:colcon.colcon_core.package_identification:_identify(src/test_gui_j8) by extension 'ros'
[0.206s] Level 1:colcon.colcon_core.package_identification:_identify(src/test_gui_j8) by extensions ['cmake', 'python']
[0.206s] Level 1:colcon.colcon_core.package_identification:_identify(src/test_gui_j8) by extension 'cmake'
[0.206s] Level 1:colcon.colcon_core.package_identification:_identify(src/test_gui_j8) by extension 'python'
[0.206s] Level 1:colcon.colcon_core.package_identification:_identify(src/test_gui_j8) by extensions ['python_setup_py']
[0.206s] Level 1:colcon.colcon_core.package_identification:_identify(src/test_gui_j8) by extension 'python_setup_py'
[0.206s] Level 1:colcon.colcon_core.package_identification:_identify(src/test_gui_j8/src) by extensions ['ignore', 'ignore_ament_install']
[0.206s] Level 1:colcon.colcon_core.package_identification:_identify(src/test_gui_j8/src) by extension 'ignore'
[0.206s] Level 1:colcon.colcon_core.package_identification:_identify(src/test_gui_j8/src) by extension 'ignore_ament_install'
[0.206s] Level 1:colcon.colcon_core.package_identification:_identify(src/test_gui_j8/src) by extensions ['colcon_pkg']
[0.206s] Level 1:colcon.colcon_core.package_identification:_identify(src/test_gui_j8/src) by extension 'colcon_pkg'
[0.206s] Level 1:colcon.colcon_core.package_identification:_identify(src/test_gui_j8/src) by extensions ['colcon_meta']
[0.206s] Level 1:colcon.colcon_core.package_identification:_identify(src/test_gui_j8/src) by extension 'colcon_meta'
[0.206s] Level 1:colcon.colcon_core.package_identification:_identify(src/test_gui_j8/src) by extensions ['ros']
[0.206s] Level 1:colcon.colcon_core.package_identification:_identify(src/test_gui_j8/src) by extension 'ros'
[0.206s] Level 1:colcon.colcon_core.package_identification:_identify(src/test_gui_j8/src) by extensions ['cmake', 'python']
[0.206s] Level 1:colcon.colcon_core.package_identification:_identify(src/test_gui_j8/src) by extension 'cmake'
[0.206s] Level 1:colcon.colcon_core.package_identification:_identify(src/test_gui_j8/src) by extension 'python'
[0.206s] Level 1:colcon.colcon_core.package_identification:_identify(src/test_gui_j8/src) by extensions ['python_setup_py']
[0.206s] Level 1:colcon.colcon_core.package_identification:_identify(src/test_gui_j8/src) by extension 'python_setup_py'
[0.206s] Level 1:colcon.colcon_core.package_identification:_identify(src/test_gui_j8/src/j8_gui) by extensions ['ignore', 'ignore_ament_install']
[0.206s] Level 1:colcon.colcon_core.package_identification:_identify(src/test_gui_j8/src/j8_gui) by extension 'ignore'
[0.206s] Level 1:colcon.colcon_core.package_identification:_identify(src/test_gui_j8/src/j8_gui) by extension 'ignore_ament_install'
[0.206s] Level 1:colcon.colcon_core.package_identification:_identify(src/test_gui_j8/src/j8_gui) by extensions ['colcon_pkg']
[0.206s] Level 1:colcon.colcon_core.package_identification:_identify(src/test_gui_j8/src/j8_gui) by extension 'colcon_pkg'
[0.206s] Level 1:colcon.colcon_core.package_identification:_identify(src/test_gui_j8/src/j8_gui) by extensions ['colcon_meta']
[0.206s] Level 1:colcon.colcon_core.package_identification:_identify(src/test_gui_j8/src/j8_gui) by extension 'colcon_meta'
[0.206s] Level 1:colcon.colcon_core.package_identification:_identify(src/test_gui_j8/src/j8_gui) by extensions ['ros']
[0.206s] Level 1:colcon.colcon_core.package_identification:_identify(src/test_gui_j8/src/j8_gui) by extension 'ros'
[0.207s] DEBUG:colcon.colcon_core.package_identification:Package 'src/test_gui_j8/src/j8_gui' with type 'ros.ament_python' and name 'j8_gui'
[0.207s] Level 1:colcon.colcon_core.package_discovery:discover_packages(recursive) using defaults
[0.207s] Level 1:colcon.colcon_core.package_discovery:discover_packages(ignore) discover
[0.207s] Level 1:colcon.colcon_core.package_discovery:discover_packages(ignore) using defaults
[0.207s] Level 1:colcon.colcon_core.package_discovery:discover_packages(path) discover
[0.207s] Level 1:colcon.colcon_core.package_discovery:discover_packages(path) using defaults
[0.238s] Level 1:colcon.colcon_core.package_discovery:discover_packages(prefix_path) check parameters
[0.239s] Level 1:colcon.colcon_core.package_discovery:discover_packages(prefix_path) discover
[0.239s] Level 1:colcon.colcon_core.package_discovery:discover_packages(prefix_path) using defaults
[0.240s] Level 5:colcon.colcon_core.verb:set package 'GUI_pkg' build argument 'cmake_args' from command line to 'None'
[0.240s] Level 5:colcon.colcon_core.verb:set package 'GUI_pkg' build argument 'cmake_target' from command line to 'None'
[0.240s] Level 5:colcon.colcon_core.verb:set package 'GUI_pkg' build argument 'cmake_target_skip_unavailable' from command line to 'False'
[0.240s] Level 5:colcon.colcon_core.verb:set package 'GUI_pkg' build argument 'cmake_clean_cache' from command line to 'False'
[0.240s] Level 5:colcon.colcon_core.verb:set package 'GUI_pkg' build argument 'cmake_clean_first' from command line to 'False'
[0.240s] Level 5:colcon.colcon_core.verb:set package 'GUI_pkg' build argument 'cmake_force_configure' from command line to 'False'
[0.240s] Level 5:colcon.colcon_core.verb:set package 'GUI_pkg' build argument 'ament_cmake_args' from command line to 'None'
[0.240s] Level 5:colcon.colcon_core.verb:set package 'GUI_pkg' build argument 'catkin_cmake_args' from command line to 'None'
[0.240s] Level 5:colcon.colcon_core.verb:set package 'GUI_pkg' build argument 'catkin_skip_building_tests' from command line to 'False'
[0.240s] DEBUG:colcon.colcon_core.verb:Building package 'GUI_pkg' with the following arguments: {'ament_cmake_args': None, 'build_base': '/home/roverj8/LUIS/ARGJ08/ARGOSJ8_IA_/build/GUI_pkg', 'catkin_cmake_args': None, 'catkin_skip_building_tests': False, 'cmake_args': None, 'cmake_clean_cache': False, 'cmake_clean_first': False, 'cmake_force_configure': False, 'cmake_target': None, 'cmake_target_skip_unavailable': False, 'install_base': '/home/roverj8/LUIS/ARGJ08/ARGOSJ8_IA_/install/GUI_pkg', 'merge_install': False, 'path': '/home/roverj8/LUIS/ARGJ08/ARGOSJ8_IA_/src/GUI_pkg', 'symlink_install': False, 'test_result_base': None}
[0.240s] Level 5:colcon.colcon_core.verb:set package 'android_ros2_server' build argument 'cmake_args' from command line to 'None'
[0.240s] Level 5:colcon.colcon_core.verb:set package 'android_ros2_server' build argument 'cmake_target' from command line to 'None'
[0.240s] Level 5:colcon.colcon_core.verb:set package 'android_ros2_server' build argument 'cmake_target_skip_unavailable' from command line to 'False'
[0.240s] Level 5:colcon.colcon_core.verb:set package 'android_ros2_server' build argument 'cmake_clean_cache' from command line to 'False'
[0.240s] Level 5:colcon.colcon_core.verb:set package 'android_ros2_server' build argument 'cmake_clean_first' from command line to 'False'
[0.240s] Level 5:colcon.colcon_core.verb:set package 'android_ros2_server' build argument 'cmake_force_configure' from command line to 'False'
[0.240s] Level 5:colcon.colcon_core.verb:set package 'android_ros2_server' build argument 'ament_cmake_args' from command line to 'None'
[0.240s] Level 5:colcon.colcon_core.verb:set package 'android_ros2_server' build argument 'catkin_cmake_args' from command line to 'None'
[0.240s] Level 5:colcon.colcon_core.verb:set package 'android_ros2_server' build argument 'catkin_skip_building_tests' from command line to 'False'
[0.240s] DEBUG:colcon.colcon_core.verb:Building package 'android_ros2_server' with the following arguments: {'ament_cmake_args': None, 'build_base': '/home/roverj8/LUIS/ARGJ08/ARGOSJ8_IA_/build/android_ros2_server', 'catkin_cmake_args': None, 'catkin_skip_building_tests': False, 'cmake_args': None, 'cmake_clean_cache': False, 'cmake_clean_first': False, 'cmake_force_configure': False, 'cmake_target': None, 'cmake_target_skip_unavailable': False, 'install_base': '/home/roverj8/LUIS/ARGJ08/ARGOSJ8_IA_/install/android_ros2_server', 'merge_install': False, 'path': '/home/roverj8/LUIS/ARGJ08/ARGOSJ8_IA_/src/android_ros2_server', 'symlink_install': False, 'test_result_base': None}
[0.240s] Level 5:colcon.colcon_core.verb:set package 'argj801_ctl_platform_interfaces' build argument 'cmake_args' from command line to 'None'
[0.240s] Level 5:colcon.colcon_core.verb:set package 'argj801_ctl_platform_interfaces' build argument 'cmake_target' from command line to 'None'
[0.240s] Level 5:colcon.colcon_core.verb:set package 'argj801_ctl_platform_interfaces' build argument 'cmake_target_skip_unavailable' from command line to 'False'
[0.240s] Level 5:colcon.colcon_core.verb:set package 'argj801_ctl_platform_interfaces' build argument 'cmake_clean_cache' from command line to 'False'
[0.240s] Level 5:colcon.colcon_core.verb:set package 'argj801_ctl_platform_interfaces' build argument 'cmake_clean_first' from command line to 'False'
[0.240s] Level 5:colcon.colcon_core.verb:set package 'argj801_ctl_platform_interfaces' build argument 'cmake_force_configure' from command line to 'False'
[0.240s] Level 5:colcon.colcon_core.verb:set package 'argj801_ctl_platform_interfaces' build argument 'ament_cmake_args' from command line to 'None'
[0.240s] Level 5:colcon.colcon_core.verb:set package 'argj801_ctl_platform_interfaces' build argument 'catkin_cmake_args' from command line to 'None'
[0.240s] Level 5:colcon.colcon_core.verb:set package 'argj801_ctl_platform_interfaces' build argument 'catkin_skip_building_tests' from command line to 'False'
[0.240s] DEBUG:colcon.colcon_core.verb:Building package 'argj801_ctl_platform_interfaces' with the following arguments: {'ament_cmake_args': None, 'build_base': '/home/roverj8/LUIS/ARGJ08/ARGOSJ8_IA_/build/argj801_ctl_platform_interfaces', 'catkin_cmake_args': None, 'catkin_skip_building_tests': False, 'cmake_args': None, 'cmake_clean_cache': False, 'cmake_clean_first': False, 'cmake_force_configure': False, 'cmake_target': None, 'cmake_target_skip_unavailable': False, 'install_base': '/home/roverj8/LUIS/ARGJ08/ARGOSJ8_IA_/install/argj801_ctl_platform_interfaces', 'merge_install': False, 'path': '/home/roverj8/LUIS/ARGJ08/ARGOSJ8_IA_/src/argj801_ctl_platform/argj801_ctl_platform_interfaces', 'symlink_install': False, 'test_result_base': None}
[0.241s] Level 5:colcon.colcon_core.verb:set package 'argj801_sensors_msgs' build argument 'cmake_args' from command line to 'None'
[0.241s] Level 5:colcon.colcon_core.verb:set package 'argj801_sensors_msgs' build argument 'cmake_target' from command line to 'None'
[0.241s] Level 5:colcon.colcon_core.verb:set package 'argj801_sensors_msgs' build argument 'cmake_target_skip_unavailable' from command line to 'False'
[0.241s] Level 5:colcon.colcon_core.verb:set package 'argj801_sensors_msgs' build argument 'cmake_clean_cache' from command line to 'False'
[0.241s] Level 5:colcon.colcon_core.verb:set package 'argj801_sensors_msgs' build argument 'cmake_clean_first' from command line to 'False'
[0.241s] Level 5:colcon.colcon_core.verb:set package 'argj801_sensors_msgs' build argument 'cmake_force_configure' from command line to 'False'
[0.241s] Level 5:colcon.colcon_core.verb:set package 'argj801_sensors_msgs' build argument 'ament_cmake_args' from command line to 'None'
[0.241s] Level 5:colcon.colcon_core.verb:set package 'argj801_sensors_msgs' build argument 'catkin_cmake_args' from command line to 'None'
[0.241s] Level 5:colcon.colcon_core.verb:set package 'argj801_sensors_msgs' build argument 'catkin_skip_building_tests' from command line to 'False'
[0.241s] DEBUG:colcon.colcon_core.verb:Building package 'argj801_sensors_msgs' with the following arguments: {'ament_cmake_args': None, 'build_base': '/home/roverj8/LUIS/ARGJ08/ARGOSJ8_IA_/build/argj801_sensors_msgs', 'catkin_cmake_args': None, 'catkin_skip_building_tests': False, 'cmake_args': None, 'cmake_clean_cache': False, 'cmake_clean_first': False, 'cmake_force_configure': False, 'cmake_target': None, 'cmake_target_skip_unavailable': False, 'install_base': '/home/roverj8/LUIS/ARGJ08/ARGOSJ8_IA_/install/argj801_sensors_msgs', 'merge_install': False, 'path': '/home/roverj8/LUIS/ARGJ08/ARGOSJ8_IA_/src/argo_drivers_pkgs/argj801_sensors/argj801_sensors_msgs', 'symlink_install': False, 'test_result_base': None}
[0.241s] Level 5:colcon.colcon_core.verb:set package 'argj801_setup' build argument 'cmake_args' from command line to 'None'
[0.241s] Level 5:colcon.colcon_core.verb:set package 'argj801_setup' build argument 'cmake_target' from command line to 'None'
[0.241s] Level 5:colcon.colcon_core.verb:set package 'argj801_setup' build argument 'cmake_target_skip_unavailable' from command line to 'False'
[0.241s] Level 5:colcon.colcon_core.verb:set package 'argj801_setup' build argument 'cmake_clean_cache' from command line to 'False'
[0.241s] Level 5:colcon.colcon_core.verb:set package 'argj801_setup' build argument 'cmake_clean_first' from command line to 'False'
[0.241s] Level 5:colcon.colcon_core.verb:set package 'argj801_setup' build argument 'cmake_force_configure' from command line to 'False'
[0.241s] Level 5:colcon.colcon_core.verb:set package 'argj801_setup' build argument 'ament_cmake_args' from command line to 'None'
[0.241s] Level 5:colcon.colcon_core.verb:set package 'argj801_setup' build argument 'catkin_cmake_args' from command line to 'None'
[0.241s] Level 5:colcon.colcon_core.verb:set package 'argj801_setup' build argument 'catkin_skip_building_tests' from command line to 'False'
[0.241s] DEBUG:colcon.colcon_core.verb:Building package 'argj801_setup' with the following arguments: {'ament_cmake_args': None, 'build_base': '/home/roverj8/LUIS/ARGJ08/ARGOSJ8_IA_/build/argj801_setup', 'catkin_cmake_args': None, 'catkin_skip_building_tests': False, 'cmake_args': None, 'cmake_clean_cache': False, 'cmake_clean_first': False, 'cmake_force_configure': False, 'cmake_target': None, 'cmake_target_skip_unavailable': False, 'install_base': '/home/roverj8/LUIS/ARGJ08/ARGOSJ8_IA_/install/argj801_setup', 'merge_install': False, 'path': '/home/roverj8/LUIS/ARGJ08/ARGOSJ8_IA_/src/argj801_setup', 'symlink_install': False, 'test_result_base': None}
[0.241s] Level 5:colcon.colcon_core.verb:set package 'car_interfaces' build argument 'cmake_args' from command line to 'None'
[0.241s] Level 5:colcon.colcon_core.verb:set package 'car_interfaces' build argument 'cmake_target' from command line to 'None'
[0.241s] Level 5:colcon.colcon_core.verb:set package 'car_interfaces' build argument 'cmake_target_skip_unavailable' from command line to 'False'
[0.241s] Level 5:colcon.colcon_core.verb:set package 'car_interfaces' build argument 'cmake_clean_cache' from command line to 'False'
[0.241s] Level 5:colcon.colcon_core.verb:set package 'car_interfaces' build argument 'cmake_clean_first' from command line to 'False'
[0.241s] Level 5:colcon.colcon_core.verb:set package 'car_interfaces' build argument 'cmake_force_configure' from command line to 'False'
[0.241s] Level 5:colcon.colcon_core.verb:set package 'car_interfaces' build argument 'ament_cmake_args' from command line to 'None'
[0.241s] Level 5:colcon.colcon_core.verb:set package 'car_interfaces' build argument 'catkin_cmake_args' from command line to 'None'
[0.241s] Level 5:colcon.colcon_core.verb:set package 'car_interfaces' build argument 'catkin_skip_building_tests' from command line to 'False'
[0.241s] DEBUG:colcon.colcon_core.verb:Building package 'car_interfaces' with the following arguments: {'ament_cmake_args': None, 'build_base': '/home/roverj8/LUIS/ARGJ08/ARGOSJ8_IA_/build/car_interfaces', 'catkin_cmake_args': None, 'catkin_skip_building_tests': False, 'cmake_args': None, 'cmake_clean_cache': False, 'cmake_clean_first': False, 'cmake_force_configure': False, 'cmake_target': None, 'cmake_target_skip_unavailable': False, 'install_base': '/home/roverj8/LUIS/ARGJ08/ARGOSJ8_IA_/install/car_interfaces', 'merge_install': False, 'path': '/home/roverj8/LUIS/ARGJ08/ARGOSJ8_IA_/src/car_interfaces', 'symlink_install': False, 'test_result_base': None}
[0.242s] Level 5:colcon.colcon_core.verb:set package 'ctl_mission_interfaces' build argument 'cmake_args' from command line to 'None'
[0.242s] Level 5:colcon.colcon_core.verb:set package 'ctl_mission_interfaces' build argument 'cmake_target' from command line to 'None'
[0.242s] Level 5:colcon.colcon_core.verb:set package 'ctl_mission_interfaces' build argument 'cmake_target_skip_unavailable' from command line to 'False'
[0.242s] Level 5:colcon.colcon_core.verb:set package 'ctl_mission_interfaces' build argument 'cmake_clean_cache' from command line to 'False'
[0.242s] Level 5:colcon.colcon_core.verb:set package 'ctl_mission_interfaces' build argument 'cmake_clean_first' from command line to 'False'
[0.242s] Level 5:colcon.colcon_core.verb:set package 'ctl_mission_interfaces' build argument 'cmake_force_configure' from command line to 'False'
[0.242s] Level 5:colcon.colcon_core.verb:set package 'ctl_mission_interfaces' build argument 'ament_cmake_args' from command line to 'None'
[0.242s] Level 5:colcon.colcon_core.verb:set package 'ctl_mission_interfaces' build argument 'catkin_cmake_args' from command line to 'None'
[0.242s] Level 5:colcon.colcon_core.verb:set package 'ctl_mission_interfaces' build argument 'catkin_skip_building_tests' from command line to 'False'
[0.242s] DEBUG:colcon.colcon_core.verb:Building package 'ctl_mission_interfaces' with the following arguments: {'ament_cmake_args': None, 'build_base': '/home/roverj8/LUIS/ARGJ08/ARGOSJ8_IA_/build/ctl_mission_interfaces', 'catkin_cmake_args': None, 'catkin_skip_building_tests': False, 'cmake_args': None, 'cmake_clean_cache': False, 'cmake_clean_first': False, 'cmake_force_configure': False, 'cmake_target': None, 'cmake_target_skip_unavailable': False, 'install_base': '/home/roverj8/LUIS/ARGJ08/ARGOSJ8_IA_/install/ctl_mission_interfaces', 'merge_install': False, 'path': '/home/roverj8/LUIS/ARGJ08/ARGOSJ8_IA_/src/ctl_mission/ctl_mission_interfaces', 'symlink_install': False, 'test_result_base': None}
[0.242s] Level 5:colcon.colcon_core.verb:set package 'fixposition_gnss_tf' build argument 'cmake_args' from command line to 'None'
[0.242s] Level 5:colcon.colcon_core.verb:set package 'fixposition_gnss_tf' build argument 'cmake_target' from command line to 'None'
[0.242s] Level 5:colcon.colcon_core.verb:set package 'fixposition_gnss_tf' build argument 'cmake_target_skip_unavailable' from command line to 'False'
[0.242s] Level 5:colcon.colcon_core.verb:set package 'fixposition_gnss_tf' build argument 'cmake_clean_cache' from command line to 'False'
[0.242s] Level 5:colcon.colcon_core.verb:set package 'fixposition_gnss_tf' build argument 'cmake_clean_first' from command line to 'False'
[0.242s] Level 5:colcon.colcon_core.verb:set package 'fixposition_gnss_tf' build argument 'cmake_force_configure' from command line to 'False'
[0.242s] Level 5:colcon.colcon_core.verb:set package 'fixposition_gnss_tf' build argument 'ament_cmake_args' from command line to 'None'
[0.242s] Level 5:colcon.colcon_core.verb:set package 'fixposition_gnss_tf' build argument 'catkin_cmake_args' from command line to 'None'
[0.242s] Level 5:colcon.colcon_core.verb:set package 'fixposition_gnss_tf' build argument 'catkin_skip_building_tests' from command line to 'False'
[0.242s] DEBUG:colcon.colcon_core.verb:Building package 'fixposition_gnss_tf' with the following arguments: {'ament_cmake_args': None, 'build_base': '/home/roverj8/LUIS/ARGJ08/ARGOSJ8_IA_/build/fixposition_gnss_tf', 'catkin_cmake_args': None, 'catkin_skip_building_tests': False, 'cmake_args': None, 'cmake_clean_cache': False, 'cmake_clean_first': False, 'cmake_force_configure': False, 'cmake_target': None, 'cmake_target_skip_unavailable': False, 'install_base': '/home/roverj8/LUIS/ARGJ08/ARGOSJ8_IA_/install/fixposition_gnss_tf', 'merge_install': False, 'path': '/home/roverj8/LUIS/ARGJ08/ARGOSJ8_IA_/src/argo_drivers_pkgs/Fixposition_driver_pkg/fixposition_gnss_tf-main', 'symlink_install': False, 'test_result_base': None}
[0.242s] Level 5:colcon.colcon_core.verb:set package 'fixposition_sensor_pkg' build argument 'cmake_args' from command line to 'None'
[0.242s] Level 5:colcon.colcon_core.verb:set package 'fixposition_sensor_pkg' build argument 'cmake_target' from command line to 'None'
[0.242s] Level 5:colcon.colcon_core.verb:set package 'fixposition_sensor_pkg' build argument 'cmake_target_skip_unavailable' from command line to 'False'
[0.242s] Level 5:colcon.colcon_core.verb:set package 'fixposition_sensor_pkg' build argument 'cmake_clean_cache' from command line to 'False'
[0.242s] Level 5:colcon.colcon_core.verb:set package 'fixposition_sensor_pkg' build argument 'cmake_clean_first' from command line to 'False'
[0.242s] Level 5:colcon.colcon_core.verb:set package 'fixposition_sensor_pkg' build argument 'cmake_force_configure' from command line to 'False'
[0.242s] Level 5:colcon.colcon_core.verb:set package 'fixposition_sensor_pkg' build argument 'ament_cmake_args' from command line to 'None'
[0.242s] Level 5:colcon.colcon_core.verb:set package 'fixposition_sensor_pkg' build argument 'catkin_cmake_args' from command line to 'None'
[0.242s] Level 5:colcon.colcon_core.verb:set package 'fixposition_sensor_pkg' build argument 'catkin_skip_building_tests' from command line to 'False'
[0.242s] DEBUG:colcon.colcon_core.verb:Building package 'fixposition_sensor_pkg' with the following arguments: {'ament_cmake_args': None, 'build_base': '/home/roverj8/LUIS/ARGJ08/ARGOSJ8_IA_/build/fixposition_sensor_pkg', 'catkin_cmake_args': None, 'catkin_skip_building_tests': False, 'cmake_args': None, 'cmake_clean_cache': False, 'cmake_clean_first': False, 'cmake_force_configure': False, 'cmake_target': None, 'cmake_target_skip_unavailable': False, 'install_base': '/home/roverj8/LUIS/ARGJ08/ARGOSJ8_IA_/install/fixposition_sensor_pkg', 'merge_install': False, 'path': '/home/roverj8/LUIS/ARGJ08/ARGOSJ8_IA_/src/gazebo_sim_pkgs/fix_position_pkg', 'symlink_install': False, 'test_result_base': None}
[0.243s] Level 5:colcon.colcon_core.verb:set package 'gui' build argument 'cmake_args' from command line to 'None'
[0.243s] Level 5:colcon.colcon_core.verb:set package 'gui' build argument 'cmake_target' from command line to 'None'
[0.243s] Level 5:colcon.colcon_core.verb:set package 'gui' build argument 'cmake_target_skip_unavailable' from command line to 'False'
[0.243s] Level 5:colcon.colcon_core.verb:set package 'gui' build argument 'cmake_clean_cache' from command line to 'False'
[0.243s] Level 5:colcon.colcon_core.verb:set package 'gui' build argument 'cmake_clean_first' from command line to 'False'
[0.243s] Level 5:colcon.colcon_core.verb:set package 'gui' build argument 'cmake_force_configure' from command line to 'False'
[0.243s] Level 5:colcon.colcon_core.verb:set package 'gui' build argument 'ament_cmake_args' from command line to 'None'
[0.243s] Level 5:colcon.colcon_core.verb:set package 'gui' build argument 'catkin_cmake_args' from command line to 'None'
[0.243s] Level 5:colcon.colcon_core.verb:set package 'gui' build argument 'catkin_skip_building_tests' from command line to 'False'
[0.243s] DEBUG:colcon.colcon_core.verb:Building package 'gui' with the following arguments: {'ament_cmake_args': None, 'build_base': '/home/roverj8/LUIS/ARGJ08/ARGOSJ8_IA_/build/gui', 'catkin_cmake_args': None, 'catkin_skip_building_tests': False, 'cmake_args': None, 'cmake_clean_cache': False, 'cmake_clean_first': False, 'cmake_force_configure': False, 'cmake_target': None, 'cmake_target_skip_unavailable': False, 'install_base': '/home/roverj8/LUIS/ARGJ08/ARGOSJ8_IA_/install/gui', 'merge_install': False, 'path': '/home/roverj8/LUIS/ARGJ08/ARGOSJ8_IA_/src/gui', 'symlink_install': False, 'test_result_base': None}
[0.243s] Level 5:colcon.colcon_core.verb:set package 'hector_gazebo_plugins' build argument 'cmake_args' from command line to 'None'
[0.243s] Level 5:colcon.colcon_core.verb:set package 'hector_gazebo_plugins' build argument 'cmake_target' from command line to 'None'
[0.243s] Level 5:colcon.colcon_core.verb:set package 'hector_gazebo_plugins' build argument 'cmake_target_skip_unavailable' from command line to 'False'
[0.243s] Level 5:colcon.colcon_core.verb:set package 'hector_gazebo_plugins' build argument 'cmake_clean_cache' from command line to 'False'
[0.243s] Level 5:colcon.colcon_core.verb:set package 'hector_gazebo_plugins' build argument 'cmake_clean_first' from command line to 'False'
[0.243s] Level 5:colcon.colcon_core.verb:set package 'hector_gazebo_plugins' build argument 'cmake_force_configure' from command line to 'False'
[0.243s] Level 5:colcon.colcon_core.verb:set package 'hector_gazebo_plugins' build argument 'ament_cmake_args' from command line to 'None'
[0.243s] Level 5:colcon.colcon_core.verb:set package 'hector_gazebo_plugins' build argument 'catkin_cmake_args' from command line to 'None'
[0.243s] Level 5:colcon.colcon_core.verb:set package 'hector_gazebo_plugins' build argument 'catkin_skip_building_tests' from command line to 'False'
[0.243s] DEBUG:colcon.colcon_core.verb:Building package 'hector_gazebo_plugins' with the following arguments: {'ament_cmake_args': None, 'build_base': '/home/roverj8/LUIS/ARGJ08/ARGOSJ8_IA_/build/hector_gazebo_plugins', 'catkin_cmake_args': None, 'catkin_skip_building_tests': False, 'cmake_args': None, 'cmake_clean_cache': False, 'cmake_clean_first': False, 'cmake_force_configure': False, 'cmake_target': None, 'cmake_target_skip_unavailable': False, 'install_base': '/home/roverj8/LUIS/ARGJ08/ARGOSJ8_IA_/install/hector_gazebo_plugins', 'merge_install': False, 'path': '/home/roverj8/LUIS/ARGJ08/ARGOSJ8_IA_/src/hector_gazebo', 'symlink_install': False, 'test_result_base': None}
[0.244s] Level 5:colcon.colcon_core.verb:set package 'hikmicro_thermal_camera' build argument 'cmake_args' from command line to 'None'
[0.244s] Level 5:colcon.colcon_core.verb:set package 'hikmicro_thermal_camera' build argument 'cmake_target' from command line to 'None'
[0.244s] Level 5:colcon.colcon_core.verb:set package 'hikmicro_thermal_camera' build argument 'cmake_target_skip_unavailable' from command line to 'False'
[0.244s] Level 5:colcon.colcon_core.verb:set package 'hikmicro_thermal_camera' build argument 'cmake_clean_cache' from command line to 'False'
[0.244s] Level 5:colcon.colcon_core.verb:set package 'hikmicro_thermal_camera' build argument 'cmake_clean_first' from command line to 'False'
[0.244s] Level 5:colcon.colcon_core.verb:set package 'hikmicro_thermal_camera' build argument 'cmake_force_configure' from command line to 'False'
[0.244s] Level 5:colcon.colcon_core.verb:set package 'hikmicro_thermal_camera' build argument 'ament_cmake_args' from command line to 'None'
[0.244s] Level 5:colcon.colcon_core.verb:set package 'hikmicro_thermal_camera' build argument 'catkin_cmake_args' from command line to 'None'
[0.244s] Level 5:colcon.colcon_core.verb:set package 'hikmicro_thermal_camera' build argument 'catkin_skip_building_tests' from command line to 'False'
[0.244s] DEBUG:colcon.colcon_core.verb:Building package 'hikmicro_thermal_camera' with the following arguments: {'ament_cmake_args': None, 'build_base': '/home/roverj8/LUIS/ARGJ08/ARGOSJ8_IA_/build/hikmicro_thermal_camera', 'catkin_cmake_args': None, 'catkin_skip_building_tests': False, 'cmake_args': None, 'cmake_clean_cache': False, 'cmake_clean_first': False, 'cmake_force_configure': False, 'cmake_target': None, 'cmake_target_skip_unavailable': False, 'install_base': '/home/roverj8/LUIS/ARGJ08/ARGOSJ8_IA_/install/hikmicro_thermal_camera', 'merge_install': False, 'path': '/home/roverj8/LUIS/ARGJ08/ARGOSJ8_IA_/src/hikmicro_thermal_camera', 'symlink_install': False, 'test_result_base': None}
[0.244s] Level 5:colcon.colcon_core.verb:set package 'j8_gui' build argument 'cmake_args' from command line to 'None'
[0.244s] Level 5:colcon.colcon_core.verb:set package 'j8_gui' build argument 'cmake_target' from command line to 'None'
[0.244s] Level 5:colcon.colcon_core.verb:set package 'j8_gui' build argument 'cmake_target_skip_unavailable' from command line to 'False'
[0.244s] Level 5:colcon.colcon_core.verb:set package 'j8_gui' build argument 'cmake_clean_cache' from command line to 'False'
[0.244s] Level 5:colcon.colcon_core.verb:set package 'j8_gui' build argument 'cmake_clean_first' from command line to 'False'
[0.244s] Level 5:colcon.colcon_core.verb:set package 'j8_gui' build argument 'cmake_force_configure' from command line to 'False'
[0.244s] Level 5:colcon.colcon_core.verb:set package 'j8_gui' build argument 'ament_cmake_args' from command line to 'None'
[0.244s] Level 5:colcon.colcon_core.verb:set package 'j8_gui' build argument 'catkin_cmake_args' from command line to 'None'
[0.244s] Level 5:colcon.colcon_core.verb:set package 'j8_gui' build argument 'catkin_skip_building_tests' from command line to 'False'
[0.244s] DEBUG:colcon.colcon_core.verb:Building package 'j8_gui' with the following arguments: {'ament_cmake_args': None, 'build_base': '/home/roverj8/LUIS/ARGJ08/ARGOSJ8_IA_/build/j8_gui', 'catkin_cmake_args': None, 'catkin_skip_building_tests': False, 'cmake_args': None, 'cmake_clean_cache': False, 'cmake_clean_first': False, 'cmake_force_configure': False, 'cmake_target': None, 'cmake_target_skip_unavailable': False, 'install_base': '/home/roverj8/LUIS/ARGJ08/ARGOSJ8_IA_/install/j8_gui', 'merge_install': False, 'path': '/home/roverj8/LUIS/ARGJ08/ARGOSJ8_IA_/src/test_gui_j8/src/j8_gui', 'symlink_install': False, 'test_result_base': None}
[0.244s] Level 5:colcon.colcon_core.verb:set package 'joy_linux' build argument 'cmake_args' from command line to 'None'
[0.244s] Level 5:colcon.colcon_core.verb:set package 'joy_linux' build argument 'cmake_target' from command line to 'None'
[0.244s] Level 5:colcon.colcon_core.verb:set package 'joy_linux' build argument 'cmake_target_skip_unavailable' from command line to 'False'
[0.244s] Level 5:colcon.colcon_core.verb:set package 'joy_linux' build argument 'cmake_clean_cache' from command line to 'False'
[0.244s] Level 5:colcon.colcon_core.verb:set package 'joy_linux' build argument 'cmake_clean_first' from command line to 'False'
[0.244s] Level 5:colcon.colcon_core.verb:set package 'joy_linux' build argument 'cmake_force_configure' from command line to 'False'
[0.244s] Level 5:colcon.colcon_core.verb:set package 'joy_linux' build argument 'ament_cmake_args' from command line to 'None'
[0.244s] Level 5:colcon.colcon_core.verb:set package 'joy_linux' build argument 'catkin_cmake_args' from command line to 'None'
[0.244s] Level 5:colcon.colcon_core.verb:set package 'joy_linux' build argument 'catkin_skip_building_tests' from command line to 'False'
[0.244s] DEBUG:colcon.colcon_core.verb:Building package 'joy_linux' with the following arguments: {'ament_cmake_args': None, 'build_base': '/home/roverj8/LUIS/ARGJ08/ARGOSJ8_IA_/build/joy_linux', 'catkin_cmake_args': None, 'catkin_skip_building_tests': False, 'cmake_args': None, 'cmake_clean_cache': False, 'cmake_clean_first': False, 'cmake_force_configure': False, 'cmake_target': None, 'cmake_target_skip_unavailable': False, 'install_base': '/home/roverj8/LUIS/ARGJ08/ARGOSJ8_IA_/install/joy_linux', 'merge_install': False, 'path': '/home/roverj8/LUIS/ARGJ08/ARGOSJ8_IA_/src/j8_joystick/joy_linux', 'symlink_install': False, 'test_result_base': None}
[0.245s] Level 5:colcon.colcon_core.verb:set package 'ntrip_client' build argument 'cmake_args' from command line to 'None'
[0.245s] Level 5:colcon.colcon_core.verb:set package 'ntrip_client' build argument 'cmake_target' from command line to 'None'
[0.245s] Level 5:colcon.colcon_core.verb:set package 'ntrip_client' build argument 'cmake_target_skip_unavailable' from command line to 'False'
[0.245s] Level 5:colcon.colcon_core.verb:set package 'ntrip_client' build argument 'cmake_clean_cache' from command line to 'False'
[0.245s] Level 5:colcon.colcon_core.verb:set package 'ntrip_client' build argument 'cmake_clean_first' from command line to 'False'
[0.245s] Level 5:colcon.colcon_core.verb:set package 'ntrip_client' build argument 'cmake_force_configure' from command line to 'False'
[0.245s] Level 5:colcon.colcon_core.verb:set package 'ntrip_client' build argument 'ament_cmake_args' from command line to 'None'
[0.245s] Level 5:colcon.colcon_core.verb:set package 'ntrip_client' build argument 'catkin_cmake_args' from command line to 'None'
[0.245s] Level 5:colcon.colcon_core.verb:set package 'ntrip_client' build argument 'catkin_skip_building_tests' from command line to 'False'
[0.245s] DEBUG:colcon.colcon_core.verb:Building package 'ntrip_client' with the following arguments: {'ament_cmake_args': None, 'build_base': '/home/roverj8/LUIS/ARGJ08/ARGOSJ8_IA_/build/ntrip_client', 'catkin_cmake_args': None, 'catkin_skip_building_tests': False, 'cmake_args': None, 'cmake_clean_cache': False, 'cmake_clean_first': False, 'cmake_force_configure': False, 'cmake_target': None, 'cmake_target_skip_unavailable': False, 'install_base': '/home/roverj8/LUIS/ARGJ08/ARGOSJ8_IA_/install/ntrip_client', 'merge_install': False, 'path': '/home/roverj8/LUIS/ARGJ08/ARGOSJ8_IA_/src/argo_drivers_pkgs/ntrip_client', 'symlink_install': False, 'test_result_base': None}
[0.245s] Level 5:colcon.colcon_core.verb:set package 'path_manager_interfaces' build argument 'cmake_args' from command line to 'None'
[0.245s] Level 5:colcon.colcon_core.verb:set package 'path_manager_interfaces' build argument 'cmake_target' from command line to 'None'
[0.245s] Level 5:colcon.colcon_core.verb:set package 'path_manager_interfaces' build argument 'cmake_target_skip_unavailable' from command line to 'False'
[0.245s] Level 5:colcon.colcon_core.verb:set package 'path_manager_interfaces' build argument 'cmake_clean_cache' from command line to 'False'
[0.245s] Level 5:colcon.colcon_core.verb:set package 'path_manager_interfaces' build argument 'cmake_clean_first' from command line to 'False'
[0.245s] Level 5:colcon.colcon_core.verb:set package 'path_manager_interfaces' build argument 'cmake_force_configure' from command line to 'False'
[0.245s] Level 5:colcon.colcon_core.verb:set package 'path_manager_interfaces' build argument 'ament_cmake_args' from command line to 'None'
[0.245s] Level 5:colcon.colcon_core.verb:set package 'path_manager_interfaces' build argument 'catkin_cmake_args' from command line to 'None'
[0.245s] Level 5:colcon.colcon_core.verb:set package 'path_manager_interfaces' build argument 'catkin_skip_building_tests' from command line to 'False'
[0.245s] DEBUG:colcon.colcon_core.verb:Building package 'path_manager_interfaces' with the following arguments: {'ament_cmake_args': None, 'build_base': '/home/roverj8/LUIS/ARGJ08/ARGOSJ8_IA_/build/path_manager_interfaces', 'catkin_cmake_args': None, 'catkin_skip_building_tests': False, 'cmake_args': None, 'cmake_clean_cache': False, 'cmake_clean_first': False, 'cmake_force_configure': False, 'cmake_target': None, 'cmake_target_skip_unavailable': False, 'install_base': '/home/roverj8/LUIS/ARGJ08/ARGOSJ8_IA_/install/path_manager_interfaces', 'merge_install': False, 'path': '/home/roverj8/LUIS/ARGJ08/ARGOSJ8_IA_/src/path_manager/path_manager_interfaces', 'symlink_install': False, 'test_result_base': None}
[0.245s] Level 5:colcon.colcon_core.verb:set package 'sdl2_vendor' build argument 'cmake_args' from command line to 'None'
[0.245s] Level 5:colcon.colcon_core.verb:set package 'sdl2_vendor' build argument 'cmake_target' from command line to 'None'
[0.245s] Level 5:colcon.colcon_core.verb:set package 'sdl2_vendor' build argument 'cmake_target_skip_unavailable' from command line to 'False'
[0.245s] Level 5:colcon.colcon_core.verb:set package 'sdl2_vendor' build argument 'cmake_clean_cache' from command line to 'False'
[0.245s] Level 5:colcon.colcon_core.verb:set package 'sdl2_vendor' build argument 'cmake_clean_first' from command line to 'False'
[0.245s] Level 5:colcon.colcon_core.verb:set package 'sdl2_vendor' build argument 'cmake_force_configure' from command line to 'False'
[0.245s] Level 5:colcon.colcon_core.verb:set package 'sdl2_vendor' build argument 'ament_cmake_args' from command line to 'None'
[0.245s] Level 5:colcon.colcon_core.verb:set package 'sdl2_vendor' build argument 'catkin_cmake_args' from command line to 'None'
[0.245s] Level 5:colcon.colcon_core.verb:set package 'sdl2_vendor' build argument 'catkin_skip_building_tests' from command line to 'False'
[0.245s] DEBUG:colcon.colcon_core.verb:Building package 'sdl2_vendor' with the following arguments: {'ament_cmake_args': None, 'build_base': '/home/roverj8/LUIS/ARGJ08/ARGOSJ8_IA_/build/sdl2_vendor', 'catkin_cmake_args': None, 'catkin_skip_building_tests': False, 'cmake_args': None, 'cmake_clean_cache': False, 'cmake_clean_first': False, 'cmake_force_configure': False, 'cmake_target': None, 'cmake_target_skip_unavailable': False, 'install_base': '/home/roverj8/LUIS/ARGJ08/ARGOSJ8_IA_/install/sdl2_vendor', 'merge_install': False, 'path': '/home/roverj8/LUIS/ARGJ08/ARGOSJ8_IA_/src/j8_joystick/sdl2_vendor', 'symlink_install': False, 'test_result_base': None}
[0.246s] Level 5:colcon.colcon_core.verb:set package 'security_check_interfaces' build argument 'cmake_args' from command line to 'None'
[0.246s] Level 5:colcon.colcon_core.verb:set package 'security_check_interfaces' build argument 'cmake_target' from command line to 'None'
[0.246s] Level 5:colcon.colcon_core.verb:set package 'security_check_interfaces' build argument 'cmake_target_skip_unavailable' from command line to 'False'
[0.246s] Level 5:colcon.colcon_core.verb:set package 'security_check_interfaces' build argument 'cmake_clean_cache' from command line to 'False'
[0.246s] Level 5:colcon.colcon_core.verb:set package 'security_check_interfaces' build argument 'cmake_clean_first' from command line to 'False'
[0.246s] Level 5:colcon.colcon_core.verb:set package 'security_check_interfaces' build argument 'cmake_force_configure' from command line to 'False'
[0.246s] Level 5:colcon.colcon_core.verb:set package 'security_check_interfaces' build argument 'ament_cmake_args' from command line to 'None'
[0.246s] Level 5:colcon.colcon_core.verb:set package 'security_check_interfaces' build argument 'catkin_cmake_args' from command line to 'None'
[0.246s] Level 5:colcon.colcon_core.verb:set package 'security_check_interfaces' build argument 'catkin_skip_building_tests' from command line to 'False'
[0.246s] DEBUG:colcon.colcon_core.verb:Building package 'security_check_interfaces' with the following arguments: {'ament_cmake_args': None, 'build_base': '/home/roverj8/LUIS/ARGJ08/ARGOSJ8_IA_/build/security_check_interfaces', 'catkin_cmake_args': None, 'catkin_skip_building_tests': False, 'cmake_args': None, 'cmake_clean_cache': False, 'cmake_clean_first': False, 'cmake_force_configure': False, 'cmake_target': None, 'cmake_target_skip_unavailable': False, 'install_base': '/home/roverj8/LUIS/ARGJ08/ARGOSJ8_IA_/install/security_check_interfaces', 'merge_install': False, 'path': '/home/roverj8/LUIS/ARGJ08/ARGOSJ8_IA_/src/security_check/security_check_interfaces', 'symlink_install': False, 'test_result_base': None}
[0.246s] Level 5:colcon.colcon_core.verb:set package 'slg_msgs' build argument 'cmake_args' from command line to 'None'
[0.246s] Level 5:colcon.colcon_core.verb:set package 'slg_msgs' build argument 'cmake_target' from command line to 'None'
[0.246s] Level 5:colcon.colcon_core.verb:set package 'slg_msgs' build argument 'cmake_target_skip_unavailable' from command line to 'False'
[0.246s] Level 5:colcon.colcon_core.verb:set package 'slg_msgs' build argument 'cmake_clean_cache' from command line to 'False'
[0.246s] Level 5:colcon.colcon_core.verb:set package 'slg_msgs' build argument 'cmake_clean_first' from command line to 'False'
[0.246s] Level 5:colcon.colcon_core.verb:set package 'slg_msgs' build argument 'cmake_force_configure' from command line to 'False'
[0.246s] Level 5:colcon.colcon_core.verb:set package 'slg_msgs' build argument 'ament_cmake_args' from command line to 'None'
[0.246s] Level 5:colcon.colcon_core.verb:set package 'slg_msgs' build argument 'catkin_cmake_args' from command line to 'None'
[0.246s] Level 5:colcon.colcon_core.verb:set package 'slg_msgs' build argument 'catkin_skip_building_tests' from command line to 'False'
[0.246s] DEBUG:colcon.colcon_core.verb:Building package 'slg_msgs' with the following arguments: {'ament_cmake_args': None, 'build_base': '/home/roverj8/LUIS/ARGJ08/ARGOSJ8_IA_/build/slg_msgs', 'catkin_cmake_args': None, 'catkin_skip_building_tests': False, 'cmake_args': None, 'cmake_clean_cache': False, 'cmake_clean_first': False, 'cmake_force_configure': False, 'cmake_target': None, 'cmake_target_skip_unavailable': False, 'install_base': '/home/roverj8/LUIS/ARGJ08/ARGOSJ8_IA_/install/slg_msgs', 'merge_install': False, 'path': '/home/roverj8/LUIS/ARGJ08/ARGOSJ8_IA_/src/lidar_process_pkgs/slg_msgs', 'symlink_install': False, 'test_result_base': None}
[0.246s] Level 5:colcon.colcon_core.verb:set package 'spacenav' build argument 'cmake_args' from command line to 'None'
[0.246s] Level 5:colcon.colcon_core.verb:set package 'spacenav' build argument 'cmake_target' from command line to 'None'
[0.246s] Level 5:colcon.colcon_core.verb:set package 'spacenav' build argument 'cmake_target_skip_unavailable' from command line to 'False'
[0.246s] Level 5:colcon.colcon_core.verb:set package 'spacenav' build argument 'cmake_clean_cache' from command line to 'False'
[0.246s] Level 5:colcon.colcon_core.verb:set package 'spacenav' build argument 'cmake_clean_first' from command line to 'False'
[0.246s] Level 5:colcon.colcon_core.verb:set package 'spacenav' build argument 'cmake_force_configure' from command line to 'False'
[0.246s] Level 5:colcon.colcon_core.verb:set package 'spacenav' build argument 'ament_cmake_args' from command line to 'None'
[0.246s] Level 5:colcon.colcon_core.verb:set package 'spacenav' build argument 'catkin_cmake_args' from command line to 'None'
[0.246s] Level 5:colcon.colcon_core.verb:set package 'spacenav' build argument 'catkin_skip_building_tests' from command line to 'False'
[0.246s] DEBUG:colcon.colcon_core.verb:Building package 'spacenav' with the following arguments: {'ament_cmake_args': None, 'build_base': '/home/roverj8/LUIS/ARGJ08/ARGOSJ8_IA_/build/spacenav', 'catkin_cmake_args': None, 'catkin_skip_building_tests': False, 'cmake_args': None, 'cmake_clean_cache': False, 'cmake_clean_first': False, 'cmake_force_configure': False, 'cmake_target': None, 'cmake_target_skip_unavailable': False, 'install_base': '/home/roverj8/LUIS/ARGJ08/ARGOSJ8_IA_/install/spacenav', 'merge_install': False, 'path': '/home/roverj8/LUIS/ARGJ08/ARGOSJ8_IA_/src/j8_joystick/spacenav', 'symlink_install': False, 'test_result_base': None}
[0.247s] Level 5:colcon.colcon_core.verb:set package 'ublox_serialization' build argument 'cmake_args' from command line to 'None'
[0.247s] Level 5:colcon.colcon_core.verb:set package 'ublox_serialization' build argument 'cmake_target' from command line to 'None'
[0.247s] Level 5:colcon.colcon_core.verb:set package 'ublox_serialization' build argument 'cmake_target_skip_unavailable' from command line to 'False'
[0.247s] Level 5:colcon.colcon_core.verb:set package 'ublox_serialization' build argument 'cmake_clean_cache' from command line to 'False'
[0.247s] Level 5:colcon.colcon_core.verb:set package 'ublox_serialization' build argument 'cmake_clean_first' from command line to 'False'
[0.247s] Level 5:colcon.colcon_core.verb:set package 'ublox_serialization' build argument 'cmake_force_configure' from command line to 'False'
[0.247s] Level 5:colcon.colcon_core.verb:set package 'ublox_serialization' build argument 'ament_cmake_args' from command line to 'None'
[0.247s] Level 5:colcon.colcon_core.verb:set package 'ublox_serialization' build argument 'catkin_cmake_args' from command line to 'None'
[0.247s] Level 5:colcon.colcon_core.verb:set package 'ublox_serialization' build argument 'catkin_skip_building_tests' from command line to 'False'
[0.247s] DEBUG:colcon.colcon_core.verb:Building package 'ublox_serialization' with the following arguments: {'ament_cmake_args': None, 'build_base': '/home/roverj8/LUIS/ARGJ08/ARGOSJ8_IA_/build/ublox_serialization', 'catkin_cmake_args': None, 'catkin_skip_building_tests': False, 'cmake_args': None, 'cmake_clean_cache': False, 'cmake_clean_first': False, 'cmake_force_configure': False, 'cmake_target': None, 'cmake_target_skip_unavailable': False, 'install_base': '/home/roverj8/LUIS/ARGJ08/ARGOSJ8_IA_/install/ublox_serialization', 'merge_install': False, 'path': '/home/roverj8/LUIS/ARGJ08/ARGOSJ8_IA_/src/argo_drivers_pkgs/ublox/ublox_serialization', 'symlink_install': False, 'test_result_base': None}
[0.247s] Level 5:colcon.colcon_core.verb:set package 'wiimote_msgs' build argument 'cmake_args' from command line to 'None'
[0.247s] Level 5:colcon.colcon_core.verb:set package 'wiimote_msgs' build argument 'cmake_target' from command line to 'None'
[0.247s] Level 5:colcon.colcon_core.verb:set package 'wiimote_msgs' build argument 'cmake_target_skip_unavailable' from command line to 'False'
[0.247s] Level 5:colcon.colcon_core.verb:set package 'wiimote_msgs' build argument 'cmake_clean_cache' from command line to 'False'
[0.247s] Level 5:colcon.colcon_core.verb:set package 'wiimote_msgs' build argument 'cmake_clean_first' from command line to 'False'
[0.247s] Level 5:colcon.colcon_core.verb:set package 'wiimote_msgs' build argument 'cmake_force_configure' from command line to 'False'
[0.247s] Level 5:colcon.colcon_core.verb:set package 'wiimote_msgs' build argument 'ament_cmake_args' from command line to 'None'
[0.247s] Level 5:colcon.colcon_core.verb:set package 'wiimote_msgs' build argument 'catkin_cmake_args' from command line to 'None'
[0.247s] Level 5:colcon.colcon_core.verb:set package 'wiimote_msgs' build argument 'catkin_skip_building_tests' from command line to 'False'
[0.247s] DEBUG:colcon.colcon_core.verb:Building package 'wiimote_msgs' with the following arguments: {'ament_cmake_args': None, 'build_base': '/home/roverj8/LUIS/ARGJ08/ARGOSJ8_IA_/build/wiimote_msgs', 'catkin_cmake_args': None, 'catkin_skip_building_tests': False, 'cmake_args': None, 'cmake_clean_cache': False, 'cmake_clean_first': False, 'cmake_force_configure': False, 'cmake_target': None, 'cmake_target_skip_unavailable': False, 'install_base': '/home/roverj8/LUIS/ARGJ08/ARGOSJ8_IA_/install/wiimote_msgs', 'merge_install': False, 'path': '/home/roverj8/LUIS/ARGJ08/ARGOSJ8_IA_/src/j8_joystick/wiimote_msgs', 'symlink_install': False, 'test_result_base': None}
[0.247s] Level 5:colcon.colcon_core.verb:set package 'argj801_ctl_platform' build argument 'cmake_args' from command line to 'None'
[0.247s] Level 5:colcon.colcon_core.verb:set package 'argj801_ctl_platform' build argument 'cmake_target' from command line to 'None'
[0.247s] Level 5:colcon.colcon_core.verb:set package 'argj801_ctl_platform' build argument 'cmake_target_skip_unavailable' from command line to 'False'
[0.247s] Level 5:colcon.colcon_core.verb:set package 'argj801_ctl_platform' build argument 'cmake_clean_cache' from command line to 'False'
[0.247s] Level 5:colcon.colcon_core.verb:set package 'argj801_ctl_platform' build argument 'cmake_clean_first' from command line to 'False'
[0.247s] Level 5:colcon.colcon_core.verb:set package 'argj801_ctl_platform' build argument 'cmake_force_configure' from command line to 'False'
[0.247s] Level 5:colcon.colcon_core.verb:set package 'argj801_ctl_platform' build argument 'ament_cmake_args' from command line to 'None'
[0.247s] Level 5:colcon.colcon_core.verb:set package 'argj801_ctl_platform' build argument 'catkin_cmake_args' from command line to 'None'
[0.247s] Level 5:colcon.colcon_core.verb:set package 'argj801_ctl_platform' build argument 'catkin_skip_building_tests' from command line to 'False'
[0.247s] DEBUG:colcon.colcon_core.verb:Building package 'argj801_ctl_platform' with the following arguments: {'ament_cmake_args': None, 'build_base': '/home/roverj8/LUIS/ARGJ08/ARGOSJ8_IA_/build/argj801_ctl_platform', 'catkin_cmake_args': None, 'catkin_skip_building_tests': False, 'cmake_args': None, 'cmake_clean_cache': False, 'cmake_clean_first': False, 'cmake_force_configure': False, 'cmake_target': None, 'cmake_target_skip_unavailable': False, 'install_base': '/home/roverj8/LUIS/ARGJ08/ARGOSJ8_IA_/install/argj801_ctl_platform', 'merge_install': False, 'path': '/home/roverj8/LUIS/ARGJ08/ARGOSJ8_IA_/src/argj801_ctl_platform/argj801_ctl_platform', 'symlink_install': False, 'test_result_base': None}
[0.247s] Level 5:colcon.colcon_core.verb:set package 'argj801_sensors' build argument 'cmake_args' from command line to 'None'
[0.247s] Level 5:colcon.colcon_core.verb:set package 'argj801_sensors' build argument 'cmake_target' from command line to 'None'
[0.248s] Level 5:colcon.colcon_core.verb:set package 'argj801_sensors' build argument 'cmake_target_skip_unavailable' from command line to 'False'
[0.248s] Level 5:colcon.colcon_core.verb:set package 'argj801_sensors' build argument 'cmake_clean_cache' from command line to 'False'
[0.248s] Level 5:colcon.colcon_core.verb:set package 'argj801_sensors' build argument 'cmake_clean_first' from command line to 'False'
[0.248s] Level 5:colcon.colcon_core.verb:set package 'argj801_sensors' build argument 'cmake_force_configure' from command line to 'False'
[0.248s] Level 5:colcon.colcon_core.verb:set package 'argj801_sensors' build argument 'ament_cmake_args' from command line to 'None'
[0.248s] Level 5:colcon.colcon_core.verb:set package 'argj801_sensors' build argument 'catkin_cmake_args' from command line to 'None'
[0.248s] Level 5:colcon.colcon_core.verb:set package 'argj801_sensors' build argument 'catkin_skip_building_tests' from command line to 'False'
[0.248s] DEBUG:colcon.colcon_core.verb:Building package 'argj801_sensors' with the following arguments: {'ament_cmake_args': None, 'build_base': '/home/roverj8/LUIS/ARGJ08/ARGOSJ8_IA_/build/argj801_sensors', 'catkin_cmake_args': None, 'catkin_skip_building_tests': False, 'cmake_args': None, 'cmake_clean_cache': False, 'cmake_clean_first': False, 'cmake_force_configure': False, 'cmake_target': None, 'cmake_target_skip_unavailable': False, 'install_base': '/home/roverj8/LUIS/ARGJ08/ARGOSJ8_IA_/install/argj801_sensors', 'merge_install': False, 'path': '/home/roverj8/LUIS/ARGJ08/ARGOSJ8_IA_/src/argo_drivers_pkgs/argj801_sensors/argj801_sensors', 'symlink_install': False, 'test_result_base': None}
[0.248s] Level 5:colcon.colcon_core.verb:set package 'car' build argument 'cmake_args' from command line to 'None'
[0.248s] Level 5:colcon.colcon_core.verb:set package 'car' build argument 'cmake_target' from command line to 'None'
[0.248s] Level 5:colcon.colcon_core.verb:set package 'car' build argument 'cmake_target_skip_unavailable' from command line to 'False'
[0.248s] Level 5:colcon.colcon_core.verb:set package 'car' build argument 'cmake_clean_cache' from command line to 'False'
[0.248s] Level 5:colcon.colcon_core.verb:set package 'car' build argument 'cmake_clean_first' from command line to 'False'
[0.248s] Level 5:colcon.colcon_core.verb:set package 'car' build argument 'cmake_force_configure' from command line to 'False'
[0.248s] Level 5:colcon.colcon_core.verb:set package 'car' build argument 'ament_cmake_args' from command line to 'None'
[0.248s] Level 5:colcon.colcon_core.verb:set package 'car' build argument 'catkin_cmake_args' from command line to 'None'
[0.248s] Level 5:colcon.colcon_core.verb:set package 'car' build argument 'catkin_skip_building_tests' from command line to 'False'
[0.248s] DEBUG:colcon.colcon_core.verb:Building package 'car' with the following arguments: {'ament_cmake_args': None, 'build_base': '/home/roverj8/LUIS/ARGJ08/ARGOSJ8_IA_/build/car', 'catkin_cmake_args': None, 'catkin_skip_building_tests': False, 'cmake_args': None, 'cmake_clean_cache': False, 'cmake_clean_first': False, 'cmake_force_configure': False, 'cmake_target': None, 'cmake_target_skip_unavailable': False, 'install_base': '/home/roverj8/LUIS/ARGJ08/ARGOSJ8_IA_/install/car', 'merge_install': False, 'path': '/home/roverj8/LUIS/ARGJ08/ARGOSJ8_IA_/src/car_python', 'symlink_install': False, 'test_result_base': None}
[0.248s] Level 5:colcon.colcon_core.verb:set package 'car_cpp' build argument 'cmake_args' from command line to 'None'
[0.248s] Level 5:colcon.colcon_core.verb:set package 'car_cpp' build argument 'cmake_target' from command line to 'None'
[0.248s] Level 5:colcon.colcon_core.verb:set package 'car_cpp' build argument 'cmake_target_skip_unavailable' from command line to 'False'
[0.248s] Level 5:colcon.colcon_core.verb:set package 'car_cpp' build argument 'cmake_clean_cache' from command line to 'False'
[0.248s] Level 5:colcon.colcon_core.verb:set package 'car_cpp' build argument 'cmake_clean_first' from command line to 'False'
[0.248s] Level 5:colcon.colcon_core.verb:set package 'car_cpp' build argument 'cmake_force_configure' from command line to 'False'
[0.248s] Level 5:colcon.colcon_core.verb:set package 'car_cpp' build argument 'ament_cmake_args' from command line to 'None'
[0.248s] Level 5:colcon.colcon_core.verb:set package 'car_cpp' build argument 'catkin_cmake_args' from command line to 'None'
[0.248s] Level 5:colcon.colcon_core.verb:set package 'car_cpp' build argument 'catkin_skip_building_tests' from command line to 'False'
[0.248s] DEBUG:colcon.colcon_core.verb:Building package 'car_cpp' with the following arguments: {'ament_cmake_args': None, 'build_base': '/home/roverj8/LUIS/ARGJ08/ARGOSJ8_IA_/build/car_cpp', 'catkin_cmake_args': None, 'catkin_skip_building_tests': False, 'cmake_args': None, 'cmake_clean_cache': False, 'cmake_clean_first': False, 'cmake_force_configure': False, 'cmake_target': None, 'cmake_target_skip_unavailable': False, 'install_base': '/home/roverj8/LUIS/ARGJ08/ARGOSJ8_IA_/install/car_cpp', 'merge_install': False, 'path': '/home/roverj8/LUIS/ARGJ08/ARGOSJ8_IA_/src/car_cpp', 'symlink_install': False, 'test_result_base': None}
[0.248s] Level 5:colcon.colcon_core.verb:set package 'fixposition_driver_lib' build argument 'cmake_args' from command line to 'None'
[0.248s] Level 5:colcon.colcon_core.verb:set package 'fixposition_driver_lib' build argument 'cmake_target' from command line to 'None'
[0.248s] Level 5:colcon.colcon_core.verb:set package 'fixposition_driver_lib' build argument 'cmake_target_skip_unavailable' from command line to 'False'
[0.248s] Level 5:colcon.colcon_core.verb:set package 'fixposition_driver_lib' build argument 'cmake_clean_cache' from command line to 'False'
[0.248s] Level 5:colcon.colcon_core.verb:set package 'fixposition_driver_lib' build argument 'cmake_clean_first' from command line to 'False'
[0.248s] Level 5:colcon.colcon_core.verb:set package 'fixposition_driver_lib' build argument 'cmake_force_configure' from command line to 'False'
[0.248s] Level 5:colcon.colcon_core.verb:set package 'fixposition_driver_lib' build argument 'ament_cmake_args' from command line to 'None'
[0.249s] Level 5:colcon.colcon_core.verb:set package 'fixposition_driver_lib' build argument 'catkin_cmake_args' from command line to 'None'
[0.249s] Level 5:colcon.colcon_core.verb:set package 'fixposition_driver_lib' build argument 'catkin_skip_building_tests' from command line to 'False'
[0.249s] DEBUG:colcon.colcon_core.verb:Building package 'fixposition_driver_lib' with the following arguments: {'ament_cmake_args': None, 'build_base': '/home/roverj8/LUIS/ARGJ08/ARGOSJ8_IA_/build/fixposition_driver_lib', 'catkin_cmake_args': None, 'catkin_skip_building_tests': False, 'cmake_args': None, 'cmake_clean_cache': False, 'cmake_clean_first': False, 'cmake_force_configure': False, 'cmake_target': None, 'cmake_target_skip_unavailable': False, 'install_base': '/home/roverj8/LUIS/ARGJ08/ARGOSJ8_IA_/install/fixposition_driver_lib', 'merge_install': False, 'path': '/home/roverj8/LUIS/ARGJ08/ARGOSJ8_IA_/src/argo_drivers_pkgs/Fixposition_driver_pkg/fixposition_driver-main/fixposition_driver_lib', 'symlink_install': False, 'test_result_base': None}
[0.249s] Level 5:colcon.colcon_core.verb:set package 'joy' build argument 'cmake_args' from command line to 'None'
[0.249s] Level 5:colcon.colcon_core.verb:set package 'joy' build argument 'cmake_target' from command line to 'None'
[0.249s] Level 5:colcon.colcon_core.verb:set package 'joy' build argument 'cmake_target_skip_unavailable' from command line to 'False'
[0.249s] Level 5:colcon.colcon_core.verb:set package 'joy' build argument 'cmake_clean_cache' from command line to 'False'
[0.249s] Level 5:colcon.colcon_core.verb:set package 'joy' build argument 'cmake_clean_first' from command line to 'False'
[0.249s] Level 5:colcon.colcon_core.verb:set package 'joy' build argument 'cmake_force_configure' from command line to 'False'
[0.249s] Level 5:colcon.colcon_core.verb:set package 'joy' build argument 'ament_cmake_args' from command line to 'None'
[0.249s] Level 5:colcon.colcon_core.verb:set package 'joy' build argument 'catkin_cmake_args' from command line to 'None'
[0.249s] Level 5:colcon.colcon_core.verb:set package 'joy' build argument 'catkin_skip_building_tests' from command line to 'False'
[0.249s] DEBUG:colcon.colcon_core.verb:Building package 'joy' with the following arguments: {'ament_cmake_args': None, 'build_base': '/home/roverj8/LUIS/ARGJ08/ARGOSJ8_IA_/build/joy', 'catkin_cmake_args': None, 'catkin_skip_building_tests': False, 'cmake_args': None, 'cmake_clean_cache': False, 'cmake_clean_first': False, 'cmake_force_configure': False, 'cmake_target': None, 'cmake_target_skip_unavailable': False, 'install_base': '/home/roverj8/LUIS/ARGJ08/ARGOSJ8_IA_/install/joy', 'merge_install': False, 'path': '/home/roverj8/LUIS/ARGJ08/ARGOSJ8_IA_/src/j8_joystick/joy', 'symlink_install': False, 'test_result_base': None}
[0.249s] Level 5:colcon.colcon_core.verb:set package 'laser_segmentation' build argument 'cmake_args' from command line to 'None'
[0.249s] Level 5:colcon.colcon_core.verb:set package 'laser_segmentation' build argument 'cmake_target' from command line to 'None'
[0.249s] Level 5:colcon.colcon_core.verb:set package 'laser_segmentation' build argument 'cmake_target_skip_unavailable' from command line to 'False'
[0.249s] Level 5:colcon.colcon_core.verb:set package 'laser_segmentation' build argument 'cmake_clean_cache' from command line to 'False'
[0.249s] Level 5:colcon.colcon_core.verb:set package 'laser_segmentation' build argument 'cmake_clean_first' from command line to 'False'
[0.249s] Level 5:colcon.colcon_core.verb:set package 'laser_segmentation' build argument 'cmake_force_configure' from command line to 'False'
[0.249s] Level 5:colcon.colcon_core.verb:set package 'laser_segmentation' build argument 'ament_cmake_args' from command line to 'None'
[0.249s] Level 5:colcon.colcon_core.verb:set package 'laser_segmentation' build argument 'catkin_cmake_args' from command line to 'None'
[0.249s] Level 5:colcon.colcon_core.verb:set package 'laser_segmentation' build argument 'catkin_skip_building_tests' from command line to 'False'
[0.249s] DEBUG:colcon.colcon_core.verb:Building package 'laser_segmentation' with the following arguments: {'ament_cmake_args': None, 'build_base': '/home/roverj8/LUIS/ARGJ08/ARGOSJ8_IA_/build/laser_segmentation', 'catkin_cmake_args': None, 'catkin_skip_building_tests': False, 'cmake_args': None, 'cmake_clean_cache': False, 'cmake_clean_first': False, 'cmake_force_configure': False, 'cmake_target': None, 'cmake_target_skip_unavailable': False, 'install_base': '/home/roverj8/LUIS/ARGJ08/ARGOSJ8_IA_/install/laser_segmentation', 'merge_install': False, 'path': '/home/roverj8/LUIS/ARGJ08/ARGOSJ8_IA_/src/lidar_process_pkgs/laser_segmentation', 'symlink_install': False, 'test_result_base': None}
[0.249s] Level 5:colcon.colcon_core.verb:set package 'path_manager' build argument 'cmake_args' from command line to 'None'
[0.249s] Level 5:colcon.colcon_core.verb:set package 'path_manager' build argument 'cmake_target' from command line to 'None'
[0.249s] Level 5:colcon.colcon_core.verb:set package 'path_manager' build argument 'cmake_target_skip_unavailable' from command line to 'False'
[0.249s] Level 5:colcon.colcon_core.verb:set package 'path_manager' build argument 'cmake_clean_cache' from command line to 'False'
[0.249s] Level 5:colcon.colcon_core.verb:set package 'path_manager' build argument 'cmake_clean_first' from command line to 'False'
[0.249s] Level 5:colcon.colcon_core.verb:set package 'path_manager' build argument 'cmake_force_configure' from command line to 'False'
[0.249s] Level 5:colcon.colcon_core.verb:set package 'path_manager' build argument 'ament_cmake_args' from command line to 'None'
[0.249s] Level 5:colcon.colcon_core.verb:set package 'path_manager' build argument 'catkin_cmake_args' from command line to 'None'
[0.249s] Level 5:colcon.colcon_core.verb:set package 'path_manager' build argument 'catkin_skip_building_tests' from command line to 'False'
[0.249s] DEBUG:colcon.colcon_core.verb:Building package 'path_manager' with the following arguments: {'ament_cmake_args': None, 'build_base': '/home/roverj8/LUIS/ARGJ08/ARGOSJ8_IA_/build/path_manager', 'catkin_cmake_args': None, 'catkin_skip_building_tests': False, 'cmake_args': None, 'cmake_clean_cache': False, 'cmake_clean_first': False, 'cmake_force_configure': False, 'cmake_target': None, 'cmake_target_skip_unavailable': False, 'install_base': '/home/roverj8/LUIS/ARGJ08/ARGOSJ8_IA_/install/path_manager', 'merge_install': False, 'path': '/home/roverj8/LUIS/ARGJ08/ARGOSJ8_IA_/src/path_manager/path_manager', 'symlink_install': False, 'test_result_base': None}
[0.250s] Level 5:colcon.colcon_core.verb:set package 'ublox_msgs' build argument 'cmake_args' from command line to 'None'
[0.250s] Level 5:colcon.colcon_core.verb:set package 'ublox_msgs' build argument 'cmake_target' from command line to 'None'
[0.250s] Level 5:colcon.colcon_core.verb:set package 'ublox_msgs' build argument 'cmake_target_skip_unavailable' from command line to 'False'
[0.250s] Level 5:colcon.colcon_core.verb:set package 'ublox_msgs' build argument 'cmake_clean_cache' from command line to 'False'
[0.250s] Level 5:colcon.colcon_core.verb:set package 'ublox_msgs' build argument 'cmake_clean_first' from command line to 'False'
[0.250s] Level 5:colcon.colcon_core.verb:set package 'ublox_msgs' build argument 'cmake_force_configure' from command line to 'False'
[0.250s] Level 5:colcon.colcon_core.verb:set package 'ublox_msgs' build argument 'ament_cmake_args' from command line to 'None'
[0.250s] Level 5:colcon.colcon_core.verb:set package 'ublox_msgs' build argument 'catkin_cmake_args' from command line to 'None'
[0.250s] Level 5:colcon.colcon_core.verb:set package 'ublox_msgs' build argument 'catkin_skip_building_tests' from command line to 'False'
[0.250s] DEBUG:colcon.colcon_core.verb:Building package 'ublox_msgs' with the following arguments: {'ament_cmake_args': None, 'build_base': '/home/roverj8/LUIS/ARGJ08/ARGOSJ8_IA_/build/ublox_msgs', 'catkin_cmake_args': None, 'catkin_skip_building_tests': False, 'cmake_args': None, 'cmake_clean_cache': False, 'cmake_clean_first': False, 'cmake_force_configure': False, 'cmake_target': None, 'cmake_target_skip_unavailable': False, 'install_base': '/home/roverj8/LUIS/ARGJ08/ARGOSJ8_IA_/install/ublox_msgs', 'merge_install': False, 'path': '/home/roverj8/LUIS/ARGJ08/ARGOSJ8_IA_/src/argo_drivers_pkgs/ublox/ublox_msgs', 'symlink_install': False, 'test_result_base': None}
[0.250s] Level 5:colcon.colcon_core.verb:set package 'ctl_mission' build argument 'cmake_args' from command line to 'None'
[0.250s] Level 5:colcon.colcon_core.verb:set package 'ctl_mission' build argument 'cmake_target' from command line to 'None'
[0.250s] Level 5:colcon.colcon_core.verb:set package 'ctl_mission' build argument 'cmake_target_skip_unavailable' from command line to 'False'
[0.250s] Level 5:colcon.colcon_core.verb:set package 'ctl_mission' build argument 'cmake_clean_cache' from command line to 'False'
[0.250s] Level 5:colcon.colcon_core.verb:set package 'ctl_mission' build argument 'cmake_clean_first' from command line to 'False'
[0.250s] Level 5:colcon.colcon_core.verb:set package 'ctl_mission' build argument 'cmake_force_configure' from command line to 'False'
[0.250s] Level 5:colcon.colcon_core.verb:set package 'ctl_mission' build argument 'ament_cmake_args' from command line to 'None'
[0.250s] Level 5:colcon.colcon_core.verb:set package 'ctl_mission' build argument 'catkin_cmake_args' from command line to 'None'
[0.250s] Level 5:colcon.colcon_core.verb:set package 'ctl_mission' build argument 'catkin_skip_building_tests' from command line to 'False'
[0.250s] DEBUG:colcon.colcon_core.verb:Building package 'ctl_mission' with the following arguments: {'ament_cmake_args': None, 'build_base': '/home/roverj8/LUIS/ARGJ08/ARGOSJ8_IA_/build/ctl_mission', 'catkin_cmake_args': None, 'catkin_skip_building_tests': False, 'cmake_args': None, 'cmake_clean_cache': False, 'cmake_clean_first': False, 'cmake_force_configure': False, 'cmake_target': None, 'cmake_target_skip_unavailable': False, 'install_base': '/home/roverj8/LUIS/ARGJ08/ARGOSJ8_IA_/install/ctl_mission', 'merge_install': False, 'path': '/home/roverj8/LUIS/ARGJ08/ARGOSJ8_IA_/src/ctl_mission/ctl_mission', 'symlink_install': False, 'test_result_base': None}
[0.250s] Level 5:colcon.colcon_core.verb:set package 'fixposition_driver_ros2' build argument 'cmake_args' from command line to 'None'
[0.250s] Level 5:colcon.colcon_core.verb:set package 'fixposition_driver_ros2' build argument 'cmake_target' from command line to 'None'
[0.250s] Level 5:colcon.colcon_core.verb:set package 'fixposition_driver_ros2' build argument 'cmake_target_skip_unavailable' from command line to 'False'
[0.250s] Level 5:colcon.colcon_core.verb:set package 'fixposition_driver_ros2' build argument 'cmake_clean_cache' from command line to 'False'
[0.250s] Level 5:colcon.colcon_core.verb:set package 'fixposition_driver_ros2' build argument 'cmake_clean_first' from command line to 'False'
[0.250s] Level 5:colcon.colcon_core.verb:set package 'fixposition_driver_ros2' build argument 'cmake_force_configure' from command line to 'False'
[0.250s] Level 5:colcon.colcon_core.verb:set package 'fixposition_driver_ros2' build argument 'ament_cmake_args' from command line to 'None'
[0.250s] Level 5:colcon.colcon_core.verb:set package 'fixposition_driver_ros2' build argument 'catkin_cmake_args' from command line to 'None'
[0.250s] Level 5:colcon.colcon_core.verb:set package 'fixposition_driver_ros2' build argument 'catkin_skip_building_tests' from command line to 'False'
[0.250s] DEBUG:colcon.colcon_core.verb:Building package 'fixposition_driver_ros2' with the following arguments: {'ament_cmake_args': None, 'build_base': '/home/roverj8/LUIS/ARGJ08/ARGOSJ8_IA_/build/fixposition_driver_ros2', 'catkin_cmake_args': None, 'catkin_skip_building_tests': False, 'cmake_args': None, 'cmake_clean_cache': False, 'cmake_clean_first': False, 'cmake_force_configure': False, 'cmake_target': None, 'cmake_target_skip_unavailable': False, 'install_base': '/home/roverj8/LUIS/ARGJ08/ARGOSJ8_IA_/install/fixposition_driver_ros2', 'merge_install': False, 'path': '/home/roverj8/LUIS/ARGJ08/ARGOSJ8_IA_/src/argo_drivers_pkgs/Fixposition_driver_pkg/fixposition_driver-main/fixposition_driver_ros2', 'symlink_install': False, 'test_result_base': None}
[0.251s] Level 5:colcon.colcon_core.verb:set package 'j8_xacro_model' build argument 'cmake_args' from command line to 'None'
[0.251s] Level 5:colcon.colcon_core.verb:set package 'j8_xacro_model' build argument 'cmake_target' from command line to 'None'
[0.251s] Level 5:colcon.colcon_core.verb:set package 'j8_xacro_model' build argument 'cmake_target_skip_unavailable' from command line to 'False'
[0.251s] Level 5:colcon.colcon_core.verb:set package 'j8_xacro_model' build argument 'cmake_clean_cache' from command line to 'False'
[0.251s] Level 5:colcon.colcon_core.verb:set package 'j8_xacro_model' build argument 'cmake_clean_first' from command line to 'False'
[0.251s] Level 5:colcon.colcon_core.verb:set package 'j8_xacro_model' build argument 'cmake_force_configure' from command line to 'False'
[0.251s] Level 5:colcon.colcon_core.verb:set package 'j8_xacro_model' build argument 'ament_cmake_args' from command line to 'None'
[0.251s] Level 5:colcon.colcon_core.verb:set package 'j8_xacro_model' build argument 'catkin_cmake_args' from command line to 'None'
[0.251s] Level 5:colcon.colcon_core.verb:set package 'j8_xacro_model' build argument 'catkin_skip_building_tests' from command line to 'False'
[0.251s] DEBUG:colcon.colcon_core.verb:Building package 'j8_xacro_model' with the following arguments: {'ament_cmake_args': None, 'build_base': '/home/roverj8/LUIS/ARGJ08/ARGOSJ8_IA_/build/j8_xacro_model', 'catkin_cmake_args': None, 'catkin_skip_building_tests': False, 'cmake_args': None, 'cmake_clean_cache': False, 'cmake_clean_first': False, 'cmake_force_configure': False, 'cmake_target': None, 'cmake_target_skip_unavailable': False, 'install_base': '/home/roverj8/LUIS/ARGJ08/ARGOSJ8_IA_/install/j8_xacro_model', 'merge_install': False, 'path': '/home/roverj8/LUIS/ARGJ08/ARGOSJ8_IA_/src/gazebo_sim_pkgs/j8_xacro_model', 'symlink_install': False, 'test_result_base': None}
[0.251s] Level 5:colcon.colcon_core.verb:set package 'ublox_gps' build argument 'cmake_args' from command line to 'None'
[0.251s] Level 5:colcon.colcon_core.verb:set package 'ublox_gps' build argument 'cmake_target' from command line to 'None'
[0.251s] Level 5:colcon.colcon_core.verb:set package 'ublox_gps' build argument 'cmake_target_skip_unavailable' from command line to 'False'
[0.251s] Level 5:colcon.colcon_core.verb:set package 'ublox_gps' build argument 'cmake_clean_cache' from command line to 'False'
[0.251s] Level 5:colcon.colcon_core.verb:set package 'ublox_gps' build argument 'cmake_clean_first' from command line to 'False'
[0.251s] Level 5:colcon.colcon_core.verb:set package 'ublox_gps' build argument 'cmake_force_configure' from command line to 'False'
[0.251s] Level 5:colcon.colcon_core.verb:set package 'ublox_gps' build argument 'ament_cmake_args' from command line to 'None'
[0.251s] Level 5:colcon.colcon_core.verb:set package 'ublox_gps' build argument 'catkin_cmake_args' from command line to 'None'
[0.251s] Level 5:colcon.colcon_core.verb:set package 'ublox_gps' build argument 'catkin_skip_building_tests' from command line to 'False'
[0.251s] DEBUG:colcon.colcon_core.verb:Building package 'ublox_gps' with the following arguments: {'ament_cmake_args': None, 'build_base': '/home/roverj8/LUIS/ARGJ08/ARGOSJ8_IA_/build/ublox_gps', 'catkin_cmake_args': None, 'catkin_skip_building_tests': False, 'cmake_args': None, 'cmake_clean_cache': False, 'cmake_clean_first': False, 'cmake_force_configure': False, 'cmake_target': None, 'cmake_target_skip_unavailable': False, 'install_base': '/home/roverj8/LUIS/ARGJ08/ARGOSJ8_IA_/install/ublox_gps', 'merge_install': False, 'path': '/home/roverj8/LUIS/ARGJ08/ARGOSJ8_IA_/src/argo_drivers_pkgs/ublox/ublox_gps', 'symlink_install': False, 'test_result_base': None}
[0.251s] Level 5:colcon.colcon_core.verb:set package 'fixposition_odometry_converter_ros2' build argument 'cmake_args' from command line to 'None'
[0.251s] Level 5:colcon.colcon_core.verb:set package 'fixposition_odometry_converter_ros2' build argument 'cmake_target' from command line to 'None'
[0.251s] Level 5:colcon.colcon_core.verb:set package 'fixposition_odometry_converter_ros2' build argument 'cmake_target_skip_unavailable' from command line to 'False'
[0.251s] Level 5:colcon.colcon_core.verb:set package 'fixposition_odometry_converter_ros2' build argument 'cmake_clean_cache' from command line to 'False'
[0.251s] Level 5:colcon.colcon_core.verb:set package 'fixposition_odometry_converter_ros2' build argument 'cmake_clean_first' from command line to 'False'
[0.251s] Level 5:colcon.colcon_core.verb:set package 'fixposition_odometry_converter_ros2' build argument 'cmake_force_configure' from command line to 'False'
[0.251s] Level 5:colcon.colcon_core.verb:set package 'fixposition_odometry_converter_ros2' build argument 'ament_cmake_args' from command line to 'None'
[0.251s] Level 5:colcon.colcon_core.verb:set package 'fixposition_odometry_converter_ros2' build argument 'catkin_cmake_args' from command line to 'None'
[0.251s] Level 5:colcon.colcon_core.verb:set package 'fixposition_odometry_converter_ros2' build argument 'catkin_skip_building_tests' from command line to 'False'
[0.251s] DEBUG:colcon.colcon_core.verb:Building package 'fixposition_odometry_converter_ros2' with the following arguments: {'ament_cmake_args': None, 'build_base': '/home/roverj8/LUIS/ARGJ08/ARGOSJ8_IA_/build/fixposition_odometry_converter_ros2', 'catkin_cmake_args': None, 'catkin_skip_building_tests': False, 'cmake_args': None, 'cmake_clean_cache': False, 'cmake_clean_first': False, 'cmake_force_configure': False, 'cmake_target': None, 'cmake_target_skip_unavailable': False, 'install_base': '/home/roverj8/LUIS/ARGJ08/ARGOSJ8_IA_/install/fixposition_odometry_converter_ros2', 'merge_install': False, 'path': '/home/roverj8/LUIS/ARGJ08/ARGOSJ8_IA_/src/argo_drivers_pkgs/Fixposition_driver_pkg/fixposition_driver-main/fixposition_odometry_converter_ros2', 'symlink_install': False, 'test_result_base': None}
[0.252s] Level 5:colcon.colcon_core.verb:set package 'security_check' build argument 'cmake_args' from command line to 'None'
[0.252s] Level 5:colcon.colcon_core.verb:set package 'security_check' build argument 'cmake_target' from command line to 'None'
[0.252s] Level 5:colcon.colcon_core.verb:set package 'security_check' build argument 'cmake_target_skip_unavailable' from command line to 'False'
[0.252s] Level 5:colcon.colcon_core.verb:set package 'security_check' build argument 'cmake_clean_cache' from command line to 'False'
[0.252s] Level 5:colcon.colcon_core.verb:set package 'security_check' build argument 'cmake_clean_first' from command line to 'False'
[0.252s] Level 5:colcon.colcon_core.verb:set package 'security_check' build argument 'cmake_force_configure' from command line to 'False'
[0.252s] Level 5:colcon.colcon_core.verb:set package 'security_check' build argument 'ament_cmake_args' from command line to 'None'
[0.252s] Level 5:colcon.colcon_core.verb:set package 'security_check' build argument 'catkin_cmake_args' from command line to 'None'
[0.252s] Level 5:colcon.colcon_core.verb:set package 'security_check' build argument 'catkin_skip_building_tests' from command line to 'False'
[0.252s] DEBUG:colcon.colcon_core.verb:Building package 'security_check' with the following arguments: {'ament_cmake_args': None, 'build_base': '/home/roverj8/LUIS/ARGJ08/ARGOSJ8_IA_/build/security_check', 'catkin_cmake_args': None, 'catkin_skip_building_tests': False, 'cmake_args': None, 'cmake_clean_cache': False, 'cmake_clean_first': False, 'cmake_force_configure': False, 'cmake_target': None, 'cmake_target_skip_unavailable': False, 'install_base': '/home/roverj8/LUIS/ARGJ08/ARGOSJ8_IA_/install/security_check', 'merge_install': False, 'path': '/home/roverj8/LUIS/ARGJ08/ARGOSJ8_IA_/src/security_check/security_check', 'symlink_install': False, 'test_result_base': None}
[0.252s] Level 5:colcon.colcon_core.verb:set package 'ublox' build argument 'cmake_args' from command line to 'None'
[0.252s] Level 5:colcon.colcon_core.verb:set package 'ublox' build argument 'cmake_target' from command line to 'None'
[0.252s] Level 5:colcon.colcon_core.verb:set package 'ublox' build argument 'cmake_target_skip_unavailable' from command line to 'False'
[0.252s] Level 5:colcon.colcon_core.verb:set package 'ublox' build argument 'cmake_clean_cache' from command line to 'False'
[0.252s] Level 5:colcon.colcon_core.verb:set package 'ublox' build argument 'cmake_clean_first' from command line to 'False'
[0.252s] Level 5:colcon.colcon_core.verb:set package 'ublox' build argument 'cmake_force_configure' from command line to 'False'
[0.252s] Level 5:colcon.colcon_core.verb:set package 'ublox' build argument 'ament_cmake_args' from command line to 'None'
[0.252s] Level 5:colcon.colcon_core.verb:set package 'ublox' build argument 'catkin_cmake_args' from command line to 'None'
[0.252s] Level 5:colcon.colcon_core.verb:set package 'ublox' build argument 'catkin_skip_building_tests' from command line to 'False'
[0.252s] DEBUG:colcon.colcon_core.verb:Building package 'ublox' with the following arguments: {'ament_cmake_args': None, 'build_base': '/home/roverj8/LUIS/ARGJ08/ARGOSJ8_IA_/build/ublox', 'catkin_cmake_args': None, 'catkin_skip_building_tests': False, 'cmake_args': None, 'cmake_clean_cache': False, 'cmake_clean_first': False, 'cmake_force_configure': False, 'cmake_target': None, 'cmake_target_skip_unavailable': False, 'install_base': '/home/roverj8/LUIS/ARGJ08/ARGOSJ8_IA_/install/ublox', 'merge_install': False, 'path': '/home/roverj8/LUIS/ARGJ08/ARGOSJ8_IA_/src/argo_drivers_pkgs/ublox/ublox', 'symlink_install': False, 'test_result_base': None}
[0.252s] INFO:colcon.colcon_core.executor:Executing jobs using 'parallel' executor
[0.253s] DEBUG:colcon.colcon_parallel_executor.executor.parallel:run_until_complete
[0.253s] INFO:colcon.colcon_ros.task.ament_cmake.build:Building ROS package in '/home/roverj8/LUIS/ARGJ08/ARGOSJ8_IA_/src/argo_drivers_pkgs/ublox/ublox_serialization' with build type 'ament_cmake'
[0.254s] INFO:colcon.colcon_cmake.task.cmake.build:Building CMake package in '/home/roverj8/LUIS/ARGJ08/ARGOSJ8_IA_/src/argo_drivers_pkgs/ublox/ublox_serialization'
[0.255s] INFO:colcon.colcon_core.plugin_system:Skipping extension 'colcon_core.shell.bat': Not used on non-Windows systems
[0.255s] INFO:colcon.colcon_core.shell:Skip shell extension 'powershell' for command environment: Not usable outside of PowerShell
[0.255s] DEBUG:colcon.colcon_core.shell:Skip shell extension 'dsv' for command environment
[0.256s] INFO:colcon.colcon_ros.task.ament_cmake.build:Building ROS package in '/home/roverj8/LUIS/ARGJ08/ARGOSJ8_IA_/src/argj801_ctl_platform/argj801_ctl_platform_interfaces' with build type 'ament_cmake'
[0.256s] INFO:colcon.colcon_cmake.task.cmake.build:Building CMake package in '/home/roverj8/LUIS/ARGJ08/ARGOSJ8_IA_/src/argj801_ctl_platform/argj801_ctl_platform_interfaces'
[0.256s] INFO:colcon.colcon_core.shell:Skip shell extension 'powershell' for command environment: Not usable outside of PowerShell
[0.256s] DEBUG:colcon.colcon_core.shell:Skip shell extension 'dsv' for command environment
[0.256s] INFO:colcon.colcon_ros.task.ament_cmake.build:Building ROS package in '/home/roverj8/LUIS/ARGJ08/ARGOSJ8_IA_/src/path_manager/path_manager_interfaces' with build type 'ament_cmake'
[0.256s] INFO:colcon.colcon_cmake.task.cmake.build:Building CMake package in '/home/roverj8/LUIS/ARGJ08/ARGOSJ8_IA_/src/path_manager/path_manager_interfaces'
[0.257s] INFO:colcon.colcon_core.shell:Skip shell extension 'powershell' for command environment: Not usable outside of PowerShell
[0.257s] DEBUG:colcon.colcon_core.shell:Skip shell extension 'dsv' for command environment
[0.257s] INFO:colcon.colcon_ros.task.cmake.build:Building ROS package in '/home/roverj8/LUIS/ARGJ08/ARGOSJ8_IA_/src/argo_drivers_pkgs/Fixposition_driver_pkg/fixposition_gnss_tf-main' with build type 'cmake'
[0.257s] INFO:colcon.colcon_cmake.task.cmake.build:Building CMake package in '/home/roverj8/LUIS/ARGJ08/ARGOSJ8_IA_/src/argo_drivers_pkgs/Fixposition_driver_pkg/fixposition_gnss_tf-main'
[0.257s] INFO:colcon.colcon_core.shell:Skip shell extension 'powershell' for command environment: Not usable outside of PowerShell
[0.257s] DEBUG:colcon.colcon_core.shell:Skip shell extension 'dsv' for command environment
[0.258s] INFO:colcon.colcon_ros.task.ament_cmake.build:Building ROS package in '/home/roverj8/LUIS/ARGJ08/ARGOSJ8_IA_/src/car_interfaces' with build type 'ament_cmake'
[0.258s] INFO:colcon.colcon_cmake.task.cmake.build:Building CMake package in '/home/roverj8/LUIS/ARGJ08/ARGOSJ8_IA_/src/car_interfaces'
[0.258s] INFO:colcon.colcon_core.shell:Skip shell extension 'powershell' for command environment: Not usable outside of PowerShell
[0.258s] DEBUG:colcon.colcon_core.shell:Skip shell extension 'dsv' for command environment
[0.259s] INFO:colcon.colcon_ros.task.ament_cmake.build:Building ROS package in '/home/roverj8/LUIS/ARGJ08/ARGOSJ8_IA_/src/ctl_mission/ctl_mission_interfaces' with build type 'ament_cmake'
[0.259s] INFO:colcon.colcon_cmake.task.cmake.build:Building CMake package in '/home/roverj8/LUIS/ARGJ08/ARGOSJ8_IA_/src/ctl_mission/ctl_mission_interfaces'
[0.259s] INFO:colcon.colcon_core.shell:Skip shell extension 'powershell' for command environment: Not usable outside of PowerShell
[0.259s] DEBUG:colcon.colcon_core.shell:Skip shell extension 'dsv' for command environment
[0.259s] INFO:colcon.colcon_ros.task.ament_cmake.build:Building ROS package in '/home/roverj8/LUIS/ARGJ08/ARGOSJ8_IA_/src/argo_drivers_pkgs/argj801_sensors/argj801_sensors_msgs' with build type 'ament_cmake'
[0.259s] INFO:colcon.colcon_cmake.task.cmake.build:Building CMake package in '/home/roverj8/LUIS/ARGJ08/ARGOSJ8_IA_/src/argo_drivers_pkgs/argj801_sensors/argj801_sensors_msgs'
[0.260s] INFO:colcon.colcon_core.shell:Skip shell extension 'powershell' for command environment: Not usable outside of PowerShell
[0.260s] DEBUG:colcon.colcon_core.shell:Skip shell extension 'dsv' for command environment
[0.260s] INFO:colcon.colcon_ros.task.ament_cmake.build:Building ROS package in '/home/roverj8/LUIS/ARGJ08/ARGOSJ8_IA_/src/j8_joystick/sdl2_vendor' with build type 'ament_cmake'
[0.260s] INFO:colcon.colcon_cmake.task.cmake.build:Building CMake package in '/home/roverj8/LUIS/ARGJ08/ARGOSJ8_IA_/src/j8_joystick/sdl2_vendor'
[0.260s] INFO:colcon.colcon_core.shell:Skip shell extension 'powershell' for command environment: Not usable outside of PowerShell
[0.260s] DEBUG:colcon.colcon_core.shell:Skip shell extension 'dsv' for command environment
[0.261s] INFO:colcon.colcon_ros.task.ament_cmake.build:Building ROS package in '/home/roverj8/LUIS/ARGJ08/ARGOSJ8_IA_/src/security_check/security_check_interfaces' with build type 'ament_cmake'
[0.261s] INFO:colcon.colcon_cmake.task.cmake.build:Building CMake package in '/home/roverj8/LUIS/ARGJ08/ARGOSJ8_IA_/src/security_check/security_check_interfaces'
[0.261s] INFO:colcon.colcon_core.shell:Skip shell extension 'powershell' for command environment: Not usable outside of PowerShell
[0.261s] DEBUG:colcon.colcon_core.shell:Skip shell extension 'dsv' for command environment
[0.262s] INFO:colcon.colcon_ros.task.ament_cmake.build:Building ROS package in '/home/roverj8/LUIS/ARGJ08/ARGOSJ8_IA_/src/lidar_process_pkgs/slg_msgs' with build type 'ament_cmake'
[0.262s] INFO:colcon.colcon_cmake.task.cmake.build:Building CMake package in '/home/roverj8/LUIS/ARGJ08/ARGOSJ8_IA_/src/lidar_process_pkgs/slg_msgs'
[0.262s] INFO:colcon.colcon_core.shell:Skip shell extension 'powershell' for command environment: Not usable outside of PowerShell
[0.262s] DEBUG:colcon.colcon_core.shell:Skip shell extension 'dsv' for command environment
[0.262s] INFO:colcon.colcon_ros.task.ament_python.build:Building ROS package in '/home/roverj8/LUIS/ARGJ08/ARGOSJ8_IA_/src/GUI_pkg' with build type 'ament_python'
[0.262s] Level 1:colcon.colcon_core.shell:create_environment_hook('GUI_pkg', 'ament_prefix_path')
[0.262s] INFO:colcon.colcon_core.shell:Creating environment hook '/home/roverj8/LUIS/ARGJ08/ARGOSJ8_IA_/install/GUI_pkg/share/GUI_pkg/hook/ament_prefix_path.ps1'
[0.263s] INFO:colcon.colcon_core.shell:Creating environment descriptor '/home/roverj8/LUIS/ARGJ08/ARGOSJ8_IA_/install/GUI_pkg/share/GUI_pkg/hook/ament_prefix_path.dsv'
[0.263s] INFO:colcon.colcon_core.shell:Creating environment hook '/home/roverj8/LUIS/ARGJ08/ARGOSJ8_IA_/install/GUI_pkg/share/GUI_pkg/hook/ament_prefix_path.sh'
[0.263s] INFO:colcon.colcon_core.shell:Skip shell extension 'powershell' for command environment: Not usable outside of PowerShell
[0.264s] DEBUG:colcon.colcon_core.shell:Skip shell extension 'dsv' for command environment
[0.264s] INFO:colcon.colcon_ros.task.ament_python.build:Building ROS package in '/home/roverj8/LUIS/ARGJ08/ARGOSJ8_IA_/src/android_ros2_server' with build type 'ament_python'
[0.264s] Level 1:colcon.colcon_core.shell:create_environment_hook('android_ros2_server', 'ament_prefix_path')
[0.264s] INFO:colcon.colcon_core.shell:Creating environment hook '/home/roverj8/LUIS/ARGJ08/ARGOSJ8_IA_/install/android_ros2_server/share/android_ros2_server/hook/ament_prefix_path.ps1'
[0.265s] INFO:colcon.colcon_core.shell:Creating environment descriptor '/home/roverj8/LUIS/ARGJ08/ARGOSJ8_IA_/install/android_ros2_server/share/android_ros2_server/hook/ament_prefix_path.dsv'
[0.265s] INFO:colcon.colcon_core.shell:Creating environment hook '/home/roverj8/LUIS/ARGJ08/ARGOSJ8_IA_/install/android_ros2_server/share/android_ros2_server/hook/ament_prefix_path.sh'
[0.265s] INFO:colcon.colcon_core.shell:Skip shell extension 'powershell' for command environment: Not usable outside of PowerShell
[0.265s] DEBUG:colcon.colcon_core.shell:Skip shell extension 'dsv' for command environment
[0.266s] INFO:colcon.colcon_ros.task.ament_cmake.build:Building ROS package in '/home/roverj8/LUIS/ARGJ08/ARGOSJ8_IA_/src/argj801_setup' with build type 'ament_cmake'
[0.266s] INFO:colcon.colcon_cmake.task.cmake.build:Building CMake package in '/home/roverj8/LUIS/ARGJ08/ARGOSJ8_IA_/src/argj801_setup'
[0.266s] INFO:colcon.colcon_core.shell:Skip shell extension 'powershell' for command environment: Not usable outside of PowerShell
[0.266s] DEBUG:colcon.colcon_core.shell:Skip shell extension 'dsv' for command environment
[0.266s] INFO:colcon.colcon_ros.task.ament_cmake.build:Building ROS package in '/home/roverj8/LUIS/ARGJ08/ARGOSJ8_IA_/src/gazebo_sim_pkgs/fix_position_pkg' with build type 'ament_cmake'
[0.266s] INFO:colcon.colcon_cmake.task.cmake.build:Building CMake package in '/home/roverj8/LUIS/ARGJ08/ARGOSJ8_IA_/src/gazebo_sim_pkgs/fix_position_pkg'
[0.267s] INFO:colcon.colcon_core.shell:Skip shell extension 'powershell' for command environment: Not usable outside of PowerShell
[0.267s] DEBUG:colcon.colcon_core.shell:Skip shell extension 'dsv' for command environment
[0.267s] INFO:colcon.colcon_ros.task.ament_python.build:Building ROS package in '/home/roverj8/LUIS/ARGJ08/ARGOSJ8_IA_/src/gui' with build type 'ament_python'
[0.267s] Level 1:colcon.colcon_core.shell:create_environment_hook('gui', 'ament_prefix_path')
[0.267s] INFO:colcon.colcon_core.shell:Creating environment hook '/home/roverj8/LUIS/ARGJ08/ARGOSJ8_IA_/install/gui/share/gui/hook/ament_prefix_path.ps1'
[0.268s] INFO:colcon.colcon_core.shell:Creating environment descriptor '/home/roverj8/LUIS/ARGJ08/ARGOSJ8_IA_/install/gui/share/gui/hook/ament_prefix_path.dsv'
[0.268s] INFO:colcon.colcon_core.shell:Creating environment hook '/home/roverj8/LUIS/ARGJ08/ARGOSJ8_IA_/install/gui/share/gui/hook/ament_prefix_path.sh'
[0.268s] INFO:colcon.colcon_core.shell:Skip shell extension 'powershell' for command environment: Not usable outside of PowerShell
[0.268s] DEBUG:colcon.colcon_core.shell:Skip shell extension 'dsv' for command environment
[0.269s] INFO:colcon.colcon_ros.task.ament_cmake.build:Building ROS package in '/home/roverj8/LUIS/ARGJ08/ARGOSJ8_IA_/src/hector_gazebo' with build type 'ament_cmake'
[0.269s] INFO:colcon.colcon_cmake.task.cmake.build:Building CMake package in '/home/roverj8/LUIS/ARGJ08/ARGOSJ8_IA_/src/hector_gazebo'
[0.269s] INFO:colcon.colcon_core.shell:Skip shell extension 'powershell' for command environment: Not usable outside of PowerShell
[0.269s] DEBUG:colcon.colcon_core.shell:Skip shell extension 'dsv' for command environment
[0.269s] INFO:colcon.colcon_ros.task.ament_cmake.build:Building ROS package in '/home/roverj8/LUIS/ARGJ08/ARGOSJ8_IA_/src/hikmicro_thermal_camera' with build type 'ament_cmake'
[0.269s] INFO:colcon.colcon_cmake.task.cmake.build:Building CMake package in '/home/roverj8/LUIS/ARGJ08/ARGOSJ8_IA_/src/hikmicro_thermal_camera'
[0.270s] INFO:colcon.colcon_core.shell:Skip shell extension 'powershell' for command environment: Not usable outside of PowerShell
[0.270s] DEBUG:colcon.colcon_core.shell:Skip shell extension 'dsv' for command environment
[0.270s] INFO:colcon.colcon_ros.task.ament_python.build:Building ROS package in '/home/roverj8/LUIS/ARGJ08/ARGOSJ8_IA_/src/test_gui_j8/src/j8_gui' with build type 'ament_python'
[0.270s] Level 1:colcon.colcon_core.shell:create_environment_hook('j8_gui', 'ament_prefix_path')
[0.270s] INFO:colcon.colcon_core.shell:Creating environment hook '/home/roverj8/LUIS/ARGJ08/ARGOSJ8_IA_/install/j8_gui/share/j8_gui/hook/ament_prefix_path.ps1'
[0.271s] INFO:colcon.colcon_core.shell:Creating environment descriptor '/home/roverj8/LUIS/ARGJ08/ARGOSJ8_IA_/install/j8_gui/share/j8_gui/hook/ament_prefix_path.dsv'
[0.271s] INFO:colcon.colcon_core.shell:Creating environment hook '/home/roverj8/LUIS/ARGJ08/ARGOSJ8_IA_/install/j8_gui/share/j8_gui/hook/ament_prefix_path.sh'
[0.271s] INFO:colcon.colcon_core.shell:Skip shell extension 'powershell' for command environment: Not usable outside of PowerShell
[0.271s] DEBUG:colcon.colcon_core.shell:Skip shell extension 'dsv' for command environment
[0.272s] INFO:colcon.colcon_ros.task.ament_cmake.build:Building ROS package in '/home/roverj8/LUIS/ARGJ08/ARGOSJ8_IA_/src/j8_joystick/joy_linux' with build type 'ament_cmake'
[0.272s] INFO:colcon.colcon_cmake.task.cmake.build:Building CMake package in '/home/roverj8/LUIS/ARGJ08/ARGOSJ8_IA_/src/j8_joystick/joy_linux'
[0.272s] INFO:colcon.colcon_core.shell:Skip shell extension 'powershell' for command environment: Not usable outside of PowerShell
[0.272s] DEBUG:colcon.colcon_core.shell:Skip shell extension 'dsv' for command environment
[0.272s] INFO:colcon.colcon_ros.task.ament_python.build:Building ROS package in '/home/roverj8/LUIS/ARGJ08/ARGOSJ8_IA_/src/argo_drivers_pkgs/ntrip_client' with build type 'ament_python'
[0.273s] Level 1:colcon.colcon_core.shell:create_environment_hook('ntrip_client', 'ament_prefix_path')
[0.273s] INFO:colcon.colcon_core.shell:Creating environment hook '/home/roverj8/LUIS/ARGJ08/ARGOSJ8_IA_/install/ntrip_client/share/ntrip_client/hook/ament_prefix_path.ps1'
[0.273s] INFO:colcon.colcon_core.shell:Creating environment descriptor '/home/roverj8/LUIS/ARGJ08/ARGOSJ8_IA_/install/ntrip_client/share/ntrip_client/hook/ament_prefix_path.dsv'
[0.273s] INFO:colcon.colcon_core.shell:Creating environment hook '/home/roverj8/LUIS/ARGJ08/ARGOSJ8_IA_/install/ntrip_client/share/ntrip_client/hook/ament_prefix_path.sh'
[0.273s] INFO:colcon.colcon_core.shell:Skip shell extension 'powershell' for command environment: Not usable outside of PowerShell
[0.274s] DEBUG:colcon.colcon_core.shell:Skip shell extension 'dsv' for command environment
[0.274s] INFO:colcon.colcon_ros.task.ament_cmake.build:Building ROS package in '/home/roverj8/LUIS/ARGJ08/ARGOSJ8_IA_/src/j8_joystick/spacenav' with build type 'ament_cmake'
[0.274s] INFO:colcon.colcon_cmake.task.cmake.build:Building CMake package in '/home/roverj8/LUIS/ARGJ08/ARGOSJ8_IA_/src/j8_joystick/spacenav'
[0.274s] INFO:colcon.colcon_core.shell:Skip shell extension 'powershell' for command environment: Not usable outside of PowerShell
[0.274s] DEBUG:colcon.colcon_core.shell:Skip shell extension 'dsv' for command environment
[0.275s] INFO:colcon.colcon_ros.task.ament_cmake.build:Building ROS package in '/home/roverj8/LUIS/ARGJ08/ARGOSJ8_IA_/src/j8_joystick/wiimote_msgs' with build type 'ament_cmake'
[0.275s] INFO:colcon.colcon_cmake.task.cmake.build:Building CMake package in '/home/roverj8/LUIS/ARGJ08/ARGOSJ8_IA_/src/j8_joystick/wiimote_msgs'
[0.275s] INFO:colcon.colcon_core.shell:Skip shell extension 'powershell' for command environment: Not usable outside of PowerShell
[0.275s] DEBUG:colcon.colcon_core.shell:Skip shell extension 'dsv' for command environment
[0.281s] DEBUG:colcon.colcon_core.event_handler.log_command:Invoking command in '/home/roverj8/LUIS/ARGJ08/ARGOSJ8_IA_/build/ublox_serialization': /usr/bin/cmake /home/roverj8/LUIS/ARGJ08/ARGOSJ8_IA_/src/argo_drivers_pkgs/ublox/ublox_serialization -DCMAKE_INSTALL_PREFIX=/home/roverj8/LUIS/ARGJ08/ARGOSJ8_IA_/install/ublox_serialization
[0.282s] DEBUG:colcon.colcon_core.event_handler.log_command:Invoking command in '/home/roverj8/LUIS/ARGJ08/ARGOSJ8_IA_/build/argj801_ctl_platform_interfaces': /usr/bin/cmake /home/roverj8/LUIS/ARGJ08/ARGOSJ8_IA_/src/argj801_ctl_platform/argj801_ctl_platform_interfaces -DCMAKE_INSTALL_PREFIX=/home/roverj8/LUIS/ARGJ08/ARGOSJ8_IA_/install/argj801_ctl_platform_interfaces
[0.282s] DEBUG:colcon.colcon_core.event_handler.log_command:Invoking command in '/home/roverj8/LUIS/ARGJ08/ARGOSJ8_IA_/build/path_manager_interfaces': /usr/bin/cmake /home/roverj8/LUIS/ARGJ08/ARGOSJ8_IA_/src/path_manager/path_manager_interfaces -DCMAKE_INSTALL_PREFIX=/home/roverj8/LUIS/ARGJ08/ARGOSJ8_IA_/install/path_manager_interfaces
[0.283s] DEBUG:colcon.colcon_core.event_handler.log_command:Invoking command in '/home/roverj8/LUIS/ARGJ08/ARGOSJ8_IA_/build/fixposition_gnss_tf': /usr/bin/cmake /home/roverj8/LUIS/ARGJ08/ARGOSJ8_IA_/src/argo_drivers_pkgs/Fixposition_driver_pkg/fixposition_gnss_tf-main -DCMAKE_INSTALL_PREFIX=/home/roverj8/LUIS/ARGJ08/ARGOSJ8_IA_/install/fixposition_gnss_tf
[0.284s] DEBUG:colcon.colcon_core.event_handler.log_command:Invoking command in '/home/roverj8/LUIS/ARGJ08/ARGOSJ8_IA_/build/car_interfaces': /usr/bin/cmake /home/roverj8/LUIS/ARGJ08/ARGOSJ8_IA_/src/car_interfaces -DCMAKE_INSTALL_PREFIX=/home/roverj8/LUIS/ARGJ08/ARGOSJ8_IA_/install/car_interfaces
[0.285s] DEBUG:colcon.colcon_core.event_handler.log_command:Invoking command in '/home/roverj8/LUIS/ARGJ08/ARGOSJ8_IA_/build/ctl_mission_interfaces': /usr/bin/cmake /home/roverj8/LUIS/ARGJ08/ARGOSJ8_IA_/src/ctl_mission/ctl_mission_interfaces -DCMAKE_INSTALL_PREFIX=/home/roverj8/LUIS/ARGJ08/ARGOSJ8_IA_/install/ctl_mission_interfaces
[0.286s] DEBUG:colcon.colcon_core.event_handler.log_command:Invoking command in '/home/roverj8/LUIS/ARGJ08/ARGOSJ8_IA_/build/argj801_sensors_msgs': /usr/bin/cmake /home/roverj8/LUIS/ARGJ08/ARGOSJ8_IA_/src/argo_drivers_pkgs/argj801_sensors/argj801_sensors_msgs -DCMAKE_INSTALL_PREFIX=/home/roverj8/LUIS/ARGJ08/ARGOSJ8_IA_/install/argj801_sensors_msgs
[0.287s] DEBUG:colcon.colcon_core.event_handler.log_command:Invoking command in '/home/roverj8/LUIS/ARGJ08/ARGOSJ8_IA_/build/sdl2_vendor': /usr/bin/cmake /home/roverj8/LUIS/ARGJ08/ARGOSJ8_IA_/src/j8_joystick/sdl2_vendor -DCMAKE_INSTALL_PREFIX=/home/roverj8/LUIS/ARGJ08/ARGOSJ8_IA_/install/sdl2_vendor
[0.289s] DEBUG:colcon.colcon_core.event_handler.log_command:Invoking command in '/home/roverj8/LUIS/ARGJ08/ARGOSJ8_IA_/build/security_check_interfaces': /usr/bin/cmake /home/roverj8/LUIS/ARGJ08/ARGOSJ8_IA_/src/security_check/security_check_interfaces -DCMAKE_INSTALL_PREFIX=/home/roverj8/LUIS/ARGJ08/ARGOSJ8_IA_/install/security_check_interfaces
[0.291s] DEBUG:colcon.colcon_core.event_handler.log_command:Invoking command in '/home/roverj8/LUIS/ARGJ08/ARGOSJ8_IA_/build/slg_msgs': /usr/bin/cmake /home/roverj8/LUIS/ARGJ08/ARGOSJ8_IA_/src/lidar_process_pkgs/slg_msgs -DCMAKE_INSTALL_PREFIX=/home/roverj8/LUIS/ARGJ08/ARGOSJ8_IA_/install/slg_msgs
[0.448s] WARNING:colcon.colcon_ros.task.ament_python.build:Package 'GUI_pkg' doesn't explicitly install a marker in the package index (colcon-ros currently does it implicitly but that fallback will be removed in the future)
[0.448s] WARNING:colcon.colcon_ros.task.ament_python.build:Package 'GUI_pkg' doesn't explicitly install the 'package.xml' file (colcon-ros currently does it implicitly but that fallback will be removed in the future)
[0.449s] INFO:colcon.colcon_core.task.python.build:Building Python package in '/home/roverj8/LUIS/ARGJ08/ARGOSJ8_IA_/src/GUI_pkg'
[0.449s] INFO:colcon.colcon_core.shell:Skip shell extension 'powershell' for command environment: Not usable outside of PowerShell
[0.449s] DEBUG:colcon.colcon_core.shell:Skip shell extension 'dsv' for command environment
[0.662s] INFO:colcon.colcon_core.task.python.build:Building Python package in '/home/roverj8/LUIS/ARGJ08/ARGOSJ8_IA_/src/android_ros2_server'
[0.662s] INFO:colcon.colcon_core.shell:Skip shell extension 'powershell' for command environment: Not usable outside of PowerShell
[0.662s] DEBUG:colcon.colcon_core.shell:Skip shell extension 'dsv' for command environment
[0.667s] DEBUG:colcon.colcon_core.event_handler.log_command:Invoking command in '/home/roverj8/LUIS/ARGJ08/ARGOSJ8_IA_/build/argj801_setup': /usr/bin/cmake /home/roverj8/LUIS/ARGJ08/ARGOSJ8_IA_/src/argj801_setup -DCMAKE_INSTALL_PREFIX=/home/roverj8/LUIS/ARGJ08/ARGOSJ8_IA_/install/argj801_setup
[0.671s] DEBUG:colcon.colcon_core.event_handler.log_command:Invoking command in '/home/roverj8/LUIS/ARGJ08/ARGOSJ8_IA_/build/fixposition_sensor_pkg': /usr/bin/cmake /home/roverj8/LUIS/ARGJ08/ARGOSJ8_IA_/src/gazebo_sim_pkgs/fix_position_pkg -DCMAKE_INSTALL_PREFIX=/home/roverj8/LUIS/ARGJ08/ARGOSJ8_IA_/install/fixposition_sensor_pkg
[0.881s] INFO:colcon.colcon_core.task.python.build:Building Python package in '/home/roverj8/LUIS/ARGJ08/ARGOSJ8_IA_/src/gui'
[0.881s] INFO:colcon.colcon_core.shell:Skip shell extension 'powershell' for command environment: Not usable outside of PowerShell
[0.882s] DEBUG:colcon.colcon_core.shell:Skip shell extension 'dsv' for command environment
[0.886s] DEBUG:colcon.colcon_core.event_handler.log_command:Invoking command in '/home/roverj8/LUIS/ARGJ08/ARGOSJ8_IA_/build/hector_gazebo_plugins': /usr/bin/cmake /home/roverj8/LUIS/ARGJ08/ARGOSJ8_IA_/src/hector_gazebo -DCMAKE_INSTALL_PREFIX=/home/roverj8/LUIS/ARGJ08/ARGOSJ8_IA_/install/hector_gazebo_plugins
[0.887s] DEBUG:colcon.colcon_core.event_handler.log_command:Invoking command in '/home/roverj8/LUIS/ARGJ08/ARGOSJ8_IA_/build/hikmicro_thermal_camera': /usr/bin/cmake /home/roverj8/LUIS/ARGJ08/ARGOSJ8_IA_/src/hikmicro_thermal_camera -DCMAKE_INSTALL_PREFIX=/home/roverj8/LUIS/ARGJ08/ARGOSJ8_IA_/install/hikmicro_thermal_camera
[1.054s] INFO:colcon.colcon_core.task.python.build:Building Python package in '/home/roverj8/LUIS/ARGJ08/ARGOSJ8_IA_/src/test_gui_j8/src/j8_gui'
[1.054s] INFO:colcon.colcon_core.shell:Skip shell extension 'powershell' for command environment: Not usable outside of PowerShell
[1.054s] DEBUG:colcon.colcon_core.shell:Skip shell extension 'dsv' for command environment
[1.058s] DEBUG:colcon.colcon_core.event_handler.log_command:Invoking command in '/home/roverj8/LUIS/ARGJ08/ARGOSJ8_IA_/build/joy_linux': /usr/bin/cmake /home/roverj8/LUIS/ARGJ08/ARGOSJ8_IA_/src/j8_joystick/joy_linux -DCMAKE_INSTALL_PREFIX=/home/roverj8/LUIS/ARGJ08/ARGOSJ8_IA_/install/joy_linux
[1.211s] INFO:colcon.colcon_core.task.python.build:Building Python package in '/home/roverj8/LUIS/ARGJ08/ARGOSJ8_IA_/src/argo_drivers_pkgs/ntrip_client'
[1.211s] INFO:colcon.colcon_core.shell:Skip shell extension 'powershell' for command environment: Not usable outside of PowerShell
[1.211s] DEBUG:colcon.colcon_core.shell:Skip shell extension 'dsv' for command environment
[1.213s] DEBUG:colcon.colcon_core.event_handler.log_command:Invoking command in '/home/roverj8/LUIS/ARGJ08/ARGOSJ8_IA_/build/spacenav': /usr/bin/cmake /home/roverj8/LUIS/ARGJ08/ARGOSJ8_IA_/src/j8_joystick/spacenav -DCMAKE_INSTALL_PREFIX=/home/roverj8/LUIS/ARGJ08/ARGOSJ8_IA_/install/spacenav
[1.217s] DEBUG:colcon.colcon_core.event_handler.log_command:Invoking command in '/home/roverj8/LUIS/ARGJ08/ARGOSJ8_IA_/build/wiimote_msgs': /usr/bin/cmake /home/roverj8/LUIS/ARGJ08/ARGOSJ8_IA_/src/j8_joystick/wiimote_msgs -DCMAKE_INSTALL_PREFIX=/home/roverj8/LUIS/ARGJ08/ARGOSJ8_IA_/install/wiimote_msgs
[1.270s] DEBUG:colcon.colcon_core.event_handler.log_command:Invoked command in '/home/roverj8/LUIS/ARGJ08/ARGOSJ8_IA_/build/fixposition_gnss_tf' returned '0': /usr/bin/cmake /home/roverj8/LUIS/ARGJ08/ARGOSJ8_IA_/src/argo_drivers_pkgs/Fixposition_driver_pkg/fixposition_gnss_tf-main -DCMAKE_INSTALL_PREFIX=/home/roverj8/LUIS/ARGJ08/ARGOSJ8_IA_/install/fixposition_gnss_tf
[1.270s] DEBUG:colcon.colcon_core.event_handler.log_command:Invoking command in '/home/roverj8/LUIS/ARGJ08/ARGOSJ8_IA_/build/fixposition_gnss_tf': /usr/bin/cmake --build /home/roverj8/LUIS/ARGJ08/ARGOSJ8_IA_/build/fixposition_gnss_tf -- -j24 -l24
[1.270s] DEBUG:colcon.colcon_core.event_handler.log_command:Invoked command in '/home/roverj8/LUIS/ARGJ08/ARGOSJ8_IA_/build/argj801_ctl_platform_interfaces' returned '1': /usr/bin/cmake /home/roverj8/LUIS/ARGJ08/ARGOSJ8_IA_/src/argj801_ctl_platform/argj801_ctl_platform_interfaces -DCMAKE_INSTALL_PREFIX=/home/roverj8/LUIS/ARGJ08/ARGOSJ8_IA_/install/argj801_ctl_platform_interfaces
[1.271s] DEBUG:colcon.colcon_core.event_handler.log_command:Invoked command in '/home/roverj8/LUIS/ARGJ08/ARGOSJ8_IA_/build/security_check_interfaces' returned '1': /usr/bin/cmake /home/roverj8/LUIS/ARGJ08/ARGOSJ8_IA_/src/security_check/security_check_interfaces -DCMAKE_INSTALL_PREFIX=/home/roverj8/LUIS/ARGJ08/ARGOSJ8_IA_/install/security_check_interfaces
[1.271s] DEBUG:colcon.colcon_core.event_handler.log_command:Invoked command in '/home/roverj8/LUIS/ARGJ08/ARGOSJ8_IA_/build/car_interfaces' returned '1': /usr/bin/cmake /home/roverj8/LUIS/ARGJ08/ARGOSJ8_IA_/src/car_interfaces -DCMAKE_INSTALL_PREFIX=/home/roverj8/LUIS/ARGJ08/ARGOSJ8_IA_/install/car_interfaces
[1.271s] DEBUG:colcon.colcon_core.event_handler.log_command:Invoked command in '/home/roverj8/LUIS/ARGJ08/ARGOSJ8_IA_/build/slg_msgs' returned '1': /usr/bin/cmake /home/roverj8/LUIS/ARGJ08/ARGOSJ8_IA_/src/lidar_process_pkgs/slg_msgs -DCMAKE_INSTALL_PREFIX=/home/roverj8/LUIS/ARGJ08/ARGOSJ8_IA_/install/slg_msgs
[1.272s] DEBUG:colcon.colcon_core.event_handler.log_command:Invoked command in '/home/roverj8/LUIS/ARGJ08/ARGOSJ8_IA_/build/path_manager_interfaces' returned '1': /usr/bin/cmake /home/roverj8/LUIS/ARGJ08/ARGOSJ8_IA_/src/path_manager/path_manager_interfaces -DCMAKE_INSTALL_PREFIX=/home/roverj8/LUIS/ARGJ08/ARGOSJ8_IA_/install/path_manager_interfaces
[1.272s] DEBUG:colcon.colcon_core.event_handler.log_command:Invoked command in '/home/roverj8/LUIS/ARGJ08/ARGOSJ8_IA_/build/ctl_mission_interfaces' returned '1': /usr/bin/cmake /home/roverj8/LUIS/ARGJ08/ARGOSJ8_IA_/src/ctl_mission/ctl_mission_interfaces -DCMAKE_INSTALL_PREFIX=/home/roverj8/LUIS/ARGJ08/ARGOSJ8_IA_/install/ctl_mission_interfaces
[1.273s] DEBUG:colcon.colcon_core.event_handler.log_command:Invoked command in '/home/roverj8/LUIS/ARGJ08/ARGOSJ8_IA_/build/ublox_serialization' returned '1': /usr/bin/cmake /home/roverj8/LUIS/ARGJ08/ARGOSJ8_IA_/src/argo_drivers_pkgs/ublox/ublox_serialization -DCMAKE_INSTALL_PREFIX=/home/roverj8/LUIS/ARGJ08/ARGOSJ8_IA_/install/ublox_serialization
[1.273s] DEBUG:colcon.colcon_core.event_handler.log_command:Invoked command in '/home/roverj8/LUIS/ARGJ08/ARGOSJ8_IA_/build/argj801_sensors_msgs' returned '1': /usr/bin/cmake /home/roverj8/LUIS/ARGJ08/ARGOSJ8_IA_/src/argo_drivers_pkgs/argj801_sensors/argj801_sensors_msgs -DCMAKE_INSTALL_PREFIX=/home/roverj8/LUIS/ARGJ08/ARGOSJ8_IA_/install/argj801_sensors_msgs
[1.282s] DEBUG:colcon.colcon_core.event_handler.log_command:Invoked command in '/home/roverj8/LUIS/ARGJ08/ARGOSJ8_IA_/build/sdl2_vendor' returned '1': /usr/bin/cmake /home/roverj8/LUIS/ARGJ08/ARGOSJ8_IA_/src/j8_joystick/sdl2_vendor -DCMAKE_INSTALL_PREFIX=/home/roverj8/LUIS/ARGJ08/ARGOSJ8_IA_/install/sdl2_vendor
[1.283s] DEBUG:colcon.colcon_core.event_handler.log_command:Invoked command in '/home/roverj8/LUIS/ARGJ08/ARGOSJ8_IA_/build/argj801_setup' returned '1': /usr/bin/cmake /home/roverj8/LUIS/ARGJ08/ARGOSJ8_IA_/src/argj801_setup -DCMAKE_INSTALL_PREFIX=/home/roverj8/LUIS/ARGJ08/ARGOSJ8_IA_/install/argj801_setup
[1.284s] DEBUG:colcon.colcon_core.event_handler.log_command:Invoked command in '/home/roverj8/LUIS/ARGJ08/ARGOSJ8_IA_/build/fixposition_sensor_pkg' returned '1': /usr/bin/cmake /home/roverj8/LUIS/ARGJ08/ARGOSJ8_IA_/src/gazebo_sim_pkgs/fix_position_pkg -DCMAKE_INSTALL_PREFIX=/home/roverj8/LUIS/ARGJ08/ARGOSJ8_IA_/install/fixposition_sensor_pkg
[1.285s] DEBUG:colcon.colcon_core.event_handler.log_command:Invoked command in '/home/roverj8/LUIS/ARGJ08/ARGOSJ8_IA_/build/hikmicro_thermal_camera' returned '1': /usr/bin/cmake /home/roverj8/LUIS/ARGJ08/ARGOSJ8_IA_/src/hikmicro_thermal_camera -DCMAKE_INSTALL_PREFIX=/home/roverj8/LUIS/ARGJ08/ARGOSJ8_IA_/install/hikmicro_thermal_camera
[1.286s] DEBUG:colcon.colcon_core.event_handler.log_command:Invoked command in '/home/roverj8/LUIS/ARGJ08/ARGOSJ8_IA_/build/hector_gazebo_plugins' returned '1': /usr/bin/cmake /home/roverj8/LUIS/ARGJ08/ARGOSJ8_IA_/src/hector_gazebo -DCMAKE_INSTALL_PREFIX=/home/roverj8/LUIS/ARGJ08/ARGOSJ8_IA_/install/hector_gazebo_plugins
[1.287s] DEBUG:colcon.colcon_core.event_handler.log_command:Invoked command in '/home/roverj8/LUIS/ARGJ08/ARGOSJ8_IA_/build/joy_linux' returned '1': /usr/bin/cmake /home/roverj8/LUIS/ARGJ08/ARGOSJ8_IA_/src/j8_joystick/joy_linux -DCMAKE_INSTALL_PREFIX=/home/roverj8/LUIS/ARGJ08/ARGOSJ8_IA_/install/joy_linux
[1.289s] Level 1:colcon.colcon_core.environment:create_environment_scripts_only(argj801_ctl_platform_interfaces)
[1.293s] Level 1:colcon.colcon_core.environment:checking '/home/roverj8/LUIS/ARGJ08/ARGOSJ8_IA_/install/argj801_ctl_platform_interfaces' for CMake module files
[1.293s] Level 1:colcon.colcon_core.environment:checking '/home/roverj8/LUIS/ARGJ08/ARGOSJ8_IA_/install/argj801_ctl_platform_interfaces' for CMake config files
[1.294s] Level 1:colcon.colcon_core.environment:checking '/home/roverj8/LUIS/ARGJ08/ARGOSJ8_IA_/install/argj801_ctl_platform_interfaces/bin'
[1.294s] Level 1:colcon.colcon_core.environment:checking '/home/roverj8/LUIS/ARGJ08/ARGOSJ8_IA_/install/argj801_ctl_platform_interfaces/lib/pkgconfig/argj801_ctl_platform_interfaces.pc'
[1.294s] Level 1:colcon.colcon_core.environment:checking '/home/roverj8/LUIS/ARGJ08/ARGOSJ8_IA_/install/argj801_ctl_platform_interfaces/lib/python3.10/site-packages'
[1.295s] Level 1:colcon.colcon_core.environment:checking '/home/roverj8/LUIS/ARGJ08/ARGOSJ8_IA_/install/argj801_ctl_platform_interfaces/bin'
[1.295s] INFO:colcon.colcon_core.shell:Creating package script '/home/roverj8/LUIS/ARGJ08/ARGOSJ8_IA_/install/argj801_ctl_platform_interfaces/share/argj801_ctl_platform_interfaces/package.ps1'
[1.297s] INFO:colcon.colcon_core.shell:Creating package descriptor '/home/roverj8/LUIS/ARGJ08/ARGOSJ8_IA_/install/argj801_ctl_platform_interfaces/share/argj801_ctl_platform_interfaces/package.dsv'
[1.297s] INFO:colcon.colcon_core.shell:Creating package script '/home/roverj8/LUIS/ARGJ08/ARGOSJ8_IA_/install/argj801_ctl_platform_interfaces/share/argj801_ctl_platform_interfaces/package.sh'
[1.298s] INFO:colcon.colcon_core.shell:Creating package script '/home/roverj8/LUIS/ARGJ08/ARGOSJ8_IA_/install/argj801_ctl_platform_interfaces/share/argj801_ctl_platform_interfaces/package.bash'
[1.299s] INFO:colcon.colcon_core.shell:Creating package script '/home/roverj8/LUIS/ARGJ08/ARGOSJ8_IA_/install/argj801_ctl_platform_interfaces/share/argj801_ctl_platform_interfaces/package.zsh'
[1.300s] Level 1:colcon.colcon_core.environment:create_file_with_runtime_dependencies(/home/roverj8/LUIS/ARGJ08/ARGOSJ8_IA_/install/argj801_ctl_platform_interfaces/share/colcon-core/packages/argj801_ctl_platform_interfaces)
[1.300s] Level 1:colcon.colcon_core.environment:create_environment_scripts_only(security_check_interfaces)
[1.300s] Level 1:colcon.colcon_core.environment:checking '/home/roverj8/LUIS/ARGJ08/ARGOSJ8_IA_/install/security_check_interfaces' for CMake module files
[1.301s] Level 1:colcon.colcon_core.environment:checking '/home/roverj8/LUIS/ARGJ08/ARGOSJ8_IA_/install/security_check_interfaces' for CMake config files
[1.301s] Level 1:colcon.colcon_core.environment:checking '/home/roverj8/LUIS/ARGJ08/ARGOSJ8_IA_/install/security_check_interfaces/bin'
[1.301s] Level 1:colcon.colcon_core.environment:checking '/home/roverj8/LUIS/ARGJ08/ARGOSJ8_IA_/install/security_check_interfaces/lib/pkgconfig/security_check_interfaces.pc'
[1.301s] Level 1:colcon.colcon_core.environment:checking '/home/roverj8/LUIS/ARGJ08/ARGOSJ8_IA_/install/security_check_interfaces/lib/python3.10/site-packages'
[1.302s] Level 1:colcon.colcon_core.environment:checking '/home/roverj8/LUIS/ARGJ08/ARGOSJ8_IA_/install/security_check_interfaces/bin'
[1.302s] INFO:colcon.colcon_core.shell:Creating package script '/home/roverj8/LUIS/ARGJ08/ARGOSJ8_IA_/install/security_check_interfaces/share/security_check_interfaces/package.ps1'
[1.303s] INFO:colcon.colcon_core.shell:Creating package descriptor '/home/roverj8/LUIS/ARGJ08/ARGOSJ8_IA_/install/security_check_interfaces/share/security_check_interfaces/package.dsv'
[1.304s] INFO:colcon.colcon_core.shell:Creating package script '/home/roverj8/LUIS/ARGJ08/ARGOSJ8_IA_/install/security_check_interfaces/share/security_check_interfaces/package.sh'
[1.304s] INFO:colcon.colcon_core.shell:Creating package script '/home/roverj8/LUIS/ARGJ08/ARGOSJ8_IA_/install/security_check_interfaces/share/security_check_interfaces/package.bash'
[1.304s] INFO:colcon.colcon_core.shell:Creating package script '/home/roverj8/LUIS/ARGJ08/ARGOSJ8_IA_/install/security_check_interfaces/share/security_check_interfaces/package.zsh'
[1.304s] Level 1:colcon.colcon_core.environment:create_file_with_runtime_dependencies(/home/roverj8/LUIS/ARGJ08/ARGOSJ8_IA_/install/security_check_interfaces/share/colcon-core/packages/security_check_interfaces)
[1.305s] Level 1:colcon.colcon_core.environment:create_environment_scripts_only(car_interfaces)
[1.305s] Level 1:colcon.colcon_core.environment:checking '/home/roverj8/LUIS/ARGJ08/ARGOSJ8_IA_/install/car_interfaces' for CMake module files
[1.305s] Level 1:colcon.colcon_core.environment:checking '/home/roverj8/LUIS/ARGJ08/ARGOSJ8_IA_/install/car_interfaces' for CMake config files
[1.306s] Level 1:colcon.colcon_core.environment:checking '/home/roverj8/LUIS/ARGJ08/ARGOSJ8_IA_/install/car_interfaces/bin'
[1.306s] Level 1:colcon.colcon_core.environment:checking '/home/roverj8/LUIS/ARGJ08/ARGOSJ8_IA_/install/car_interfaces/lib/pkgconfig/car_interfaces.pc'
[1.306s] Level 1:colcon.colcon_core.environment:checking '/home/roverj8/LUIS/ARGJ08/ARGOSJ8_IA_/install/car_interfaces/lib/python3.10/site-packages'
[1.306s] Level 1:colcon.colcon_core.environment:checking '/home/roverj8/LUIS/ARGJ08/ARGOSJ8_IA_/install/car_interfaces/bin'
[1.306s] INFO:colcon.colcon_core.shell:Creating package script '/home/roverj8/LUIS/ARGJ08/ARGOSJ8_IA_/install/car_interfaces/share/car_interfaces/package.ps1'
[1.307s] INFO:colcon.colcon_core.shell:Creating package descriptor '/home/roverj8/LUIS/ARGJ08/ARGOSJ8_IA_/install/car_interfaces/share/car_interfaces/package.dsv'
[1.308s] INFO:colcon.colcon_core.shell:Creating package script '/home/roverj8/LUIS/ARGJ08/ARGOSJ8_IA_/install/car_interfaces/share/car_interfaces/package.sh'
[1.308s] INFO:colcon.colcon_core.shell:Creating package script '/home/roverj8/LUIS/ARGJ08/ARGOSJ8_IA_/install/car_interfaces/share/car_interfaces/package.bash'
[1.308s] INFO:colcon.colcon_core.shell:Creating package script '/home/roverj8/LUIS/ARGJ08/ARGOSJ8_IA_/install/car_interfaces/share/car_interfaces/package.zsh'
[1.308s] Level 1:colcon.colcon_core.environment:create_file_with_runtime_dependencies(/home/roverj8/LUIS/ARGJ08/ARGOSJ8_IA_/install/car_interfaces/share/colcon-core/packages/car_interfaces)
[1.309s] Level 1:colcon.colcon_core.environment:create_environment_scripts_only(slg_msgs)
[1.309s] Level 1:colcon.colcon_core.environment:checking '/home/roverj8/LUIS/ARGJ08/ARGOSJ8_IA_/install/slg_msgs' for CMake module files
[1.309s] Level 1:colcon.colcon_core.environment:checking '/home/roverj8/LUIS/ARGJ08/ARGOSJ8_IA_/install/slg_msgs' for CMake config files
[1.309s] Level 1:colcon.colcon_core.environment:checking '/home/roverj8/LUIS/ARGJ08/ARGOSJ8_IA_/install/slg_msgs/bin'
[1.310s] Level 1:colcon.colcon_core.environment:checking '/home/roverj8/LUIS/ARGJ08/ARGOSJ8_IA_/install/slg_msgs/lib/pkgconfig/slg_msgs.pc'
[1.310s] Level 1:colcon.colcon_core.environment:checking '/home/roverj8/LUIS/ARGJ08/ARGOSJ8_IA_/install/slg_msgs/lib/python3.10/site-packages'
[1.310s] Level 1:colcon.colcon_core.environment:checking '/home/roverj8/LUIS/ARGJ08/ARGOSJ8_IA_/install/slg_msgs/bin'
[1.310s] INFO:colcon.colcon_core.shell:Creating package script '/home/roverj8/LUIS/ARGJ08/ARGOSJ8_IA_/install/slg_msgs/share/slg_msgs/package.ps1'
[1.311s] INFO:colcon.colcon_core.shell:Creating package descriptor '/home/roverj8/LUIS/ARGJ08/ARGOSJ8_IA_/install/slg_msgs/share/slg_msgs/package.dsv'
[1.312s] INFO:colcon.colcon_core.shell:Creating package script '/home/roverj8/LUIS/ARGJ08/ARGOSJ8_IA_/install/slg_msgs/share/slg_msgs/package.sh'
[1.312s] INFO:colcon.colcon_core.shell:Creating package script '/home/roverj8/LUIS/ARGJ08/ARGOSJ8_IA_/install/slg_msgs/share/slg_msgs/package.bash'
[1.312s] INFO:colcon.colcon_core.shell:Creating package script '/home/roverj8/LUIS/ARGJ08/ARGOSJ8_IA_/install/slg_msgs/share/slg_msgs/package.zsh'
[1.313s] Level 1:colcon.colcon_core.environment:create_file_with_runtime_dependencies(/home/roverj8/LUIS/ARGJ08/ARGOSJ8_IA_/install/slg_msgs/share/colcon-core/packages/slg_msgs)
[1.313s] Level 1:colcon.colcon_core.environment:create_environment_scripts_only(path_manager_interfaces)
[1.313s] Level 1:colcon.colcon_core.environment:checking '/home/roverj8/LUIS/ARGJ08/ARGOSJ8_IA_/install/path_manager_interfaces' for CMake module files
[1.314s] Level 1:colcon.colcon_core.environment:checking '/home/roverj8/LUIS/ARGJ08/ARGOSJ8_IA_/install/path_manager_interfaces' for CMake config files
[1.314s] Level 1:colcon.colcon_core.environment:checking '/home/roverj8/LUIS/ARGJ08/ARGOSJ8_IA_/install/path_manager_interfaces/bin'
[1.314s] Level 1:colcon.colcon_core.environment:checking '/home/roverj8/LUIS/ARGJ08/ARGOSJ8_IA_/install/path_manager_interfaces/lib/pkgconfig/path_manager_interfaces.pc'
[1.314s] Level 1:colcon.colcon_core.environment:checking '/home/roverj8/LUIS/ARGJ08/ARGOSJ8_IA_/install/path_manager_interfaces/lib/python3.10/site-packages'
[1.314s] Level 1:colcon.colcon_core.environment:checking '/home/roverj8/LUIS/ARGJ08/ARGOSJ8_IA_/install/path_manager_interfaces/bin'
[1.315s] INFO:colcon.colcon_core.shell:Creating package script '/home/roverj8/LUIS/ARGJ08/ARGOSJ8_IA_/install/path_manager_interfaces/share/path_manager_interfaces/package.ps1'
[1.316s] INFO:colcon.colcon_core.shell:Creating package descriptor '/home/roverj8/LUIS/ARGJ08/ARGOSJ8_IA_/install/path_manager_interfaces/share/path_manager_interfaces/package.dsv'
[1.316s] INFO:colcon.colcon_core.shell:Creating package script '/home/roverj8/LUIS/ARGJ08/ARGOSJ8_IA_/install/path_manager_interfaces/share/path_manager_interfaces/package.sh'
[1.316s] INFO:colcon.colcon_core.shell:Creating package script '/home/roverj8/LUIS/ARGJ08/ARGOSJ8_IA_/install/path_manager_interfaces/share/path_manager_interfaces/package.bash'
[1.316s] INFO:colcon.colcon_core.shell:Creating package script '/home/roverj8/LUIS/ARGJ08/ARGOSJ8_IA_/install/path_manager_interfaces/share/path_manager_interfaces/package.zsh'
[1.317s] Level 1:colcon.colcon_core.environment:create_file_with_runtime_dependencies(/home/roverj8/LUIS/ARGJ08/ARGOSJ8_IA_/install/path_manager_interfaces/share/colcon-core/packages/path_manager_interfaces)
[1.317s] Level 1:colcon.colcon_core.environment:create_environment_scripts_only(ctl_mission_interfaces)
[1.317s] Level 1:colcon.colcon_core.environment:checking '/home/roverj8/LUIS/ARGJ08/ARGOSJ8_IA_/install/ctl_mission_interfaces' for CMake module files
[1.318s] Level 1:colcon.colcon_core.environment:checking '/home/roverj8/LUIS/ARGJ08/ARGOSJ8_IA_/install/ctl_mission_interfaces' for CMake config files
[1.318s] Level 1:colcon.colcon_core.environment:checking '/home/roverj8/LUIS/ARGJ08/ARGOSJ8_IA_/install/ctl_mission_interfaces/bin'
[1.318s] Level 1:colcon.colcon_core.environment:checking '/home/roverj8/LUIS/ARGJ08/ARGOSJ8_IA_/install/ctl_mission_interfaces/lib/pkgconfig/ctl_mission_interfaces.pc'
[1.318s] Level 1:colcon.colcon_core.environment:checking '/home/roverj8/LUIS/ARGJ08/ARGOSJ8_IA_/install/ctl_mission_interfaces/lib/python3.10/site-packages'
[1.318s] Level 1:colcon.colcon_core.environment:checking '/home/roverj8/LUIS/ARGJ08/ARGOSJ8_IA_/install/ctl_mission_interfaces/bin'
[1.319s] INFO:colcon.colcon_core.shell:Creating package script '/home/roverj8/LUIS/ARGJ08/ARGOSJ8_IA_/install/ctl_mission_interfaces/share/ctl_mission_interfaces/package.ps1'
[1.320s] INFO:colcon.colcon_core.shell:Creating package descriptor '/home/roverj8/LUIS/ARGJ08/ARGOSJ8_IA_/install/ctl_mission_interfaces/share/ctl_mission_interfaces/package.dsv'
[1.320s] INFO:colcon.colcon_core.shell:Creating package script '/home/roverj8/LUIS/ARGJ08/ARGOSJ8_IA_/install/ctl_mission_interfaces/share/ctl_mission_interfaces/package.sh'
[1.320s] INFO:colcon.colcon_core.shell:Creating package script '/home/roverj8/LUIS/ARGJ08/ARGOSJ8_IA_/install/ctl_mission_interfaces/share/ctl_mission_interfaces/package.bash'
[1.320s] INFO:colcon.colcon_core.shell:Creating package script '/home/roverj8/LUIS/ARGJ08/ARGOSJ8_IA_/install/ctl_mission_interfaces/share/ctl_mission_interfaces/package.zsh'
[1.321s] Level 1:colcon.colcon_core.environment:create_file_with_runtime_dependencies(/home/roverj8/LUIS/ARGJ08/ARGOSJ8_IA_/install/ctl_mission_interfaces/share/colcon-core/packages/ctl_mission_interfaces)
[1.321s] Level 1:colcon.colcon_core.environment:create_environment_scripts_only(ublox_serialization)
[1.321s] Level 1:colcon.colcon_core.environment:checking '/home/roverj8/LUIS/ARGJ08/ARGOSJ8_IA_/install/ublox_serialization' for CMake module files
[1.322s] Level 1:colcon.colcon_core.environment:checking '/home/roverj8/LUIS/ARGJ08/ARGOSJ8_IA_/install/ublox_serialization' for CMake config files
[1.322s] Level 1:colcon.colcon_core.environment:checking '/home/roverj8/LUIS/ARGJ08/ARGOSJ8_IA_/install/ublox_serialization/bin'
[1.322s] Level 1:colcon.colcon_core.environment:checking '/home/roverj8/LUIS/ARGJ08/ARGOSJ8_IA_/install/ublox_serialization/lib/pkgconfig/ublox_serialization.pc'
[1.322s] Level 1:colcon.colcon_core.environment:checking '/home/roverj8/LUIS/ARGJ08/ARGOSJ8_IA_/install/ublox_serialization/lib/python3.10/site-packages'
[1.322s] Level 1:colcon.colcon_core.environment:checking '/home/roverj8/LUIS/ARGJ08/ARGOSJ8_IA_/install/ublox_serialization/bin'
[1.323s] INFO:colcon.colcon_core.shell:Creating package script '/home/roverj8/LUIS/ARGJ08/ARGOSJ8_IA_/install/ublox_serialization/share/ublox_serialization/package.ps1'
[1.325s] INFO:colcon.colcon_core.shell:Creating package descriptor '/home/roverj8/LUIS/ARGJ08/ARGOSJ8_IA_/install/ublox_serialization/share/ublox_serialization/package.dsv'
[1.325s] INFO:colcon.colcon_core.shell:Creating package script '/home/roverj8/LUIS/ARGJ08/ARGOSJ8_IA_/install/ublox_serialization/share/ublox_serialization/package.sh'
[1.326s] INFO:colcon.colcon_core.shell:Creating package script '/home/roverj8/LUIS/ARGJ08/ARGOSJ8_IA_/install/ublox_serialization/share/ublox_serialization/package.bash'
[1.326s] INFO:colcon.colcon_core.shell:Creating package script '/home/roverj8/LUIS/ARGJ08/ARGOSJ8_IA_/install/ublox_serialization/share/ublox_serialization/package.zsh'
[1.327s] Level 1:colcon.colcon_core.environment:create_file_with_runtime_dependencies(/home/roverj8/LUIS/ARGJ08/ARGOSJ8_IA_/install/ublox_serialization/share/colcon-core/packages/ublox_serialization)
[1.327s] Level 1:colcon.colcon_core.environment:create_environment_scripts_only(argj801_sensors_msgs)
[1.328s] Level 1:colcon.colcon_core.environment:checking '/home/roverj8/LUIS/ARGJ08/ARGOSJ8_IA_/install/argj801_sensors_msgs' for CMake module files
[1.329s] Level 1:colcon.colcon_core.environment:checking '/home/roverj8/LUIS/ARGJ08/ARGOSJ8_IA_/install/argj801_sensors_msgs' for CMake config files
[1.329s] Level 1:colcon.colcon_core.environment:checking '/home/roverj8/LUIS/ARGJ08/ARGOSJ8_IA_/install/argj801_sensors_msgs/bin'
[1.329s] Level 1:colcon.colcon_core.environment:checking '/home/roverj8/LUIS/ARGJ08/ARGOSJ8_IA_/install/argj801_sensors_msgs/lib/pkgconfig/argj801_sensors_msgs.pc'
[1.329s] Level 1:colcon.colcon_core.environment:checking '/home/roverj8/LUIS/ARGJ08/ARGOSJ8_IA_/install/argj801_sensors_msgs/lib/python3.10/site-packages'
[1.329s] Level 1:colcon.colcon_core.environment:checking '/home/roverj8/LUIS/ARGJ08/ARGOSJ8_IA_/install/argj801_sensors_msgs/bin'
[1.330s] INFO:colcon.colcon_core.shell:Creating package script '/home/roverj8/LUIS/ARGJ08/ARGOSJ8_IA_/install/argj801_sensors_msgs/share/argj801_sensors_msgs/package.ps1'
[1.331s] INFO:colcon.colcon_core.shell:Creating package descriptor '/home/roverj8/LUIS/ARGJ08/ARGOSJ8_IA_/install/argj801_sensors_msgs/share/argj801_sensors_msgs/package.dsv'
[1.332s] INFO:colcon.colcon_core.shell:Creating package script '/home/roverj8/LUIS/ARGJ08/ARGOSJ8_IA_/install/argj801_sensors_msgs/share/argj801_sensors_msgs/package.sh'
[1.332s] INFO:colcon.colcon_core.shell:Creating package script '/home/roverj8/LUIS/ARGJ08/ARGOSJ8_IA_/install/argj801_sensors_msgs/share/argj801_sensors_msgs/package.bash'
[1.333s] INFO:colcon.colcon_core.shell:Creating package script '/home/roverj8/LUIS/ARGJ08/ARGOSJ8_IA_/install/argj801_sensors_msgs/share/argj801_sensors_msgs/package.zsh'
[1.333s] Level 1:colcon.colcon_core.environment:create_file_with_runtime_dependencies(/home/roverj8/LUIS/ARGJ08/ARGOSJ8_IA_/install/argj801_sensors_msgs/share/colcon-core/packages/argj801_sensors_msgs)
[1.334s] Level 1:colcon.colcon_core.environment:create_environment_scripts_only(sdl2_vendor)
[1.334s] Level 1:colcon.colcon_core.environment:checking '/home/roverj8/LUIS/ARGJ08/ARGOSJ8_IA_/install/sdl2_vendor' for CMake module files
[1.335s] Level 1:colcon.colcon_core.environment:checking '/home/roverj8/LUIS/ARGJ08/ARGOSJ8_IA_/install/sdl2_vendor' for CMake config files
[1.335s] Level 1:colcon.colcon_core.environment:checking '/home/roverj8/LUIS/ARGJ08/ARGOSJ8_IA_/install/sdl2_vendor/bin'
[1.335s] Level 1:colcon.colcon_core.environment:checking '/home/roverj8/LUIS/ARGJ08/ARGOSJ8_IA_/install/sdl2_vendor/lib/pkgconfig/sdl2_vendor.pc'
[1.335s] Level 1:colcon.colcon_core.environment:checking '/home/roverj8/LUIS/ARGJ08/ARGOSJ8_IA_/install/sdl2_vendor/lib/python3.10/site-packages'
[1.336s] Level 1:colcon.colcon_core.environment:checking '/home/roverj8/LUIS/ARGJ08/ARGOSJ8_IA_/install/sdl2_vendor/bin'
[1.336s] INFO:colcon.colcon_core.shell:Creating package script '/home/roverj8/LUIS/ARGJ08/ARGOSJ8_IA_/install/sdl2_vendor/share/sdl2_vendor/package.ps1'
[1.337s] INFO:colcon.colcon_core.shell:Creating package descriptor '/home/roverj8/LUIS/ARGJ08/ARGOSJ8_IA_/install/sdl2_vendor/share/sdl2_vendor/package.dsv'
[1.337s] INFO:colcon.colcon_core.shell:Creating package script '/home/roverj8/LUIS/ARGJ08/ARGOSJ8_IA_/install/sdl2_vendor/share/sdl2_vendor/package.sh'
[1.337s] INFO:colcon.colcon_core.shell:Creating package script '/home/roverj8/LUIS/ARGJ08/ARGOSJ8_IA_/install/sdl2_vendor/share/sdl2_vendor/package.bash'
[1.338s] INFO:colcon.colcon_core.shell:Creating package script '/home/roverj8/LUIS/ARGJ08/ARGOSJ8_IA_/install/sdl2_vendor/share/sdl2_vendor/package.zsh'
[1.338s] Level 1:colcon.colcon_core.environment:create_file_with_runtime_dependencies(/home/roverj8/LUIS/ARGJ08/ARGOSJ8_IA_/install/sdl2_vendor/share/colcon-core/packages/sdl2_vendor)
[1.338s] Level 1:colcon.colcon_core.environment:create_environment_scripts_only(argj801_setup)
[1.338s] Level 1:colcon.colcon_core.environment:checking '/home/roverj8/LUIS/ARGJ08/ARGOSJ8_IA_/install/argj801_setup' for CMake module files
[1.339s] Level 1:colcon.colcon_core.environment:checking '/home/roverj8/LUIS/ARGJ08/ARGOSJ8_IA_/install/argj801_setup' for CMake config files
[1.339s] Level 1:colcon.colcon_core.environment:checking '/home/roverj8/LUIS/ARGJ08/ARGOSJ8_IA_/install/argj801_setup/bin'
[1.339s] Level 1:colcon.colcon_core.environment:checking '/home/roverj8/LUIS/ARGJ08/ARGOSJ8_IA_/install/argj801_setup/lib/pkgconfig/argj801_setup.pc'
[1.339s] Level 1:colcon.colcon_core.environment:checking '/home/roverj8/LUIS/ARGJ08/ARGOSJ8_IA_/install/argj801_setup/lib/python3.10/site-packages'
[1.340s] Level 1:colcon.colcon_core.environment:checking '/home/roverj8/LUIS/ARGJ08/ARGOSJ8_IA_/install/argj801_setup/bin'
[1.340s] INFO:colcon.colcon_core.shell:Creating package script '/home/roverj8/LUIS/ARGJ08/ARGOSJ8_IA_/install/argj801_setup/share/argj801_setup/package.ps1'
[1.341s] INFO:colcon.colcon_core.shell:Creating package descriptor '/home/roverj8/LUIS/ARGJ08/ARGOSJ8_IA_/install/argj801_setup/share/argj801_setup/package.dsv'
[1.342s] INFO:colcon.colcon_core.shell:Creating package script '/home/roverj8/LUIS/ARGJ08/ARGOSJ8_IA_/install/argj801_setup/share/argj801_setup/package.sh'
[1.342s] INFO:colcon.colcon_core.shell:Creating package script '/home/roverj8/LUIS/ARGJ08/ARGOSJ8_IA_/install/argj801_setup/share/argj801_setup/package.bash'
[1.343s] INFO:colcon.colcon_core.shell:Creating package script '/home/roverj8/LUIS/ARGJ08/ARGOSJ8_IA_/install/argj801_setup/share/argj801_setup/package.zsh'
[1.344s] Level 1:colcon.colcon_core.environment:create_file_with_runtime_dependencies(/home/roverj8/LUIS/ARGJ08/ARGOSJ8_IA_/install/argj801_setup/share/colcon-core/packages/argj801_setup)
[1.344s] Level 1:colcon.colcon_core.environment:create_environment_scripts_only(fixposition_sensor_pkg)
[1.345s] Level 1:colcon.colcon_core.environment:checking '/home/roverj8/LUIS/ARGJ08/ARGOSJ8_IA_/install/fixposition_sensor_pkg' for CMake module files
[1.346s] Level 1:colcon.colcon_core.environment:checking '/home/roverj8/LUIS/ARGJ08/ARGOSJ8_IA_/install/fixposition_sensor_pkg' for CMake config files
[1.346s] Level 1:colcon.colcon_core.environment:checking '/home/roverj8/LUIS/ARGJ08/ARGOSJ8_IA_/install/fixposition_sensor_pkg/bin'
[1.346s] Level 1:colcon.colcon_core.environment:checking '/home/roverj8/LUIS/ARGJ08/ARGOSJ8_IA_/install/fixposition_sensor_pkg/lib/pkgconfig/fixposition_sensor_pkg.pc'
[1.347s] Level 1:colcon.colcon_core.environment:checking '/home/roverj8/LUIS/ARGJ08/ARGOSJ8_IA_/install/fixposition_sensor_pkg/lib/python3.10/site-packages'
[1.348s] Level 1:colcon.colcon_core.environment:checking '/home/roverj8/LUIS/ARGJ08/ARGOSJ8_IA_/install/fixposition_sensor_pkg/bin'
[1.348s] INFO:colcon.colcon_core.shell:Creating package script '/home/roverj8/LUIS/ARGJ08/ARGOSJ8_IA_/install/fixposition_sensor_pkg/share/fixposition_sensor_pkg/package.ps1'
[1.349s] INFO:colcon.colcon_core.shell:Creating package descriptor '/home/roverj8/LUIS/ARGJ08/ARGOSJ8_IA_/install/fixposition_sensor_pkg/share/fixposition_sensor_pkg/package.dsv'
[1.350s] INFO:colcon.colcon_core.shell:Creating package script '/home/roverj8/LUIS/ARGJ08/ARGOSJ8_IA_/install/fixposition_sensor_pkg/share/fixposition_sensor_pkg/package.sh'
[1.351s] INFO:colcon.colcon_core.shell:Creating package script '/home/roverj8/LUIS/ARGJ08/ARGOSJ8_IA_/install/fixposition_sensor_pkg/share/fixposition_sensor_pkg/package.bash'
[1.351s] INFO:colcon.colcon_core.shell:Creating package script '/home/roverj8/LUIS/ARGJ08/ARGOSJ8_IA_/install/fixposition_sensor_pkg/share/fixposition_sensor_pkg/package.zsh'
[1.352s] Level 1:colcon.colcon_core.environment:create_file_with_runtime_dependencies(/home/roverj8/LUIS/ARGJ08/ARGOSJ8_IA_/install/fixposition_sensor_pkg/share/colcon-core/packages/fixposition_sensor_pkg)
[1.352s] Level 1:colcon.colcon_core.environment:create_environment_scripts_only(hikmicro_thermal_camera)
[1.353s] Level 1:colcon.colcon_core.environment:checking '/home/roverj8/LUIS/ARGJ08/ARGOSJ8_IA_/install/hikmicro_thermal_camera' for CMake module files
[1.354s] Level 1:colcon.colcon_core.environment:checking '/home/roverj8/LUIS/ARGJ08/ARGOSJ8_IA_/install/hikmicro_thermal_camera' for CMake config files
[1.354s] Level 1:colcon.colcon_core.environment:checking '/home/roverj8/LUIS/ARGJ08/ARGOSJ8_IA_/install/hikmicro_thermal_camera/bin'
[1.354s] Level 1:colcon.colcon_core.environment:checking '/home/roverj8/LUIS/ARGJ08/ARGOSJ8_IA_/install/hikmicro_thermal_camera/lib/pkgconfig/hikmicro_thermal_camera.pc'
[1.355s] Level 1:colcon.colcon_core.environment:checking '/home/roverj8/LUIS/ARGJ08/ARGOSJ8_IA_/install/hikmicro_thermal_camera/lib/python3.10/site-packages'
[1.356s] Level 1:colcon.colcon_core.environment:checking '/home/roverj8/LUIS/ARGJ08/ARGOSJ8_IA_/install/hikmicro_thermal_camera/bin'
[1.356s] INFO:colcon.colcon_core.shell:Creating package script '/home/roverj8/LUIS/ARGJ08/ARGOSJ8_IA_/install/hikmicro_thermal_camera/share/hikmicro_thermal_camera/package.ps1'
[1.358s] INFO:colcon.colcon_core.shell:Creating package descriptor '/home/roverj8/LUIS/ARGJ08/ARGOSJ8_IA_/install/hikmicro_thermal_camera/share/hikmicro_thermal_camera/package.dsv'
[1.358s] INFO:colcon.colcon_core.shell:Creating package script '/home/roverj8/LUIS/ARGJ08/ARGOSJ8_IA_/install/hikmicro_thermal_camera/share/hikmicro_thermal_camera/package.sh'
[1.359s] INFO:colcon.colcon_core.shell:Creating package script '/home/roverj8/LUIS/ARGJ08/ARGOSJ8_IA_/install/hikmicro_thermal_camera/share/hikmicro_thermal_camera/package.bash'
[1.359s] INFO:colcon.colcon_core.shell:Creating package script '/home/roverj8/LUIS/ARGJ08/ARGOSJ8_IA_/install/hikmicro_thermal_camera/share/hikmicro_thermal_camera/package.zsh'
[1.360s] Level 1:colcon.colcon_core.environment:create_file_with_runtime_dependencies(/home/roverj8/LUIS/ARGJ08/ARGOSJ8_IA_/install/hikmicro_thermal_camera/share/colcon-core/packages/hikmicro_thermal_camera)
[1.361s] Level 1:colcon.colcon_core.environment:create_environment_scripts_only(hector_gazebo_plugins)
[1.361s] Level 1:colcon.colcon_core.environment:checking '/home/roverj8/LUIS/ARGJ08/ARGOSJ8_IA_/install/hector_gazebo_plugins' for CMake module files
[1.362s] Level 1:colcon.colcon_core.environment:checking '/home/roverj8/LUIS/ARGJ08/ARGOSJ8_IA_/install/hector_gazebo_plugins' for CMake config files
[1.362s] Level 1:colcon.colcon_core.environment:checking '/home/roverj8/LUIS/ARGJ08/ARGOSJ8_IA_/install/hector_gazebo_plugins/bin'
[1.363s] Level 1:colcon.colcon_core.environment:checking '/home/roverj8/LUIS/ARGJ08/ARGOSJ8_IA_/install/hector_gazebo_plugins/lib/pkgconfig/hector_gazebo_plugins.pc'
[1.363s] Level 1:colcon.colcon_core.environment:checking '/home/roverj8/LUIS/ARGJ08/ARGOSJ8_IA_/install/hector_gazebo_plugins/lib/python3.10/site-packages'
[1.364s] Level 1:colcon.colcon_core.environment:checking '/home/roverj8/LUIS/ARGJ08/ARGOSJ8_IA_/install/hector_gazebo_plugins/bin'
[1.364s] INFO:colcon.colcon_core.shell:Creating package script '/home/roverj8/LUIS/ARGJ08/ARGOSJ8_IA_/install/hector_gazebo_plugins/share/hector_gazebo_plugins/package.ps1'
[1.365s] INFO:colcon.colcon_core.shell:Creating package descriptor '/home/roverj8/LUIS/ARGJ08/ARGOSJ8_IA_/install/hector_gazebo_plugins/share/hector_gazebo_plugins/package.dsv'
[1.366s] INFO:colcon.colcon_core.shell:Creating package script '/home/roverj8/LUIS/ARGJ08/ARGOSJ8_IA_/install/hector_gazebo_plugins/share/hector_gazebo_plugins/package.sh'
[1.367s] INFO:colcon.colcon_core.shell:Creating package script '/home/roverj8/LUIS/ARGJ08/ARGOSJ8_IA_/install/hector_gazebo_plugins/share/hector_gazebo_plugins/package.bash'
[1.367s] INFO:colcon.colcon_core.shell:Creating package script '/home/roverj8/LUIS/ARGJ08/ARGOSJ8_IA_/install/hector_gazebo_plugins/share/hector_gazebo_plugins/package.zsh'
[1.368s] Level 1:colcon.colcon_core.environment:create_file_with_runtime_dependencies(/home/roverj8/LUIS/ARGJ08/ARGOSJ8_IA_/install/hector_gazebo_plugins/share/colcon-core/packages/hector_gazebo_plugins)
[2.550s] DEBUG:colcon.colcon_parallel_executor.executor.parallel:closing loop
[2.550s] DEBUG:colcon.colcon_parallel_executor.executor.parallel:loop closed
[2.550s] DEBUG:colcon.colcon_parallel_executor.executor.parallel:run_until_complete finished with '1'
[2.550s] DEBUG:colcon.colcon_core.event_reactor:joining thread
[2.551s] DEBUG:colcon.colcon_core.event_reactor:joined thread
[2.552s] INFO:colcon.colcon_core.shell:Creating prefix script '/home/roverj8/LUIS/ARGJ08/ARGOSJ8_IA_/install/local_setup.ps1'
[2.552s] INFO:colcon.colcon_core.shell:Creating prefix util module '/home/roverj8/LUIS/ARGJ08/ARGOSJ8_IA_/install/_local_setup_util_ps1.py'
[2.553s] INFO:colcon.colcon_core.shell:Creating prefix chain script '/home/roverj8/LUIS/ARGJ08/ARGOSJ8_IA_/install/setup.ps1'
[2.554s] INFO:colcon.colcon_core.shell:Creating prefix script '/home/roverj8/LUIS/ARGJ08/ARGOSJ8_IA_/install/local_setup.sh'
[2.554s] INFO:colcon.colcon_core.shell:Creating prefix util module '/home/roverj8/LUIS/ARGJ08/ARGOSJ8_IA_/install/_local_setup_util_sh.py'
[2.555s] INFO:colcon.colcon_core.shell:Creating prefix chain script '/home/roverj8/LUIS/ARGJ08/ARGOSJ8_IA_/install/setup.sh'
[2.555s] INFO:colcon.colcon_core.shell:Creating prefix script '/home/roverj8/LUIS/ARGJ08/ARGOSJ8_IA_/install/local_setup.bash'
[2.555s] INFO:colcon.colcon_core.shell:Creating prefix chain script '/home/roverj8/LUIS/ARGJ08/ARGOSJ8_IA_/install/setup.bash'
[2.556s] INFO:colcon.colcon_core.shell:Creating prefix script '/home/roverj8/LUIS/ARGJ08/ARGOSJ8_IA_/install/local_setup.zsh'
[2.556s] INFO:colcon.colcon_core.shell:Creating prefix chain script '/home/roverj8/LUIS/ARGJ08/ARGOSJ8_IA_/install/setup.zsh'
