[0.066s] DEBUG:colcon:Command line arguments: ['/usr/bin/colcon', 'build']
[0.066s] DEBUG:colcon:Parsed command line arguments: Namespace(log_base=None, log_level=None, verb_name='build', build_base='build', install_base='install', merge_install=False, symlink_install=False, test_result_base=None, continue_on_error=False, executor='parallel', parallel_workers=20, event_handlers=None, ignore_user_meta=False, metas=['./colcon.meta'], base_paths=['.'], packages_ignore=None, packages_ignore_regex=None, paths=None, packages_up_to=None, packages_up_to_regex=None, packages_above=None, packages_above_and_dependencies=None, packages_above_depth=None, packages_select_by_dep=None, packages_skip_by_dep=None, packages_skip_up_to=None, packages_select_build_failed=False, packages_skip_build_finished=False, packages_select_test_failures=False, packages_skip_test_passed=False, packages_select=None, packages_skip=None, packages_select_regex=None, packages_skip_regex=None, packages_start=None, packages_end=None, allow_overriding=[], cmake_args=None, cmake_target=None, cmake_target_skip_unavailable=False, cmake_clean_cache=False, cmake_clean_first=False, cmake_force_configure=False, ament_cmake_args=None, catkin_cmake_args=None, catkin_skip_building_tests=False, mixin_files=None, mixin=None, verb_parser=<colcon_mixin.mixin.mixin_argument.MixinArgumentDecorator object at 0x7a1e5eead720>, verb_extension=<colcon_core.verb.build.BuildVerb object at 0x7a1e5efaaec0>, main=<bound method BuildVerb.main of <colcon_core.verb.build.BuildVerb object at 0x7a1e5efaaec0>>, mixin_verb=('build',))
[0.092s] Level 1:colcon.colcon_core.package_discovery:discover_packages(colcon_meta) check parameters
[0.092s] Level 1:colcon.colcon_core.package_discovery:discover_packages(recursive) check parameters
[0.093s] Level 1:colcon.colcon_core.package_discovery:discover_packages(ignore) check parameters
[0.093s] Level 1:colcon.colcon_core.package_discovery:discover_packages(path) check parameters
[0.093s] Level 1:colcon.colcon_core.package_discovery:discover_packages(colcon_meta) discover
[0.093s] Level 1:colcon.colcon_core.package_discovery:discover_packages(recursive) discover
[0.093s] INFO:colcon.colcon_core.package_discovery:Crawling recursively for packages in '/home/rhobtor/PHD/j8_control/J8_control'
[0.093s] Level 1:colcon.colcon_core.package_identification:_identify(.) by extensions ['ignore', 'ignore_ament_install']
[0.093s] Level 1:colcon.colcon_core.package_identification:_identify(.) by extension 'ignore'
[0.093s] Level 1:colcon.colcon_core.package_identification:_identify(.) by extension 'ignore_ament_install'
[0.093s] Level 1:colcon.colcon_core.package_identification:_identify(.) by extensions ['colcon_pkg']
[0.093s] Level 1:colcon.colcon_core.package_identification:_identify(.) by extension 'colcon_pkg'
[0.093s] Level 1:colcon.colcon_core.package_identification:_identify(.) by extensions ['colcon_meta']
[0.093s] Level 1:colcon.colcon_core.package_identification:_identify(.) by extension 'colcon_meta'
[0.093s] Level 1:colcon.colcon_core.package_identification:_identify(.) by extensions ['ros']
[0.093s] Level 1:colcon.colcon_core.package_identification:_identify(.) by extension 'ros'
[0.102s] Level 1:colcon.colcon_core.package_identification:_identify(.) by extensions ['cmake', 'python']
[0.102s] Level 1:colcon.colcon_core.package_identification:_identify(.) by extension 'cmake'
[0.102s] Level 1:colcon.colcon_core.package_identification:_identify(.) by extension 'python'
[0.102s] Level 1:colcon.colcon_core.package_identification:_identify(.) by extensions ['python_setup_py']
[0.102s] Level 1:colcon.colcon_core.package_identification:_identify(.) by extension 'python_setup_py'
[0.102s] Level 1:colcon.colcon_core.package_identification:_identify(build) by extensions ['ignore', 'ignore_ament_install']
[0.102s] Level 1:colcon.colcon_core.package_identification:_identify(build) by extension 'ignore'
[0.102s] Level 1:colcon.colcon_core.package_identification:_identify(build) ignored
[0.102s] Level 1:colcon.colcon_core.package_identification:_identify(docs) by extensions ['ignore', 'ignore_ament_install']
[0.102s] Level 1:colcon.colcon_core.package_identification:_identify(docs) by extension 'ignore'
[0.102s] Level 1:colcon.colcon_core.package_identification:_identify(docs) by extension 'ignore_ament_install'
[0.103s] Level 1:colcon.colcon_core.package_identification:_identify(docs) by extensions ['colcon_pkg']
[0.103s] Level 1:colcon.colcon_core.package_identification:_identify(docs) by extension 'colcon_pkg'
[0.103s] Level 1:colcon.colcon_core.package_identification:_identify(docs) by extensions ['colcon_meta']
[0.103s] Level 1:colcon.colcon_core.package_identification:_identify(docs) by extension 'colcon_meta'
[0.103s] Level 1:colcon.colcon_core.package_identification:_identify(docs) by extensions ['ros']
[0.103s] Level 1:colcon.colcon_core.package_identification:_identify(docs) by extension 'ros'
[0.103s] Level 1:colcon.colcon_core.package_identification:_identify(docs) by extensions ['cmake', 'python']
[0.103s] Level 1:colcon.colcon_core.package_identification:_identify(docs) by extension 'cmake'
[0.103s] Level 1:colcon.colcon_core.package_identification:_identify(docs) by extension 'python'
[0.103s] Level 1:colcon.colcon_core.package_identification:_identify(docs) by extensions ['python_setup_py']
[0.103s] Level 1:colcon.colcon_core.package_identification:_identify(docs) by extension 'python_setup_py'
[0.103s] Level 1:colcon.colcon_core.package_identification:_identify(install) by extensions ['ignore', 'ignore_ament_install']
[0.103s] Level 1:colcon.colcon_core.package_identification:_identify(install) by extension 'ignore'
[0.103s] Level 1:colcon.colcon_core.package_identification:_identify(install) ignored
[0.103s] Level 1:colcon.colcon_core.package_identification:_identify(log) by extensions ['ignore', 'ignore_ament_install']
[0.103s] Level 1:colcon.colcon_core.package_identification:_identify(log) by extension 'ignore'
[0.103s] Level 1:colcon.colcon_core.package_identification:_identify(log) ignored
[0.103s] Level 1:colcon.colcon_core.package_identification:_identify(maps) by extensions ['ignore', 'ignore_ament_install']
[0.103s] Level 1:colcon.colcon_core.package_identification:_identify(maps) by extension 'ignore'
[0.103s] Level 1:colcon.colcon_core.package_identification:_identify(maps) by extension 'ignore_ament_install'
[0.103s] Level 1:colcon.colcon_core.package_identification:_identify(maps) by extensions ['colcon_pkg']
[0.103s] Level 1:colcon.colcon_core.package_identification:_identify(maps) by extension 'colcon_pkg'
[0.103s] Level 1:colcon.colcon_core.package_identification:_identify(maps) by extensions ['colcon_meta']
[0.103s] Level 1:colcon.colcon_core.package_identification:_identify(maps) by extension 'colcon_meta'
[0.103s] Level 1:colcon.colcon_core.package_identification:_identify(maps) by extensions ['ros']
[0.103s] Level 1:colcon.colcon_core.package_identification:_identify(maps) by extension 'ros'
[0.103s] Level 1:colcon.colcon_core.package_identification:_identify(maps) by extensions ['cmake', 'python']
[0.103s] Level 1:colcon.colcon_core.package_identification:_identify(maps) by extension 'cmake'
[0.103s] Level 1:colcon.colcon_core.package_identification:_identify(maps) by extension 'python'
[0.103s] Level 1:colcon.colcon_core.package_identification:_identify(maps) by extensions ['python_setup_py']
[0.103s] Level 1:colcon.colcon_core.package_identification:_identify(maps) by extension 'python_setup_py'
[0.103s] Level 1:colcon.colcon_core.package_identification:_identify(maps/dem) by extensions ['ignore', 'ignore_ament_install']
[0.103s] Level 1:colcon.colcon_core.package_identification:_identify(maps/dem) by extension 'ignore'
[0.103s] Level 1:colcon.colcon_core.package_identification:_identify(maps/dem) by extension 'ignore_ament_install'
[0.103s] Level 1:colcon.colcon_core.package_identification:_identify(maps/dem) by extensions ['colcon_pkg']
[0.103s] Level 1:colcon.colcon_core.package_identification:_identify(maps/dem) by extension 'colcon_pkg'
[0.103s] Level 1:colcon.colcon_core.package_identification:_identify(maps/dem) by extensions ['colcon_meta']
[0.103s] Level 1:colcon.colcon_core.package_identification:_identify(maps/dem) by extension 'colcon_meta'
[0.103s] Level 1:colcon.colcon_core.package_identification:_identify(maps/dem) by extensions ['ros']
[0.103s] Level 1:colcon.colcon_core.package_identification:_identify(maps/dem) by extension 'ros'
[0.103s] Level 1:colcon.colcon_core.package_identification:_identify(maps/dem) by extensions ['cmake', 'python']
[0.103s] Level 1:colcon.colcon_core.package_identification:_identify(maps/dem) by extension 'cmake'
[0.103s] Level 1:colcon.colcon_core.package_identification:_identify(maps/dem) by extension 'python'
[0.103s] Level 1:colcon.colcon_core.package_identification:_identify(maps/dem) by extensions ['python_setup_py']
[0.103s] Level 1:colcon.colcon_core.package_identification:_identify(maps/dem) by extension 'python_setup_py'
[0.104s] Level 1:colcon.colcon_core.package_identification:_identify(src) by extensions ['ignore', 'ignore_ament_install']
[0.104s] Level 1:colcon.colcon_core.package_identification:_identify(src) by extension 'ignore'
[0.104s] Level 1:colcon.colcon_core.package_identification:_identify(src) by extension 'ignore_ament_install'
[0.104s] Level 1:colcon.colcon_core.package_identification:_identify(src) by extensions ['colcon_pkg']
[0.104s] Level 1:colcon.colcon_core.package_identification:_identify(src) by extension 'colcon_pkg'
[0.104s] Level 1:colcon.colcon_core.package_identification:_identify(src) by extensions ['colcon_meta']
[0.104s] Level 1:colcon.colcon_core.package_identification:_identify(src) by extension 'colcon_meta'
[0.104s] Level 1:colcon.colcon_core.package_identification:_identify(src) by extensions ['ros']
[0.104s] Level 1:colcon.colcon_core.package_identification:_identify(src) by extension 'ros'
[0.104s] Level 1:colcon.colcon_core.package_identification:_identify(src) by extensions ['cmake', 'python']
[0.104s] Level 1:colcon.colcon_core.package_identification:_identify(src) by extension 'cmake'
[0.104s] Level 1:colcon.colcon_core.package_identification:_identify(src) by extension 'python'
[0.104s] Level 1:colcon.colcon_core.package_identification:_identify(src) by extensions ['python_setup_py']
[0.104s] Level 1:colcon.colcon_core.package_identification:_identify(src) by extension 'python_setup_py'
[0.104s] Level 1:colcon.colcon_core.package_identification:_identify(src/GUI_pkg) by extensions ['ignore', 'ignore_ament_install']
[0.104s] Level 1:colcon.colcon_core.package_identification:_identify(src/GUI_pkg) by extension 'ignore'
[0.104s] Level 1:colcon.colcon_core.package_identification:_identify(src/GUI_pkg) by extension 'ignore_ament_install'
[0.104s] Level 1:colcon.colcon_core.package_identification:_identify(src/GUI_pkg) by extensions ['colcon_pkg']
[0.104s] Level 1:colcon.colcon_core.package_identification:_identify(src/GUI_pkg) by extension 'colcon_pkg'
[0.104s] Level 1:colcon.colcon_core.package_identification:_identify(src/GUI_pkg) by extensions ['colcon_meta']
[0.104s] Level 1:colcon.colcon_core.package_identification:_identify(src/GUI_pkg) by extension 'colcon_meta'
[0.104s] Level 1:colcon.colcon_core.package_identification:_identify(src/GUI_pkg) by extensions ['ros']
[0.104s] Level 1:colcon.colcon_core.package_identification:_identify(src/GUI_pkg) by extension 'ros'
[0.105s] DEBUG:colcon.colcon_core.package_identification:Package 'src/GUI_pkg' with type 'ros.ament_python' and name 'GUI_pkg'
[0.106s] Level 1:colcon.colcon_core.package_identification:_identify(src/android_ros2_server) by extensions ['ignore', 'ignore_ament_install']
[0.106s] Level 1:colcon.colcon_core.package_identification:_identify(src/android_ros2_server) by extension 'ignore'
[0.106s] Level 1:colcon.colcon_core.package_identification:_identify(src/android_ros2_server) by extension 'ignore_ament_install'
[0.106s] Level 1:colcon.colcon_core.package_identification:_identify(src/android_ros2_server) by extensions ['colcon_pkg']
[0.106s] Level 1:colcon.colcon_core.package_identification:_identify(src/android_ros2_server) by extension 'colcon_pkg'
[0.106s] Level 1:colcon.colcon_core.package_identification:_identify(src/android_ros2_server) by extensions ['colcon_meta']
[0.106s] Level 1:colcon.colcon_core.package_identification:_identify(src/android_ros2_server) by extension 'colcon_meta'
[0.106s] Level 1:colcon.colcon_core.package_identification:_identify(src/android_ros2_server) by extensions ['ros']
[0.106s] Level 1:colcon.colcon_core.package_identification:_identify(src/android_ros2_server) by extension 'ros'
[0.106s] DEBUG:colcon.colcon_core.package_identification:Package 'src/android_ros2_server' with type 'ros.ament_python' and name 'android_ros2_server'
[0.106s] Level 1:colcon.colcon_core.package_identification:_identify(src/argj801_ctl_platform) by extensions ['ignore', 'ignore_ament_install']
[0.106s] Level 1:colcon.colcon_core.package_identification:_identify(src/argj801_ctl_platform) by extension 'ignore'
[0.106s] Level 1:colcon.colcon_core.package_identification:_identify(src/argj801_ctl_platform) by extension 'ignore_ament_install'
[0.106s] Level 1:colcon.colcon_core.package_identification:_identify(src/argj801_ctl_platform) by extensions ['colcon_pkg']
[0.106s] Level 1:colcon.colcon_core.package_identification:_identify(src/argj801_ctl_platform) by extension 'colcon_pkg'
[0.106s] Level 1:colcon.colcon_core.package_identification:_identify(src/argj801_ctl_platform) by extensions ['colcon_meta']
[0.106s] Level 1:colcon.colcon_core.package_identification:_identify(src/argj801_ctl_platform) by extension 'colcon_meta'
[0.106s] Level 1:colcon.colcon_core.package_identification:_identify(src/argj801_ctl_platform) by extensions ['ros']
[0.106s] Level 1:colcon.colcon_core.package_identification:_identify(src/argj801_ctl_platform) by extension 'ros'
[0.106s] Level 1:colcon.colcon_core.package_identification:_identify(src/argj801_ctl_platform) by extensions ['cmake', 'python']
[0.106s] Level 1:colcon.colcon_core.package_identification:_identify(src/argj801_ctl_platform) by extension 'cmake'
[0.106s] Level 1:colcon.colcon_core.package_identification:_identify(src/argj801_ctl_platform) by extension 'python'
[0.106s] Level 1:colcon.colcon_core.package_identification:_identify(src/argj801_ctl_platform) by extensions ['python_setup_py']
[0.106s] Level 1:colcon.colcon_core.package_identification:_identify(src/argj801_ctl_platform) by extension 'python_setup_py'
[0.106s] Level 1:colcon.colcon_core.package_identification:_identify(src/argj801_ctl_platform/argj801_ctl_platform) by extensions ['ignore', 'ignore_ament_install']
[0.106s] Level 1:colcon.colcon_core.package_identification:_identify(src/argj801_ctl_platform/argj801_ctl_platform) by extension 'ignore'
[0.106s] Level 1:colcon.colcon_core.package_identification:_identify(src/argj801_ctl_platform/argj801_ctl_platform) by extension 'ignore_ament_install'
[0.106s] Level 1:colcon.colcon_core.package_identification:_identify(src/argj801_ctl_platform/argj801_ctl_platform) by extensions ['colcon_pkg']
[0.106s] Level 1:colcon.colcon_core.package_identification:_identify(src/argj801_ctl_platform/argj801_ctl_platform) by extension 'colcon_pkg'
[0.106s] Level 1:colcon.colcon_core.package_identification:_identify(src/argj801_ctl_platform/argj801_ctl_platform) by extensions ['colcon_meta']
[0.106s] Level 1:colcon.colcon_core.package_identification:_identify(src/argj801_ctl_platform/argj801_ctl_platform) by extension 'colcon_meta'
[0.107s] Level 1:colcon.colcon_core.package_identification:_identify(src/argj801_ctl_platform/argj801_ctl_platform) by extensions ['ros']
[0.107s] Level 1:colcon.colcon_core.package_identification:_identify(src/argj801_ctl_platform/argj801_ctl_platform) by extension 'ros'
[0.108s] DEBUG:colcon.colcon_core.package_identification:Package 'src/argj801_ctl_platform/argj801_ctl_platform' with type 'ros.ament_cmake' and name 'argj801_ctl_platform'
[0.108s] Level 1:colcon.colcon_core.package_identification:_identify(src/argj801_ctl_platform/argj801_ctl_platform_interfaces) by extensions ['ignore', 'ignore_ament_install']
[0.108s] Level 1:colcon.colcon_core.package_identification:_identify(src/argj801_ctl_platform/argj801_ctl_platform_interfaces) by extension 'ignore'
[0.108s] Level 1:colcon.colcon_core.package_identification:_identify(src/argj801_ctl_platform/argj801_ctl_platform_interfaces) by extension 'ignore_ament_install'
[0.108s] Level 1:colcon.colcon_core.package_identification:_identify(src/argj801_ctl_platform/argj801_ctl_platform_interfaces) by extensions ['colcon_pkg']
[0.108s] Level 1:colcon.colcon_core.package_identification:_identify(src/argj801_ctl_platform/argj801_ctl_platform_interfaces) by extension 'colcon_pkg'
[0.108s] Level 1:colcon.colcon_core.package_identification:_identify(src/argj801_ctl_platform/argj801_ctl_platform_interfaces) by extensions ['colcon_meta']
[0.108s] Level 1:colcon.colcon_core.package_identification:_identify(src/argj801_ctl_platform/argj801_ctl_platform_interfaces) by extension 'colcon_meta'
[0.108s] Level 1:colcon.colcon_core.package_identification:_identify(src/argj801_ctl_platform/argj801_ctl_platform_interfaces) by extensions ['ros']
[0.108s] Level 1:colcon.colcon_core.package_identification:_identify(src/argj801_ctl_platform/argj801_ctl_platform_interfaces) by extension 'ros'
[0.108s] DEBUG:colcon.colcon_core.package_identification:Package 'src/argj801_ctl_platform/argj801_ctl_platform_interfaces' with type 'ros.ament_cmake' and name 'argj801_ctl_platform_interfaces'
[0.108s] Level 1:colcon.colcon_core.package_identification:_identify(src/argj801_setup) by extensions ['ignore', 'ignore_ament_install']
[0.108s] Level 1:colcon.colcon_core.package_identification:_identify(src/argj801_setup) by extension 'ignore'
[0.108s] Level 1:colcon.colcon_core.package_identification:_identify(src/argj801_setup) by extension 'ignore_ament_install'
[0.108s] Level 1:colcon.colcon_core.package_identification:_identify(src/argj801_setup) by extensions ['colcon_pkg']
[0.108s] Level 1:colcon.colcon_core.package_identification:_identify(src/argj801_setup) by extension 'colcon_pkg'
[0.108s] Level 1:colcon.colcon_core.package_identification:_identify(src/argj801_setup) by extensions ['colcon_meta']
[0.108s] Level 1:colcon.colcon_core.package_identification:_identify(src/argj801_setup) by extension 'colcon_meta'
[0.108s] Level 1:colcon.colcon_core.package_identification:_identify(src/argj801_setup) by extensions ['ros']
[0.108s] Level 1:colcon.colcon_core.package_identification:_identify(src/argj801_setup) by extension 'ros'
[0.109s] DEBUG:colcon.colcon_core.package_identification:Package 'src/argj801_setup' with type 'ros.ament_cmake' and name 'argj801_setup'
[0.109s] Level 1:colcon.colcon_core.package_identification:_identify(src/argo_drivers_pkgs) by extensions ['ignore', 'ignore_ament_install']
[0.109s] Level 1:colcon.colcon_core.package_identification:_identify(src/argo_drivers_pkgs) by extension 'ignore'
[0.109s] Level 1:colcon.colcon_core.package_identification:_identify(src/argo_drivers_pkgs) by extension 'ignore_ament_install'
[0.109s] Level 1:colcon.colcon_core.package_identification:_identify(src/argo_drivers_pkgs) by extensions ['colcon_pkg']
[0.109s] Level 1:colcon.colcon_core.package_identification:_identify(src/argo_drivers_pkgs) by extension 'colcon_pkg'
[0.109s] Level 1:colcon.colcon_core.package_identification:_identify(src/argo_drivers_pkgs) by extensions ['colcon_meta']
[0.109s] Level 1:colcon.colcon_core.package_identification:_identify(src/argo_drivers_pkgs) by extension 'colcon_meta'
[0.109s] Level 1:colcon.colcon_core.package_identification:_identify(src/argo_drivers_pkgs) by extensions ['ros']
[0.109s] Level 1:colcon.colcon_core.package_identification:_identify(src/argo_drivers_pkgs) by extension 'ros'
[0.109s] Level 1:colcon.colcon_core.package_identification:_identify(src/argo_drivers_pkgs) by extensions ['cmake', 'python']
[0.109s] Level 1:colcon.colcon_core.package_identification:_identify(src/argo_drivers_pkgs) by extension 'cmake'
[0.109s] Level 1:colcon.colcon_core.package_identification:_identify(src/argo_drivers_pkgs) by extension 'python'
[0.109s] Level 1:colcon.colcon_core.package_identification:_identify(src/argo_drivers_pkgs) by extensions ['python_setup_py']
[0.109s] Level 1:colcon.colcon_core.package_identification:_identify(src/argo_drivers_pkgs) by extension 'python_setup_py'
[0.109s] Level 1:colcon.colcon_core.package_identification:_identify(src/argo_drivers_pkgs/Fixposition_driver_pkg) by extensions ['ignore', 'ignore_ament_install']
[0.109s] Level 1:colcon.colcon_core.package_identification:_identify(src/argo_drivers_pkgs/Fixposition_driver_pkg) by extension 'ignore'
[0.109s] Level 1:colcon.colcon_core.package_identification:_identify(src/argo_drivers_pkgs/Fixposition_driver_pkg) by extension 'ignore_ament_install'
[0.109s] Level 1:colcon.colcon_core.package_identification:_identify(src/argo_drivers_pkgs/Fixposition_driver_pkg) by extensions ['colcon_pkg']
[0.109s] Level 1:colcon.colcon_core.package_identification:_identify(src/argo_drivers_pkgs/Fixposition_driver_pkg) by extension 'colcon_pkg'
[0.109s] Level 1:colcon.colcon_core.package_identification:_identify(src/argo_drivers_pkgs/Fixposition_driver_pkg) by extensions ['colcon_meta']
[0.110s] Level 1:colcon.colcon_core.package_identification:_identify(src/argo_drivers_pkgs/Fixposition_driver_pkg) by extension 'colcon_meta'
[0.110s] Level 1:colcon.colcon_core.package_identification:_identify(src/argo_drivers_pkgs/Fixposition_driver_pkg) by extensions ['ros']
[0.110s] Level 1:colcon.colcon_core.package_identification:_identify(src/argo_drivers_pkgs/Fixposition_driver_pkg) by extension 'ros'
[0.110s] Level 1:colcon.colcon_core.package_identification:_identify(src/argo_drivers_pkgs/Fixposition_driver_pkg) by extensions ['cmake', 'python']
[0.110s] Level 1:colcon.colcon_core.package_identification:_identify(src/argo_drivers_pkgs/Fixposition_driver_pkg) by extension 'cmake'
[0.110s] Level 1:colcon.colcon_core.package_identification:_identify(src/argo_drivers_pkgs/Fixposition_driver_pkg) by extension 'python'
[0.110s] Level 1:colcon.colcon_core.package_identification:_identify(src/argo_drivers_pkgs/Fixposition_driver_pkg) by extensions ['python_setup_py']
[0.110s] Level 1:colcon.colcon_core.package_identification:_identify(src/argo_drivers_pkgs/Fixposition_driver_pkg) by extension 'python_setup_py'
[0.110s] Level 1:colcon.colcon_core.package_identification:_identify(src/argo_drivers_pkgs/Fixposition_driver_pkg/fixposition_driver-main) by extensions ['ignore', 'ignore_ament_install']
[0.110s] Level 1:colcon.colcon_core.package_identification:_identify(src/argo_drivers_pkgs/Fixposition_driver_pkg/fixposition_driver-main) by extension 'ignore'
[0.110s] Level 1:colcon.colcon_core.package_identification:_identify(src/argo_drivers_pkgs/Fixposition_driver_pkg/fixposition_driver-main) by extension 'ignore_ament_install'
[0.110s] Level 1:colcon.colcon_core.package_identification:_identify(src/argo_drivers_pkgs/Fixposition_driver_pkg/fixposition_driver-main) by extensions ['colcon_pkg']
[0.110s] Level 1:colcon.colcon_core.package_identification:_identify(src/argo_drivers_pkgs/Fixposition_driver_pkg/fixposition_driver-main) by extension 'colcon_pkg'
[0.110s] Level 1:colcon.colcon_core.package_identification:_identify(src/argo_drivers_pkgs/Fixposition_driver_pkg/fixposition_driver-main) by extensions ['colcon_meta']
[0.110s] Level 1:colcon.colcon_core.package_identification:_identify(src/argo_drivers_pkgs/Fixposition_driver_pkg/fixposition_driver-main) by extension 'colcon_meta'
[0.110s] Level 1:colcon.colcon_core.package_identification:_identify(src/argo_drivers_pkgs/Fixposition_driver_pkg/fixposition_driver-main) by extensions ['ros']
[0.110s] Level 1:colcon.colcon_core.package_identification:_identify(src/argo_drivers_pkgs/Fixposition_driver_pkg/fixposition_driver-main) by extension 'ros'
[0.110s] Level 1:colcon.colcon_core.package_identification:_identify(src/argo_drivers_pkgs/Fixposition_driver_pkg/fixposition_driver-main) by extensions ['cmake', 'python']
[0.110s] Level 1:colcon.colcon_core.package_identification:_identify(src/argo_drivers_pkgs/Fixposition_driver_pkg/fixposition_driver-main) by extension 'cmake'
[0.110s] Level 1:colcon.colcon_core.package_identification:_identify(src/argo_drivers_pkgs/Fixposition_driver_pkg/fixposition_driver-main) by extension 'python'
[0.110s] Level 1:colcon.colcon_core.package_identification:_identify(src/argo_drivers_pkgs/Fixposition_driver_pkg/fixposition_driver-main) by extensions ['python_setup_py']
[0.110s] Level 1:colcon.colcon_core.package_identification:_identify(src/argo_drivers_pkgs/Fixposition_driver_pkg/fixposition_driver-main) by extension 'python_setup_py'
[0.110s] Level 1:colcon.colcon_core.package_identification:_identify(src/argo_drivers_pkgs/Fixposition_driver_pkg/fixposition_driver-main/fixposition_driver_lib) by extensions ['ignore', 'ignore_ament_install']
[0.110s] Level 1:colcon.colcon_core.package_identification:_identify(src/argo_drivers_pkgs/Fixposition_driver_pkg/fixposition_driver-main/fixposition_driver_lib) by extension 'ignore'
[0.110s] Level 1:colcon.colcon_core.package_identification:_identify(src/argo_drivers_pkgs/Fixposition_driver_pkg/fixposition_driver-main/fixposition_driver_lib) by extension 'ignore_ament_install'
[0.110s] Level 1:colcon.colcon_core.package_identification:_identify(src/argo_drivers_pkgs/Fixposition_driver_pkg/fixposition_driver-main/fixposition_driver_lib) by extensions ['colcon_pkg']
[0.110s] Level 1:colcon.colcon_core.package_identification:_identify(src/argo_drivers_pkgs/Fixposition_driver_pkg/fixposition_driver-main/fixposition_driver_lib) by extension 'colcon_pkg'
[0.110s] Level 1:colcon.colcon_core.package_identification:_identify(src/argo_drivers_pkgs/Fixposition_driver_pkg/fixposition_driver-main/fixposition_driver_lib) by extensions ['colcon_meta']
[0.110s] Level 1:colcon.colcon_core.package_identification:_identify(src/argo_drivers_pkgs/Fixposition_driver_pkg/fixposition_driver-main/fixposition_driver_lib) by extension 'colcon_meta'
[0.111s] Level 1:colcon.colcon_core.package_identification:_identify(src/argo_drivers_pkgs/Fixposition_driver_pkg/fixposition_driver-main/fixposition_driver_lib) by extensions ['ros']
[0.111s] Level 1:colcon.colcon_core.package_identification:_identify(src/argo_drivers_pkgs/Fixposition_driver_pkg/fixposition_driver-main/fixposition_driver_lib) by extension 'ros'
[0.113s] DEBUG:colcon.colcon_core.package_identification:Package 'src/argo_drivers_pkgs/Fixposition_driver_pkg/fixposition_driver-main/fixposition_driver_lib' with type 'ros.cmake' and name 'fixposition_driver_lib'
[0.114s] Level 1:colcon.colcon_core.package_identification:_identify(src/argo_drivers_pkgs/Fixposition_driver_pkg/fixposition_driver-main/fixposition_driver_ros1) by extensions ['ignore', 'ignore_ament_install']
[0.114s] Level 1:colcon.colcon_core.package_identification:_identify(src/argo_drivers_pkgs/Fixposition_driver_pkg/fixposition_driver-main/fixposition_driver_ros1) by extension 'ignore'
[0.114s] Level 1:colcon.colcon_core.package_identification:_identify(src/argo_drivers_pkgs/Fixposition_driver_pkg/fixposition_driver-main/fixposition_driver_ros1) ignored
[0.114s] Level 1:colcon.colcon_core.package_identification:_identify(src/argo_drivers_pkgs/Fixposition_driver_pkg/fixposition_driver-main/fixposition_driver_ros2) by extensions ['ignore', 'ignore_ament_install']
[0.114s] Level 1:colcon.colcon_core.package_identification:_identify(src/argo_drivers_pkgs/Fixposition_driver_pkg/fixposition_driver-main/fixposition_driver_ros2) by extension 'ignore'
[0.114s] Level 1:colcon.colcon_core.package_identification:_identify(src/argo_drivers_pkgs/Fixposition_driver_pkg/fixposition_driver-main/fixposition_driver_ros2) by extension 'ignore_ament_install'
[0.114s] Level 1:colcon.colcon_core.package_identification:_identify(src/argo_drivers_pkgs/Fixposition_driver_pkg/fixposition_driver-main/fixposition_driver_ros2) by extensions ['colcon_pkg']
[0.114s] Level 1:colcon.colcon_core.package_identification:_identify(src/argo_drivers_pkgs/Fixposition_driver_pkg/fixposition_driver-main/fixposition_driver_ros2) by extension 'colcon_pkg'
[0.114s] Level 1:colcon.colcon_core.package_identification:_identify(src/argo_drivers_pkgs/Fixposition_driver_pkg/fixposition_driver-main/fixposition_driver_ros2) by extensions ['colcon_meta']
[0.114s] Level 1:colcon.colcon_core.package_identification:_identify(src/argo_drivers_pkgs/Fixposition_driver_pkg/fixposition_driver-main/fixposition_driver_ros2) by extension 'colcon_meta'
[0.114s] Level 1:colcon.colcon_core.package_identification:_identify(src/argo_drivers_pkgs/Fixposition_driver_pkg/fixposition_driver-main/fixposition_driver_ros2) by extensions ['ros']
[0.114s] Level 1:colcon.colcon_core.package_identification:_identify(src/argo_drivers_pkgs/Fixposition_driver_pkg/fixposition_driver-main/fixposition_driver_ros2) by extension 'ros'
[0.115s] DEBUG:colcon.colcon_core.package_identification:Package 'src/argo_drivers_pkgs/Fixposition_driver_pkg/fixposition_driver-main/fixposition_driver_ros2' with type 'ros.ament_cmake' and name 'fixposition_driver_ros2'
[0.115s] Level 1:colcon.colcon_core.package_identification:_identify(src/argo_drivers_pkgs/Fixposition_driver_pkg/fixposition_driver-main/fixposition_odometry_converter_ros2) by extensions ['ignore', 'ignore_ament_install']
[0.115s] Level 1:colcon.colcon_core.package_identification:_identify(src/argo_drivers_pkgs/Fixposition_driver_pkg/fixposition_driver-main/fixposition_odometry_converter_ros2) by extension 'ignore'
[0.115s] Level 1:colcon.colcon_core.package_identification:_identify(src/argo_drivers_pkgs/Fixposition_driver_pkg/fixposition_driver-main/fixposition_odometry_converter_ros2) by extension 'ignore_ament_install'
[0.115s] Level 1:colcon.colcon_core.package_identification:_identify(src/argo_drivers_pkgs/Fixposition_driver_pkg/fixposition_driver-main/fixposition_odometry_converter_ros2) by extensions ['colcon_pkg']
[0.115s] Level 1:colcon.colcon_core.package_identification:_identify(src/argo_drivers_pkgs/Fixposition_driver_pkg/fixposition_driver-main/fixposition_odometry_converter_ros2) by extension 'colcon_pkg'
[0.115s] Level 1:colcon.colcon_core.package_identification:_identify(src/argo_drivers_pkgs/Fixposition_driver_pkg/fixposition_driver-main/fixposition_odometry_converter_ros2) by extensions ['colcon_meta']
[0.115s] Level 1:colcon.colcon_core.package_identification:_identify(src/argo_drivers_pkgs/Fixposition_driver_pkg/fixposition_driver-main/fixposition_odometry_converter_ros2) by extension 'colcon_meta'
[0.115s] Level 1:colcon.colcon_core.package_identification:_identify(src/argo_drivers_pkgs/Fixposition_driver_pkg/fixposition_driver-main/fixposition_odometry_converter_ros2) by extensions ['ros']
[0.115s] Level 1:colcon.colcon_core.package_identification:_identify(src/argo_drivers_pkgs/Fixposition_driver_pkg/fixposition_driver-main/fixposition_odometry_converter_ros2) by extension 'ros'
[0.116s] DEBUG:colcon.colcon_core.package_identification:Package 'src/argo_drivers_pkgs/Fixposition_driver_pkg/fixposition_driver-main/fixposition_odometry_converter_ros2' with type 'ros.ament_cmake' and name 'fixposition_odometry_converter_ros2'
[0.116s] Level 1:colcon.colcon_core.package_identification:_identify(src/argo_drivers_pkgs/Fixposition_driver_pkg/fixposition_driver-main/test) by extensions ['ignore', 'ignore_ament_install']
[0.116s] Level 1:colcon.colcon_core.package_identification:_identify(src/argo_drivers_pkgs/Fixposition_driver_pkg/fixposition_driver-main/test) by extension 'ignore'
[0.116s] Level 1:colcon.colcon_core.package_identification:_identify(src/argo_drivers_pkgs/Fixposition_driver_pkg/fixposition_driver-main/test) by extension 'ignore_ament_install'
[0.116s] Level 1:colcon.colcon_core.package_identification:_identify(src/argo_drivers_pkgs/Fixposition_driver_pkg/fixposition_driver-main/test) by extensions ['colcon_pkg']
[0.116s] Level 1:colcon.colcon_core.package_identification:_identify(src/argo_drivers_pkgs/Fixposition_driver_pkg/fixposition_driver-main/test) by extension 'colcon_pkg'
[0.116s] Level 1:colcon.colcon_core.package_identification:_identify(src/argo_drivers_pkgs/Fixposition_driver_pkg/fixposition_driver-main/test) by extensions ['colcon_meta']
[0.116s] Level 1:colcon.colcon_core.package_identification:_identify(src/argo_drivers_pkgs/Fixposition_driver_pkg/fixposition_driver-main/test) by extension 'colcon_meta'
[0.116s] Level 1:colcon.colcon_core.package_identification:_identify(src/argo_drivers_pkgs/Fixposition_driver_pkg/fixposition_driver-main/test) by extensions ['ros']
[0.116s] Level 1:colcon.colcon_core.package_identification:_identify(src/argo_drivers_pkgs/Fixposition_driver_pkg/fixposition_driver-main/test) by extension 'ros'
[0.116s] Level 1:colcon.colcon_core.package_identification:_identify(src/argo_drivers_pkgs/Fixposition_driver_pkg/fixposition_driver-main/test) by extensions ['cmake', 'python']
[0.116s] Level 1:colcon.colcon_core.package_identification:_identify(src/argo_drivers_pkgs/Fixposition_driver_pkg/fixposition_driver-main/test) by extension 'cmake'
[0.116s] Level 1:colcon.colcon_core.package_identification:_identify(src/argo_drivers_pkgs/Fixposition_driver_pkg/fixposition_driver-main/test) by extension 'python'
[0.116s] Level 1:colcon.colcon_core.package_identification:_identify(src/argo_drivers_pkgs/Fixposition_driver_pkg/fixposition_driver-main/test) by extensions ['python_setup_py']
[0.116s] Level 1:colcon.colcon_core.package_identification:_identify(src/argo_drivers_pkgs/Fixposition_driver_pkg/fixposition_driver-main/test) by extension 'python_setup_py'
[0.116s] Level 1:colcon.colcon_core.package_identification:_identify(src/argo_drivers_pkgs/Fixposition_driver_pkg/fixposition_driver-main/test/data) by extensions ['ignore', 'ignore_ament_install']
[0.116s] Level 1:colcon.colcon_core.package_identification:_identify(src/argo_drivers_pkgs/Fixposition_driver_pkg/fixposition_driver-main/test/data) by extension 'ignore'
[0.116s] Level 1:colcon.colcon_core.package_identification:_identify(src/argo_drivers_pkgs/Fixposition_driver_pkg/fixposition_driver-main/test/data) by extension 'ignore_ament_install'
[0.116s] Level 1:colcon.colcon_core.package_identification:_identify(src/argo_drivers_pkgs/Fixposition_driver_pkg/fixposition_driver-main/test/data) by extensions ['colcon_pkg']
[0.116s] Level 1:colcon.colcon_core.package_identification:_identify(src/argo_drivers_pkgs/Fixposition_driver_pkg/fixposition_driver-main/test/data) by extension 'colcon_pkg'
[0.116s] Level 1:colcon.colcon_core.package_identification:_identify(src/argo_drivers_pkgs/Fixposition_driver_pkg/fixposition_driver-main/test/data) by extensions ['colcon_meta']
[0.116s] Level 1:colcon.colcon_core.package_identification:_identify(src/argo_drivers_pkgs/Fixposition_driver_pkg/fixposition_driver-main/test/data) by extension 'colcon_meta'
[0.116s] Level 1:colcon.colcon_core.package_identification:_identify(src/argo_drivers_pkgs/Fixposition_driver_pkg/fixposition_driver-main/test/data) by extensions ['ros']
[0.116s] Level 1:colcon.colcon_core.package_identification:_identify(src/argo_drivers_pkgs/Fixposition_driver_pkg/fixposition_driver-main/test/data) by extension 'ros'
[0.116s] Level 1:colcon.colcon_core.package_identification:_identify(src/argo_drivers_pkgs/Fixposition_driver_pkg/fixposition_driver-main/test/data) by extensions ['cmake', 'python']
[0.116s] Level 1:colcon.colcon_core.package_identification:_identify(src/argo_drivers_pkgs/Fixposition_driver_pkg/fixposition_driver-main/test/data) by extension 'cmake'
[0.116s] Level 1:colcon.colcon_core.package_identification:_identify(src/argo_drivers_pkgs/Fixposition_driver_pkg/fixposition_driver-main/test/data) by extension 'python'
[0.116s] Level 1:colcon.colcon_core.package_identification:_identify(src/argo_drivers_pkgs/Fixposition_driver_pkg/fixposition_driver-main/test/data) by extensions ['python_setup_py']
[0.116s] Level 1:colcon.colcon_core.package_identification:_identify(src/argo_drivers_pkgs/Fixposition_driver_pkg/fixposition_driver-main/test/data) by extension 'python_setup_py'
[0.116s] Level 1:colcon.colcon_core.package_identification:_identify(src/argo_drivers_pkgs/Fixposition_driver_pkg/fixposition_gnss_tf-main) by extensions ['ignore', 'ignore_ament_install']
[0.117s] Level 1:colcon.colcon_core.package_identification:_identify(src/argo_drivers_pkgs/Fixposition_driver_pkg/fixposition_gnss_tf-main) by extension 'ignore'
[0.117s] Level 1:colcon.colcon_core.package_identification:_identify(src/argo_drivers_pkgs/Fixposition_driver_pkg/fixposition_gnss_tf-main) by extension 'ignore_ament_install'
[0.117s] Level 1:colcon.colcon_core.package_identification:_identify(src/argo_drivers_pkgs/Fixposition_driver_pkg/fixposition_gnss_tf-main) by extensions ['colcon_pkg']
[0.117s] Level 1:colcon.colcon_core.package_identification:_identify(src/argo_drivers_pkgs/Fixposition_driver_pkg/fixposition_gnss_tf-main) by extension 'colcon_pkg'
[0.117s] Level 1:colcon.colcon_core.package_identification:_identify(src/argo_drivers_pkgs/Fixposition_driver_pkg/fixposition_gnss_tf-main) by extensions ['colcon_meta']
[0.117s] Level 1:colcon.colcon_core.package_identification:_identify(src/argo_drivers_pkgs/Fixposition_driver_pkg/fixposition_gnss_tf-main) by extension 'colcon_meta'
[0.117s] Level 1:colcon.colcon_core.package_identification:_identify(src/argo_drivers_pkgs/Fixposition_driver_pkg/fixposition_gnss_tf-main) by extensions ['ros']
[0.117s] Level 1:colcon.colcon_core.package_identification:_identify(src/argo_drivers_pkgs/Fixposition_driver_pkg/fixposition_gnss_tf-main) by extension 'ros'
[0.117s] DEBUG:colcon.colcon_core.package_identification:Package 'src/argo_drivers_pkgs/Fixposition_driver_pkg/fixposition_gnss_tf-main' with type 'ros.cmake' and name 'fixposition_gnss_tf'
[0.117s] Level 1:colcon.colcon_core.package_identification:_identify(src/argo_drivers_pkgs/argj801_sensors) by extensions ['ignore', 'ignore_ament_install']
[0.118s] Level 1:colcon.colcon_core.package_identification:_identify(src/argo_drivers_pkgs/argj801_sensors) by extension 'ignore'
[0.118s] Level 1:colcon.colcon_core.package_identification:_identify(src/argo_drivers_pkgs/argj801_sensors) by extension 'ignore_ament_install'
[0.118s] Level 1:colcon.colcon_core.package_identification:_identify(src/argo_drivers_pkgs/argj801_sensors) by extensions ['colcon_pkg']
[0.118s] Level 1:colcon.colcon_core.package_identification:_identify(src/argo_drivers_pkgs/argj801_sensors) by extension 'colcon_pkg'
[0.118s] Level 1:colcon.colcon_core.package_identification:_identify(src/argo_drivers_pkgs/argj801_sensors) by extensions ['colcon_meta']
[0.118s] Level 1:colcon.colcon_core.package_identification:_identify(src/argo_drivers_pkgs/argj801_sensors) by extension 'colcon_meta'
[0.118s] Level 1:colcon.colcon_core.package_identification:_identify(src/argo_drivers_pkgs/argj801_sensors) by extensions ['ros']
[0.118s] Level 1:colcon.colcon_core.package_identification:_identify(src/argo_drivers_pkgs/argj801_sensors) by extension 'ros'
[0.118s] Level 1:colcon.colcon_core.package_identification:_identify(src/argo_drivers_pkgs/argj801_sensors) by extensions ['cmake', 'python']
[0.118s] Level 1:colcon.colcon_core.package_identification:_identify(src/argo_drivers_pkgs/argj801_sensors) by extension 'cmake'
[0.118s] Level 1:colcon.colcon_core.package_identification:_identify(src/argo_drivers_pkgs/argj801_sensors) by extension 'python'
[0.118s] Level 1:colcon.colcon_core.package_identification:_identify(src/argo_drivers_pkgs/argj801_sensors) by extensions ['python_setup_py']
[0.118s] Level 1:colcon.colcon_core.package_identification:_identify(src/argo_drivers_pkgs/argj801_sensors) by extension 'python_setup_py'
[0.118s] Level 1:colcon.colcon_core.package_identification:_identify(src/argo_drivers_pkgs/argj801_sensors/argj801_sensors) by extensions ['ignore', 'ignore_ament_install']
[0.118s] Level 1:colcon.colcon_core.package_identification:_identify(src/argo_drivers_pkgs/argj801_sensors/argj801_sensors) by extension 'ignore'
[0.118s] Level 1:colcon.colcon_core.package_identification:_identify(src/argo_drivers_pkgs/argj801_sensors/argj801_sensors) by extension 'ignore_ament_install'
[0.118s] Level 1:colcon.colcon_core.package_identification:_identify(src/argo_drivers_pkgs/argj801_sensors/argj801_sensors) by extensions ['colcon_pkg']
[0.118s] Level 1:colcon.colcon_core.package_identification:_identify(src/argo_drivers_pkgs/argj801_sensors/argj801_sensors) by extension 'colcon_pkg'
[0.118s] Level 1:colcon.colcon_core.package_identification:_identify(src/argo_drivers_pkgs/argj801_sensors/argj801_sensors) by extensions ['colcon_meta']
[0.118s] Level 1:colcon.colcon_core.package_identification:_identify(src/argo_drivers_pkgs/argj801_sensors/argj801_sensors) by extension 'colcon_meta'
[0.118s] Level 1:colcon.colcon_core.package_identification:_identify(src/argo_drivers_pkgs/argj801_sensors/argj801_sensors) by extensions ['ros']
[0.118s] Level 1:colcon.colcon_core.package_identification:_identify(src/argo_drivers_pkgs/argj801_sensors/argj801_sensors) by extension 'ros'
[0.118s] DEBUG:colcon.colcon_core.package_identification:Package 'src/argo_drivers_pkgs/argj801_sensors/argj801_sensors' with type 'ros.ament_cmake' and name 'argj801_sensors'
[0.119s] Level 1:colcon.colcon_core.package_identification:_identify(src/argo_drivers_pkgs/argj801_sensors/argj801_sensors_msgs) by extensions ['ignore', 'ignore_ament_install']
[0.119s] Level 1:colcon.colcon_core.package_identification:_identify(src/argo_drivers_pkgs/argj801_sensors/argj801_sensors_msgs) by extension 'ignore'
[0.119s] Level 1:colcon.colcon_core.package_identification:_identify(src/argo_drivers_pkgs/argj801_sensors/argj801_sensors_msgs) by extension 'ignore_ament_install'
[0.119s] Level 1:colcon.colcon_core.package_identification:_identify(src/argo_drivers_pkgs/argj801_sensors/argj801_sensors_msgs) by extensions ['colcon_pkg']
[0.119s] Level 1:colcon.colcon_core.package_identification:_identify(src/argo_drivers_pkgs/argj801_sensors/argj801_sensors_msgs) by extension 'colcon_pkg'
[0.119s] Level 1:colcon.colcon_core.package_identification:_identify(src/argo_drivers_pkgs/argj801_sensors/argj801_sensors_msgs) by extensions ['colcon_meta']
[0.119s] Level 1:colcon.colcon_core.package_identification:_identify(src/argo_drivers_pkgs/argj801_sensors/argj801_sensors_msgs) by extension 'colcon_meta'
[0.119s] Level 1:colcon.colcon_core.package_identification:_identify(src/argo_drivers_pkgs/argj801_sensors/argj801_sensors_msgs) by extensions ['ros']
[0.119s] Level 1:colcon.colcon_core.package_identification:_identify(src/argo_drivers_pkgs/argj801_sensors/argj801_sensors_msgs) by extension 'ros'
[0.119s] DEBUG:colcon.colcon_core.package_identification:Package 'src/argo_drivers_pkgs/argj801_sensors/argj801_sensors_msgs' with type 'ros.ament_cmake' and name 'argj801_sensors_msgs'
[0.119s] Level 1:colcon.colcon_core.package_identification:_identify(src/argo_drivers_pkgs/ntrip_client) by extensions ['ignore', 'ignore_ament_install']
[0.119s] Level 1:colcon.colcon_core.package_identification:_identify(src/argo_drivers_pkgs/ntrip_client) by extension 'ignore'
[0.119s] Level 1:colcon.colcon_core.package_identification:_identify(src/argo_drivers_pkgs/ntrip_client) by extension 'ignore_ament_install'
[0.119s] Level 1:colcon.colcon_core.package_identification:_identify(src/argo_drivers_pkgs/ntrip_client) by extensions ['colcon_pkg']
[0.119s] Level 1:colcon.colcon_core.package_identification:_identify(src/argo_drivers_pkgs/ntrip_client) by extension 'colcon_pkg'
[0.119s] Level 1:colcon.colcon_core.package_identification:_identify(src/argo_drivers_pkgs/ntrip_client) by extensions ['colcon_meta']
[0.119s] Level 1:colcon.colcon_core.package_identification:_identify(src/argo_drivers_pkgs/ntrip_client) by extension 'colcon_meta'
[0.119s] Level 1:colcon.colcon_core.package_identification:_identify(src/argo_drivers_pkgs/ntrip_client) by extensions ['ros']
[0.119s] Level 1:colcon.colcon_core.package_identification:_identify(src/argo_drivers_pkgs/ntrip_client) by extension 'ros'
[0.120s] DEBUG:colcon.colcon_core.package_identification:Package 'src/argo_drivers_pkgs/ntrip_client' with type 'ros.ament_python' and name 'ntrip_client'
[0.120s] Level 1:colcon.colcon_core.package_identification:_identify(src/argo_drivers_pkgs/ublox) by extensions ['ignore', 'ignore_ament_install']
[0.120s] Level 1:colcon.colcon_core.package_identification:_identify(src/argo_drivers_pkgs/ublox) by extension 'ignore'
[0.120s] Level 1:colcon.colcon_core.package_identification:_identify(src/argo_drivers_pkgs/ublox) by extension 'ignore_ament_install'
[0.120s] Level 1:colcon.colcon_core.package_identification:_identify(src/argo_drivers_pkgs/ublox) by extensions ['colcon_pkg']
[0.120s] Level 1:colcon.colcon_core.package_identification:_identify(src/argo_drivers_pkgs/ublox) by extension 'colcon_pkg'
[0.120s] Level 1:colcon.colcon_core.package_identification:_identify(src/argo_drivers_pkgs/ublox) by extensions ['colcon_meta']
[0.120s] Level 1:colcon.colcon_core.package_identification:_identify(src/argo_drivers_pkgs/ublox) by extension 'colcon_meta'
[0.120s] Level 1:colcon.colcon_core.package_identification:_identify(src/argo_drivers_pkgs/ublox) by extensions ['ros']
[0.120s] Level 1:colcon.colcon_core.package_identification:_identify(src/argo_drivers_pkgs/ublox) by extension 'ros'
[0.120s] Level 1:colcon.colcon_core.package_identification:_identify(src/argo_drivers_pkgs/ublox) by extensions ['cmake', 'python']
[0.120s] Level 1:colcon.colcon_core.package_identification:_identify(src/argo_drivers_pkgs/ublox) by extension 'cmake'
[0.120s] Level 1:colcon.colcon_core.package_identification:_identify(src/argo_drivers_pkgs/ublox) by extension 'python'
[0.120s] Level 1:colcon.colcon_core.package_identification:_identify(src/argo_drivers_pkgs/ublox) by extensions ['python_setup_py']
[0.120s] Level 1:colcon.colcon_core.package_identification:_identify(src/argo_drivers_pkgs/ublox) by extension 'python_setup_py'
[0.120s] Level 1:colcon.colcon_core.package_identification:_identify(src/argo_drivers_pkgs/ublox/ublox) by extensions ['ignore', 'ignore_ament_install']
[0.120s] Level 1:colcon.colcon_core.package_identification:_identify(src/argo_drivers_pkgs/ublox/ublox) by extension 'ignore'
[0.120s] Level 1:colcon.colcon_core.package_identification:_identify(src/argo_drivers_pkgs/ublox/ublox) by extension 'ignore_ament_install'
[0.120s] Level 1:colcon.colcon_core.package_identification:_identify(src/argo_drivers_pkgs/ublox/ublox) by extensions ['colcon_pkg']
[0.120s] Level 1:colcon.colcon_core.package_identification:_identify(src/argo_drivers_pkgs/ublox/ublox) by extension 'colcon_pkg'
[0.120s] Level 1:colcon.colcon_core.package_identification:_identify(src/argo_drivers_pkgs/ublox/ublox) by extensions ['colcon_meta']
[0.120s] Level 1:colcon.colcon_core.package_identification:_identify(src/argo_drivers_pkgs/ublox/ublox) by extension 'colcon_meta'
[0.120s] Level 1:colcon.colcon_core.package_identification:_identify(src/argo_drivers_pkgs/ublox/ublox) by extensions ['ros']
[0.120s] Level 1:colcon.colcon_core.package_identification:_identify(src/argo_drivers_pkgs/ublox/ublox) by extension 'ros'
[0.120s] DEBUG:colcon.colcon_core.package_identification:Package 'src/argo_drivers_pkgs/ublox/ublox' with type 'ros.ament_cmake' and name 'ublox'
[0.120s] Level 1:colcon.colcon_core.package_identification:_identify(src/argo_drivers_pkgs/ublox/ublox_gps) by extensions ['ignore', 'ignore_ament_install']
[0.121s] Level 1:colcon.colcon_core.package_identification:_identify(src/argo_drivers_pkgs/ublox/ublox_gps) by extension 'ignore'
[0.121s] Level 1:colcon.colcon_core.package_identification:_identify(src/argo_drivers_pkgs/ublox/ublox_gps) by extension 'ignore_ament_install'
[0.121s] Level 1:colcon.colcon_core.package_identification:_identify(src/argo_drivers_pkgs/ublox/ublox_gps) by extensions ['colcon_pkg']
[0.121s] Level 1:colcon.colcon_core.package_identification:_identify(src/argo_drivers_pkgs/ublox/ublox_gps) by extension 'colcon_pkg'
[0.121s] Level 1:colcon.colcon_core.package_identification:_identify(src/argo_drivers_pkgs/ublox/ublox_gps) by extensions ['colcon_meta']
[0.121s] Level 1:colcon.colcon_core.package_identification:_identify(src/argo_drivers_pkgs/ublox/ublox_gps) by extension 'colcon_meta'
[0.121s] Level 1:colcon.colcon_core.package_identification:_identify(src/argo_drivers_pkgs/ublox/ublox_gps) by extensions ['ros']
[0.121s] Level 1:colcon.colcon_core.package_identification:_identify(src/argo_drivers_pkgs/ublox/ublox_gps) by extension 'ros'
[0.121s] DEBUG:colcon.colcon_core.package_identification:Package 'src/argo_drivers_pkgs/ublox/ublox_gps' with type 'ros.ament_cmake' and name 'ublox_gps'
[0.122s] Level 1:colcon.colcon_core.package_identification:_identify(src/argo_drivers_pkgs/ublox/ublox_msgs) by extensions ['ignore', 'ignore_ament_install']
[0.122s] Level 1:colcon.colcon_core.package_identification:_identify(src/argo_drivers_pkgs/ublox/ublox_msgs) by extension 'ignore'
[0.122s] Level 1:colcon.colcon_core.package_identification:_identify(src/argo_drivers_pkgs/ublox/ublox_msgs) by extension 'ignore_ament_install'
[0.122s] Level 1:colcon.colcon_core.package_identification:_identify(src/argo_drivers_pkgs/ublox/ublox_msgs) by extensions ['colcon_pkg']
[0.122s] Level 1:colcon.colcon_core.package_identification:_identify(src/argo_drivers_pkgs/ublox/ublox_msgs) by extension 'colcon_pkg'
[0.122s] Level 1:colcon.colcon_core.package_identification:_identify(src/argo_drivers_pkgs/ublox/ublox_msgs) by extensions ['colcon_meta']
[0.122s] Level 1:colcon.colcon_core.package_identification:_identify(src/argo_drivers_pkgs/ublox/ublox_msgs) by extension 'colcon_meta'
[0.122s] Level 1:colcon.colcon_core.package_identification:_identify(src/argo_drivers_pkgs/ublox/ublox_msgs) by extensions ['ros']
[0.122s] Level 1:colcon.colcon_core.package_identification:_identify(src/argo_drivers_pkgs/ublox/ublox_msgs) by extension 'ros'
[0.122s] DEBUG:colcon.colcon_core.package_identification:Package 'src/argo_drivers_pkgs/ublox/ublox_msgs' with type 'ros.ament_cmake' and name 'ublox_msgs'
[0.122s] Level 1:colcon.colcon_core.package_identification:_identify(src/argo_drivers_pkgs/ublox/ublox_serialization) by extensions ['ignore', 'ignore_ament_install']
[0.122s] Level 1:colcon.colcon_core.package_identification:_identify(src/argo_drivers_pkgs/ublox/ublox_serialization) by extension 'ignore'
[0.122s] Level 1:colcon.colcon_core.package_identification:_identify(src/argo_drivers_pkgs/ublox/ublox_serialization) by extension 'ignore_ament_install'
[0.122s] Level 1:colcon.colcon_core.package_identification:_identify(src/argo_drivers_pkgs/ublox/ublox_serialization) by extensions ['colcon_pkg']
[0.122s] Level 1:colcon.colcon_core.package_identification:_identify(src/argo_drivers_pkgs/ublox/ublox_serialization) by extension 'colcon_pkg'
[0.122s] Level 1:colcon.colcon_core.package_identification:_identify(src/argo_drivers_pkgs/ublox/ublox_serialization) by extensions ['colcon_meta']
[0.122s] Level 1:colcon.colcon_core.package_identification:_identify(src/argo_drivers_pkgs/ublox/ublox_serialization) by extension 'colcon_meta'
[0.122s] Level 1:colcon.colcon_core.package_identification:_identify(src/argo_drivers_pkgs/ublox/ublox_serialization) by extensions ['ros']
[0.122s] Level 1:colcon.colcon_core.package_identification:_identify(src/argo_drivers_pkgs/ublox/ublox_serialization) by extension 'ros'
[0.123s] DEBUG:colcon.colcon_core.package_identification:Package 'src/argo_drivers_pkgs/ublox/ublox_serialization' with type 'ros.ament_cmake' and name 'ublox_serialization'
[0.123s] Level 1:colcon.colcon_core.package_identification:_identify(src/car_cpp) by extensions ['ignore', 'ignore_ament_install']
[0.123s] Level 1:colcon.colcon_core.package_identification:_identify(src/car_cpp) by extension 'ignore'
[0.123s] Level 1:colcon.colcon_core.package_identification:_identify(src/car_cpp) by extension 'ignore_ament_install'
[0.123s] Level 1:colcon.colcon_core.package_identification:_identify(src/car_cpp) by extensions ['colcon_pkg']
[0.123s] Level 1:colcon.colcon_core.package_identification:_identify(src/car_cpp) by extension 'colcon_pkg'
[0.123s] Level 1:colcon.colcon_core.package_identification:_identify(src/car_cpp) by extensions ['colcon_meta']
[0.123s] Level 1:colcon.colcon_core.package_identification:_identify(src/car_cpp) by extension 'colcon_meta'
[0.123s] Level 1:colcon.colcon_core.package_identification:_identify(src/car_cpp) by extensions ['ros']
[0.123s] Level 1:colcon.colcon_core.package_identification:_identify(src/car_cpp) by extension 'ros'
[0.123s] DEBUG:colcon.colcon_core.package_identification:Package 'src/car_cpp' with type 'ros.ament_cmake' and name 'car_cpp'
[0.123s] Level 1:colcon.colcon_core.package_identification:_identify(src/car_interfaces) by extensions ['ignore', 'ignore_ament_install']
[0.124s] Level 1:colcon.colcon_core.package_identification:_identify(src/car_interfaces) by extension 'ignore'
[0.124s] Level 1:colcon.colcon_core.package_identification:_identify(src/car_interfaces) by extension 'ignore_ament_install'
[0.124s] Level 1:colcon.colcon_core.package_identification:_identify(src/car_interfaces) by extensions ['colcon_pkg']
[0.124s] Level 1:colcon.colcon_core.package_identification:_identify(src/car_interfaces) by extension 'colcon_pkg'
[0.124s] Level 1:colcon.colcon_core.package_identification:_identify(src/car_interfaces) by extensions ['colcon_meta']
[0.124s] Level 1:colcon.colcon_core.package_identification:_identify(src/car_interfaces) by extension 'colcon_meta'
[0.124s] Level 1:colcon.colcon_core.package_identification:_identify(src/car_interfaces) by extensions ['ros']
[0.124s] Level 1:colcon.colcon_core.package_identification:_identify(src/car_interfaces) by extension 'ros'
[0.124s] DEBUG:colcon.colcon_core.package_identification:Package 'src/car_interfaces' with type 'ros.ament_cmake' and name 'car_interfaces'
[0.124s] Level 1:colcon.colcon_core.package_identification:_identify(src/car_python) by extensions ['ignore', 'ignore_ament_install']
[0.125s] Level 1:colcon.colcon_core.package_identification:_identify(src/car_python) by extension 'ignore'
[0.125s] Level 1:colcon.colcon_core.package_identification:_identify(src/car_python) by extension 'ignore_ament_install'
[0.125s] Level 1:colcon.colcon_core.package_identification:_identify(src/car_python) by extensions ['colcon_pkg']
[0.125s] Level 1:colcon.colcon_core.package_identification:_identify(src/car_python) by extension 'colcon_pkg'
[0.125s] Level 1:colcon.colcon_core.package_identification:_identify(src/car_python) by extensions ['colcon_meta']
[0.125s] Level 1:colcon.colcon_core.package_identification:_identify(src/car_python) by extension 'colcon_meta'
[0.125s] Level 1:colcon.colcon_core.package_identification:_identify(src/car_python) by extensions ['ros']
[0.125s] Level 1:colcon.colcon_core.package_identification:_identify(src/car_python) by extension 'ros'
[0.126s] DEBUG:colcon.colcon_core.package_identification:Package 'src/car_python' with type 'ros.ament_python' and name 'car'
[0.127s] Level 1:colcon.colcon_core.package_identification:_identify(src/ctl_mission) by extensions ['ignore', 'ignore_ament_install']
[0.127s] Level 1:colcon.colcon_core.package_identification:_identify(src/ctl_mission) by extension 'ignore'
[0.127s] Level 1:colcon.colcon_core.package_identification:_identify(src/ctl_mission) by extension 'ignore_ament_install'
[0.127s] Level 1:colcon.colcon_core.package_identification:_identify(src/ctl_mission) by extensions ['colcon_pkg']
[0.127s] Level 1:colcon.colcon_core.package_identification:_identify(src/ctl_mission) by extension 'colcon_pkg'
[0.127s] Level 1:colcon.colcon_core.package_identification:_identify(src/ctl_mission) by extensions ['colcon_meta']
[0.127s] Level 1:colcon.colcon_core.package_identification:_identify(src/ctl_mission) by extension 'colcon_meta'
[0.127s] Level 1:colcon.colcon_core.package_identification:_identify(src/ctl_mission) by extensions ['ros']
[0.127s] Level 1:colcon.colcon_core.package_identification:_identify(src/ctl_mission) by extension 'ros'
[0.127s] Level 1:colcon.colcon_core.package_identification:_identify(src/ctl_mission) by extensions ['cmake', 'python']
[0.127s] Level 1:colcon.colcon_core.package_identification:_identify(src/ctl_mission) by extension 'cmake'
[0.127s] Level 1:colcon.colcon_core.package_identification:_identify(src/ctl_mission) by extension 'python'
[0.127s] Level 1:colcon.colcon_core.package_identification:_identify(src/ctl_mission) by extensions ['python_setup_py']
[0.127s] Level 1:colcon.colcon_core.package_identification:_identify(src/ctl_mission) by extension 'python_setup_py'
[0.127s] Level 1:colcon.colcon_core.package_identification:_identify(src/ctl_mission/ctl_mission) by extensions ['ignore', 'ignore_ament_install']
[0.127s] Level 1:colcon.colcon_core.package_identification:_identify(src/ctl_mission/ctl_mission) by extension 'ignore'
[0.127s] Level 1:colcon.colcon_core.package_identification:_identify(src/ctl_mission/ctl_mission) by extension 'ignore_ament_install'
[0.127s] Level 1:colcon.colcon_core.package_identification:_identify(src/ctl_mission/ctl_mission) by extensions ['colcon_pkg']
[0.127s] Level 1:colcon.colcon_core.package_identification:_identify(src/ctl_mission/ctl_mission) by extension 'colcon_pkg'
[0.127s] Level 1:colcon.colcon_core.package_identification:_identify(src/ctl_mission/ctl_mission) by extensions ['colcon_meta']
[0.127s] Level 1:colcon.colcon_core.package_identification:_identify(src/ctl_mission/ctl_mission) by extension 'colcon_meta'
[0.127s] Level 1:colcon.colcon_core.package_identification:_identify(src/ctl_mission/ctl_mission) by extensions ['ros']
[0.127s] Level 1:colcon.colcon_core.package_identification:_identify(src/ctl_mission/ctl_mission) by extension 'ros'
[0.128s] DEBUG:colcon.colcon_core.package_identification:Package 'src/ctl_mission/ctl_mission' with type 'ros.ament_cmake' and name 'ctl_mission'
[0.128s] Level 1:colcon.colcon_core.package_identification:_identify(src/ctl_mission/ctl_mission_interfaces) by extensions ['ignore', 'ignore_ament_install']
[0.128s] Level 1:colcon.colcon_core.package_identification:_identify(src/ctl_mission/ctl_mission_interfaces) by extension 'ignore'
[0.128s] Level 1:colcon.colcon_core.package_identification:_identify(src/ctl_mission/ctl_mission_interfaces) by extension 'ignore_ament_install'
[0.128s] Level 1:colcon.colcon_core.package_identification:_identify(src/ctl_mission/ctl_mission_interfaces) by extensions ['colcon_pkg']
[0.128s] Level 1:colcon.colcon_core.package_identification:_identify(src/ctl_mission/ctl_mission_interfaces) by extension 'colcon_pkg'
[0.128s] Level 1:colcon.colcon_core.package_identification:_identify(src/ctl_mission/ctl_mission_interfaces) by extensions ['colcon_meta']
[0.128s] Level 1:colcon.colcon_core.package_identification:_identify(src/ctl_mission/ctl_mission_interfaces) by extension 'colcon_meta'
[0.128s] Level 1:colcon.colcon_core.package_identification:_identify(src/ctl_mission/ctl_mission_interfaces) by extensions ['ros']
[0.128s] Level 1:colcon.colcon_core.package_identification:_identify(src/ctl_mission/ctl_mission_interfaces) by extension 'ros'
[0.128s] DEBUG:colcon.colcon_core.package_identification:Package 'src/ctl_mission/ctl_mission_interfaces' with type 'ros.ament_cmake' and name 'ctl_mission_interfaces'
[0.128s] Level 1:colcon.colcon_core.package_identification:_identify(src/ctl_mission/images) by extensions ['ignore', 'ignore_ament_install']
[0.128s] Level 1:colcon.colcon_core.package_identification:_identify(src/ctl_mission/images) by extension 'ignore'
[0.128s] Level 1:colcon.colcon_core.package_identification:_identify(src/ctl_mission/images) by extension 'ignore_ament_install'
[0.128s] Level 1:colcon.colcon_core.package_identification:_identify(src/ctl_mission/images) by extensions ['colcon_pkg']
[0.128s] Level 1:colcon.colcon_core.package_identification:_identify(src/ctl_mission/images) by extension 'colcon_pkg'
[0.128s] Level 1:colcon.colcon_core.package_identification:_identify(src/ctl_mission/images) by extensions ['colcon_meta']
[0.128s] Level 1:colcon.colcon_core.package_identification:_identify(src/ctl_mission/images) by extension 'colcon_meta'
[0.128s] Level 1:colcon.colcon_core.package_identification:_identify(src/ctl_mission/images) by extensions ['ros']
[0.128s] Level 1:colcon.colcon_core.package_identification:_identify(src/ctl_mission/images) by extension 'ros'
[0.129s] Level 1:colcon.colcon_core.package_identification:_identify(src/ctl_mission/images) by extensions ['cmake', 'python']
[0.129s] Level 1:colcon.colcon_core.package_identification:_identify(src/ctl_mission/images) by extension 'cmake'
[0.129s] Level 1:colcon.colcon_core.package_identification:_identify(src/ctl_mission/images) by extension 'python'
[0.129s] Level 1:colcon.colcon_core.package_identification:_identify(src/ctl_mission/images) by extensions ['python_setup_py']
[0.129s] Level 1:colcon.colcon_core.package_identification:_identify(src/ctl_mission/images) by extension 'python_setup_py'
[0.129s] Level 1:colcon.colcon_core.package_identification:_identify(src/gazebo_sim_pkgs) by extensions ['ignore', 'ignore_ament_install']
[0.129s] Level 1:colcon.colcon_core.package_identification:_identify(src/gazebo_sim_pkgs) by extension 'ignore'
[0.129s] Level 1:colcon.colcon_core.package_identification:_identify(src/gazebo_sim_pkgs) by extension 'ignore_ament_install'
[0.129s] Level 1:colcon.colcon_core.package_identification:_identify(src/gazebo_sim_pkgs) by extensions ['colcon_pkg']
[0.129s] Level 1:colcon.colcon_core.package_identification:_identify(src/gazebo_sim_pkgs) by extension 'colcon_pkg'
[0.129s] Level 1:colcon.colcon_core.package_identification:_identify(src/gazebo_sim_pkgs) by extensions ['colcon_meta']
[0.129s] Level 1:colcon.colcon_core.package_identification:_identify(src/gazebo_sim_pkgs) by extension 'colcon_meta'
[0.129s] Level 1:colcon.colcon_core.package_identification:_identify(src/gazebo_sim_pkgs) by extensions ['ros']
[0.129s] Level 1:colcon.colcon_core.package_identification:_identify(src/gazebo_sim_pkgs) by extension 'ros'
[0.129s] Level 1:colcon.colcon_core.package_identification:_identify(src/gazebo_sim_pkgs) by extensions ['cmake', 'python']
[0.129s] Level 1:colcon.colcon_core.package_identification:_identify(src/gazebo_sim_pkgs) by extension 'cmake'
[0.129s] Level 1:colcon.colcon_core.package_identification:_identify(src/gazebo_sim_pkgs) by extension 'python'
[0.129s] Level 1:colcon.colcon_core.package_identification:_identify(src/gazebo_sim_pkgs) by extensions ['python_setup_py']
[0.129s] Level 1:colcon.colcon_core.package_identification:_identify(src/gazebo_sim_pkgs) by extension 'python_setup_py'
[0.129s] Level 1:colcon.colcon_core.package_identification:_identify(src/gazebo_sim_pkgs/fix_position_pkg) by extensions ['ignore', 'ignore_ament_install']
[0.129s] Level 1:colcon.colcon_core.package_identification:_identify(src/gazebo_sim_pkgs/fix_position_pkg) by extension 'ignore'
[0.129s] Level 1:colcon.colcon_core.package_identification:_identify(src/gazebo_sim_pkgs/fix_position_pkg) by extension 'ignore_ament_install'
[0.129s] Level 1:colcon.colcon_core.package_identification:_identify(src/gazebo_sim_pkgs/fix_position_pkg) by extensions ['colcon_pkg']
[0.129s] Level 1:colcon.colcon_core.package_identification:_identify(src/gazebo_sim_pkgs/fix_position_pkg) by extension 'colcon_pkg'
[0.129s] Level 1:colcon.colcon_core.package_identification:_identify(src/gazebo_sim_pkgs/fix_position_pkg) by extensions ['colcon_meta']
[0.129s] Level 1:colcon.colcon_core.package_identification:_identify(src/gazebo_sim_pkgs/fix_position_pkg) by extension 'colcon_meta'
[0.129s] Level 1:colcon.colcon_core.package_identification:_identify(src/gazebo_sim_pkgs/fix_position_pkg) by extensions ['ros']
[0.129s] Level 1:colcon.colcon_core.package_identification:_identify(src/gazebo_sim_pkgs/fix_position_pkg) by extension 'ros'
[0.130s] DEBUG:colcon.colcon_core.package_identification:Package 'src/gazebo_sim_pkgs/fix_position_pkg' with type 'ros.ament_cmake' and name 'fixposition_sensor_pkg'
[0.130s] Level 1:colcon.colcon_core.package_identification:_identify(src/gazebo_sim_pkgs/j8_xacro_model) by extensions ['ignore', 'ignore_ament_install']
[0.130s] Level 1:colcon.colcon_core.package_identification:_identify(src/gazebo_sim_pkgs/j8_xacro_model) by extension 'ignore'
[0.130s] Level 1:colcon.colcon_core.package_identification:_identify(src/gazebo_sim_pkgs/j8_xacro_model) by extension 'ignore_ament_install'
[0.130s] Level 1:colcon.colcon_core.package_identification:_identify(src/gazebo_sim_pkgs/j8_xacro_model) by extensions ['colcon_pkg']
[0.130s] Level 1:colcon.colcon_core.package_identification:_identify(src/gazebo_sim_pkgs/j8_xacro_model) by extension 'colcon_pkg'
[0.130s] Level 1:colcon.colcon_core.package_identification:_identify(src/gazebo_sim_pkgs/j8_xacro_model) by extensions ['colcon_meta']
[0.130s] Level 1:colcon.colcon_core.package_identification:_identify(src/gazebo_sim_pkgs/j8_xacro_model) by extension 'colcon_meta'
[0.130s] Level 1:colcon.colcon_core.package_identification:_identify(src/gazebo_sim_pkgs/j8_xacro_model) by extensions ['ros']
[0.130s] Level 1:colcon.colcon_core.package_identification:_identify(src/gazebo_sim_pkgs/j8_xacro_model) by extension 'ros'
[0.131s] DEBUG:colcon.colcon_core.package_identification:Package 'src/gazebo_sim_pkgs/j8_xacro_model' with type 'ros.ament_cmake' and name 'j8_xacro_model'
[0.131s] Level 1:colcon.colcon_core.package_identification:_identify(src/gazebo_sim_pkgs/j8_xacro_model_sim) by extensions ['ignore', 'ignore_ament_install']
[0.131s] Level 1:colcon.colcon_core.package_identification:_identify(src/gazebo_sim_pkgs/j8_xacro_model_sim) by extension 'ignore'
[0.131s] Level 1:colcon.colcon_core.package_identification:_identify(src/gazebo_sim_pkgs/j8_xacro_model_sim) by extension 'ignore_ament_install'
[0.131s] Level 1:colcon.colcon_core.package_identification:_identify(src/gazebo_sim_pkgs/j8_xacro_model_sim) by extensions ['colcon_pkg']
[0.131s] Level 1:colcon.colcon_core.package_identification:_identify(src/gazebo_sim_pkgs/j8_xacro_model_sim) by extension 'colcon_pkg'
[0.131s] Level 1:colcon.colcon_core.package_identification:_identify(src/gazebo_sim_pkgs/j8_xacro_model_sim) by extensions ['colcon_meta']
[0.131s] Level 1:colcon.colcon_core.package_identification:_identify(src/gazebo_sim_pkgs/j8_xacro_model_sim) by extension 'colcon_meta'
[0.131s] Level 1:colcon.colcon_core.package_identification:_identify(src/gazebo_sim_pkgs/j8_xacro_model_sim) by extensions ['ros']
[0.131s] Level 1:colcon.colcon_core.package_identification:_identify(src/gazebo_sim_pkgs/j8_xacro_model_sim) by extension 'ros'
[0.131s] Level 1:colcon.colcon_core.package_identification:_identify(src/gazebo_sim_pkgs/j8_xacro_model_sim) by extensions ['cmake', 'python']
[0.131s] Level 1:colcon.colcon_core.package_identification:_identify(src/gazebo_sim_pkgs/j8_xacro_model_sim) by extension 'cmake'
[0.131s] Level 1:colcon.colcon_core.package_identification:_identify(src/gazebo_sim_pkgs/j8_xacro_model_sim) by extension 'python'
[0.131s] Level 1:colcon.colcon_core.package_identification:_identify(src/gazebo_sim_pkgs/j8_xacro_model_sim) by extensions ['python_setup_py']
[0.131s] Level 1:colcon.colcon_core.package_identification:_identify(src/gazebo_sim_pkgs/j8_xacro_model_sim) by extension 'python_setup_py'
[0.131s] Level 1:colcon.colcon_core.package_identification:_identify(src/gazebo_sim_pkgs/j8_xacro_model_sim/j8_xacro_model) by extensions ['ignore', 'ignore_ament_install']
[0.131s] Level 1:colcon.colcon_core.package_identification:_identify(src/gazebo_sim_pkgs/j8_xacro_model_sim/j8_xacro_model) by extension 'ignore'
[0.131s] Level 1:colcon.colcon_core.package_identification:_identify(src/gazebo_sim_pkgs/j8_xacro_model_sim/j8_xacro_model) by extension 'ignore_ament_install'
[0.131s] Level 1:colcon.colcon_core.package_identification:_identify(src/gazebo_sim_pkgs/j8_xacro_model_sim/j8_xacro_model) by extensions ['colcon_pkg']
[0.131s] Level 1:colcon.colcon_core.package_identification:_identify(src/gazebo_sim_pkgs/j8_xacro_model_sim/j8_xacro_model) by extension 'colcon_pkg'
[0.131s] Level 1:colcon.colcon_core.package_identification:_identify(src/gazebo_sim_pkgs/j8_xacro_model_sim/j8_xacro_model) by extensions ['colcon_meta']
[0.131s] Level 1:colcon.colcon_core.package_identification:_identify(src/gazebo_sim_pkgs/j8_xacro_model_sim/j8_xacro_model) by extension 'colcon_meta'
[0.131s] Level 1:colcon.colcon_core.package_identification:_identify(src/gazebo_sim_pkgs/j8_xacro_model_sim/j8_xacro_model) by extensions ['ros']
[0.131s] Level 1:colcon.colcon_core.package_identification:_identify(src/gazebo_sim_pkgs/j8_xacro_model_sim/j8_xacro_model) by extension 'ros'
[0.132s] DEBUG:colcon.colcon_core.package_identification:Package 'src/gazebo_sim_pkgs/j8_xacro_model_sim/j8_xacro_model' with type 'ros.ament_cmake' and name 'j8_xacro_model'
[0.132s] Level 1:colcon.colcon_core.package_identification:_identify(src/gui) by extensions ['ignore', 'ignore_ament_install']
[0.132s] Level 1:colcon.colcon_core.package_identification:_identify(src/gui) by extension 'ignore'
[0.132s] Level 1:colcon.colcon_core.package_identification:_identify(src/gui) by extension 'ignore_ament_install'
[0.132s] Level 1:colcon.colcon_core.package_identification:_identify(src/gui) by extensions ['colcon_pkg']
[0.132s] Level 1:colcon.colcon_core.package_identification:_identify(src/gui) by extension 'colcon_pkg'
[0.132s] Level 1:colcon.colcon_core.package_identification:_identify(src/gui) by extensions ['colcon_meta']
[0.132s] Level 1:colcon.colcon_core.package_identification:_identify(src/gui) by extension 'colcon_meta'
[0.132s] Level 1:colcon.colcon_core.package_identification:_identify(src/gui) by extensions ['ros']
[0.132s] Level 1:colcon.colcon_core.package_identification:_identify(src/gui) by extension 'ros'
[0.132s] DEBUG:colcon.colcon_core.package_identification:Package 'src/gui' with type 'ros.ament_python' and name 'gui'
[0.132s] Level 1:colcon.colcon_core.package_identification:_identify(src/hector_gazebo) by extensions ['ignore', 'ignore_ament_install']
[0.132s] Level 1:colcon.colcon_core.package_identification:_identify(src/hector_gazebo) by extension 'ignore'
[0.132s] Level 1:colcon.colcon_core.package_identification:_identify(src/hector_gazebo) by extension 'ignore_ament_install'
[0.132s] Level 1:colcon.colcon_core.package_identification:_identify(src/hector_gazebo) by extensions ['colcon_pkg']
[0.132s] Level 1:colcon.colcon_core.package_identification:_identify(src/hector_gazebo) by extension 'colcon_pkg'
[0.132s] Level 1:colcon.colcon_core.package_identification:_identify(src/hector_gazebo) by extensions ['colcon_meta']
[0.133s] Level 1:colcon.colcon_core.package_identification:_identify(src/hector_gazebo) by extension 'colcon_meta'
[0.133s] Level 1:colcon.colcon_core.package_identification:_identify(src/hector_gazebo) by extensions ['ros']
[0.133s] Level 1:colcon.colcon_core.package_identification:_identify(src/hector_gazebo) by extension 'ros'
[0.133s] DEBUG:colcon.colcon_core.package_identification:Package 'src/hector_gazebo' with type 'ros.ament_cmake' and name 'hector_gazebo_plugins'
[0.133s] Level 1:colcon.colcon_core.package_identification:_identify(src/hikmicro_thermal_camera) by extensions ['ignore', 'ignore_ament_install']
[0.133s] Level 1:colcon.colcon_core.package_identification:_identify(src/hikmicro_thermal_camera) by extension 'ignore'
[0.133s] Level 1:colcon.colcon_core.package_identification:_identify(src/hikmicro_thermal_camera) by extension 'ignore_ament_install'
[0.133s] Level 1:colcon.colcon_core.package_identification:_identify(src/hikmicro_thermal_camera) by extensions ['colcon_pkg']
[0.133s] Level 1:colcon.colcon_core.package_identification:_identify(src/hikmicro_thermal_camera) by extension 'colcon_pkg'
[0.133s] Level 1:colcon.colcon_core.package_identification:_identify(src/hikmicro_thermal_camera) by extensions ['colcon_meta']
[0.133s] Level 1:colcon.colcon_core.package_identification:_identify(src/hikmicro_thermal_camera) by extension 'colcon_meta'
[0.133s] Level 1:colcon.colcon_core.package_identification:_identify(src/hikmicro_thermal_camera) by extensions ['ros']
[0.133s] Level 1:colcon.colcon_core.package_identification:_identify(src/hikmicro_thermal_camera) by extension 'ros'
[0.134s] DEBUG:colcon.colcon_core.package_identification:Package 'src/hikmicro_thermal_camera' with type 'ros.ament_cmake' and name 'hikmicro_thermal_camera'
[0.134s] Level 1:colcon.colcon_core.package_identification:_identify(src/j8_joystick) by extensions ['ignore', 'ignore_ament_install']
[0.134s] Level 1:colcon.colcon_core.package_identification:_identify(src/j8_joystick) by extension 'ignore'
[0.134s] Level 1:colcon.colcon_core.package_identification:_identify(src/j8_joystick) by extension 'ignore_ament_install'
[0.134s] Level 1:colcon.colcon_core.package_identification:_identify(src/j8_joystick) by extensions ['colcon_pkg']
[0.134s] Level 1:colcon.colcon_core.package_identification:_identify(src/j8_joystick) by extension 'colcon_pkg'
[0.134s] Level 1:colcon.colcon_core.package_identification:_identify(src/j8_joystick) by extensions ['colcon_meta']
[0.134s] Level 1:colcon.colcon_core.package_identification:_identify(src/j8_joystick) by extension 'colcon_meta'
[0.134s] Level 1:colcon.colcon_core.package_identification:_identify(src/j8_joystick) by extensions ['ros']
[0.134s] Level 1:colcon.colcon_core.package_identification:_identify(src/j8_joystick) by extension 'ros'
[0.134s] Level 1:colcon.colcon_core.package_identification:_identify(src/j8_joystick) by extensions ['cmake', 'python']
[0.134s] Level 1:colcon.colcon_core.package_identification:_identify(src/j8_joystick) by extension 'cmake'
[0.134s] Level 1:colcon.colcon_core.package_identification:_identify(src/j8_joystick) by extension 'python'
[0.134s] Level 1:colcon.colcon_core.package_identification:_identify(src/j8_joystick) by extensions ['python_setup_py']
[0.134s] Level 1:colcon.colcon_core.package_identification:_identify(src/j8_joystick) by extension 'python_setup_py'
[0.134s] Level 1:colcon.colcon_core.package_identification:_identify(src/j8_joystick/joy) by extensions ['ignore', 'ignore_ament_install']
[0.134s] Level 1:colcon.colcon_core.package_identification:_identify(src/j8_joystick/joy) by extension 'ignore'
[0.134s] Level 1:colcon.colcon_core.package_identification:_identify(src/j8_joystick/joy) by extension 'ignore_ament_install'
[0.134s] Level 1:colcon.colcon_core.package_identification:_identify(src/j8_joystick/joy) by extensions ['colcon_pkg']
[0.134s] Level 1:colcon.colcon_core.package_identification:_identify(src/j8_joystick/joy) by extension 'colcon_pkg'
[0.134s] Level 1:colcon.colcon_core.package_identification:_identify(src/j8_joystick/joy) by extensions ['colcon_meta']
[0.134s] Level 1:colcon.colcon_core.package_identification:_identify(src/j8_joystick/joy) by extension 'colcon_meta'
[0.134s] Level 1:colcon.colcon_core.package_identification:_identify(src/j8_joystick/joy) by extensions ['ros']
[0.134s] Level 1:colcon.colcon_core.package_identification:_identify(src/j8_joystick/joy) by extension 'ros'
[0.135s] DEBUG:colcon.colcon_core.package_identification:Package 'src/j8_joystick/joy' with type 'ros.ament_cmake' and name 'joy'
[0.135s] Level 1:colcon.colcon_core.package_identification:_identify(src/j8_joystick/joy_linux) by extensions ['ignore', 'ignore_ament_install']
[0.135s] Level 1:colcon.colcon_core.package_identification:_identify(src/j8_joystick/joy_linux) by extension 'ignore'
[0.135s] Level 1:colcon.colcon_core.package_identification:_identify(src/j8_joystick/joy_linux) by extension 'ignore_ament_install'
[0.135s] Level 1:colcon.colcon_core.package_identification:_identify(src/j8_joystick/joy_linux) by extensions ['colcon_pkg']
[0.135s] Level 1:colcon.colcon_core.package_identification:_identify(src/j8_joystick/joy_linux) by extension 'colcon_pkg'
[0.135s] Level 1:colcon.colcon_core.package_identification:_identify(src/j8_joystick/joy_linux) by extensions ['colcon_meta']
[0.135s] Level 1:colcon.colcon_core.package_identification:_identify(src/j8_joystick/joy_linux) by extension 'colcon_meta'
[0.135s] Level 1:colcon.colcon_core.package_identification:_identify(src/j8_joystick/joy_linux) by extensions ['ros']
[0.135s] Level 1:colcon.colcon_core.package_identification:_identify(src/j8_joystick/joy_linux) by extension 'ros'
[0.135s] DEBUG:colcon.colcon_core.package_identification:Package 'src/j8_joystick/joy_linux' with type 'ros.ament_cmake' and name 'joy_linux'
[0.135s] Level 1:colcon.colcon_core.package_identification:_identify(src/j8_joystick/joystick_drivers) by extensions ['ignore', 'ignore_ament_install']
[0.135s] Level 1:colcon.colcon_core.package_identification:_identify(src/j8_joystick/joystick_drivers) by extension 'ignore'
[0.135s] Level 1:colcon.colcon_core.package_identification:_identify(src/j8_joystick/joystick_drivers) by extension 'ignore_ament_install'
[0.136s] Level 1:colcon.colcon_core.package_identification:_identify(src/j8_joystick/joystick_drivers) by extensions ['colcon_pkg']
[0.136s] Level 1:colcon.colcon_core.package_identification:_identify(src/j8_joystick/joystick_drivers) by extension 'colcon_pkg'
[0.136s] Level 1:colcon.colcon_core.package_identification:_identify(src/j8_joystick/joystick_drivers) by extensions ['colcon_meta']
[0.136s] Level 1:colcon.colcon_core.package_identification:_identify(src/j8_joystick/joystick_drivers) by extension 'colcon_meta'
[0.136s] Level 1:colcon.colcon_core.package_identification:_identify(src/j8_joystick/joystick_drivers) by extensions ['ros']
[0.136s] Level 1:colcon.colcon_core.package_identification:_identify(src/j8_joystick/joystick_drivers) by extension 'ros'
[0.136s] Level 1:colcon.colcon_core.package_identification:_identify(src/j8_joystick/joystick_drivers) ignored
[0.136s] Level 1:colcon.colcon_core.package_identification:_identify(src/j8_joystick/ps3joy) by extensions ['ignore', 'ignore_ament_install']
[0.136s] Level 1:colcon.colcon_core.package_identification:_identify(src/j8_joystick/ps3joy) by extension 'ignore'
[0.136s] Level 1:colcon.colcon_core.package_identification:_identify(src/j8_joystick/ps3joy) by extension 'ignore_ament_install'
[0.136s] Level 1:colcon.colcon_core.package_identification:_identify(src/j8_joystick/ps3joy) by extensions ['colcon_pkg']
[0.136s] Level 1:colcon.colcon_core.package_identification:_identify(src/j8_joystick/ps3joy) by extension 'colcon_pkg'
[0.136s] Level 1:colcon.colcon_core.package_identification:_identify(src/j8_joystick/ps3joy) by extensions ['colcon_meta']
[0.136s] Level 1:colcon.colcon_core.package_identification:_identify(src/j8_joystick/ps3joy) by extension 'colcon_meta'
[0.136s] Level 1:colcon.colcon_core.package_identification:_identify(src/j8_joystick/ps3joy) by extensions ['ros']
[0.136s] Level 1:colcon.colcon_core.package_identification:_identify(src/j8_joystick/ps3joy) by extension 'ros'
[0.136s] Level 1:colcon.colcon_core.package_identification:_identify(src/j8_joystick/ps3joy) ignored
[0.136s] Level 1:colcon.colcon_core.package_identification:_identify(src/j8_joystick/sdl2_vendor) by extensions ['ignore', 'ignore_ament_install']
[0.136s] Level 1:colcon.colcon_core.package_identification:_identify(src/j8_joystick/sdl2_vendor) by extension 'ignore'
[0.136s] Level 1:colcon.colcon_core.package_identification:_identify(src/j8_joystick/sdl2_vendor) by extension 'ignore_ament_install'
[0.136s] Level 1:colcon.colcon_core.package_identification:_identify(src/j8_joystick/sdl2_vendor) by extensions ['colcon_pkg']
[0.136s] Level 1:colcon.colcon_core.package_identification:_identify(src/j8_joystick/sdl2_vendor) by extension 'colcon_pkg'
[0.136s] Level 1:colcon.colcon_core.package_identification:_identify(src/j8_joystick/sdl2_vendor) by extensions ['colcon_meta']
[0.136s] Level 1:colcon.colcon_core.package_identification:_identify(src/j8_joystick/sdl2_vendor) by extension 'colcon_meta'
[0.136s] Level 1:colcon.colcon_core.package_identification:_identify(src/j8_joystick/sdl2_vendor) by extensions ['ros']
[0.136s] Level 1:colcon.colcon_core.package_identification:_identify(src/j8_joystick/sdl2_vendor) by extension 'ros'
[0.136s] DEBUG:colcon.colcon_core.package_identification:Package 'src/j8_joystick/sdl2_vendor' with type 'ros.ament_cmake' and name 'sdl2_vendor'
[0.136s] Level 1:colcon.colcon_core.package_identification:_identify(src/j8_joystick/spacenav) by extensions ['ignore', 'ignore_ament_install']
[0.136s] Level 1:colcon.colcon_core.package_identification:_identify(src/j8_joystick/spacenav) by extension 'ignore'
[0.136s] Level 1:colcon.colcon_core.package_identification:_identify(src/j8_joystick/spacenav) by extension 'ignore_ament_install'
[0.136s] Level 1:colcon.colcon_core.package_identification:_identify(src/j8_joystick/spacenav) by extensions ['colcon_pkg']
[0.137s] Level 1:colcon.colcon_core.package_identification:_identify(src/j8_joystick/spacenav) by extension 'colcon_pkg'
[0.137s] Level 1:colcon.colcon_core.package_identification:_identify(src/j8_joystick/spacenav) by extensions ['colcon_meta']
[0.137s] Level 1:colcon.colcon_core.package_identification:_identify(src/j8_joystick/spacenav) by extension 'colcon_meta'
[0.137s] Level 1:colcon.colcon_core.package_identification:_identify(src/j8_joystick/spacenav) by extensions ['ros']
[0.137s] Level 1:colcon.colcon_core.package_identification:_identify(src/j8_joystick/spacenav) by extension 'ros'
[0.137s] DEBUG:colcon.colcon_core.package_identification:Package 'src/j8_joystick/spacenav' with type 'ros.ament_cmake' and name 'spacenav'
[0.137s] Level 1:colcon.colcon_core.package_identification:_identify(src/j8_joystick/wiimote_msgs) by extensions ['ignore', 'ignore_ament_install']
[0.137s] Level 1:colcon.colcon_core.package_identification:_identify(src/j8_joystick/wiimote_msgs) by extension 'ignore'
[0.137s] Level 1:colcon.colcon_core.package_identification:_identify(src/j8_joystick/wiimote_msgs) by extension 'ignore_ament_install'
[0.137s] Level 1:colcon.colcon_core.package_identification:_identify(src/j8_joystick/wiimote_msgs) by extensions ['colcon_pkg']
[0.137s] Level 1:colcon.colcon_core.package_identification:_identify(src/j8_joystick/wiimote_msgs) by extension 'colcon_pkg'
[0.137s] Level 1:colcon.colcon_core.package_identification:_identify(src/j8_joystick/wiimote_msgs) by extensions ['colcon_meta']
[0.137s] Level 1:colcon.colcon_core.package_identification:_identify(src/j8_joystick/wiimote_msgs) by extension 'colcon_meta'
[0.137s] Level 1:colcon.colcon_core.package_identification:_identify(src/j8_joystick/wiimote_msgs) by extensions ['ros']
[0.137s] Level 1:colcon.colcon_core.package_identification:_identify(src/j8_joystick/wiimote_msgs) by extension 'ros'
[0.138s] DEBUG:colcon.colcon_core.package_identification:Package 'src/j8_joystick/wiimote_msgs' with type 'ros.ament_cmake' and name 'wiimote_msgs'
[0.138s] Level 1:colcon.colcon_core.package_identification:_identify(src/lidar_process_pkgs) by extensions ['ignore', 'ignore_ament_install']
[0.138s] Level 1:colcon.colcon_core.package_identification:_identify(src/lidar_process_pkgs) by extension 'ignore'
[0.138s] Level 1:colcon.colcon_core.package_identification:_identify(src/lidar_process_pkgs) by extension 'ignore_ament_install'
[0.138s] Level 1:colcon.colcon_core.package_identification:_identify(src/lidar_process_pkgs) by extensions ['colcon_pkg']
[0.138s] Level 1:colcon.colcon_core.package_identification:_identify(src/lidar_process_pkgs) by extension 'colcon_pkg'
[0.138s] Level 1:colcon.colcon_core.package_identification:_identify(src/lidar_process_pkgs) by extensions ['colcon_meta']
[0.138s] Level 1:colcon.colcon_core.package_identification:_identify(src/lidar_process_pkgs) by extension 'colcon_meta'
[0.138s] Level 1:colcon.colcon_core.package_identification:_identify(src/lidar_process_pkgs) by extensions ['ros']
[0.138s] Level 1:colcon.colcon_core.package_identification:_identify(src/lidar_process_pkgs) by extension 'ros'
[0.138s] Level 1:colcon.colcon_core.package_identification:_identify(src/lidar_process_pkgs) by extensions ['cmake', 'python']
[0.138s] Level 1:colcon.colcon_core.package_identification:_identify(src/lidar_process_pkgs) by extension 'cmake'
[0.138s] Level 1:colcon.colcon_core.package_identification:_identify(src/lidar_process_pkgs) by extension 'python'
[0.138s] Level 1:colcon.colcon_core.package_identification:_identify(src/lidar_process_pkgs) by extensions ['python_setup_py']
[0.138s] Level 1:colcon.colcon_core.package_identification:_identify(src/lidar_process_pkgs) by extension 'python_setup_py'
[0.138s] Level 1:colcon.colcon_core.package_identification:_identify(src/lidar_process_pkgs/laser_segmentation) by extensions ['ignore', 'ignore_ament_install']
[0.138s] Level 1:colcon.colcon_core.package_identification:_identify(src/lidar_process_pkgs/laser_segmentation) by extension 'ignore'
[0.138s] Level 1:colcon.colcon_core.package_identification:_identify(src/lidar_process_pkgs/laser_segmentation) by extension 'ignore_ament_install'
[0.138s] Level 1:colcon.colcon_core.package_identification:_identify(src/lidar_process_pkgs/laser_segmentation) by extensions ['colcon_pkg']
[0.138s] Level 1:colcon.colcon_core.package_identification:_identify(src/lidar_process_pkgs/laser_segmentation) by extension 'colcon_pkg'
[0.138s] Level 1:colcon.colcon_core.package_identification:_identify(src/lidar_process_pkgs/laser_segmentation) by extensions ['colcon_meta']
[0.138s] Level 1:colcon.colcon_core.package_identification:_identify(src/lidar_process_pkgs/laser_segmentation) by extension 'colcon_meta'
[0.138s] Level 1:colcon.colcon_core.package_identification:_identify(src/lidar_process_pkgs/laser_segmentation) by extensions ['ros']
[0.138s] Level 1:colcon.colcon_core.package_identification:_identify(src/lidar_process_pkgs/laser_segmentation) by extension 'ros'
[0.139s] DEBUG:colcon.colcon_core.package_identification:Package 'src/lidar_process_pkgs/laser_segmentation' with type 'ros.ament_cmake' and name 'laser_segmentation'
[0.139s] Level 1:colcon.colcon_core.package_identification:_identify(src/lidar_process_pkgs/slg_msgs) by extensions ['ignore', 'ignore_ament_install']
[0.139s] Level 1:colcon.colcon_core.package_identification:_identify(src/lidar_process_pkgs/slg_msgs) by extension 'ignore'
[0.139s] Level 1:colcon.colcon_core.package_identification:_identify(src/lidar_process_pkgs/slg_msgs) by extension 'ignore_ament_install'
[0.139s] Level 1:colcon.colcon_core.package_identification:_identify(src/lidar_process_pkgs/slg_msgs) by extensions ['colcon_pkg']
[0.139s] Level 1:colcon.colcon_core.package_identification:_identify(src/lidar_process_pkgs/slg_msgs) by extension 'colcon_pkg'
[0.139s] Level 1:colcon.colcon_core.package_identification:_identify(src/lidar_process_pkgs/slg_msgs) by extensions ['colcon_meta']
[0.139s] Level 1:colcon.colcon_core.package_identification:_identify(src/lidar_process_pkgs/slg_msgs) by extension 'colcon_meta'
[0.139s] Level 1:colcon.colcon_core.package_identification:_identify(src/lidar_process_pkgs/slg_msgs) by extensions ['ros']
[0.139s] Level 1:colcon.colcon_core.package_identification:_identify(src/lidar_process_pkgs/slg_msgs) by extension 'ros'
[0.139s] DEBUG:colcon.colcon_core.package_identification:Package 'src/lidar_process_pkgs/slg_msgs' with type 'ros.ament_cmake' and name 'slg_msgs'
[0.140s] Level 1:colcon.colcon_core.package_identification:_identify(src/path_manager) by extensions ['ignore', 'ignore_ament_install']
[0.140s] Level 1:colcon.colcon_core.package_identification:_identify(src/path_manager) by extension 'ignore'
[0.140s] Level 1:colcon.colcon_core.package_identification:_identify(src/path_manager) by extension 'ignore_ament_install'
[0.140s] Level 1:colcon.colcon_core.package_identification:_identify(src/path_manager) by extensions ['colcon_pkg']
[0.140s] Level 1:colcon.colcon_core.package_identification:_identify(src/path_manager) by extension 'colcon_pkg'
[0.140s] Level 1:colcon.colcon_core.package_identification:_identify(src/path_manager) by extensions ['colcon_meta']
[0.140s] Level 1:colcon.colcon_core.package_identification:_identify(src/path_manager) by extension 'colcon_meta'
[0.140s] Level 1:colcon.colcon_core.package_identification:_identify(src/path_manager) by extensions ['ros']
[0.140s] Level 1:colcon.colcon_core.package_identification:_identify(src/path_manager) by extension 'ros'
[0.140s] Level 1:colcon.colcon_core.package_identification:_identify(src/path_manager) by extensions ['cmake', 'python']
[0.140s] Level 1:colcon.colcon_core.package_identification:_identify(src/path_manager) by extension 'cmake'
[0.140s] Level 1:colcon.colcon_core.package_identification:_identify(src/path_manager) by extension 'python'
[0.140s] Level 1:colcon.colcon_core.package_identification:_identify(src/path_manager) by extensions ['python_setup_py']
[0.140s] Level 1:colcon.colcon_core.package_identification:_identify(src/path_manager) by extension 'python_setup_py'
[0.140s] Level 1:colcon.colcon_core.package_identification:_identify(src/path_manager/path_manager) by extensions ['ignore', 'ignore_ament_install']
[0.140s] Level 1:colcon.colcon_core.package_identification:_identify(src/path_manager/path_manager) by extension 'ignore'
[0.140s] Level 1:colcon.colcon_core.package_identification:_identify(src/path_manager/path_manager) by extension 'ignore_ament_install'
[0.140s] Level 1:colcon.colcon_core.package_identification:_identify(src/path_manager/path_manager) by extensions ['colcon_pkg']
[0.140s] Level 1:colcon.colcon_core.package_identification:_identify(src/path_manager/path_manager) by extension 'colcon_pkg'
[0.140s] Level 1:colcon.colcon_core.package_identification:_identify(src/path_manager/path_manager) by extensions ['colcon_meta']
[0.140s] Level 1:colcon.colcon_core.package_identification:_identify(src/path_manager/path_manager) by extension 'colcon_meta'
[0.140s] Level 1:colcon.colcon_core.package_identification:_identify(src/path_manager/path_manager) by extensions ['ros']
[0.140s] Level 1:colcon.colcon_core.package_identification:_identify(src/path_manager/path_manager) by extension 'ros'
[0.140s] DEBUG:colcon.colcon_core.package_identification:Package 'src/path_manager/path_manager' with type 'ros.ament_cmake' and name 'path_manager'
[0.140s] Level 1:colcon.colcon_core.package_identification:_identify(src/path_manager/path_manager_interfaces) by extensions ['ignore', 'ignore_ament_install']
[0.141s] Level 1:colcon.colcon_core.package_identification:_identify(src/path_manager/path_manager_interfaces) by extension 'ignore'
[0.141s] Level 1:colcon.colcon_core.package_identification:_identify(src/path_manager/path_manager_interfaces) by extension 'ignore_ament_install'
[0.141s] Level 1:colcon.colcon_core.package_identification:_identify(src/path_manager/path_manager_interfaces) by extensions ['colcon_pkg']
[0.141s] Level 1:colcon.colcon_core.package_identification:_identify(src/path_manager/path_manager_interfaces) by extension 'colcon_pkg'
[0.141s] Level 1:colcon.colcon_core.package_identification:_identify(src/path_manager/path_manager_interfaces) by extensions ['colcon_meta']
[0.141s] Level 1:colcon.colcon_core.package_identification:_identify(src/path_manager/path_manager_interfaces) by extension 'colcon_meta'
[0.141s] Level 1:colcon.colcon_core.package_identification:_identify(src/path_manager/path_manager_interfaces) by extensions ['ros']
[0.141s] Level 1:colcon.colcon_core.package_identification:_identify(src/path_manager/path_manager_interfaces) by extension 'ros'
[0.141s] DEBUG:colcon.colcon_core.package_identification:Package 'src/path_manager/path_manager_interfaces' with type 'ros.ament_cmake' and name 'path_manager_interfaces'
[0.141s] Level 1:colcon.colcon_core.package_identification:_identify(src/security_check) by extensions ['ignore', 'ignore_ament_install']
[0.141s] Level 1:colcon.colcon_core.package_identification:_identify(src/security_check) by extension 'ignore'
[0.141s] Level 1:colcon.colcon_core.package_identification:_identify(src/security_check) by extension 'ignore_ament_install'
[0.141s] Level 1:colcon.colcon_core.package_identification:_identify(src/security_check) by extensions ['colcon_pkg']
[0.141s] Level 1:colcon.colcon_core.package_identification:_identify(src/security_check) by extension 'colcon_pkg'
[0.141s] Level 1:colcon.colcon_core.package_identification:_identify(src/security_check) by extensions ['colcon_meta']
[0.141s] Level 1:colcon.colcon_core.package_identification:_identify(src/security_check) by extension 'colcon_meta'
[0.141s] Level 1:colcon.colcon_core.package_identification:_identify(src/security_check) by extensions ['ros']
[0.141s] Level 1:colcon.colcon_core.package_identification:_identify(src/security_check) by extension 'ros'
[0.141s] Level 1:colcon.colcon_core.package_identification:_identify(src/security_check) by extensions ['cmake', 'python']
[0.141s] Level 1:colcon.colcon_core.package_identification:_identify(src/security_check) by extension 'cmake'
[0.141s] Level 1:colcon.colcon_core.package_identification:_identify(src/security_check) by extension 'python'
[0.141s] Level 1:colcon.colcon_core.package_identification:_identify(src/security_check) by extensions ['python_setup_py']
[0.141s] Level 1:colcon.colcon_core.package_identification:_identify(src/security_check) by extension 'python_setup_py'
[0.141s] Level 1:colcon.colcon_core.package_identification:_identify(src/security_check/security_check) by extensions ['ignore', 'ignore_ament_install']
[0.141s] Level 1:colcon.colcon_core.package_identification:_identify(src/security_check/security_check) by extension 'ignore'
[0.141s] Level 1:colcon.colcon_core.package_identification:_identify(src/security_check/security_check) by extension 'ignore_ament_install'
[0.142s] Level 1:colcon.colcon_core.package_identification:_identify(src/security_check/security_check) by extensions ['colcon_pkg']
[0.142s] Level 1:colcon.colcon_core.package_identification:_identify(src/security_check/security_check) by extension 'colcon_pkg'
[0.142s] Level 1:colcon.colcon_core.package_identification:_identify(src/security_check/security_check) by extensions ['colcon_meta']
[0.142s] Level 1:colcon.colcon_core.package_identification:_identify(src/security_check/security_check) by extension 'colcon_meta'
[0.142s] Level 1:colcon.colcon_core.package_identification:_identify(src/security_check/security_check) by extensions ['ros']
[0.142s] Level 1:colcon.colcon_core.package_identification:_identify(src/security_check/security_check) by extension 'ros'
[0.142s] DEBUG:colcon.colcon_core.package_identification:Package 'src/security_check/security_check' with type 'ros.ament_cmake' and name 'security_check'
[0.142s] Level 1:colcon.colcon_core.package_identification:_identify(src/security_check/security_check_interfaces) by extensions ['ignore', 'ignore_ament_install']
[0.142s] Level 1:colcon.colcon_core.package_identification:_identify(src/security_check/security_check_interfaces) by extension 'ignore'
[0.142s] Level 1:colcon.colcon_core.package_identification:_identify(src/security_check/security_check_interfaces) by extension 'ignore_ament_install'
[0.142s] Level 1:colcon.colcon_core.package_identification:_identify(src/security_check/security_check_interfaces) by extensions ['colcon_pkg']
[0.142s] Level 1:colcon.colcon_core.package_identification:_identify(src/security_check/security_check_interfaces) by extension 'colcon_pkg'
[0.142s] Level 1:colcon.colcon_core.package_identification:_identify(src/security_check/security_check_interfaces) by extensions ['colcon_meta']
[0.143s] Level 1:colcon.colcon_core.package_identification:_identify(src/security_check/security_check_interfaces) by extension 'colcon_meta'
[0.143s] Level 1:colcon.colcon_core.package_identification:_identify(src/security_check/security_check_interfaces) by extensions ['ros']
[0.143s] Level 1:colcon.colcon_core.package_identification:_identify(src/security_check/security_check_interfaces) by extension 'ros'
[0.143s] DEBUG:colcon.colcon_core.package_identification:Package 'src/security_check/security_check_interfaces' with type 'ros.ament_cmake' and name 'security_check_interfaces'
[0.143s] Level 1:colcon.colcon_core.package_identification:_identify(src/test_gui_j8) by extensions ['ignore', 'ignore_ament_install']
[0.143s] Level 1:colcon.colcon_core.package_identification:_identify(src/test_gui_j8) by extension 'ignore'
[0.143s] Level 1:colcon.colcon_core.package_identification:_identify(src/test_gui_j8) by extension 'ignore_ament_install'
[0.143s] Level 1:colcon.colcon_core.package_identification:_identify(src/test_gui_j8) by extensions ['colcon_pkg']
[0.143s] Level 1:colcon.colcon_core.package_identification:_identify(src/test_gui_j8) by extension 'colcon_pkg'
[0.143s] Level 1:colcon.colcon_core.package_identification:_identify(src/test_gui_j8) by extensions ['colcon_meta']
[0.143s] Level 1:colcon.colcon_core.package_identification:_identify(src/test_gui_j8) by extension 'colcon_meta'
[0.143s] Level 1:colcon.colcon_core.package_identification:_identify(src/test_gui_j8) by extensions ['ros']
[0.143s] Level 1:colcon.colcon_core.package_identification:_identify(src/test_gui_j8) by extension 'ros'
[0.143s] Level 1:colcon.colcon_core.package_identification:_identify(src/test_gui_j8) by extensions ['cmake', 'python']
[0.143s] Level 1:colcon.colcon_core.package_identification:_identify(src/test_gui_j8) by extension 'cmake'
[0.143s] Level 1:colcon.colcon_core.package_identification:_identify(src/test_gui_j8) by extension 'python'
[0.143s] Level 1:colcon.colcon_core.package_identification:_identify(src/test_gui_j8) by extensions ['python_setup_py']
[0.143s] Level 1:colcon.colcon_core.package_identification:_identify(src/test_gui_j8) by extension 'python_setup_py'
[0.143s] Level 1:colcon.colcon_core.package_identification:_identify(src/test_gui_j8/src) by extensions ['ignore', 'ignore_ament_install']
[0.143s] Level 1:colcon.colcon_core.package_identification:_identify(src/test_gui_j8/src) by extension 'ignore'
[0.143s] Level 1:colcon.colcon_core.package_identification:_identify(src/test_gui_j8/src) by extension 'ignore_ament_install'
[0.143s] Level 1:colcon.colcon_core.package_identification:_identify(src/test_gui_j8/src) by extensions ['colcon_pkg']
[0.143s] Level 1:colcon.colcon_core.package_identification:_identify(src/test_gui_j8/src) by extension 'colcon_pkg'
[0.143s] Level 1:colcon.colcon_core.package_identification:_identify(src/test_gui_j8/src) by extensions ['colcon_meta']
[0.143s] Level 1:colcon.colcon_core.package_identification:_identify(src/test_gui_j8/src) by extension 'colcon_meta'
[0.143s] Level 1:colcon.colcon_core.package_identification:_identify(src/test_gui_j8/src) by extensions ['ros']
[0.143s] Level 1:colcon.colcon_core.package_identification:_identify(src/test_gui_j8/src) by extension 'ros'
[0.143s] Level 1:colcon.colcon_core.package_identification:_identify(src/test_gui_j8/src) by extensions ['cmake', 'python']
[0.143s] Level 1:colcon.colcon_core.package_identification:_identify(src/test_gui_j8/src) by extension 'cmake'
[0.143s] Level 1:colcon.colcon_core.package_identification:_identify(src/test_gui_j8/src) by extension 'python'
[0.143s] Level 1:colcon.colcon_core.package_identification:_identify(src/test_gui_j8/src) by extensions ['python_setup_py']
[0.144s] Level 1:colcon.colcon_core.package_identification:_identify(src/test_gui_j8/src) by extension 'python_setup_py'
[0.144s] Level 1:colcon.colcon_core.package_identification:_identify(src/test_gui_j8/src/j8_gui) by extensions ['ignore', 'ignore_ament_install']
[0.144s] Level 1:colcon.colcon_core.package_identification:_identify(src/test_gui_j8/src/j8_gui) by extension 'ignore'
[0.144s] Level 1:colcon.colcon_core.package_identification:_identify(src/test_gui_j8/src/j8_gui) by extension 'ignore_ament_install'
[0.144s] Level 1:colcon.colcon_core.package_identification:_identify(src/test_gui_j8/src/j8_gui) by extensions ['colcon_pkg']
[0.144s] Level 1:colcon.colcon_core.package_identification:_identify(src/test_gui_j8/src/j8_gui) by extension 'colcon_pkg'
[0.144s] Level 1:colcon.colcon_core.package_identification:_identify(src/test_gui_j8/src/j8_gui) by extensions ['colcon_meta']
[0.144s] Level 1:colcon.colcon_core.package_identification:_identify(src/test_gui_j8/src/j8_gui) by extension 'colcon_meta'
[0.144s] Level 1:colcon.colcon_core.package_identification:_identify(src/test_gui_j8/src/j8_gui) by extensions ['ros']
[0.144s] Level 1:colcon.colcon_core.package_identification:_identify(src/test_gui_j8/src/j8_gui) by extension 'ros'
[0.144s] DEBUG:colcon.colcon_core.package_identification:Package 'src/test_gui_j8/src/j8_gui' with type 'ros.ament_python' and name 'j8_gui'
[0.144s] Level 1:colcon.colcon_core.package_discovery:discover_packages(recursive) using defaults
[0.144s] Level 1:colcon.colcon_core.package_discovery:discover_packages(ignore) discover
[0.144s] Level 1:colcon.colcon_core.package_discovery:discover_packages(ignore) using defaults
[0.144s] Level 1:colcon.colcon_core.package_discovery:discover_packages(path) discover
[0.144s] Level 1:colcon.colcon_core.package_discovery:discover_packages(path) using defaults
[0.200s] Level 1:colcon.colcon_core.package_discovery:discover_packages(prefix_path) check parameters
[0.200s] Level 1:colcon.colcon_core.package_discovery:discover_packages(prefix_path) discover
[0.201s] WARNING:colcon.colcon_ros.prefix_path.ament:The path '/home/rhobtor/PHD/j8_control/J8_control/install/wiimote_msgs' in the environment variable AMENT_PREFIX_PATH doesn't exist
[0.201s] WARNING:colcon.colcon_ros.prefix_path.ament:The path '/home/rhobtor/PHD/j8_control/J8_control/install/ublox' in the environment variable AMENT_PREFIX_PATH doesn't exist
[0.201s] WARNING:colcon.colcon_ros.prefix_path.ament:The path '/home/rhobtor/PHD/j8_control/J8_control/install/ublox_gps' in the environment variable AMENT_PREFIX_PATH doesn't exist
[0.201s] WARNING:colcon.colcon_ros.prefix_path.ament:The path '/home/rhobtor/PHD/j8_control/J8_control/install/security_check' in the environment variable AMENT_PREFIX_PATH doesn't exist
[0.201s] WARNING:colcon.colcon_ros.prefix_path.ament:The path '/home/rhobtor/PHD/j8_control/J8_control/install/ctl_mission' in the environment variable AMENT_PREFIX_PATH doesn't exist
[0.201s] WARNING:colcon.colcon_ros.prefix_path.ament:The path '/home/rhobtor/PHD/j8_control/J8_control/install/ublox_msgs' in the environment variable AMENT_PREFIX_PATH doesn't exist
[0.201s] WARNING:colcon.colcon_ros.prefix_path.ament:The path '/home/rhobtor/PHD/j8_control/J8_control/install/ublox_serialization' in the environment variable AMENT_PREFIX_PATH doesn't exist
[0.201s] WARNING:colcon.colcon_ros.prefix_path.ament:The path '/home/rhobtor/PHD/j8_control/J8_control/install/spacenav' in the environment variable AMENT_PREFIX_PATH doesn't exist
[0.201s] WARNING:colcon.colcon_ros.prefix_path.ament:The path '/home/rhobtor/PHD/j8_control/J8_control/install/laser_segmentation' in the environment variable AMENT_PREFIX_PATH doesn't exist
[0.201s] WARNING:colcon.colcon_ros.prefix_path.ament:The path '/home/rhobtor/PHD/j8_control/J8_control/install/slg_msgs' in the environment variable AMENT_PREFIX_PATH doesn't exist
[0.201s] WARNING:colcon.colcon_ros.prefix_path.ament:The path '/home/rhobtor/PHD/j8_control/J8_control/install/security_check_interfaces' in the environment variable AMENT_PREFIX_PATH doesn't exist
[0.201s] WARNING:colcon.colcon_ros.prefix_path.ament:The path '/home/rhobtor/PHD/j8_control/J8_control/install/joy' in the environment variable AMENT_PREFIX_PATH doesn't exist
[0.201s] WARNING:colcon.colcon_ros.prefix_path.ament:The path '/home/rhobtor/PHD/j8_control/J8_control/install/sdl2_vendor' in the environment variable AMENT_PREFIX_PATH doesn't exist
[0.201s] WARNING:colcon.colcon_ros.prefix_path.ament:The path '/home/rhobtor/PHD/j8_control/J8_control/install/path_manager' in the environment variable AMENT_PREFIX_PATH doesn't exist
[0.201s] WARNING:colcon.colcon_ros.prefix_path.ament:The path '/home/rhobtor/PHD/j8_control/J8_control/install/car' in the environment variable AMENT_PREFIX_PATH doesn't exist
[0.201s] WARNING:colcon.colcon_ros.prefix_path.ament:The path '/home/rhobtor/PHD/j8_control/J8_control/install/path_manager_interfaces' in the environment variable AMENT_PREFIX_PATH doesn't exist
[0.201s] WARNING:colcon.colcon_ros.prefix_path.ament:The path '/home/rhobtor/PHD/j8_control/J8_control/install/ntrip_client' in the environment variable AMENT_PREFIX_PATH doesn't exist
[0.201s] WARNING:colcon.colcon_ros.prefix_path.ament:The path '/home/rhobtor/PHD/j8_control/J8_control/install/joy_linux' in the environment variable AMENT_PREFIX_PATH doesn't exist
[0.201s] WARNING:colcon.colcon_ros.prefix_path.ament:The path '/home/rhobtor/PHD/j8_control/J8_control/install/j8_xacro_model' in the environment variable AMENT_PREFIX_PATH doesn't exist
[0.201s] WARNING:colcon.colcon_ros.prefix_path.ament:The path '/home/rhobtor/PHD/j8_control/J8_control/install/j8_gui' in the environment variable AMENT_PREFIX_PATH doesn't exist
[0.201s] WARNING:colcon.colcon_ros.prefix_path.ament:The path '/home/rhobtor/PHD/j8_control/J8_control/install/hikmicro_thermal_camera' in the environment variable AMENT_PREFIX_PATH doesn't exist
[0.201s] WARNING:colcon.colcon_ros.prefix_path.ament:The path '/home/rhobtor/PHD/j8_control/J8_control/install/hector_gazebo_plugins' in the environment variable AMENT_PREFIX_PATH doesn't exist
[0.201s] WARNING:colcon.colcon_ros.prefix_path.ament:The path '/home/rhobtor/PHD/j8_control/J8_control/install/gui' in the environment variable AMENT_PREFIX_PATH doesn't exist
[0.201s] WARNING:colcon.colcon_ros.prefix_path.ament:The path '/home/rhobtor/PHD/j8_control/J8_control/install/fixposition_sensor_pkg' in the environment variable AMENT_PREFIX_PATH doesn't exist
[0.201s] WARNING:colcon.colcon_ros.prefix_path.ament:The path '/home/rhobtor/PHD/j8_control/J8_control/install/fixposition_odometry_converter_ros2' in the environment variable AMENT_PREFIX_PATH doesn't exist
[0.201s] WARNING:colcon.colcon_ros.prefix_path.ament:The path '/home/rhobtor/PHD/j8_control/J8_control/install/fixposition_driver_ros2' in the environment variable AMENT_PREFIX_PATH doesn't exist
[0.201s] WARNING:colcon.colcon_ros.prefix_path.ament:The path '/home/rhobtor/PHD/j8_control/J8_control/install/ctl_mission_interfaces' in the environment variable AMENT_PREFIX_PATH doesn't exist
[0.201s] WARNING:colcon.colcon_ros.prefix_path.ament:The path '/home/rhobtor/PHD/j8_control/J8_control/install/car_cpp' in the environment variable AMENT_PREFIX_PATH doesn't exist
[0.201s] WARNING:colcon.colcon_ros.prefix_path.ament:The path '/home/rhobtor/PHD/j8_control/J8_control/install/car_interfaces' in the environment variable AMENT_PREFIX_PATH doesn't exist
[0.201s] WARNING:colcon.colcon_ros.prefix_path.ament:The path '/home/rhobtor/PHD/j8_control/J8_control/install/argj801_setup' in the environment variable AMENT_PREFIX_PATH doesn't exist
[0.201s] WARNING:colcon.colcon_ros.prefix_path.ament:The path '/home/rhobtor/PHD/j8_control/J8_control/install/argj801_sensors' in the environment variable AMENT_PREFIX_PATH doesn't exist
[0.201s] WARNING:colcon.colcon_ros.prefix_path.ament:The path '/home/rhobtor/PHD/j8_control/J8_control/install/argj801_sensors_msgs' in the environment variable AMENT_PREFIX_PATH doesn't exist
[0.201s] WARNING:colcon.colcon_ros.prefix_path.ament:The path '/home/rhobtor/PHD/j8_control/J8_control/install/argj801_ctl_platform' in the environment variable AMENT_PREFIX_PATH doesn't exist
[0.201s] WARNING:colcon.colcon_ros.prefix_path.ament:The path '/home/rhobtor/PHD/j8_control/J8_control/install/argj801_ctl_platform_interfaces' in the environment variable AMENT_PREFIX_PATH doesn't exist
[0.201s] WARNING:colcon.colcon_ros.prefix_path.ament:The path '/home/rhobtor/PHD/j8_control/J8_control/install/android_ros2_server' in the environment variable AMENT_PREFIX_PATH doesn't exist
[0.201s] WARNING:colcon.colcon_ros.prefix_path.ament:The path '/home/rhobtor/PHD/j8_control/J8_control/install/GUI_pkg' in the environment variable AMENT_PREFIX_PATH doesn't exist
[0.201s] WARNING:colcon.colcon_ros.prefix_path.catkin:The path '/home/rhobtor/PHD/j8_control/J8_control/install/wiimote_msgs' in the environment variable CMAKE_PREFIX_PATH doesn't exist
[0.201s] WARNING:colcon.colcon_ros.prefix_path.catkin:The path '/home/rhobtor/PHD/j8_control/J8_control/install/ublox' in the environment variable CMAKE_PREFIX_PATH doesn't exist
[0.202s] WARNING:colcon.colcon_ros.prefix_path.catkin:The path '/home/rhobtor/PHD/j8_control/J8_control/install/ublox_gps' in the environment variable CMAKE_PREFIX_PATH doesn't exist
[0.202s] WARNING:colcon.colcon_ros.prefix_path.catkin:The path '/home/rhobtor/PHD/j8_control/J8_control/install/security_check' in the environment variable CMAKE_PREFIX_PATH doesn't exist
[0.202s] WARNING:colcon.colcon_ros.prefix_path.catkin:The path '/home/rhobtor/PHD/j8_control/J8_control/install/ctl_mission' in the environment variable CMAKE_PREFIX_PATH doesn't exist
[0.202s] WARNING:colcon.colcon_ros.prefix_path.catkin:The path '/home/rhobtor/PHD/j8_control/J8_control/install/ublox_msgs' in the environment variable CMAKE_PREFIX_PATH doesn't exist
[0.202s] WARNING:colcon.colcon_ros.prefix_path.catkin:The path '/home/rhobtor/PHD/j8_control/J8_control/install/ublox_serialization' in the environment variable CMAKE_PREFIX_PATH doesn't exist
[0.202s] WARNING:colcon.colcon_ros.prefix_path.catkin:The path '/home/rhobtor/PHD/j8_control/J8_control/install/spacenav' in the environment variable CMAKE_PREFIX_PATH doesn't exist
[0.202s] WARNING:colcon.colcon_ros.prefix_path.catkin:The path '/home/rhobtor/PHD/j8_control/J8_control/install/laser_segmentation' in the environment variable CMAKE_PREFIX_PATH doesn't exist
[0.202s] WARNING:colcon.colcon_ros.prefix_path.catkin:The path '/home/rhobtor/PHD/j8_control/J8_control/install/slg_msgs' in the environment variable CMAKE_PREFIX_PATH doesn't exist
[0.202s] WARNING:colcon.colcon_ros.prefix_path.catkin:The path '/home/rhobtor/PHD/j8_control/J8_control/install/security_check_interfaces' in the environment variable CMAKE_PREFIX_PATH doesn't exist
[0.202s] WARNING:colcon.colcon_ros.prefix_path.catkin:The path '/home/rhobtor/PHD/j8_control/J8_control/install/joy' in the environment variable CMAKE_PREFIX_PATH doesn't exist
[0.202s] WARNING:colcon.colcon_ros.prefix_path.catkin:The path '/home/rhobtor/PHD/j8_control/J8_control/install/sdl2_vendor' in the environment variable CMAKE_PREFIX_PATH doesn't exist
[0.202s] WARNING:colcon.colcon_ros.prefix_path.catkin:The path '/home/rhobtor/PHD/j8_control/J8_control/install/path_manager' in the environment variable CMAKE_PREFIX_PATH doesn't exist
[0.202s] WARNING:colcon.colcon_ros.prefix_path.catkin:The path '/home/rhobtor/PHD/j8_control/J8_control/install/path_manager_interfaces' in the environment variable CMAKE_PREFIX_PATH doesn't exist
[0.202s] WARNING:colcon.colcon_ros.prefix_path.catkin:The path '/home/rhobtor/PHD/j8_control/J8_control/install/joy_linux' in the environment variable CMAKE_PREFIX_PATH doesn't exist
[0.202s] WARNING:colcon.colcon_ros.prefix_path.catkin:The path '/home/rhobtor/PHD/j8_control/J8_control/install/j8_xacro_model' in the environment variable CMAKE_PREFIX_PATH doesn't exist
[0.202s] WARNING:colcon.colcon_ros.prefix_path.catkin:The path '/home/rhobtor/PHD/j8_control/J8_control/install/hikmicro_thermal_camera' in the environment variable CMAKE_PREFIX_PATH doesn't exist
[0.202s] WARNING:colcon.colcon_ros.prefix_path.catkin:The path '/home/rhobtor/PHD/j8_control/J8_control/install/hector_gazebo_plugins' in the environment variable CMAKE_PREFIX_PATH doesn't exist
[0.202s] WARNING:colcon.colcon_ros.prefix_path.catkin:The path '/home/rhobtor/PHD/j8_control/J8_control/install/fixposition_sensor_pkg' in the environment variable CMAKE_PREFIX_PATH doesn't exist
[0.202s] WARNING:colcon.colcon_ros.prefix_path.catkin:The path '/home/rhobtor/PHD/j8_control/J8_control/install/fixposition_odometry_converter_ros2' in the environment variable CMAKE_PREFIX_PATH doesn't exist
[0.202s] WARNING:colcon.colcon_ros.prefix_path.catkin:The path '/home/rhobtor/PHD/j8_control/J8_control/install/fixposition_driver_ros2' in the environment variable CMAKE_PREFIX_PATH doesn't exist
[0.202s] WARNING:colcon.colcon_ros.prefix_path.catkin:The path '/home/rhobtor/PHD/j8_control/J8_control/install/fixposition_driver_lib' in the environment variable CMAKE_PREFIX_PATH doesn't exist
[0.202s] WARNING:colcon.colcon_ros.prefix_path.catkin:The path '/home/rhobtor/PHD/j8_control/J8_control/install/fixposition_gnss_tf' in the environment variable CMAKE_PREFIX_PATH doesn't exist
[0.202s] WARNING:colcon.colcon_ros.prefix_path.catkin:The path '/home/rhobtor/PHD/j8_control/J8_control/install/ctl_mission_interfaces' in the environment variable CMAKE_PREFIX_PATH doesn't exist
[0.202s] WARNING:colcon.colcon_ros.prefix_path.catkin:The path '/home/rhobtor/PHD/j8_control/J8_control/install/car_cpp' in the environment variable CMAKE_PREFIX_PATH doesn't exist
[0.202s] WARNING:colcon.colcon_ros.prefix_path.catkin:The path '/home/rhobtor/PHD/j8_control/J8_control/install/car_interfaces' in the environment variable CMAKE_PREFIX_PATH doesn't exist
[0.202s] WARNING:colcon.colcon_ros.prefix_path.catkin:The path '/home/rhobtor/PHD/j8_control/J8_control/install/argj801_setup' in the environment variable CMAKE_PREFIX_PATH doesn't exist
[0.202s] WARNING:colcon.colcon_ros.prefix_path.catkin:The path '/home/rhobtor/PHD/j8_control/J8_control/install/argj801_sensors' in the environment variable CMAKE_PREFIX_PATH doesn't exist
[0.202s] WARNING:colcon.colcon_ros.prefix_path.catkin:The path '/home/rhobtor/PHD/j8_control/J8_control/install/argj801_sensors_msgs' in the environment variable CMAKE_PREFIX_PATH doesn't exist
[0.202s] WARNING:colcon.colcon_ros.prefix_path.catkin:The path '/home/rhobtor/PHD/j8_control/J8_control/install/argj801_ctl_platform' in the environment variable CMAKE_PREFIX_PATH doesn't exist
[0.202s] WARNING:colcon.colcon_ros.prefix_path.catkin:The path '/home/rhobtor/PHD/j8_control/J8_control/install/argj801_ctl_platform_interfaces' in the environment variable CMAKE_PREFIX_PATH doesn't exist
[0.202s] DEBUG:colcon.colcon_installed_package_information.package_discovery:Found 0 installed packages in /home/rhobtor/PHD/j8_control/J8_control/install
[0.203s] DEBUG:colcon.colcon_installed_package_information.package_discovery:Found 325 installed packages in /opt/ros/humble
[0.204s] Level 1:colcon.colcon_core.package_discovery:discover_packages(prefix_path) using defaults
[0.226s] WARNING:colcon.colcon_core.package_selection:Some selected packages are already built in one or more underlay workspaces:
	'joy' is in: /opt/ros/humble
If a package in a merged underlay workspace is overridden and it installs headers, then all packages in the overlay must sort their include directories by workspace order. Failure to do so may result in build failures or undefined behavior at run time.
If the overridden package is used by another package in any underlay, then the overriding package in the overlay must be API and ABI compatible or undefined behavior at run time may occur.

If you understand the risks and want to override a package anyways, add the following to the command line:
	--allow-overriding joy

This may be promoted to an error in a future release of colcon-override-check.
[0.227s] ERROR:colcon:colcon build: Duplicate package names not supported:
- j8_xacro_model:
  - src/gazebo_sim_pkgs/j8_xacro_model
  - src/gazebo_sim_pkgs/j8_xacro_model_sim/j8_xacro_model
